event_id,source_dataset,source_record_id,latitude,longitude,timestamp_utc,brightness_temperature,frp,frp_uncertainty,zone,source_file,reject_reason,BT_MIR,BT_window,Day_night,F1_Fire_pixel_radiance,FRP_MWIR,FRP_uncertainty_MWIR,Glint_angle,IFOV_area,Radiance_window,S7_Fire_pixel_radiance,Satellite_zenith_angle,Sun_zenith_angle,TCWV,classification,i,j,n_cloud,n_water,n_window,transmittance_MWIR,used_channel,firms_confidence,firms_satellite,firms_daynight,prior_detections_7d,prior_detections_30d,prior_detections_90d,stationary_count_90d,feature_as_of_utc,nearest_flare_distance_m,nearest_industrial_distance_m,label_stage_1,label_stage_2,label_source,label_confidence,supervised_eligible,label_provenance,split,suggested_stage_1,suggested_stage_2,suggestion_source,suggestion_confidence,suggestion_rationale,expert_label_stage_1,expert_label_stage_2,expert_notes
frp:firms_modis_nrt_india:firms_modis_nrt_india.csv:91,frp:firms_modis_nrt_india,91,4.12734,97.32111,2026-09-02 08:54:00+00:00,309.63,11.15,0.0,,firms_modis_nrt_india.csv,,309.63,,,,11.15,0.0,,,,,,,,,,,,,,,,68,Aqua,D,0,0,0,0,2026-09-02 08:54:00+00:00,95648.17766099643,95648.17766099643,uncertain,uncertain_review_required,insufficient_evidence,0.4,False,{},ranking,,,,0.0,,,,
frp:firms_modis_nrt_india:firms_modis_nrt_india.csv:92,frp:firms_modis_nrt_india,92,4.12923,97.33354,2026-09-02 08:54:00+00:00,305.94,8.02,0.0,,firms_modis_nrt_india.csv,,305.94,,,,8.02,0.0,,,,,,,,,,,,,,,,61,Aqua,D,1,1,1,1,2026-09-02 08:54:00+00:00,94996.35807360044,94996.35807360044,uncertain,uncertain_review_required,insufficient_evidence,0.4,False,{},ranking,,,,0.0,,,,
frp:firms_modis_nrt_india:firms_modis_nrt_india.csv:93,frp:firms_modis_nrt_india,93,16.98392,99.37228,2026-09-02 08:58:00+00:00,317.14,6.24,0.0,,firms_modis_nrt_india.csv,,317.14,,,,6.24,0.0,,,,,,,,,,,,,,,,37,Aqua,D,0,0,0,0,2026-09-02 08:58:00+00:00,54861.75247326171,54861.75247326171,uncertain,uncertain_review_required,insufficient_evidence,0.4,False,{},ranking,,,,0.0,,,,
frp:firms_modis_nrt_india:firms_modis_nrt_india.csv:94,frp:firms_modis_nrt_india,94,24.94081,90.9631,2026-09-02 09:02:00+00:00,314.15,7.84,0.0,,firms_modis_nrt_india.csv,,314.15,,,,7.84,0.0,,,,,,,,,,,,,,,,60,Aqua,D,0,0,0,0,2026-09-02 09:02:00+00:00,71954.87056999336,71954.87056999336,uncertain,uncertain_review_required,insufficient_evidence,0.4,False,{},ranking,,,,0.0,,,,
frp:firms_modis_nrt_india:firms_modis_nrt_india.csv:95,frp:firms_modis_nrt_india,95,29.54871,90.99774,2026-09-02 09:02:00+00:00,312.16,8.01,0.0,,firms_modis_nrt_india.csv,,312.16,,,,8.01,0.0,,,,,,,,,,,,,,,,68,Aqua,D,0,0,0,0,2026-09-02 09:02:00+00:00,339564.04643985594,339564.04643985594,uncertain,uncertain_review_required,insufficient_evidence,0.4,False,{},ranking,,,,0.0,,,,
frp:firms_modis_nrt_india:firms_modis_nrt_india.csv:96,frp:firms_modis_nrt_india,96,29.66946,91.32726,2026-09-02 09:02:00+00:00,314.07,10.86,0.0,,firms_modis_nrt_india.csv,,314.07,,,,10.86,0.0,,,,,,,,,,,,,,,,41,Aqua,D,1,1,1,1,2026-09-02 09:02:00+00:00,358478.79588277306,358478.79588277306,uncertain,uncertain_review_required,insufficient_evidence,0.4,False,{},ranking,,,,0.0,,,,
frp:firms_modis_nrt_india:firms_modis_nrt_india.csv:97,frp:firms_modis_nrt_india,97,32.90065,84.57795,2026-09-02 09:05:00+00:00,304.55,15.84,0.0,,firms_modis_nrt_india.csv,,304.55,,,,15.84,0.0,,,,,,,,,,,,,,,,34,Aqua,D,0,0,0,0,2026-09-02 09:05:00+00:00,658933.7014267157,658933.7014267157,uncertain,uncertain_review_required,insufficient_evidence,0.4,False,{},ranking,,,,0.0,,,,
frp:firms_modis_nrt_india:firms_modis_nrt_india.csv:98,frp:firms_modis_nrt_india,98,32.90652,84.57077,2026-09-02 09:05:00+00:00,308.89,28.86,0.0,,firms_modis_nrt_india.csv,,308.89,,,,28.86,0.0,,,,,,,,,,,,,,,,63,Aqua,D,1,1,1,1,2026-09-02 09:05:00+00:00,658345.9843404037,658345.9843404037,uncertain,uncertain_review_required,insufficient_evidence,0.4,False,{},ranking,,,,0.0,,,,
frp:firms_modis_nrt_india:firms_modis_nrt_india.csv:99,frp:firms_modis_nrt_india,99,12.09725,77.06553,2026-09-02 10:34:00+00:00,316.63,11.21,0.0,,firms_modis_nrt_india.csv,,316.63,,,,11.21,0.0,,,,,,,,,,,,,,,,54,Aqua,D,1,1,1,1,2026-09-02 10:34:00+00:00,247772.67743687006,247772.67743687006,uncertain,uncertain_review_required,insufficient_evidence,0.4,False,{},ranking,,,,0.0,,,,
frp:firms_modis_nrt_india:firms_modis_nrt_india.csv:100,frp:firms_modis_nrt_india,100,24.76172,67.71741,2026-09-02 10:38:00+00:00,327.52,20.93,0.0,,firms_modis_nrt_india.csv,,327.52,,,,20.93,0.0,,,,,,,,,,,,,,,,80,Aqua,D,0,0,0,0,2026-09-02 10:38:00+00:00,29343.946657790806,29343.946657790806,uncertain,uncertain_review_required,insufficient_evidence,0.4,False,{},ranking,,,,0.0,,,,
frp:firms_modis_nrt_india:firms_modis_nrt_india.csv:101,frp:firms_modis_nrt_india,101,24.94252,68.30282,2026-09-02 10:38:00+00:00,315.87,8.85,0.0,,firms_modis_nrt_india.csv,,315.87,,,,8.85,0.0,,,,,,,,,,,,,,,,52,Aqua,D,0,0,0,0,2026-09-02 10:38:00+00:00,21195.80640185392,21195.80640185392,uncertain,uncertain_review_required,insufficient_evidence,0.4,False,{},ranking,,,,0.0,,,,
frp:firms_modis_nrt_india:firms_modis_nrt_india.csv:102,frp:firms_modis_nrt_india,102,38.04405,67.26559,2026-09-02 10:41:00+00:00,331.25,12.88,0.0,,firms_modis_nrt_india.csv,,331.25,,,,12.88,0.0,,,,,,,,,,,,,,,,76,Aqua,D,28,28,28,28,2026-09-02 10:41:00+00:00,76812.37881130993,76812.37881130993,uncertain,uncertain_review_required,insufficient_evidence,0.4,False,{},ranking,,,,0.0,,,,
frp:firms_modis_nrt_india:firms_modis_nrt_india.csv:103,frp:firms_modis_nrt_india,103,38.05271,67.26351,2026-09-02 10:41:00+00:00,326.88,7.4,0.0,,firms_modis_nrt_india.csv,,326.88,,,,7.4,0.0,,,,,,,,,,,,,,,,64,Aqua,D,27,27,27,27,2026-09-02 10:41:00+00:00,76065.42343933949,76065.42343933949,uncertain,uncertain_review_required,insufficient_evidence,0.4,False,{},ranking,,,,0.0,,,,
frp:firms_modis_nrt_india:firms_modis_nrt_india.csv:104,frp:firms_modis_nrt_india,104,15.18033,76.67941,2026-09-02 22:46:00+00:00,304.8,4.73,0.0,,firms_modis_nrt_india.csv,,304.8,,,,4.73,0.0,,,,,,,,,,,,,,,,27,Aqua,N,32,32,32,32,2026-09-02 22:46:00+00:00,311700.0349811152,311700.0349811152,uncertain,uncertain_review_required,insufficient_evidence,0.4,False,{},ranking,,,,0.0,,,,
frp:firms_modis_nrt_india:firms_modis_nrt_india.csv:105,frp:firms_modis_nrt_india,105,15.18183,76.66988,2026-09-02 22:46:00+00:00,305.82,5.39,0.0,,firms_modis_nrt_india.csv,,305.82,,,,5.39,0.0,,,,,,,,,,,,,,,,65,Aqua,N,31,31,31,31,2026-09-02 22:46:00+00:00,311184.71406668215,311184.71406668215,uncertain,uncertain_review_required,insufficient_evidence,0.4,False,{},ranking,,,,0.0,,,,
frp:firms_modis_nrt_india:firms_modis_nrt_india.csv:106,frp:firms_modis_nrt_india,106,15.18333,76.66036,2026-09-02 22:46:00+00:00,304.19,4.18,0.0,,firms_modis_nrt_india.csv,,304.19,,,,4.18,0.0,,,,,,,,,,,,,,,,26,Aqua,N,30,30,30,30,2026-09-02 22:46:00+00:00,310672.7092628452,310672.7092628452,uncertain,uncertain_review_required,insufficient_evidence,0.4,False,{},ranking,,,,0.0,,,,
frp:firms_modis_nrt_india:firms_modis_nrt_india.csv:107,frp:firms_modis_nrt_india,107,23.5102,99.83031,2026-09-03 02:28:00+00:00,307.15,6.24,0.0,,firms_modis_nrt_india.csv,,307.15,,,,6.24,0.0,,,,,,,,,,,,,,,,32,Terra,D,0,0,0,0,2026-09-03 02:28:00+00:00,576216.1037304973,576216.1037304973,uncertain,uncertain_review_required,insufficient_evidence,0.4,False,{},ranking,,,,0.0,,,,
frp:firms_modis_nrt_india:firms_modis_nrt_india.csv:108,frp:firms_modis_nrt_india,108,24.12035,99.56926,2026-09-03 02:28:00+00:00,302.29,4.41,0.0,,firms_modis_nrt_india.csv,,302.29,,,,4.41,0.0,,,,,,,,,,,,,,,,10,Terra,D,0,0,0,0,2026-09-03 02:28:00+00:00,508015.2636328933,508015.2636328933,uncertain,uncertain_review_required,insufficient_evidence,0.4,False,{},ranking,,,,0.0,,,,
frp:firms_modis_nrt_india:firms_modis_nrt_india.csv:109,frp:firms_modis_nrt_india,109,27.3769,95.34052,2026-09-03 02:28:00+00:00,309.74,5.24,0.0,,firms_modis_nrt_india.csv,,309.74,,,,5.24,0.0,,,,,,,,,,,,,,,,46,Terra,D,1,1,1,1,2026-09-03 02:28:00+00:00,3402.0938964665734,3402.0938964665734,uncertain,uncertain_review_required,insufficient_evidence,0.4,False,{},ranking,,,,0.0,,,,
frp:firms_modis_nrt_india:firms_modis_nrt_india.csv:110,frp:firms_modis_nrt_india,110,17.65281,99.8603,2026-09-03 02:32:00+00:00,307.74,8.55,0.0,,firms_modis_nrt_india.csv,,307.74,,,,8.55,0.0,,,,,,,,,,,,,,,,51,Terra,D,0,0,0,0,2026-09-03 02:32:00+00:00,68956.25774318757,68956.25774318757,uncertain,uncertain_review_required,insufficient_evidence,0.4,False,{},ranking,,,,0.0,,,,
frp:firms_modis_nrt_india:firms_modis_nrt_india.csv:111,frp:firms_modis_nrt_india,111,18.09081,99.51323,2026-09-03 02:32:00+00:00,310.81,9.99,0.0,,firms_modis_nrt_india.csv,,310.81,,,,9.99,0.0,,,,,,,,,,,,,,,,62,Terra,D,0,0,0,0,2026-09-03 02:32:00+00:00,126913.12690341151,126913.12690341151,uncertain,uncertain_review_required,insufficient_evidence,0.4,False,{},ranking,,,,0.0,,,,
frp:firms_modis_nrt_india:firms_modis_nrt_india.csv:112,frp:firms_modis_nrt_india,112,35.70596,73.66457,2026-09-03 04:04:00+00:00,305.63,5.79,0.0,,firms_modis_nrt_india.csv,,305.63,,,,5.79,0.0,,,,,,,,,,,,,,,,49,Terra,D,3,3,3,3,2026-09-03 04:04:00+00:00,252674.72483527055,252674.72483527055,uncertain,uncertain_review_required,insufficient_evidence,0.4,False,{},ranking,,,,0.0,,,,
frp:firms_modis_nrt_india:firms_modis_nrt_india.csv:113,frp:firms_modis_nrt_india,113,28.3301,67.90549,2026-09-03 04:06:00+00:00,318.72,10.67,0.0,,firms_modis_nrt_india.csv,,318.72,,,,10.67,0.0,,,,,,,,,,,,,,,,59,Terra,D,1,1,1,1,2026-09-03 04:06:00+00:00,77581.09705092946,77581.09705092946,uncertain,uncertain_review_required,insufficient_evidence,0.4,False,{},ranking,,,,0.0,,,,
frp:firms_modis_nrt_india:firms_modis_nrt_india.csv:114,frp:firms_modis_nrt_india,114,29.90999,74.94506,2026-09-03 04:06:00+00:00,321.82,13.22,0.0,,firms_modis_nrt_india.csv,,321.82,,,,13.22,0.0,,,,,,,,,,,,,,,,68,Terra,D,0,0,0,0,2026-09-03 04:06:00+00:00,559.0279134788818,559.0279134788818,emergency_or_transient_fire,industrial_fire_candidate,industrial_proximity,0.72,True,{},ranking,,,,0.0,,,,
frp:firms_modis_nrt_india:firms_modis_nrt_india.csv:115,frp:firms_modis_nrt_india,115,8.04322,80.37193,2026-09-03 09:34:00+00:00,311.26,33.86,0.0,,firms_modis_nrt_india.csv,,311.26,,,,33.86,0.0,,,,,,,,,,,,,,,,41,Aqua,D,3,3,3,3,2026-09-03 09:34:00+00:00,128879.63309508274,128879.63309508274,uncertain,uncertain_review_required,insufficient_evidence,0.4,False,{},ranking,,,,0.0,,,,
frp:firms_modis_nrt_india:firms_modis_nrt_india.csv:116,frp:firms_modis_nrt_india,116,8.38286,80.17326,2026-09-03 09:34:00+00:00,312.39,37.63,0.0,,firms_modis_nrt_india.csv,,312.39,,,,37.63,0.0,,,,,,,,,,,,,,,,48,Aqua,D,28,28,28,28,2026-09-03 09:34:00+00:00,160026.06140692276,160026.06140692276,uncertain,uncertain_review_required,insufficient_evidence,0.4,False,{},ranking,,,,0.0,,,,
frp:firms_modis_nrt_india:firms_modis_nrt_india.csv:117,frp:firms_modis_nrt_india,117,8.38678,80.13944,2026-09-03 09:34:00+00:00,311.45,35.49,0.0,,firms_modis_nrt_india.csv,,311.45,,,,35.49,0.0,,,,,,,,,,,,,,,,35,Aqua,D,21,21,21,21,2026-09-03 09:34:00+00:00,159944.63532865213,159944.63532865213,uncertain,uncertain_review_required,insufficient_evidence,0.4,False,{},ranking,,,,0.0,,,,
frp:firms_modis_nrt_india:firms_modis_nrt_india.csv:118,frp:firms_modis_nrt_india,118,8.39301,80.17519,2026-09-03 09:34:00+00:00,312.49,38.23,0.0,,firms_modis_nrt_india.csv,,312.49,,,,38.23,0.0,,,,,,,,,,,,,,,,46,Aqua,D,24,24,24,24,2026-09-03 09:34:00+00:00,161173.75544236504,161173.75544236504,uncertain,uncertain_review_required,insufficient_evidence,0.4,False,{},ranking,,,,0.0,,,,
frp:firms_modis_nrt_india:firms_modis_nrt_india.csv:119,frp:firms_modis_nrt_india,119,8.42492,80.70513,2026-09-03 09:34:00+00:00,314.8,44.32,0.0,,firms_modis_nrt_india.csv,,314.8,,,,44.32,0.0,,,,,,,,,,,,,,,,57,Aqua,D,4,4,4,4,2026-09-03 09:34:00+00:00,182606.71458150866,182606.71458150866,uncertain,uncertain_review_required,insufficient_evidence,0.4,False,{},ranking,,,,0.0,,,,
frp:firms_modis_nrt_india:firms_modis_nrt_india.csv:120,frp:firms_modis_nrt_india,120,23.67901,86.394,2026-09-03 09:39:00+00:00,318.19,10.45,0.0,,firms_modis_nrt_india.csv,,318.19,,,,10.45,0.0,,,,,,,,,,,,,,,,0,Aqua,D,7,7,7,7,2026-09-03 09:39:00+00:00,100995.6751233726,100995.6751233726,uncertain,uncertain_review_required,insufficient_evidence,0.4,False,{},ranking,,,,0.0,,,,
frp:firms_modis_nrt_india:firms_modis_nrt_india.csv:121,frp:firms_modis_nrt_india,121,23.70473,86.44762,2026-09-03 09:39:00+00:00,315.73,7.61,0.0,,firms_modis_nrt_india.csv,,315.73,,,,7.61,0.0,,,,,,,,,,,,,,,,72,Aqua,D,1,1,1,1,2026-09-03 09:39:00+00:00,95940.68395010901,95940.68395010901,uncertain,uncertain_review_required,insufficient_evidence,0.4,False,{},ranking,,,,0.0,,,,
frp:firms_modis_nrt_india:firms_modis_nrt_india.csv:122,frp:firms_modis_nrt_india,122,23.73263,86.43703,2026-09-03 09:39:00+00:00,313.69,7.89,0.0,,firms_modis_nrt_india.csv,,313.69,,,,7.89,0.0,,,,,,,,,,,,,,,,54,Aqua,D,12,12,12,12,2026-09-03 09:39:00+00:00,97498.96050612992,97498.96050612992,uncertain,uncertain_review_required,insufficient_evidence,0.4,False,{},ranking,,,,0.0,,,,
frp:firms_modis_nrt_india:firms_modis_nrt_india.csv:123,frp:firms_modis_nrt_india,123,23.76878,86.19783,2026-09-03 09:39:00+00:00,310.67,4.41,0.0,,firms_modis_nrt_india.csv,,310.67,,,,4.41,0.0,,,,,,,,,,,,,,,,62,Aqua,D,4,4,4,4,2026-09-03 09:39:00+00:00,122172.73746311259,122172.73746311259,uncertain,uncertain_review_required,insufficient_evidence,0.4,False,{},ranking,,,,0.0,,,,
frp:firms_modis_nrt_india:firms_modis_nrt_india.csv:124,frp:firms_modis_nrt_india,124,23.77018,86.20729,2026-09-03 09:39:00+00:00,310.01,3.71,0.0,,firms_modis_nrt_india.csv,,310.01,,,,3.71,0.0,,,,,,,,,,,,,,,,59,Aqua,D,5,5,5,5,2026-09-03 09:39:00+00:00,121251.01353572578,121251.01353572578,uncertain,uncertain_review_required,insufficient_evidence,0.4,False,{},ranking,,,,0.0,,,,
frp:firms_modis_nrt_india:firms_modis_nrt_india.csv:125,frp:firms_modis_nrt_india,125,23.8012,86.33105,2026-09-03 09:39:00+00:00,316.91,8.56,0.0,,firms_modis_nrt_india.csv,,316.91,,,,8.56,0.0,,,,,,,,,,,,,,,,62,Aqua,D,9,9,9,9,2026-09-03 09:39:00+00:00,109588.36051101887,109588.36051101887,uncertain,uncertain_review_required,insufficient_evidence,0.4,False,{},ranking,,,,0.0,,,,
frp:firms_modis_nrt_india:firms_modis_nrt_india.csv:126,frp:firms_modis_nrt_india,126,29.9098,74.95193,2026-09-03 09:39:00+00:00,314.59,48.91,0.0,,firms_modis_nrt_india.csv,,314.59,,,,48.91,0.0,,,,,,,,,,,,,,,,60,Aqua,D,1,1,1,1,2026-09-03 09:39:00+00:00,189.76593443392204,189.76593443392204,emergency_or_transient_fire,industrial_fire_candidate,industrial_proximity,0.72,True,{},ranking,,,,0.0,,,,
frp:firms_modis_nrt_india:firms_modis_nrt_india.csv:127,frp:firms_modis_nrt_india,127,6.70138,80.90991,2026-09-03 14:57:00+00:00,304.22,6.58,0.0,,firms_modis_nrt_india.csv,,304.22,,,,6.58,0.0,,,,,,,,,,,,,,,,59,Terra,N,0,0,0,0,2026-09-03 14:57:00+00:00,109118.71609656604,109118.71609656604,uncertain,uncertain_review_required,insufficient_evidence,0.4,False,{},ranking,,,,0.0,,,,
frp:firms_modis_nrt_india:firms_modis_nrt_india.csv:128,frp:firms_modis_nrt_india,128,8.1126,80.81148,2026-09-03 14:59:00+00:00,320.19,24.73,0.0,,firms_modis_nrt_india.csv,,320.19,,,,24.73,0.0,,,,,,,,,,,,,,,,100,Terra,N,9,9,9,9,2026-09-03 14:59:00+00:00,159102.50894013734,159102.50894013734,uncertain,uncertain_review_required,insufficient_evidence,0.4,False,{},ranking,,,,0.0,,,,
frp:firms_modis_nrt_india:firms_modis_nrt_india.csv:129,frp:firms_modis_nrt_india,129,20.79402,85.25333,2026-09-03 15:01:00+00:00,309.46,9.82,0.0,,firms_modis_nrt_india.csv,,309.46,,,,9.82,0.0,,,,,,,,,,,,,,,,77,Terra,N,0,0,0,0,2026-09-03 15:01:00+00:00,78553.51617022148,78553.51617022148,uncertain,uncertain_review_required,insufficient_evidence,0.4,False,{},ranking,,,,0.0,,,,
frp:firms_modis_nrt_india:firms_modis_nrt_india.csv:130,frp:firms_modis_nrt_india,130,20.965,86.0109,2026-09-03 15:01:00+00:00,315.98,21.12,0.0,,firms_modis_nrt_india.csv,,315.98,,,,21.12,0.0,,,,,,,,,,,,,,,,92,Terra,N,10,10,10,10,2026-09-03 15:01:00+00:00,19550.193868767365,19550.193868767365,uncertain,uncertain_review_required,insufficient_evidence,0.4,False,{},ranking,,,,0.0,,,,
frp:firms_modis_nrt_india:firms_modis_nrt_india.csv:131,frp:firms_modis_nrt_india,131,23.76469,86.39982,2026-09-03 15:01:00+00:00,309.0,13.02,0.0,,firms_modis_nrt_india.csv,,309.0,,,,13.02,0.0,,,,,,,,,,,,,,,,53,Terra,N,31,31,31,31,2026-09-03 15:01:00+00:00,101887.83903069496,101887.83903069496,uncertain,uncertain_review_required,insufficient_evidence,0.4,False,{},ranking,,,,0.0,,,,
frp:firms_modis_nrt_india:firms_modis_nrt_india.csv:132,frp:firms_modis_nrt_india,132,23.76543,86.40535,2026-09-03 15:01:00+00:00,306.51,10.39,0.0,,firms_modis_nrt_india.csv,,306.51,,,,10.39,0.0,,,,,,,,,,,,,,,,42,Terra,N,33,33,33,33,2026-09-03 15:01:00+00:00,101353.30479138484,101353.30479138484,uncertain,uncertain_review_required,insufficient_evidence,0.4,False,{},ranking,,,,0.0,,,,
frp:firms_modis_nrt_india:firms_modis_nrt_india.csv:133,frp:firms_modis_nrt_india,133,23.80301,86.32922,2026-09-03 15:01:00+00:00,302.27,6.61,0.0,,firms_modis_nrt_india.csv,,302.27,,,,6.61,0.0,,,,,,,,,,,,,,,,18,Terra,N,9,9,9,9,2026-09-03 15:01:00+00:00,109814.92951149661,109814.92951149661,uncertain,uncertain_review_required,insufficient_evidence,0.4,False,{},ranking,,,,0.0,,,,
frp:firms_modis_nrt_india:firms_modis_nrt_india.csv:134,frp:firms_modis_nrt_india,134,20.9705,85.17382,2026-09-03 21:44:00+00:00,301.86,15.42,0.0,,firms_modis_nrt_india.csv,,301.86,,,,15.42,0.0,,,,,,,,,,,,,,,,20,Aqua,N,1,1,1,1,2026-09-03 21:44:00+00:00,79622.73306384525,79622.73306384525,uncertain,uncertain_review_required,insufficient_evidence,0.4,False,{},ranking,,,,0.0,,,,
frp:firms_modis_nrt_india:firms_modis_nrt_india.csv:135,frp:firms_modis_nrt_india,135,27.72401,94.38616,2026-09-04 08:39:00+00:00,307.63,10.09,0.0,,firms_modis_nrt_india.csv,,307.63,,,,10.09,0.0,,,,,,,,,,,,,,,,49,Aqua,D,0,0,0,0,2026-09-04 08:39:00+00:00,64008.99590000853,64008.99590000853,uncertain,uncertain_review_required,insufficient_evidence,0.4,False,{},ranking,,,,0.0,,,,
frp:firms_modis_nrt_india:firms_modis_nrt_india.csv:136,frp:firms_modis_nrt_india,136,28.49372,97.0218,2026-09-04 08:39:00+00:00,307.78,6.66,0.0,,firms_modis_nrt_india.csv,,307.78,,,,6.66,0.0,,,,,,,,,,,,,,,,30,Aqua,D,8,8,8,8,2026-09-04 08:39:00+00:00,141849.86473335428,141849.86473335428,uncertain,uncertain_review_required,insufficient_evidence,0.4,False,{},ranking,,,,0.0,,,,
frp:firms_modis_nrt_india:firms_modis_nrt_india.csv:137,frp:firms_modis_nrt_india,137,28.91519,98.9416,2026-09-04 08:39:00+00:00,300.23,3.96,0.0,,firms_modis_nrt_india.csv,,300.23,,,,3.96,0.0,,,,,,,,,,,,,,,,20,Aqua,D,0,0,0,0,2026-09-04 08:39:00+00:00,321825.761043161,321825.761043161,uncertain,uncertain_review_required,insufficient_evidence,0.4,False,{},ranking,,,,0.0,,,,
frp:firms_modis_nrt_india:firms_modis_nrt_india.csv:138,frp:firms_modis_nrt_india,138,28.98604,97.82861,2026-09-04 08:39:00+00:00,302.57,6.15,0.0,,firms_modis_nrt_india.csv,,302.57,,,,6.15,0.0,,,,,,,,,,,,,,,,27,Aqua,D,0,0,0,0,2026-09-04 08:39:00+00:00,236442.2770559995,236442.2770559995,uncertain,uncertain_review_required,insufficient_evidence,0.4,False,{},ranking,,,,0.0,,,,
frp:firms_modis_nrt_india:firms_modis_nrt_india.csv:139,frp:firms_modis_nrt_india,139,31.91947,94.04725,2026-09-04 08:39:00+00:00,306.87,13.57,0.0,,firms_modis_nrt_india.csv,,306.87,,,,13.57,0.0,,,,,,,,,,,,,,,,51,Aqua,D,0,0,0,0,2026-09-04 08:39:00+00:00,490008.82343828067,490008.82343828067,uncertain,uncertain_review_required,insufficient_evidence,0.4,False,{},ranking,,,,0.0,,,,
frp:firms_modis_nrt_india:firms_modis_nrt_india.csv:140,frp:firms_modis_nrt_india,140,6.62039,80.99422,2026-09-04 10:11:00+00:00,324.2,17.8,0.0,,firms_modis_nrt_india.csv,,324.2,,,,17.8,0.0,,,,,,,,,,,,,,,,75,Aqua,D,0,0,0,0,2026-09-04 10:11:00+00:00,120640.6886391696,120640.6886391696,uncertain,uncertain_review_required,insufficient_evidence,0.4,False,{},ranking,,,,0.0,,,,
frp:firms_modis_nrt_india:firms_modis_nrt_india.csv:141,frp:firms_modis_nrt_india,141,6.71896,81.6102,2026-09-04 10:11:00+00:00,327.05,15.79,0.0,,firms_modis_nrt_india.csv,,327.05,,,,15.79,0.0,,,,,,,,,,,,,,,,81,Aqua,D,17,17,17,17,2026-09-04 10:11:00+00:00,184532.85960373245,184532.85960373245,uncertain,uncertain_review_required,insufficient_evidence,0.4,False,{},ranking,,,,0.0,,,,
frp:firms_modis_nrt_india:firms_modis_nrt_india.csv:142,frp:firms_modis_nrt_india,142,7.35013,81.76538,2026-09-04 10:11:00+00:00,323.6,9.14,0.0,,firms_modis_nrt_india.csv,,323.6,,,,9.14,0.0,,,,,,,,,,,,,,,,77,Aqua,D,16,16,16,16,2026-09-04 10:11:00+00:00,204239.83513126435,204239.83513126435,uncertain,uncertain_review_required,insufficient_evidence,0.4,False,{},ranking,,,,0.0,,,,
frp:firms_modis_nrt_india:firms_modis_nrt_india.csv:143,frp:firms_modis_nrt_india,143,7.39409,79.91153,2026-09-04 10:11:00+00:00,319.29,10.16,0.0,,firms_modis_nrt_india.csv,,319.29,,,,10.16,0.0,,,,,,,,,,,,,,,,73,Aqua,D,1,1,1,1,2026-09-04 10:11:00+00:00,48540.14175234012,48540.14175234012,uncertain,uncertain_review_required,insufficient_evidence,0.4,False,{},ranking,,,,0.0,,,,
frp:firms_modis_nrt_india:firms_modis_nrt_india.csv:144,frp:firms_modis_nrt_india,144,7.41744,81.26687,2026-09-04 10:11:00+00:00,320.77,13.42,0.0,,firms_modis_nrt_india.csv,,320.77,,,,13.42,0.0,,,,,,,,,,,,,,,,68,Aqua,D,15,15,15,15,2026-09-04 10:11:00+00:00,153258.2639024156,153258.2639024156,uncertain,uncertain_review_required,insufficient_evidence,0.4,False,{},ranking,,,,0.0,,,,
frp:firms_modis_nrt_india:firms_modis_nrt_india.csv:145,frp:firms_modis_nrt_india,145,7.5951,80.13949,2026-09-04 10:11:00+00:00,314.57,5.58,0.0,,firms_modis_nrt_india.csv,,314.57,,,,5.58,0.0,,,,,,,,,,,,,,,,59,Aqua,D,0,0,0,0,2026-09-04 10:11:00+00:00,73465.78984434404,73465.78984434404,uncertain,uncertain_review_required,insufficient_evidence,0.4,False,{},ranking,,,,0.0,,,,
frp:firms_modis_nrt_india:firms_modis_nrt_india.csv:146,frp:firms_modis_nrt_india,146,7.72259,81.00729,2026-09-04 10:11:00+00:00,323.54,12.4,0.0,,firms_modis_nrt_india.csv,,323.54,,,,12.4,0.0,,,,,,,,,,,,,,,,54,Aqua,D,0,0,0,0,2026-09-04 10:11:00+00:00,143608.6477508628,143608.6477508628,uncertain,uncertain_review_required,insufficient_evidence,0.4,False,{},ranking,,,,0.0,,,,
frp:firms_modis_nrt_india:firms_modis_nrt_india.csv:147,frp:firms_modis_nrt_india,147,7.91257,80.55402,2026-09-04 10:11:00+00:00,322.77,12.01,0.0,,firms_modis_nrt_india.csv,,322.77,,,,12.01,0.0,,,,,,,,,,,,,,,,68,Aqua,D,7,7,7,7,2026-09-04 10:11:00+00:00,124755.59390570188,124755.59390570188,uncertain,uncertain_review_required,insufficient_evidence,0.4,False,{},ranking,,,,0.0,,,,
frp:firms_modis_nrt_india:firms_modis_nrt_india.csv:148,frp:firms_modis_nrt_india,148,7.91386,80.56277,2026-09-04 10:11:00+00:00,316.86,6.22,0.0,,firms_modis_nrt_india.csv,,316.86,,,,6.22,0.0,,,,,,,,,,,,,,,,41,Aqua,D,6,6,6,6,2026-09-04 10:11:00+00:00,125389.05996511053,125389.05996511053,uncertain,uncertain_review_required,insufficient_evidence,0.4,False,{},ranking,,,,0.0,,,,
frp:firms_modis_nrt_india:firms_modis_nrt_india.csv:149,frp:firms_modis_nrt_india,149,7.92033,81.49071,2026-09-04 10:11:00+00:00,321.24,5.99,0.0,,firms_modis_nrt_india.csv,,321.24,,,,5.99,0.0,,,,,,,,,,,,,,,,71,Aqua,D,6,6,6,6,2026-09-04 10:11:00+00:00,200056.12555861712,200056.12555861712,uncertain,uncertain_review_required,insufficient_evidence,0.4,False,{},ranking,,,,0.0,,,,
frp:firms_modis_nrt_india:firms_modis_nrt_india.csv:150,frp:firms_modis_nrt_india,150,7.92163,81.49973,2026-09-04 10:11:00+00:00,324.76,9.82,0.0,,firms_modis_nrt_india.csv,,324.76,,,,9.82,0.0,,,,,,,,,,,,,,,,66,Aqua,D,4,4,4,4,2026-09-04 10:11:00+00:00,200974.43549939053,200974.43549939053,uncertain,uncertain_review_required,insufficient_evidence,0.4,False,{},ranking,,,,0.0,,,,
frp:firms_modis_nrt_india:firms_modis_nrt_india.csv:151,frp:firms_modis_nrt_india,151,8.02364,80.35504,2026-09-04 10:11:00+00:00,319.01,7.37,0.0,,firms_modis_nrt_india.csv,,319.01,,,,7.37,0.0,,,,,,,,,,,,,,,,60,Aqua,D,6,6,6,6,2026-09-04 10:11:00+00:00,126186.8970460056,126186.8970460056,uncertain,uncertain_review_required,insufficient_evidence,0.4,False,{},ranking,,,,0.0,,,,
frp:firms_modis_nrt_india:firms_modis_nrt_india.csv:152,frp:firms_modis_nrt_india,152,8.10108,80.25701,2026-09-04 10:11:00+00:00,317.63,7.1,0.0,,firms_modis_nrt_india.csv,,317.63,,,,7.1,0.0,,,,,,,,,,,,,,,,63,Aqua,D,0,0,0,0,2026-09-04 10:11:00+00:00,131153.6649448787,131153.6649448787,uncertain,uncertain_review_required,insufficient_evidence,0.4,False,{},ranking,,,,0.0,,,,
frp:firms_modis_nrt_india:firms_modis_nrt_india.csv:153,frp:firms_modis_nrt_india,153,8.14641,80.0552,2026-09-04 10:11:00+00:00,317.03,6.31,0.0,,firms_modis_nrt_india.csv,,317.03,,,,6.31,0.0,,,,,,,,,,,,,,,,61,Aqua,D,2,2,2,2,2026-09-04 10:11:00+00:00,132388.76092568625,132388.76092568625,uncertain,uncertain_review_required,insufficient_evidence,0.4,False,{},ranking,,,,0.0,,,,
frp:firms_modis_nrt_india:firms_modis_nrt_india.csv:154,frp:firms_modis_nrt_india,154,8.14771,80.06399,2026-09-04 10:11:00+00:00,318.8,7.73,0.0,,firms_modis_nrt_india.csv,,318.8,,,,7.73,0.0,,,,,,,,,,,,,,,,65,Aqua,D,1,1,1,1,2026-09-04 10:11:00+00:00,132615.90637779207,132615.90637779207,uncertain,uncertain_review_required,insufficient_evidence,0.4,False,{},ranking,,,,0.0,,,,
frp:firms_modis_nrt_india:firms_modis_nrt_india.csv:155,frp:firms_modis_nrt_india,155,8.34716,80.67357,2026-09-04 10:11:00+00:00,320.39,6.82,0.0,,firms_modis_nrt_india.csv,,320.39,,,,6.82,0.0,,,,,,,,,,,,,,,,64,Aqua,D,3,3,3,3,2026-09-04 10:11:00+00:00,173327.02302807197,173327.02302807197,uncertain,uncertain_review_required,insufficient_evidence,0.4,False,{},ranking,,,,0.0,,,,
frp:firms_modis_nrt_india:firms_modis_nrt_india.csv:156,frp:firms_modis_nrt_india,156,8.40242,81.05322,2026-09-04 10:11:00+00:00,323.46,12.89,0.0,,firms_modis_nrt_india.csv,,323.46,,,,12.89,0.0,,,,,,,,,,,,,,,,31,Aqua,D,15,15,15,15,2026-09-04 10:11:00+00:00,200840.4269595334,200840.4269595334,uncertain,uncertain_review_required,insufficient_evidence,0.4,False,{},ranking,,,,0.0,,,,
frp:firms_modis_nrt_india:firms_modis_nrt_india.csv:157,frp:firms_modis_nrt_india,157,8.40886,80.79018,2026-09-04 10:11:00+00:00,325.42,12.44,0.0,,firms_modis_nrt_india.csv,,325.42,,,,12.44,0.0,,,,,,,,,,,,,,,,72,Aqua,D,15,15,15,15,2026-09-04 10:11:00+00:00,185475.04444307194,185475.04444307194,uncertain,uncertain_review_required,insufficient_evidence,0.4,False,{},ranking,,,,0.0,,,,
frp:firms_modis_nrt_india:firms_modis_nrt_india.csv:158,frp:firms_modis_nrt_india,158,8.41015,80.79899,2026-09-04 10:11:00+00:00,325.3,12.56,0.0,,firms_modis_nrt_india.csv,,325.3,,,,12.56,0.0,,,,,,,,,,,,,,,,66,Aqua,D,13,13,13,13,2026-09-04 10:11:00+00:00,186082.04507104962,186082.04507104962,uncertain,uncertain_review_required,insufficient_evidence,0.4,False,{},ranking,,,,0.0,,,,
frp:firms_modis_nrt_india:firms_modis_nrt_india.csv:159,frp:firms_modis_nrt_india,159,8.43541,80.51917,2026-09-04 10:11:00+00:00,323.86,10.88,0.0,,firms_modis_nrt_india.csv,,323.86,,,,10.88,0.0,,,,,,,,,,,,,,,,74,Aqua,D,13,13,13,13,2026-09-04 10:11:00+00:00,175400.99434787547,175400.99434787547,uncertain,uncertain_review_required,insufficient_evidence,0.4,False,{},ranking,,,,0.0,,,,
frp:firms_modis_nrt_india:firms_modis_nrt_india.csv:160,frp:firms_modis_nrt_india,160,8.47167,80.82819,2026-09-04 10:11:00+00:00,320.82,7.25,0.0,,firms_modis_nrt_india.csv,,320.82,,,,7.25,0.0,,,,,,,,,,,,,,,,69,Aqua,D,29,29,29,29,2026-09-04 10:11:00+00:00,193613.31648229,193613.31648229,uncertain,uncertain_review_required,insufficient_evidence,0.4,False,{},ranking,,,,0.0,,,,
frp:firms_modis_nrt_india:firms_modis_nrt_india.csv:161,frp:firms_modis_nrt_india,161,8.50162,80.16294,2026-09-04 10:11:00+00:00,317.96,6.67,0.0,,firms_modis_nrt_india.csv,,317.96,,,,6.67,0.0,,,,,,,,,,,,,,,,61,Aqua,D,2,2,2,2,2026-09-04 10:11:00+00:00,172941.10201418036,172941.10201418036,uncertain,uncertain_review_required,insufficient_evidence,0.4,False,{},ranking,,,,0.0,,,,
frp:firms_modis_nrt_india:firms_modis_nrt_india.csv:162,frp:firms_modis_nrt_india,162,8.52288,80.42865,2026-09-04 10:11:00+00:00,322.63,12.71,0.0,,firms_modis_nrt_india.csv,,322.63,,,,12.71,0.0,,,,,,,,,,,,,,,,72,Aqua,D,9,9,9,9,2026-09-04 10:11:00+00:00,181421.56727789706,181421.56727789706,uncertain,uncertain_review_required,insufficient_evidence,0.4,False,{},ranking,,,,0.0,,,,
frp:firms_modis_nrt_india:firms_modis_nrt_india.csv:163,frp:firms_modis_nrt_india,163,8.54296,80.7488,2026-09-04 10:11:00+00:00,326.14,15.15,0.0,,firms_modis_nrt_india.csv,,326.14,,,,15.15,0.0,,,,,,,,,,,,,,,,68,Aqua,D,21,21,21,21,2026-09-04 10:11:00+00:00,196491.5439162378,196491.5439162378,uncertain,uncertain_review_required,insufficient_evidence,0.4,False,{},ranking,,,,0.0,,,,
frp:firms_modis_nrt_india:firms_modis_nrt_india.csv:164,frp:firms_modis_nrt_india,164,8.54425,80.75762,2026-09-04 10:11:00+00:00,320.47,8.88,0.0,,firms_modis_nrt_india.csv,,320.47,,,,8.88,0.0,,,,,,,,,,,,,,,,21,Aqua,D,27,27,27,27,2026-09-04 10:11:00+00:00,197053.3622099075,197053.3622099075,uncertain,uncertain_review_required,insufficient_evidence,0.4,False,{},ranking,,,,0.0,,,,
frp:firms_modis_nrt_india:firms_modis_nrt_india.csv:165,frp:firms_modis_nrt_india,165,8.56481,80.89891,2026-09-04 10:11:00+00:00,320.64,9.24,0.0,,firms_modis_nrt_india.csv,,320.64,,,,9.24,0.0,,,,,,,,,,,,,,,,68,Aqua,D,12,12,12,12,2026-09-04 10:11:00+00:00,206471.87887364105,206471.87887364105,uncertain,uncertain_review_required,insufficient_evidence,0.4,False,{},ranking,,,,0.0,,,,
frp:firms_modis_nrt_india:firms_modis_nrt_india.csv:166,frp:firms_modis_nrt_india,166,8.61661,80.67717,2026-09-04 10:11:00+00:00,323.89,12.69,0.0,,firms_modis_nrt_india.csv,,323.89,,,,12.69,0.0,,,,,,,,,,,,,,,,65,Aqua,D,20,20,20,20,2026-09-04 10:11:00+00:00,200605.4819282821,200605.4819282821,uncertain,uncertain_review_required,insufficient_evidence,0.4,False,{},ranking,,,,0.0,,,,
frp:firms_modis_nrt_india:firms_modis_nrt_india.csv:167,frp:firms_modis_nrt_india,167,8.62212,81.10825,2026-09-04 10:11:00+00:00,323.5,12.53,0.0,,firms_modis_nrt_india.csv,,323.5,,,,12.53,0.0,,,,,,,,,,,,,,,,73,Aqua,D,3,3,3,3,2026-09-04 10:11:00+00:00,224198.32244349274,224198.32244349274,uncertain,uncertain_review_required,insufficient_evidence,0.4,False,{},ranking,,,,0.0,,,,
frp:firms_modis_nrt_india:firms_modis_nrt_india.csv:168,frp:firms_modis_nrt_india,168,8.62342,81.11718,2026-09-04 10:11:00+00:00,322.58,12.1,0.0,,firms_modis_nrt_india.csv,,322.58,,,,12.1,0.0,,,,,,,,,,,,,,,,56,Aqua,D,3,3,3,3,2026-09-04 10:11:00+00:00,224875.33155182796,224875.33155182796,uncertain,uncertain_review_required,insufficient_evidence,0.4,False,{},ranking,,,,0.0,,,,
frp:firms_modis_nrt_india:firms_modis_nrt_india.csv:169,frp:firms_modis_nrt_india,169,8.6301,80.34316,2026-09-04 10:11:00+00:00,324.39,11.49,0.0,,firms_modis_nrt_india.csv,,324.39,,,,11.49,0.0,,,,,,,,,,,,,,,,60,Aqua,D,5,5,5,5,2026-09-04 10:11:00+00:00,190547.55705835338,190547.55705835338,uncertain,uncertain_review_required,insufficient_evidence,0.4,False,{},ranking,,,,0.0,,,,
frp:firms_modis_nrt_india:firms_modis_nrt_india.csv:170,frp:firms_modis_nrt_india,170,8.6397,80.53,2026-09-04 10:11:00+00:00,321.93,10.68,0.0,,firms_modis_nrt_india.csv,,321.93,,,,10.68,0.0,,,,,,,,,,,,,,,,47,Aqua,D,16,16,16,16,2026-09-04 10:11:00+00:00,197188.3555142169,197188.3555142169,uncertain,uncertain_review_required,insufficient_evidence,0.4,False,{},ranking,,,,0.0,,,,
frp:firms_modis_nrt_india:firms_modis_nrt_india.csv:171,frp:firms_modis_nrt_india,171,8.64099,80.53877,2026-09-04 10:11:00+00:00,340.07,35.12,0.0,,firms_modis_nrt_india.csv,,340.07,,,,35.12,0.0,,,,,,,,,,,,,,,,77,Aqua,D,12,12,12,12,2026-09-04 10:11:00+00:00,197635.6725712764,197635.6725712764,uncertain,uncertain_review_required,insufficient_evidence,0.4,False,{},ranking,,,,0.0,,,,
frp:firms_modis_nrt_india:firms_modis_nrt_india.csv:172,frp:firms_modis_nrt_india,172,8.67888,80.92052,2026-09-04 10:11:00+00:00,324.86,11.9,0.0,,firms_modis_nrt_india.csv,,324.86,,,,11.9,0.0,,,,,,,,,,,,,,,,75,Aqua,D,10,10,10,10,2026-09-04 10:11:00+00:00,218668.03766166305,218668.03766166305,uncertain,uncertain_review_required,insufficient_evidence,0.4,False,{},ranking,,,,0.0,,,,
frp:firms_modis_nrt_india:firms_modis_nrt_india.csv:173,frp:firms_modis_nrt_india,173,9.13545,77.60182,2026-09-04 10:11:00+00:00,325.89,9.79,0.0,,firms_modis_nrt_india.csv,,325.89,,,,9.79,0.0,,,,,,,,,,,,,,,,72,Aqua,D,2,2,2,2,2026-09-04 10:11:00+00:00,161390.7742589421,161390.7742589421,uncertain,uncertain_review_required,insufficient_evidence,0.4,False,{},ranking,,,,0.0,,,,
frp:firms_modis_nrt_india:firms_modis_nrt_india.csv:174,frp:firms_modis_nrt_india,174,9.23719,80.31652,2026-09-04 10:11:00+00:00,317.73,6.5,0.0,,firms_modis_nrt_india.csv,,317.73,,,,6.5,0.0,,,,,,,,,,,,,,,,64,Aqua,D,3,3,3,3,2026-09-04 10:11:00+00:00,187870.99498709635,187870.99498709635,uncertain,uncertain_review_required,insufficient_evidence,0.4,False,{},ranking,,,,0.0,,,,
frp:firms_modis_nrt_india:firms_modis_nrt_india.csv:175,frp:firms_modis_nrt_india,175,9.37826,80.52258,2026-09-04 10:11:00+00:00,321.99,8.49,0.0,,firms_modis_nrt_india.csv,,321.99,,,,8.49,0.0,,,,,,,,,,,,,,,,75,Aqua,D,2,2,2,2,2026-09-04 10:11:00+00:00,181996.39131726528,181996.39131726528,uncertain,uncertain_review_required,insufficient_evidence,0.4,False,{},ranking,,,,0.0,,,,
frp:firms_modis_nrt_india:firms_modis_nrt_india.csv:176,frp:firms_modis_nrt_india,176,9.4218,80.3753,2026-09-04 10:11:00+00:00,343.53,37.48,0.0,,firms_modis_nrt_india.csv,,343.53,,,,37.48,0.0,,,,,,,,,,,,,,,,92,Aqua,D,50,50,50,50,2026-09-04 10:11:00+00:00,170869.8303236253,170869.8303236253,uncertain,uncertain_review_required,insufficient_evidence,0.4,False,{},ranking,,,,0.0,,,,
frp:firms_modis_nrt_india:firms_modis_nrt_india.csv:177,frp:firms_modis_nrt_india,177,9.42309,80.3841,2026-09-04 10:11:00+00:00,332.52,19.83,0.0,,firms_modis_nrt_india.csv,,332.52,,,,19.83,0.0,,,,,,,,,,,,,,,,85,Aqua,D,49,49,49,49,2026-09-04 10:11:00+00:00,171109.5662659412,171109.5662659412,uncertain,uncertain_review_required,insufficient_evidence,0.4,False,{},ranking,,,,0.0,,,,
frp:firms_modis_nrt_india:firms_modis_nrt_india.csv:178,frp:firms_modis_nrt_india,178,9.96503,77.89649,2026-09-04 10:11:00+00:00,325.22,12.21,0.0,,firms_modis_nrt_india.csv,,325.22,,,,12.21,0.0,,,,,,,,,,,,,,,,78,Aqua,D,4,4,4,4,2026-09-04 10:11:00+00:00,164741.22734658737,164741.22734658737,uncertain,uncertain_review_required,insufficient_evidence,0.4,False,{},ranking,,,,0.0,,,,
frp:firms_modis_nrt_india:firms_modis_nrt_india.csv:179,frp:firms_modis_nrt_india,179,15.17327,76.85405,2026-09-04 10:13:00+00:00,316.02,7.75,0.0,,firms_modis_nrt_india.csv,,316.02,,,,7.75,0.0,,,,,,,,,,,,,,,,35,Aqua,D,0,0,0,0,2026-09-04 10:13:00+00:00,323283.7401286121,323283.7401286121,uncertain,uncertain_review_required,insufficient_evidence,0.4,False,{},ranking,,,,0.0,,,,
frp:firms_modis_nrt_india:firms_modis_nrt_india.csv:180,frp:firms_modis_nrt_india,180,22.35515,82.29759,2026-09-04 10:17:00+00:00,310.67,11.76,0.0,,firms_modis_nrt_india.csv,,310.67,,,,11.76,0.0,,,,,,,,,,,,,,,,61,Aqua,D,0,0,0,0,2026-09-04 10:17:00+00:00,398888.21522421663,398888.21522421663,uncertain,uncertain_review_required,insufficient_evidence,0.4,False,{},ranking,,,,0.0,,,,
frp:firms_modis_nrt_india:firms_modis_nrt_india.csv:181,frp:firms_modis_nrt_india,181,22.35558,82.3031,2026-09-04 10:17:00+00:00,309.34,9.06,0.0,,firms_modis_nrt_india.csv,,309.34,,,,9.06,0.0,,,,,,,,,,,,,,,,56,Aqua,D,1,1,1,1,2026-09-04 10:17:00+00:00,398369.88531587634,398369.88531587634,uncertain,uncertain_review_required,insufficient_evidence,0.4,False,{},ranking,,,,0.0,,,,
frp:firms_modis_nrt_india:firms_modis_nrt_india.csv:182,frp:firms_modis_nrt_india,182,25.93598,72.1917,2026-09-04 10:17:00+00:00,324.63,10.29,0.0,,firms_modis_nrt_india.csv,,324.63,,,,10.29,0.0,,,,,,,,,,,,,,,,66,Aqua,D,7,7,7,7,2026-09-04 10:17:00+00:00,69231.48551397305,69231.48551397305,uncertain,uncertain_review_required,insufficient_evidence,0.4,False,{},ranking,,,,0.0,,,,
frp:firms_modis_nrt_india:firms_modis_nrt_india.csv:183,frp:firms_modis_nrt_india,183,29.90577,74.94418,2026-09-04 10:19:00+00:00,318.27,6.63,0.0,,firms_modis_nrt_india.csv,,318.27,,,,6.63,0.0,,,,,,,,,,,,,,,,35,Aqua,D,7,7,7,7,2026-09-04 10:19:00+00:00,691.830706383847,691.830706383847,emergency_or_transient_fire,industrial_fire_candidate,industrial_proximity,0.72,True,{},ranking,,,,0.0,,,,
frp:firms_modis_nrt_india:firms_modis_nrt_india.csv:184,frp:firms_modis_nrt_india,184,29.90727,74.95418,2026-09-04 10:19:00+00:00,319.63,7.68,0.0,,firms_modis_nrt_india.csv,,319.63,,,,7.68,0.0,,,,,,,,,,,,,,,,55,Aqua,D,8,8,8,8,2026-09-04 10:19:00+00:00,371.5680581516926,371.5680581516926,emergency_or_transient_fire,industrial_fire_candidate,industrial_proximity,0.72,True,{},ranking,,,,0.0,,,,
frp:firms_modis_nrt_india:firms_modis_nrt_india.csv:185,frp:firms_modis_nrt_india,185,30.72567,73.81611,2026-09-04 10:19:00+00:00,325.05,13.96,0.0,,firms_modis_nrt_india.csv,,325.05,,,,13.96,0.0,,,,,,,,,,,,,,,,76,Aqua,D,0,0,0,0,2026-09-04 10:19:00+00:00,141825.0745351454,141825.0745351454,uncertain,uncertain_review_required,insufficient_evidence,0.4,False,{},ranking,,,,0.0,,,,
frp:firms_modis_nrt_india:firms_modis_nrt_india.csv:186,frp:firms_modis_nrt_india,186,31.91783,72.34984,2026-09-04 10:19:00+00:00,317.96,9.24,0.0,,firms_modis_nrt_india.csv,,317.96,,,,9.24,0.0,,,,,,,,,,,,,,,,53,Aqua,D,0,0,0,0,2026-09-04 10:19:00+00:00,147394.86111836572,147394.86111836572,uncertain,uncertain_review_required,insufficient_evidence,0.4,False,{},ranking,,,,0.0,,,,
frp:firms_viirs_noaa20_nrt_india:firms_viirs_noaa20_nrt_india.csv:873,frp:firms_viirs_noaa20_nrt_india,873,7.36965,81.71751,2026-09-02 07:50:00+00:00,343.15,4.07,0.0,,firms_viirs_noaa20_nrt_india.csv,,343.15,,,,4.07,0.0,,,,,,,,,,,,,,,,n,N20,D,7,7,7,7,2026-09-02 07:50:00+00:00,199562.47976700577,199562.47976700577,uncertain,uncertain_review_required,insufficient_evidence,0.4,False,{},ranking,,,,0.0,,,,
frp:firms_viirs_noaa20_nrt_india:firms_viirs_noaa20_nrt_india.csv:874,frp:firms_viirs_noaa20_nrt_india,874,7.37502,81.22704,2026-09-02 07:50:00+00:00,336.8,3.74,0.0,,firms_viirs_noaa20_nrt_india.csv,,336.8,,,,3.74,0.0,,,,,,,,,,,,,,,,n,N20,D,11,11,11,11,2026-09-02 07:50:00+00:00,147583.97308794648,147583.97308794648,uncertain,uncertain_review_required,insufficient_evidence,0.4,False,{},ranking,,,,0.0,,,,
frp:firms_viirs_noaa20_nrt_india:firms_viirs_noaa20_nrt_india.csv:875,frp:firms_viirs_noaa20_nrt_india,875,7.37671,81.00835,2026-09-02 07:50:00+00:00,342.73,5.52,0.0,,firms_viirs_noaa20_nrt_india.csv,,342.73,,,,5.52,0.0,,,,,,,,,,,,,,,,n,N20,D,1,1,1,1,2026-09-02 07:50:00+00:00,124965.24958615977,124965.24958615977,uncertain,uncertain_review_required,insufficient_evidence,0.4,False,{},ranking,emergency_or_transient_fire,wildfire_or_agricultural_burn,day_fire_far_from_flare,0.65,conf=n+D+flare124965m+p90=1+frp=5.5,,,
frp:firms_viirs_noaa20_nrt_india:firms_viirs_noaa20_nrt_india.csv:876,frp:firms_viirs_noaa20_nrt_india,876,7.38808,81.55547,2026-09-02 07:50:00+00:00,334.26,7.02,0.0,,firms_viirs_noaa20_nrt_india.csv,,334.26,,,,7.02,0.0,,,,,,,,,,,,,,,,l,N20,D,0,0,0,0,2026-09-02 07:50:00+00:00,182723.05659542888,182723.05659542888,uncertain,uncertain_review_required,insufficient_evidence,0.4,False,{},ranking,uncertain,other_or_uncertain,low_confidence_isolated_day,0.6,conf=l+p90=0+D,,,
frp:firms_viirs_noaa20_nrt_india:firms_viirs_noaa20_nrt_india.csv:877,frp:firms_viirs_noaa20_nrt_india,877,7.39,81.64273,2026-09-02 07:50:00+00:00,330.9,3.3,0.0,,firms_viirs_noaa20_nrt_india.csv,,330.9,,,,3.3,0.0,,,,,,,,,,,,,,,,l,N20,D,2,2,2,2,2026-09-02 07:50:00+00:00,192086.35210201362,192086.35210201362,uncertain,uncertain_review_required,insufficient_evidence,0.4,False,{},ranking,,,,0.0,,,,
frp:firms_viirs_noaa20_nrt_india:firms_viirs_noaa20_nrt_india.csv:878,frp:firms_viirs_noaa20_nrt_india,878,7.39067,81.73791,2026-09-02 07:50:00+00:00,337.33,4.04,0.0,,firms_viirs_noaa20_nrt_india.csv,,337.33,,,,4.04,0.0,,,,,,,,,,,,,,,,l,N20,D,7,7,7,7,2026-09-02 07:50:00+00:00,202290.6075257232,202290.6075257232,uncertain,uncertain_review_required,insufficient_evidence,0.4,False,{},ranking,,,,0.0,,,,
frp:firms_viirs_noaa20_nrt_india:firms_viirs_noaa20_nrt_india.csv:879,frp:firms_viirs_noaa20_nrt_india,879,7.39341,81.1824,2026-09-02 07:50:00+00:00,341.46,9.08,0.0,,firms_viirs_noaa20_nrt_india.csv,,341.46,,,,9.08,0.0,,,,,,,,,,,,,,,,l,N20,D,7,7,7,7,2026-09-02 07:50:00+00:00,143585.4904656476,143585.4904656476,uncertain,uncertain_review_required,insufficient_evidence,0.4,False,{},ranking,,,,0.0,,,,
frp:firms_viirs_noaa20_nrt_india:firms_viirs_noaa20_nrt_india.csv:880,frp:firms_viirs_noaa20_nrt_india,880,7.40896,81.14233,2026-09-02 07:50:00+00:00,340.44,8.42,0.0,,firms_viirs_noaa20_nrt_india.csv,,340.44,,,,8.42,0.0,,,,,,,,,,,,,,,,l,N20,D,3,3,3,3,2026-09-02 07:50:00+00:00,140034.51623388103,140034.51623388103,uncertain,uncertain_review_required,insufficient_evidence,0.4,False,{},ranking,,,,0.0,,,,
frp:firms_viirs_noaa20_nrt_india:firms_viirs_noaa20_nrt_india.csv:881,frp:firms_viirs_noaa20_nrt_india,881,7.4366,81.74654,2026-09-02 07:50:00+00:00,338.66,4.99,0.0,,firms_viirs_noaa20_nrt_india.csv,,338.66,,,,4.99,0.0,,,,,,,,,,,,,,,,l,N20,D,1,1,1,1,2026-09-02 07:50:00+00:00,204470.21035232025,204470.21035232025,uncertain,uncertain_review_required,insufficient_evidence,0.4,False,{},ranking,,,,0.0,,,,
frp:firms_viirs_noaa20_nrt_india:firms_viirs_noaa20_nrt_india.csv:882,frp:firms_viirs_noaa20_nrt_india,882,7.47624,80.90385,2026-09-02 07:50:00+00:00,346.83,7.72,0.0,,firms_viirs_noaa20_nrt_india.csv,,346.83,,,,7.72,0.0,,,,,,,,,,,,,,,,n,N20,D,2,2,2,2,2026-09-02 07:50:00+00:00,119245.20868269018,119245.20868269018,uncertain,uncertain_review_required,insufficient_evidence,0.4,False,{},ranking,emergency_or_transient_fire,wildfire_or_agricultural_burn,day_fire_far_from_flare,0.65,conf=n+D+flare119245m+p90=2+frp=7.7,,,
frp:firms_viirs_noaa20_nrt_india:firms_viirs_noaa20_nrt_india.csv:883,frp:firms_viirs_noaa20_nrt_india,883,7.48413,81.20615,2026-09-02 07:50:00+00:00,367.0,40.62,0.0,,firms_viirs_noaa20_nrt_india.csv,,367.0,,,,40.62,0.0,,,,,,,,,,,,,,,,h,N20,D,1,1,1,1,2026-09-02 07:50:00+00:00,149676.30117010867,149676.30117010867,uncertain,uncertain_review_required,insufficient_evidence,0.4,False,{},ranking,emergency_or_transient_fire,wildfire_or_agricultural_burn,day_fire_far_from_flare,0.65,conf=h+D+flare149676m+p90=1+frp=40.6,,,
frp:firms_viirs_noaa20_nrt_india:firms_viirs_noaa20_nrt_india.csv:884,frp:firms_viirs_noaa20_nrt_india,884,7.62752,80.83766,2026-09-02 07:50:00+00:00,337.9,8.77,0.0,,firms_viirs_noaa20_nrt_india.csv,,337.9,,,,8.77,0.0,,,,,,,,,,,,,,,,l,N20,D,1,1,1,1,2026-09-02 07:50:00+00:00,122303.3984802973,122303.3984802973,uncertain,uncertain_review_required,insufficient_evidence,0.4,False,{},ranking,,,,0.0,,,,
frp:firms_viirs_noaa20_nrt_india:firms_viirs_noaa20_nrt_india.csv:885,frp:firms_viirs_noaa20_nrt_india,885,7.68484,79.81175,2026-09-02 07:50:00+00:00,330.04,2.92,0.0,,firms_viirs_noaa20_nrt_india.csv,,330.04,,,,2.92,0.0,,,,,,,,,,,,,,,,n,N20,D,0,0,0,0,2026-09-02 07:50:00+00:00,82180.9834950353,82180.9834950353,uncertain,uncertain_review_required,insufficient_evidence,0.4,False,{},ranking,,,,0.0,,,,
frp:firms_viirs_noaa20_nrt_india:firms_viirs_noaa20_nrt_india.csv:886,frp:firms_viirs_noaa20_nrt_india,886,7.74461,81.15666,2026-09-02 07:50:00+00:00,350.8,10.47,0.0,,firms_viirs_noaa20_nrt_india.csv,,350.8,,,,10.47,0.0,,,,,,,,,,,,,,,,l,N20,D,0,0,0,0,2026-09-02 07:50:00+00:00,158534.7828095245,158534.7828095245,uncertain,uncertain_review_required,insufficient_evidence,0.4,False,{},ranking,uncertain,other_or_uncertain,low_confidence_isolated_day,0.6,conf=l+p90=0+D,,,
frp:firms_viirs_noaa20_nrt_india:firms_viirs_noaa20_nrt_india.csv:887,frp:firms_viirs_noaa20_nrt_india,887,7.78327,81.56092,2026-09-02 07:50:00+00:00,333.39,4.63,0.0,,firms_viirs_noaa20_nrt_india.csv,,333.39,,,,4.63,0.0,,,,,,,,,,,,,,,,l,N20,D,2,2,2,2,2026-09-02 07:50:00+00:00,199219.0110365928,199219.0110365928,uncertain,uncertain_review_required,insufficient_evidence,0.4,False,{},ranking,,,,0.0,,,,
frp:firms_viirs_noaa20_nrt_india:firms_viirs_noaa20_nrt_india.csv:888,frp:firms_viirs_noaa20_nrt_india,888,7.78796,80.06335,2026-09-02 07:50:00+00:00,332.88,4.47,0.0,,firms_viirs_noaa20_nrt_india.csv,,332.88,,,,4.47,0.0,,,,,,,,,,,,,,,,l,N20,D,1,1,1,1,2026-09-02 07:50:00+00:00,92834.07560849946,92834.07560849946,uncertain,uncertain_review_required,insufficient_evidence,0.4,False,{},ranking,,,,0.0,,,,
frp:firms_viirs_noaa20_nrt_india:firms_viirs_noaa20_nrt_india.csv:889,frp:firms_viirs_noaa20_nrt_india,889,7.80048,80.11751,2026-09-02 07:50:00+00:00,336.6,4.65,0.0,,firms_viirs_noaa20_nrt_india.csv,,336.6,,,,4.65,0.0,,,,,,,,,,,,,,,,n,N20,D,1,1,1,1,2026-09-02 07:50:00+00:00,95146.97584602452,95146.97584602452,uncertain,uncertain_review_required,insufficient_evidence,0.4,False,{},ranking,emergency_or_transient_fire,wildfire_or_agricultural_burn,day_fire_far_from_flare,0.65,conf=n+D+flare95147m+p90=1+frp=4.7,,,
frp:firms_viirs_noaa20_nrt_india:firms_viirs_noaa20_nrt_india.csv:890,frp:firms_viirs_noaa20_nrt_india,890,7.8957,80.64471,2026-09-02 07:50:00+00:00,336.19,4.73,0.0,,firms_viirs_noaa20_nrt_india.csv,,336.19,,,,4.73,0.0,,,,,,,,,,,,,,,,n,N20,D,12,12,12,12,2026-09-02 07:50:00+00:00,128793.89016530885,128793.89016530885,uncertain,uncertain_review_required,insufficient_evidence,0.4,False,{},ranking,,,,0.0,,,,
frp:firms_viirs_noaa20_nrt_india:firms_viirs_noaa20_nrt_india.csv:891,frp:firms_viirs_noaa20_nrt_india,891,7.92456,80.65868,2026-09-02 07:50:00+00:00,340.81,28.55,0.0,,firms_viirs_noaa20_nrt_india.csv,,340.81,,,,28.55,0.0,,,,,,,,,,,,,,,,n,N20,D,5,5,5,5,2026-09-02 07:50:00+00:00,132294.41148077048,132294.41148077048,uncertain,uncertain_review_required,insufficient_evidence,0.4,False,{},ranking,,,,0.0,,,,
frp:firms_viirs_noaa20_nrt_india:firms_viirs_noaa20_nrt_india.csv:892,frp:firms_viirs_noaa20_nrt_india,892,7.93985,81.29096,2026-09-02 07:50:00+00:00,340.28,6.37,0.0,,firms_viirs_noaa20_nrt_india.csv,,340.28,,,,6.37,0.0,,,,,,,,,,,,,,,,l,N20,D,17,17,17,17,2026-09-02 07:50:00+00:00,183094.60337334097,183094.60337334097,uncertain,uncertain_review_required,insufficient_evidence,0.4,False,{},ranking,,,,0.0,,,,
frp:firms_viirs_noaa20_nrt_india:firms_viirs_noaa20_nrt_india.csv:893,frp:firms_viirs_noaa20_nrt_india,893,7.94013,81.31534,2026-09-02 07:50:00+00:00,336.94,28.57,0.0,,firms_viirs_noaa20_nrt_india.csv,,336.94,,,,28.57,0.0,,,,,,,,,,,,,,,,l,N20,D,16,16,16,16,2026-09-02 07:50:00+00:00,185279.87757608513,185279.87757608513,uncertain,uncertain_review_required,insufficient_evidence,0.4,False,{},ranking,,,,0.0,,,,
frp:firms_viirs_noaa20_nrt_india:firms_viirs_noaa20_nrt_india.csv:894,frp:firms_viirs_noaa20_nrt_india,894,7.94048,81.29494,2026-09-02 07:50:00+00:00,342.25,6.37,0.0,,firms_viirs_noaa20_nrt_india.csv,,342.25,,,,6.37,0.0,,,,,,,,,,,,,,,,l,N20,D,15,15,15,15,2026-09-02 07:50:00+00:00,183488.9554697098,183488.9554697098,uncertain,uncertain_review_required,insufficient_evidence,0.4,False,{},ranking,,,,0.0,,,,
frp:firms_viirs_noaa20_nrt_india:firms_viirs_noaa20_nrt_india.csv:895,frp:firms_viirs_noaa20_nrt_india,895,7.94302,81.31081,2026-09-02 07:50:00+00:00,345.85,38.88,0.0,,firms_viirs_noaa20_nrt_india.csv,,345.85,,,,38.88,0.0,,,,,,,,,,,,,,,,l,N20,D,14,14,14,14,2026-09-02 07:50:00+00:00,185065.4831031649,185065.4831031649,uncertain,uncertain_review_required,insufficient_evidence,0.4,False,{},ranking,,,,0.0,,,,
frp:firms_viirs_noaa20_nrt_india:firms_viirs_noaa20_nrt_india.csv:896,frp:firms_viirs_noaa20_nrt_india,896,7.944,81.29437,2026-09-02 07:50:00+00:00,336.53,6.37,0.0,,firms_viirs_noaa20_nrt_india.csv,,336.53,,,,6.37,0.0,,,,,,,,,,,,,,,,l,N20,D,18,18,18,18,2026-09-02 07:50:00+00:00,183670.86368492225,183670.86368492225,uncertain,uncertain_review_required,insufficient_evidence,0.4,False,{},ranking,,,,0.0,,,,
frp:firms_viirs_noaa20_nrt_india:firms_viirs_noaa20_nrt_india.csv:960,frp:firms_viirs_noaa20_nrt_india,960,14.29297,77.98297,2026-09-02 07:52:00+00:00,330.87,4.37,0.0,,firms_viirs_noaa20_nrt_india.csv,,330.87,,,,4.37,0.0,,,,,,,,,,,,,,,,n,N20,D,0,0,0,0,2026-09-02 07:52:00+00:00,278284.6580428427,278284.6580428427,uncertain,uncertain_review_required,insufficient_evidence,0.4,False,{},ranking,emergency_or_transient_fire,wildfire_or_agricultural_burn,day_fire_far_from_flare,0.65,conf=n+D+flare278285m+p90=0+frp=4.4,,,
frp:firms_viirs_noaa20_nrt_india:firms_viirs_noaa20_nrt_india.csv:961,frp:firms_viirs_noaa20_nrt_india,961,14.80575,77.70475,2026-09-02 07:52:00+00:00,336.23,5.17,0.0,,firms_viirs_noaa20_nrt_india.csv,,336.23,,,,5.17,0.0,,,,,,,,,,,,,,,,n,N20,D,1,1,1,1,2026-09-02 07:52:00+00:00,330837.3674653908,330837.3674653908,uncertain,uncertain_review_required,insufficient_evidence,0.4,False,{},ranking,emergency_or_transient_fire,wildfire_or_agricultural_burn,day_fire_far_from_flare,0.65,conf=n+D+flare330837m+p90=1+frp=5.2,,,
frp:firms_viirs_noaa20_nrt_india:firms_viirs_noaa20_nrt_india.csv:962,frp:firms_viirs_noaa20_nrt_india,962,14.8058,77.7021,2026-09-02 07:52:00+00:00,334.23,2.0,0.0,,firms_viirs_noaa20_nrt_india.csv,,334.23,,,,2.0,0.0,,,,,,,,,,,,,,,,n,N20,D,0,0,0,0,2026-09-02 07:52:00+00:00,331086.15521644324,331086.15521644324,uncertain,uncertain_review_required,insufficient_evidence,0.4,False,{},ranking,,,,0.0,,,,
frp:firms_viirs_noaa20_nrt_india:firms_viirs_noaa20_nrt_india.csv:963,frp:firms_viirs_noaa20_nrt_india,963,15.17519,76.65701,2026-09-02 07:52:00+00:00,334.72,4.69,0.0,,firms_viirs_noaa20_nrt_india.csv,,334.72,,,,4.69,0.0,,,,,,,,,,,,,,,,n,N20,D,14,14,14,14,2026-09-02 07:52:00+00:00,309742.33536934404,309742.33536934404,uncertain,uncertain_review_required,insufficient_evidence,0.4,False,{},ranking,,,,0.0,,,,
frp:firms_viirs_noaa20_nrt_india:firms_viirs_noaa20_nrt_india.csv:964,frp:firms_viirs_noaa20_nrt_india,964,15.18141,76.66771,2026-09-02 07:52:00+00:00,337.29,5.19,0.0,,firms_viirs_noaa20_nrt_india.csv,,337.29,,,,5.19,0.0,,,,,,,,,,,,,,,,n,N20,D,15,15,15,15,2026-09-02 07:52:00+00:00,311001.90381041827,311001.90381041827,uncertain,uncertain_review_required,insufficient_evidence,0.4,False,{},ranking,,,,0.0,,,,
frp:firms_viirs_noaa20_nrt_india:firms_viirs_noaa20_nrt_india.csv:965,frp:firms_viirs_noaa20_nrt_india,965,15.9894,78.40038,2026-09-02 07:52:00+00:00,333.48,4.33,0.0,,firms_viirs_noaa20_nrt_india.csv,,333.48,,,,4.33,0.0,,,,,,,,,,,,,,,,n,N20,D,2,2,2,2,2026-09-02 07:52:00+00:00,271348.76029475714,271348.76029475714,uncertain,uncertain_review_required,insufficient_evidence,0.4,False,{},ranking,emergency_or_transient_fire,wildfire_or_agricultural_burn,day_fire_far_from_flare,0.65,conf=n+D+flare271349m+p90=2+frp=4.3,,,
frp:firms_viirs_noaa20_nrt_india:firms_viirs_noaa20_nrt_india.csv:966,frp:firms_viirs_noaa20_nrt_india,966,16.01212,78.38377,2026-09-02 07:52:00+00:00,333.84,6.07,0.0,,firms_viirs_noaa20_nrt_india.csv,,333.84,,,,6.07,0.0,,,,,,,,,,,,,,,,l,N20,D,1,1,1,1,2026-09-02 07:52:00+00:00,273148.09300472867,273148.09300472867,uncertain,uncertain_review_required,insufficient_evidence,0.4,False,{},ranking,,,,0.0,,,,
frp:firms_viirs_noaa20_nrt_india:firms_viirs_noaa20_nrt_india.csv:967,frp:firms_viirs_noaa20_nrt_india,967,16.01283,78.38216,2026-09-02 07:52:00+00:00,338.02,8.35,0.0,,firms_viirs_noaa20_nrt_india.csv,,338.02,,,,8.35,0.0,,,,,,,,,,,,,,,,n,N20,D,0,0,0,0,2026-09-02 07:52:00+00:00,273321.27501152555,273321.27501152555,uncertain,uncertain_review_required,insufficient_evidence,0.4,False,{},ranking,emergency_or_transient_fire,wildfire_or_agricultural_burn,day_fire_far_from_flare,0.65,conf=n+D+flare273321m+p90=0+frp=8.3,,,
frp:firms_viirs_noaa20_nrt_india:firms_viirs_noaa20_nrt_india.csv:968,frp:firms_viirs_noaa20_nrt_india,968,17.47544,76.39265,2026-09-02 07:52:00+00:00,330.49,2.59,0.0,,firms_viirs_noaa20_nrt_india.csv,,330.49,,,,2.59,0.0,,,,,,,,,,,,,,,,n,N20,D,0,0,0,0,2026-09-02 07:52:00+00:00,397069.7833321572,397069.7833321572,uncertain,uncertain_review_required,insufficient_evidence,0.4,False,{},ranking,,,,0.0,,,,
frp:firms_viirs_noaa20_nrt_india:firms_viirs_noaa20_nrt_india.csv:969,frp:firms_viirs_noaa20_nrt_india,969,17.67695,75.30758,2026-09-02 07:52:00+00:00,341.2,7.62,0.0,,firms_viirs_noaa20_nrt_india.csv,,341.2,,,,7.62,0.0,,,,,,,,,,,,,,,,n,N20,D,1,1,1,1,2026-09-02 07:52:00+00:00,283566.8916274479,283566.8916274479,uncertain,uncertain_review_required,insufficient_evidence,0.4,False,{},ranking,emergency_or_transient_fire,wildfire_or_agricultural_burn,day_fire_far_from_flare,0.65,conf=n+D+flare283567m+p90=1+frp=7.6,,,
frp:firms_viirs_noaa20_nrt_india:firms_viirs_noaa20_nrt_india.csv:970,frp:firms_viirs_noaa20_nrt_india,970,25.84687,68.94135,2026-09-02 07:56:00+00:00,335.19,5.2,0.0,,firms_viirs_noaa20_nrt_india.csv,,335.19,,,,5.2,0.0,,,,,,,,,,,,,,,,n,N20,D,0,0,0,0,2026-09-02 07:56:00+00:00,1906.3254347481736,1906.3254347481736,uncertain,uncertain_review_required,insufficient_evidence,0.4,False,{},ranking,,,,0.0,,,,
frp:firms_viirs_noaa20_nrt_india:firms_viirs_noaa20_nrt_india.csv:971,frp:firms_viirs_noaa20_nrt_india,971,26.25158,73.33974,2026-09-02 07:56:00+00:00,334.79,5.6,0.0,,firms_viirs_noaa20_nrt_india.csv,,334.79,,,,5.6,0.0,,,,,,,,,,,,,,,,n,N20,D,0,0,0,0,2026-09-02 07:56:00+00:00,187227.35833110436,187227.35833110436,uncertain,uncertain_review_required,insufficient_evidence,0.4,False,{},ranking,emergency_or_transient_fire,wildfire_or_agricultural_burn,day_fire_far_from_flare,0.65,conf=n+D+flare187227m+p90=0+frp=5.6,,,
frp:firms_viirs_noaa20_nrt_india:firms_viirs_noaa20_nrt_india.csv:972,frp:firms_viirs_noaa20_nrt_india,972,27.4374,70.85754,2026-09-02 07:56:00+00:00,333.41,2.38,0.0,,firms_viirs_noaa20_nrt_india.csv,,333.41,,,,2.38,0.0,,,,,,,,,,,,,,,,l,N20,D,0,0,0,0,2026-09-02 07:56:00+00:00,134590.50860848543,134590.50860848543,uncertain,uncertain_review_required,insufficient_evidence,0.4,False,{},ranking,uncertain,other_or_uncertain,low_confidence_isolated_day,0.6,conf=l+p90=0+D,,,
frp:firms_viirs_noaa20_nrt_india:firms_viirs_noaa20_nrt_india.csv:973,frp:firms_viirs_noaa20_nrt_india,973,27.45672,70.78687,2026-09-02 07:56:00+00:00,352.55,9.37,0.0,,firms_viirs_noaa20_nrt_india.csv,,352.55,,,,9.37,0.0,,,,,,,,,,,,,,,,n,N20,D,0,0,0,0,2026-09-02 07:56:00+00:00,127491.90821530357,127491.90821530357,uncertain,uncertain_review_required,insufficient_evidence,0.4,False,{},ranking,emergency_or_transient_fire,wildfire_or_agricultural_burn,day_fire_far_from_flare,0.65,conf=n+D+flare127492m+p90=0+frp=9.4,,,
frp:firms_viirs_noaa20_nrt_india:firms_viirs_noaa20_nrt_india.csv:974,frp:firms_viirs_noaa20_nrt_india,974,27.4573,70.78467,2026-09-02 07:56:00+00:00,345.02,9.55,0.0,,firms_viirs_noaa20_nrt_india.csv,,345.02,,,,9.55,0.0,,,,,,,,,,,,,,,,n,N20,D,1,1,1,1,2026-09-02 07:56:00+00:00,127272.50993330458,127272.50993330458,uncertain,uncertain_review_required,insufficient_evidence,0.4,False,{},ranking,emergency_or_transient_fire,wildfire_or_agricultural_burn,day_fire_far_from_flare,0.65,conf=n+D+flare127273m+p90=1+frp=9.6,,,
frp:firms_viirs_noaa20_nrt_india:firms_viirs_noaa20_nrt_india.csv:975,frp:firms_viirs_noaa20_nrt_india,975,27.49127,68.25554,2026-09-02 07:56:00+00:00,332.55,7.78,0.0,,firms_viirs_noaa20_nrt_india.csv,,332.55,,,,7.78,0.0,,,,,,,,,,,,,,,,n,N20,D,0,0,0,0,2026-09-02 07:56:00+00:00,70313.91490750707,70313.91490750707,uncertain,uncertain_review_required,insufficient_evidence,0.4,False,{},ranking,emergency_or_transient_fire,wildfire_or_agricultural_burn,day_fire_far_from_flare,0.65,conf=n+D+flare70314m+p90=0+frp=7.8,,,
frp:firms_viirs_noaa20_nrt_india:firms_viirs_noaa20_nrt_india.csv:976,frp:firms_viirs_noaa20_nrt_india,976,27.49222,68.25951,2026-09-02 07:56:00+00:00,346.92,8.69,0.0,,firms_viirs_noaa20_nrt_india.csv,,346.92,,,,8.69,0.0,,,,,,,,,,,,,,,,n,N20,D,1,1,1,1,2026-09-02 07:56:00+00:00,70714.77322541915,70714.77322541915,uncertain,uncertain_review_required,insufficient_evidence,0.4,False,{},ranking,emergency_or_transient_fire,wildfire_or_agricultural_burn,day_fire_far_from_flare,0.65,conf=n+D+flare70715m+p90=1+frp=8.7,,,
frp:firms_viirs_noaa20_nrt_india:firms_viirs_noaa20_nrt_india.csv:977,frp:firms_viirs_noaa20_nrt_india,977,28.2292,67.89808,2026-09-02 07:56:00+00:00,330.95,1.91,0.0,,firms_viirs_noaa20_nrt_india.csv,,330.95,,,,1.91,0.0,,,,,,,,,,,,,,,,n,N20,D,0,0,0,0,2026-09-02 07:56:00+00:00,83353.59652658108,83353.59652658108,uncertain,uncertain_review_required,insufficient_evidence,0.4,False,{},ranking,,,,0.0,,,,
frp:firms_viirs_noaa20_nrt_india:firms_viirs_noaa20_nrt_india.csv:978,frp:firms_viirs_noaa20_nrt_india,978,30.20646,72.49904,2026-09-02 07:56:00+00:00,340.94,4.9,0.0,,firms_viirs_noaa20_nrt_india.csv,,340.94,,,,4.9,0.0,,,,,,,,,,,,,,,,n,N20,D,0,0,0,0,2026-09-02 07:56:00+00:00,150964.33969221154,150964.33969221154,uncertain,uncertain_review_required,insufficient_evidence,0.4,False,{},ranking,emergency_or_transient_fire,wildfire_or_agricultural_burn,day_fire_far_from_flare,0.65,conf=n+D+flare150964m+p90=0+frp=4.9,,,
frp:firms_viirs_noaa20_nrt_india:firms_viirs_noaa20_nrt_india.csv:979,frp:firms_viirs_noaa20_nrt_india,979,31.37824,72.49757,2026-09-02 07:56:00+00:00,337.71,3.39,0.0,,firms_viirs_noaa20_nrt_india.csv,,337.71,,,,3.39,0.0,,,,,,,,,,,,,,,,n,N20,D,0,0,0,0,2026-09-02 07:56:00+00:00,195886.95353475306,195886.95353475306,uncertain,uncertain_review_required,insufficient_evidence,0.4,False,{},ranking,emergency_or_transient_fire,wildfire_or_agricultural_burn,day_fire_far_from_flare,0.65,conf=n+D+flare195887m+p90=0+frp=3.4,,,
frp:firms_viirs_noaa20_nrt_india:firms_viirs_noaa20_nrt_india.csv:980,frp:firms_viirs_noaa20_nrt_india,980,31.44563,72.22283,2026-09-02 07:56:00+00:00,330.44,3.06,0.0,,firms_viirs_noaa20_nrt_india.csv,,330.44,,,,3.06,0.0,,,,,,,,,,,,,,,,n,N20,D,0,0,0,0,2026-09-02 07:56:00+00:00,188175.45080700502,188175.45080700502,uncertain,uncertain_review_required,insufficient_evidence,0.4,False,{},ranking,emergency_or_transient_fire,wildfire_or_agricultural_burn,day_fire_far_from_flare,0.65,conf=n+D+flare188175m+p90=0+frp=3.1,,,
frp:firms_viirs_noaa20_nrt_india:firms_viirs_noaa20_nrt_india.csv:981,frp:firms_viirs_noaa20_nrt_india,981,31.74076,72.19408,2026-09-02 07:56:00+00:00,341.47,6.45,0.0,,firms_viirs_noaa20_nrt_india.csv,,341.47,,,,6.45,0.0,,,,,,,,,,,,,,,,n,N20,D,0,0,0,0,2026-09-02 07:56:00+00:00,162994.15064543657,162994.15064543657,uncertain,uncertain_review_required,insufficient_evidence,0.4,False,{},ranking,emergency_or_transient_fire,wildfire_or_agricultural_burn,day_fire_far_from_flare,0.65,conf=n+D+flare162994m+p90=0+frp=6.5,,,
frp:firms_viirs_noaa20_nrt_india:firms_viirs_noaa20_nrt_india.csv:982,frp:firms_viirs_noaa20_nrt_india,982,38.05065,67.2653,2026-09-02 07:58:00+00:00,354.44,17.89,0.0,,firms_viirs_noaa20_nrt_india.csv,,354.44,,,,17.89,0.0,,,,,,,,,,,,,,,,n,N20,D,25,25,25,25,2026-09-02 07:58:00+00:00,76331.01680704615,76331.01680704615,uncertain,uncertain_review_required,insufficient_evidence,0.4,False,{},ranking,,,,0.0,,,,
frp:firms_viirs_noaa20_nrt_india:firms_viirs_noaa20_nrt_india.csv:983,frp:firms_viirs_noaa20_nrt_india,983,38.05121,67.26409,2026-09-02 07:58:00+00:00,348.21,20.67,0.0,,firms_viirs_noaa20_nrt_india.csv,,348.21,,,,20.67,0.0,,,,,,,,,,,,,,,,n,N20,D,26,26,26,26,2026-09-02 07:58:00+00:00,76209.42008370103,76209.42008370103,uncertain,uncertain_review_required,insufficient_evidence,0.4,False,{},ranking,,,,0.0,,,,
frp:firms_viirs_noaa20_nrt_india:firms_viirs_noaa20_nrt_india.csv:984,frp:firms_viirs_noaa20_nrt_india,984,7.8123,99.84207,2026-09-02 18:43:00+00:00,326.82,2.03,0.0,,firms_viirs_noaa20_nrt_india.csv,,326.82,,,,2.03,0.0,,,,,,,,,,,,,,,,n,N20,N,1,1,1,1,2026-09-02 18:43:00+00:00,188831.773248461,188831.773248461,uncertain,uncertain_review_required,insufficient_evidence,0.4,False,{},ranking,,,,0.0,,,,
frp:firms_viirs_noaa20_nrt_india:firms_viirs_noaa20_nrt_india.csv:985,frp:firms_viirs_noaa20_nrt_india,985,7.8129,99.83813,2026-09-02 18:43:00+00:00,309.26,2.03,0.0,,firms_viirs_noaa20_nrt_india.csv,,309.26,,,,2.03,0.0,,,,,,,,,,,,,,,,n,N20,N,2,2,2,2,2026-09-02 18:43:00+00:00,189179.77545663313,189179.77545663313,uncertain,uncertain_review_required,insufficient_evidence,0.4,False,{},ranking,,,,0.0,,,,
frp:firms_viirs_noaa20_nrt_india:firms_viirs_noaa20_nrt_india.csv:986,frp:firms_viirs_noaa20_nrt_india,986,35.7101,73.65376,2026-09-02 20:17:00+00:00,304.81,2.41,0.0,,firms_viirs_noaa20_nrt_india.csv,,304.81,,,,2.41,0.0,,,,,,,,,,,,,,,,n,N20,N,0,0,0,0,2026-09-02 20:17:00+00:00,252741.70131026916,252741.70131026916,uncertain,uncertain_review_required,insufficient_evidence,0.4,False,{},ranking,,,,0.0,,,,
frp:firms_viirs_noaa20_nrt_india:firms_viirs_noaa20_nrt_india.csv:987,frp:firms_viirs_noaa20_nrt_india,987,35.71066,73.64983,2026-09-02 20:17:00+00:00,314.17,2.51,0.0,,firms_viirs_noaa20_nrt_india.csv,,314.17,,,,2.51,0.0,,,,,,,,,,,,,,,,n,N20,N,1,1,1,1,2026-09-02 20:17:00+00:00,252669.4300861307,252669.4300861307,uncertain,uncertain_review_required,insufficient_evidence,0.4,False,{},ranking,,,,0.0,,,,
frp:firms_viirs_noaa20_nrt_india:firms_viirs_noaa20_nrt_india.csv:988,frp:firms_viirs_noaa20_nrt_india,988,29.26282,91.92296,2026-09-02 20:19:00+00:00,304.47,1.17,0.0,,firms_viirs_noaa20_nrt_india.csv,,304.47,,,,1.17,0.0,,,,,,,,,,,,,,,,n,N20,N,5,5,5,5,2026-09-02 20:19:00+00:00,333905.4225718762,333905.4225718762,uncertain,uncertain_review_required,insufficient_evidence,0.4,False,{},ranking,,,,0.0,,,,
frp:firms_viirs_noaa20_nrt_india:firms_viirs_noaa20_nrt_india.csv:989,frp:firms_viirs_noaa20_nrt_india,989,30.21693,76.76219,2026-09-02 20:19:00+00:00,306.64,1.37,0.0,,firms_viirs_noaa20_nrt_india.csv,,306.64,,,,1.37,0.0,,,,,,,,,,,,,,,,n,N20,N,0,0,0,0,2026-09-02 20:19:00+00:00,82948.24665789428,82948.24665789428,uncertain,uncertain_review_required,insufficient_evidence,0.4,False,{},ranking,,,,0.0,,,,
frp:firms_viirs_noaa20_nrt_india:firms_viirs_noaa20_nrt_india.csv:990,frp:firms_viirs_noaa20_nrt_india,990,32.57579,72.56024,2026-09-02 20:19:00+00:00,309.81,2.4,0.0,,firms_viirs_noaa20_nrt_india.csv,,309.81,,,,2.4,0.0,,,,,,,,,,,,,,,,n,N20,N,2,2,2,2,2026-09-02 20:19:00+00:00,77922.96208081838,77922.96208081838,uncertain,uncertain_review_required,insufficient_evidence,0.4,False,{},ranking,,,,0.0,,,,
frp:firms_viirs_noaa20_nrt_india:firms_viirs_noaa20_nrt_india.csv:991,frp:firms_viirs_noaa20_nrt_india,991,32.89006,71.61448,2026-09-02 20:19:00+00:00,308.04,2.2,0.0,,firms_viirs_noaa20_nrt_india.csv,,308.04,,,,2.2,0.0,,,,,,,,,,,,,,,,n,N20,N,5,5,5,5,2026-09-02 20:19:00+00:00,24282.00821457958,24282.00821457958,uncertain,uncertain_review_required,insufficient_evidence,0.4,False,{},ranking,,,,0.0,,,,
frp:firms_viirs_noaa20_nrt_india:firms_viirs_noaa20_nrt_india.csv:992,frp:firms_viirs_noaa20_nrt_india,992,32.89154,71.61494,2026-09-02 20:19:00+00:00,307.66,2.71,0.0,,firms_viirs_noaa20_nrt_india.csv,,307.66,,,,2.71,0.0,,,,,,,,,,,,,,,,n,N20,N,4,4,4,4,2026-09-02 20:19:00+00:00,24134.515456545607,24134.515456545607,uncertain,uncertain_review_required,insufficient_evidence,0.4,False,{},ranking,,,,0.0,,,,
frp:firms_viirs_noaa20_nrt_india:firms_viirs_noaa20_nrt_india.csv:993,frp:firms_viirs_noaa20_nrt_india,993,33.68822,72.71001,2026-09-02 20:19:00+00:00,303.25,1.55,0.0,,firms_viirs_noaa20_nrt_india.csv,,303.25,,,,1.55,0.0,,,,,,,,,,,,,,,,n,N20,N,1,1,1,1,2026-09-02 20:19:00+00:00,12007.27806102705,12007.27806102705,uncertain,uncertain_review_required,insufficient_evidence,0.4,False,{},ranking,,,,0.0,,,,
frp:firms_viirs_noaa20_nrt_india:firms_viirs_noaa20_nrt_india.csv:994,frp:firms_viirs_noaa20_nrt_india,994,20.83645,70.69326,2026-09-02 20:21:00+00:00,299.22,0.6,0.0,,firms_viirs_noaa20_nrt_india.csv,,299.22,,,,0.6,0.0,,,,,,,,,,,,,,,,n,N20,N,0,0,0,0,2026-09-02 20:21:00+00:00,142123.13421498725,142123.13421498725,uncertain,uncertain_review_required,insufficient_evidence,0.4,False,{},ranking,,,,0.0,,,,
frp:firms_viirs_noaa20_nrt_india:firms_viirs_noaa20_nrt_india.csv:995,frp:firms_viirs_noaa20_nrt_india,995,20.94764,86.04403,2026-09-02 20:21:00+00:00,299.83,1.03,0.0,,firms_viirs_noaa20_nrt_india.csv,,299.83,,,,1.03,0.0,,,,,,,,,,,,,,,,n,N20,N,8,8,8,8,2026-09-02 20:21:00+00:00,22951.911396582123,22951.911396582123,uncertain,uncertain_review_required,insufficient_evidence,0.4,False,{},ranking,,,,0.0,,,,
frp:firms_viirs_noaa20_nrt_india:firms_viirs_noaa20_nrt_india.csv:996,frp:firms_viirs_noaa20_nrt_india,996,20.95095,86.04876,2026-09-02 20:21:00+00:00,311.4,0.75,0.0,,firms_viirs_noaa20_nrt_india.csv,,311.4,,,,0.75,0.0,,,,,,,,,,,,,,,,n,N20,N,6,6,6,6,2026-09-02 20:21:00+00:00,22917.53857079174,22917.53857079174,uncertain,uncertain_review_required,insufficient_evidence,0.4,False,{},ranking,,,,0.0,,,,
frp:firms_viirs_noaa20_nrt_india:firms_viirs_noaa20_nrt_india.csv:997,frp:firms_viirs_noaa20_nrt_india,997,20.95171,86.04486,2026-09-02 20:21:00+00:00,300.84,0.75,0.0,,firms_viirs_noaa20_nrt_india.csv,,300.84,,,,0.75,0.0,,,,,,,,,,,,,,,,n,N20,N,7,7,7,7,2026-09-02 20:21:00+00:00,22620.81610145559,22620.81610145559,uncertain,uncertain_review_required,insufficient_evidence,0.4,False,{},ranking,,,,0.0,,,,
frp:firms_viirs_noaa20_nrt_india:firms_viirs_noaa20_nrt_india.csv:998,frp:firms_viirs_noaa20_nrt_india,998,21.10572,72.64827,2026-09-02 20:21:00+00:00,307.52,5.46,0.0,,firms_viirs_noaa20_nrt_india.csv,,307.52,,,,5.46,0.0,,,,,,,,,,,,,,,,n,N20,N,15,15,15,15,2026-09-02 20:21:00+00:00,10679.874203454552,10679.874203454552,uncertain,uncertain_review_required,insufficient_evidence,0.4,False,{},ranking,,,,0.0,,,,
frp:firms_viirs_noaa20_nrt_india:firms_viirs_noaa20_nrt_india.csv:999,frp:firms_viirs_noaa20_nrt_india,999,21.10632,72.64294,2026-09-02 20:21:00+00:00,338.93,5.46,0.0,,firms_viirs_noaa20_nrt_india.csv,,338.93,,,,5.46,0.0,,,,,,,,,,,,,,,,n,N20,N,16,16,16,16,2026-09-02 20:21:00+00:00,11133.097127257692,11133.097127257692,uncertain,uncertain_review_required,insufficient_evidence,0.4,False,{},ranking,,,,0.0,,,,
frp:firms_viirs_noaa20_nrt_india:firms_viirs_noaa20_nrt_india.csv:1000,frp:firms_viirs_noaa20_nrt_india,1000,23.33018,70.21295,2026-09-02 20:21:00+00:00,303.22,0.47,0.0,,firms_viirs_noaa20_nrt_india.csv,,303.22,,,,0.47,0.0,,,,,,,,,,,,,,,,n,N20,N,0,0,0,0,2026-09-02 20:21:00+00:00,105828.61127759473,105828.61127759473,uncertain,uncertain_review_required,insufficient_evidence,0.4,False,{},ranking,,,,0.0,,,,
frp:firms_viirs_noaa20_nrt_india:firms_viirs_noaa20_nrt_india.csv:1001,frp:firms_viirs_noaa20_nrt_india,1001,23.67866,86.39913,2026-09-02 20:21:00+00:00,309.46,2.48,0.0,,firms_viirs_noaa20_nrt_india.csv,,309.46,,,,2.48,0.0,,,,,,,,,,,,,,,,n,N20,N,6,6,6,6,2026-09-02 20:21:00+00:00,100472.1319467596,100472.1319467596,uncertain,uncertain_review_required,insufficient_evidence,0.4,False,{},ranking,,,,0.0,,,,
frp:firms_viirs_noaa20_nrt_india:firms_viirs_noaa20_nrt_india.csv:1002,frp:firms_viirs_noaa20_nrt_india,1002,23.67937,86.09851,2026-09-02 20:21:00+00:00,295.04,1.02,0.0,,firms_viirs_noaa20_nrt_india.csv,,295.04,,,,1.02,0.0,,,,,,,,,,,,,,,,n,N20,N,2,2,2,2,2026-09-02 20:21:00+00:00,130955.36930207504,130955.36930207504,uncertain,uncertain_review_required,insufficient_evidence,0.4,False,{},ranking,,,,0.0,,,,
frp:firms_viirs_noaa20_nrt_india:firms_viirs_noaa20_nrt_india.csv:1003,frp:firms_viirs_noaa20_nrt_india,1003,23.67938,86.39541,2026-09-02 20:21:00+00:00,309.72,1.58,0.0,,firms_viirs_noaa20_nrt_india.csv,,309.72,,,,1.58,0.0,,,,,,,,,,,,,,,,n,N20,N,4,4,4,4,2026-09-02 20:21:00+00:00,100857.41845322437,100857.41845322437,uncertain,uncertain_review_required,insufficient_evidence,0.4,False,{},ranking,,,,0.0,,,,
frp:firms_viirs_noaa20_nrt_india:firms_viirs_noaa20_nrt_india.csv:1004,frp:firms_viirs_noaa20_nrt_india,1004,23.68009,86.39173,2026-09-02 20:21:00+00:00,306.7,1.58,0.0,,firms_viirs_noaa20_nrt_india.csv,,306.7,,,,1.58,0.0,,,,,,,,,,,,,,,,n,N20,N,3,3,3,3,2026-09-02 20:21:00+00:00,101238.54587677485,101238.54587677485,uncertain,uncertain_review_required,insufficient_evidence,0.4,False,{},ranking,,,,0.0,,,,
frp:firms_viirs_noaa20_nrt_india:firms_viirs_noaa20_nrt_india.csv:1005,frp:firms_viirs_noaa20_nrt_india,1005,23.68032,86.09521,2026-09-02 20:21:00+00:00,295.21,1.58,0.0,,firms_viirs_noaa20_nrt_india.csv,,295.21,,,,1.58,0.0,,,,,,,,,,,,,,,,n,N20,N,1,1,1,1,2026-09-02 20:21:00+00:00,131298.98352945512,131298.98352945512,uncertain,uncertain_review_required,insufficient_evidence,0.4,False,{},ranking,,,,0.0,,,,
frp:firms_viirs_noaa20_nrt_india:firms_viirs_noaa20_nrt_india.csv:1006,frp:firms_viirs_noaa20_nrt_india,1006,23.68334,86.39626,2026-09-02 20:21:00+00:00,310.63,1.58,0.0,,firms_viirs_noaa20_nrt_india.csv,,310.63,,,,1.58,0.0,,,,,,,,,,,,,,,,n,N20,N,2,2,2,2,2026-09-02 20:21:00+00:00,100820.40204867082,100820.40204867082,uncertain,uncertain_review_required,insufficient_evidence,0.4,False,{},ranking,,,,0.0,,,,
frp:firms_viirs_noaa20_nrt_india:firms_viirs_noaa20_nrt_india.csv:1007,frp:firms_viirs_noaa20_nrt_india,1007,23.68404,86.39259,2026-09-02 20:21:00+00:00,319.58,1.58,0.0,,firms_viirs_noaa20_nrt_india.csv,,319.58,,,,1.58,0.0,,,,,,,,,,,,,,,,n,N20,N,1,1,1,1,2026-09-02 20:21:00+00:00,101200.54257358043,101200.54257358043,uncertain,uncertain_review_required,insufficient_evidence,0.4,False,{},ranking,,,,0.0,,,,
frp:firms_viirs_noaa20_nrt_india:firms_viirs_noaa20_nrt_india.csv:1008,frp:firms_viirs_noaa20_nrt_india,1008,23.688,86.39345,2026-09-02 20:21:00+00:00,309.56,1.84,0.0,,firms_viirs_noaa20_nrt_india.csv,,309.56,,,,1.84,0.0,,,,,,,,,,,,,,,,n,N20,N,0,0,0,0,2026-09-02 20:21:00+00:00,101164.64435659046,101164.64435659046,uncertain,uncertain_review_required,insufficient_evidence,0.4,False,{},ranking,,,,0.0,,,,
frp:firms_viirs_noaa20_nrt_india:firms_viirs_noaa20_nrt_india.csv:1009,frp:firms_viirs_noaa20_nrt_india,1009,23.6887,86.3898,2026-09-02 20:21:00+00:00,304.81,2.16,0.0,,firms_viirs_noaa20_nrt_india.csv,,304.81,,,,2.16,0.0,,,,,,,,,,,,,,,,n,N20,N,5,5,5,5,2026-09-02 20:21:00+00:00,101542.9103808485,101542.9103808485,uncertain,uncertain_review_required,insufficient_evidence,0.4,False,{},ranking,,,,0.0,,,,
frp:firms_viirs_noaa20_nrt_india:firms_viirs_noaa20_nrt_india.csv:1010,frp:firms_viirs_noaa20_nrt_india,1010,23.69609,86.07645,2026-09-02 20:21:00+00:00,303.17,1.8,0.0,,firms_viirs_noaa20_nrt_india.csv,,303.17,,,,1.8,0.0,,,,,,,,,,,,,,,,n,N20,N,3,3,3,3,2026-09-02 20:21:00+00:00,133357.14694134964,133357.14694134964,uncertain,uncertain_review_required,insufficient_evidence,0.4,False,{},ranking,,,,0.0,,,,
frp:firms_viirs_noaa20_nrt_india:firms_viirs_noaa20_nrt_india.csv:1011,frp:firms_viirs_noaa20_nrt_india,1011,23.75564,86.39656,2026-09-02 20:21:00+00:00,306.11,2.29,0.0,,firms_viirs_noaa20_nrt_india.csv,,306.11,,,,2.29,0.0,,,,,,,,,,,,,,,,n,N20,N,17,17,17,17,2026-09-02 20:21:00+00:00,102015.900714148,102015.900714148,uncertain,uncertain_review_required,insufficient_evidence,0.4,False,{},ranking,,,,0.0,,,,
frp:firms_viirs_noaa20_nrt_india:firms_viirs_noaa20_nrt_india.csv:1012,frp:firms_viirs_noaa20_nrt_india,1012,23.75816,86.40479,2026-09-02 20:21:00+00:00,315.88,2.32,0.0,,firms_viirs_noaa20_nrt_india.csv,,315.88,,,,2.32,0.0,,,,,,,,,,,,,,,,n,N20,N,14,14,14,14,2026-09-02 20:21:00+00:00,101248.18242013597,101248.18242013597,uncertain,uncertain_review_required,insufficient_evidence,0.4,False,{},ranking,,,,0.0,,,,
frp:firms_viirs_noaa20_nrt_india:firms_viirs_noaa20_nrt_india.csv:1013,frp:firms_viirs_noaa20_nrt_india,1013,23.75887,86.4011,2026-09-02 20:21:00+00:00,316.14,2.32,0.0,,firms_viirs_noaa20_nrt_india.csv,,316.14,,,,2.32,0.0,,,,,,,,,,,,,,,,n,N20,N,24,24,24,24,2026-09-02 20:21:00+00:00,101631.90606949759,101631.90606949759,uncertain,uncertain_review_required,insufficient_evidence,0.4,False,{},ranking,,,,0.0,,,,
frp:firms_viirs_noaa20_nrt_india:firms_viirs_noaa20_nrt_india.csv:1014,frp:firms_viirs_noaa20_nrt_india,1014,23.76211,86.40564,2026-09-02 20:21:00+00:00,303.0,1.76,0.0,,firms_viirs_noaa20_nrt_india.csv,,303.0,,,,1.76,0.0,,,,,,,,,,,,,,,,n,N20,N,25,25,25,25,2026-09-02 20:21:00+00:00,101250.08484541635,101250.08484541635,uncertain,uncertain_review_required,insufficient_evidence,0.4,False,{},ranking,,,,0.0,,,,
frp:firms_viirs_noaa20_nrt_india:firms_viirs_noaa20_nrt_india.csv:1015,frp:firms_viirs_noaa20_nrt_india,1015,23.76282,86.40197,2026-09-02 20:21:00+00:00,325.48,1.76,0.0,,firms_viirs_noaa20_nrt_india.csv,,325.48,,,,1.76,0.0,,,,,,,,,,,,,,,,n,N20,N,26,26,26,26,2026-09-02 20:21:00+00:00,101631.81731775995,101631.81731775995,uncertain,uncertain_review_required,insufficient_evidence,0.4,False,{},ranking,,,,0.0,,,,
frp:firms_viirs_noaa20_nrt_india:firms_viirs_noaa20_nrt_india.csv:1016,frp:firms_viirs_noaa20_nrt_india,1016,23.76354,86.39828,2026-09-02 20:21:00+00:00,306.61,1.45,0.0,,firms_viirs_noaa20_nrt_india.csv,,306.61,,,,1.45,0.0,,,,,,,,,,,,,,,,n,N20,N,21,21,21,21,2026-09-02 20:21:00+00:00,102015.76412668916,102015.76412668916,uncertain,uncertain_review_required,insufficient_evidence,0.4,False,{},ranking,,,,0.0,,,,
frp:firms_viirs_noaa20_nrt_india:firms_viirs_noaa20_nrt_india.csv:1017,frp:firms_viirs_noaa20_nrt_india,1017,23.76425,86.39459,2026-09-02 20:21:00+00:00,305.18,1.45,0.0,,firms_viirs_noaa20_nrt_india.csv,,305.18,,,,1.45,0.0,,,,,,,,,,,,,,,,n,N20,N,27,27,27,27,2026-09-02 20:21:00+00:00,102399.48699616348,102399.48699616348,uncertain,uncertain_review_required,insufficient_evidence,0.4,False,{},ranking,,,,0.0,,,,
frp:firms_viirs_noaa20_nrt_india:firms_viirs_noaa20_nrt_india.csv:1018,frp:firms_viirs_noaa20_nrt_india,1018,23.76498,86.39088,2026-09-02 20:21:00+00:00,302.84,2.05,0.0,,firms_viirs_noaa20_nrt_india.csv,,302.84,,,,2.05,0.0,,,,,,,,,,,,,,,,n,N20,N,28,28,28,28,2026-09-02 20:21:00+00:00,102785.64609649056,102785.64609649056,uncertain,uncertain_review_required,insufficient_evidence,0.4,False,{},ranking,,,,0.0,,,,
frp:firms_viirs_noaa20_nrt_india:firms_viirs_noaa20_nrt_india.csv:1019,frp:firms_viirs_noaa20_nrt_india,1019,23.76676,86.40286,2026-09-02 20:21:00+00:00,312.11,1.76,0.0,,firms_viirs_noaa20_nrt_india.csv,,312.11,,,,1.76,0.0,,,,,,,,,,,,,,,,n,N20,N,23,23,23,23,2026-09-02 20:21:00+00:00,101631.48979190545,101631.48979190545,uncertain,uncertain_review_required,insufficient_evidence,0.4,False,{},ranking,,,,0.0,,,,
frp:firms_viirs_noaa20_nrt_india:firms_viirs_noaa20_nrt_india.csv:1020,frp:firms_viirs_noaa20_nrt_india,1020,23.77299,86.20249,2026-09-02 20:21:00+00:00,303.04,3.5,0.0,,firms_viirs_noaa20_nrt_india.csv,,303.04,,,,3.5,0.0,,,,,,,,,,,,,,,,n,N20,N,2,2,2,2,2026-09-02 20:21:00+00:00,121786.31347915583,121786.31347915583,uncertain,uncertain_review_required,insufficient_evidence,0.4,False,{},ranking,,,,0.0,,,,
frp:firms_viirs_noaa20_nrt_india:firms_viirs_noaa20_nrt_india.csv:1021,frp:firms_viirs_noaa20_nrt_india,1021,23.77394,86.36584,2026-09-02 20:21:00+00:00,305.7,1.97,0.0,,firms_viirs_noaa20_nrt_india.csv,,305.7,,,,1.97,0.0,,,,,,,,,,,,,,,,n,N20,N,23,23,23,23,2026-09-02 20:21:00+00:00,105482.37291007559,105482.37291007559,uncertain,uncertain_review_required,insufficient_evidence,0.4,False,{},ranking,,,,0.0,,,,
frp:firms_viirs_noaa20_nrt_india:firms_viirs_noaa20_nrt_india.csv:1022,frp:firms_viirs_noaa20_nrt_india,1022,23.77406,86.19703,2026-09-02 20:21:00+00:00,311.24,4.58,0.0,,firms_viirs_noaa20_nrt_india.csv,,311.24,,,,4.58,0.0,,,,,,,,,,,,,,,,n,N20,N,3,3,3,3,2026-09-02 20:21:00+00:00,122354.16159529459,122354.16159529459,uncertain,uncertain_review_required,insufficient_evidence,0.4,False,{},ranking,,,,0.0,,,,
frp:firms_viirs_noaa20_nrt_india:firms_viirs_noaa20_nrt_india.csv:1023,frp:firms_viirs_noaa20_nrt_india,1023,23.77466,86.36218,2026-09-02 20:21:00+00:00,316.43,2.38,0.0,,firms_viirs_noaa20_nrt_india.csv,,316.43,,,,2.38,0.0,,,,,,,,,,,,,,,,n,N20,N,22,22,22,22,2026-09-02 20:21:00+00:00,105863.31103525653,105863.31103525653,uncertain,uncertain_review_required,insufficient_evidence,0.4,False,{},ranking,,,,0.0,,,,
frp:firms_viirs_noaa20_nrt_india:firms_viirs_noaa20_nrt_india.csv:1024,frp:firms_viirs_noaa20_nrt_india,1024,23.77585,86.20872,2026-09-02 20:21:00+00:00,307.93,3.74,0.0,,firms_viirs_noaa20_nrt_india.csv,,307.93,,,,3.74,0.0,,,,,,,,,,,,,,,,n,N20,N,1,1,1,1,2026-09-02 20:21:00+00:00,121218.35684760613,121218.35684760613,uncertain,uncertain_review_required,insufficient_evidence,0.4,False,{},ranking,,,,0.0,,,,
frp:firms_viirs_noaa20_nrt_india:firms_viirs_noaa20_nrt_india.csv:1025,frp:firms_viirs_noaa20_nrt_india,1025,23.77753,86.38976,2026-09-02 20:21:00+00:00,306.42,2.34,0.0,,firms_viirs_noaa20_nrt_india.csv,,306.42,,,,2.34,0.0,,,,,,,,,,,,,,,,n,N20,N,19,19,19,19,2026-09-02 20:21:00+00:00,103184.6200680301,103184.6200680301,uncertain,uncertain_review_required,insufficient_evidence,0.4,False,{},ranking,,,,0.0,,,,
frp:firms_viirs_noaa20_nrt_india:firms_viirs_noaa20_nrt_india.csv:1026,frp:firms_viirs_noaa20_nrt_india,1026,23.77825,86.38604,2026-09-02 20:21:00+00:00,304.61,2.32,0.0,,firms_viirs_noaa20_nrt_india.csv,,304.61,,,,2.32,0.0,,,,,,,,,,,,,,,,n,N20,N,18,18,18,18,2026-09-02 20:21:00+00:00,103571.52153388866,103571.52153388866,uncertain,uncertain_review_required,insufficient_evidence,0.4,False,{},ranking,,,,0.0,,,,
frp:firms_viirs_noaa20_nrt_india:firms_viirs_noaa20_nrt_india.csv:1027,frp:firms_viirs_noaa20_nrt_india,1027,23.77976,86.20955,2026-09-02 20:21:00+00:00,321.04,3.74,0.0,,firms_viirs_noaa20_nrt_india.csv,,321.04,,,,3.74,0.0,,,,,,,,,,,,,,,,n,N20,N,0,0,0,0,2026-09-02 20:21:00+00:00,121213.47313414536,121213.47313414536,uncertain,uncertain_review_required,insufficient_evidence,0.4,False,{},ranking,,,,0.0,,,,
frp:firms_viirs_noaa20_nrt_india:firms_viirs_noaa20_nrt_india.csv:1028,frp:firms_viirs_noaa20_nrt_india,1028,23.7811,86.37132,2026-09-02 20:21:00+00:00,303.51,1.38,0.0,,firms_viirs_noaa20_nrt_india.csv,,303.51,,,,1.38,0.0,,,,,,,,,,,,,,,,n,N20,N,18,18,18,18,2026-09-02 20:21:00+00:00,105102.49017276171,105102.49017276171,uncertain,uncertain_review_required,insufficient_evidence,0.4,False,{},ranking,,,,0.0,,,,
frp:firms_viirs_noaa20_nrt_india:firms_viirs_noaa20_nrt_india.csv:1029,frp:firms_viirs_noaa20_nrt_india,1029,23.78148,86.39063,2026-09-02 20:21:00+00:00,307.3,1.74,0.0,,firms_viirs_noaa20_nrt_india.csv,,307.3,,,,1.74,0.0,,,,,,,,,,,,,,,,n,N20,N,15,15,15,15,2026-09-02 20:21:00+00:00,103192.35054229997,103192.35054229997,uncertain,uncertain_review_required,insufficient_evidence,0.4,False,{},ranking,,,,0.0,,,,
frp:firms_viirs_noaa20_nrt_india:firms_viirs_noaa20_nrt_india.csv:1030,frp:firms_viirs_noaa20_nrt_india,1030,24.6637,74.63227,2026-09-02 20:21:00+00:00,299.05,1.44,0.0,,firms_viirs_noaa20_nrt_india.csv,,299.05,,,,1.44,0.0,,,,,,,,,,,,,,,,n,N20,N,0,0,0,0,2026-09-02 20:21:00+00:00,255057.01300442804,255057.01300442804,uncertain,uncertain_review_required,insufficient_evidence,0.4,False,{},ranking,,,,0.0,,,,
frp:firms_viirs_noaa20_nrt_india:firms_viirs_noaa20_nrt_india.csv:1031,frp:firms_viirs_noaa20_nrt_india,1031,24.71521,75.95151,2026-09-02 20:21:00+00:00,303.49,0.78,0.0,,firms_viirs_noaa20_nrt_india.csv,,303.49,,,,0.78,0.0,,,,,,,,,,,,,,,,n,N20,N,0,0,0,0,2026-09-02 20:21:00+00:00,123562.73345881725,123562.73345881725,uncertain,uncertain_review_required,insufficient_evidence,0.4,False,{},ranking,,,,0.0,,,,
frp:firms_viirs_noaa20_nrt_india:firms_viirs_noaa20_nrt_india.csv:1032,frp:firms_viirs_noaa20_nrt_india,1032,24.76503,74.60659,2026-09-02 20:21:00+00:00,304.69,1.36,0.0,,firms_viirs_noaa20_nrt_india.csv,,304.69,,,,1.36,0.0,,,,,,,,,,,,,,,,n,N20,N,5,5,5,5,2026-09-02 20:21:00+00:00,258664.65148034497,258664.65148034497,uncertain,uncertain_review_required,insufficient_evidence,0.4,False,{},ranking,,,,0.0,,,,
frp:firms_viirs_noaa20_nrt_india:firms_viirs_noaa20_nrt_india.csv:1033,frp:firms_viirs_noaa20_nrt_india,1033,24.76607,74.60828,2026-09-02 20:21:00+00:00,302.43,1.31,0.0,,firms_viirs_noaa20_nrt_india.csv,,302.43,,,,1.31,0.0,,,,,,,,,,,,,,,,n,N20,N,4,4,4,4,2026-09-02 20:21:00+00:00,258508.07819940418,258508.07819940418,uncertain,uncertain_review_required,insufficient_evidence,0.4,False,{},ranking,,,,0.0,,,,
frp:firms_viirs_noaa20_nrt_india:firms_viirs_noaa20_nrt_india.csv:1034,frp:firms_viirs_noaa20_nrt_india,1034,25.39161,68.57956,2026-09-02 20:21:00+00:00,310.49,1.53,0.0,,firms_viirs_noaa20_nrt_india.csv,,310.49,,,,1.53,0.0,,,,,,,,,,,,,,,,n,N20,N,4,4,4,4,2026-09-02 20:21:00+00:00,829.4692314288397,829.4692314288397,emergency_or_transient_fire,industrial_fire_candidate,industrial_proximity,0.72,True,{},ranking,,,,0.0,,,,
frp:firms_viirs_noaa20_nrt_india:firms_viirs_noaa20_nrt_india.csv:1035,frp:firms_viirs_noaa20_nrt_india,1035,12.59921,77.88294,2026-09-02 20:23:00+00:00,319.53,1.79,0.0,,firms_viirs_noaa20_nrt_india.csv,,319.53,,,,1.79,0.0,,,,,,,,,,,,,,,,n,N20,N,2,2,2,2,2026-09-02 20:23:00+00:00,251961.04469256787,251961.04469256787,uncertain,uncertain_review_required,insufficient_evidence,0.4,False,{},ranking,,,,0.0,,,,
frp:firms_viirs_noaa20_nrt_india:firms_viirs_noaa20_nrt_india.csv:1036,frp:firms_viirs_noaa20_nrt_india,1036,12.8508,79.90537,2026-09-02 20:23:00+00:00,340.95,8.05,0.0,,firms_viirs_noaa20_nrt_india.csv,,340.95,,,,8.05,0.0,,,,,,,,,,,,,,,,n,N20,N,2,2,2,2,2026-09-02 20:23:00+00:00,53552.09400540656,53552.09400540656,uncertain,uncertain_review_required,insufficient_evidence,0.4,False,{},ranking,,,,0.0,,,,
frp:firms_viirs_noaa20_nrt_india:firms_viirs_noaa20_nrt_india.csv:1037,frp:firms_viirs_noaa20_nrt_india,1037,12.97479,77.43371,2026-09-02 20:23:00+00:00,302.76,0.54,0.0,,firms_viirs_noaa20_nrt_india.csv,,302.76,,,,0.54,0.0,,,,,,,,,,,,,,,,n,N20,N,0,0,0,0,2026-09-02 20:23:00+00:00,278577.7195932991,278577.7195932991,uncertain,uncertain_review_required,insufficient_evidence,0.4,False,{},ranking,,,,0.0,,,,
frp:firms_viirs_noaa20_nrt_india:firms_viirs_noaa20_nrt_india.csv:1038,frp:firms_viirs_noaa20_nrt_india,1038,13.14871,77.53867,2026-09-02 20:23:00+00:00,300.09,0.19,0.0,,firms_viirs_noaa20_nrt_india.csv,,300.09,,,,0.19,0.0,,,,,,,,,,,,,,,,n,N20,N,0,0,0,0,2026-09-02 20:23:00+00:00,290305.01013415284,290305.01013415284,uncertain,uncertain_review_required,insufficient_evidence,0.4,False,{},ranking,,,,0.0,,,,
frp:firms_viirs_noaa20_nrt_india:firms_viirs_noaa20_nrt_india.csv:1039,frp:firms_viirs_noaa20_nrt_india,1039,13.16177,80.28377,2026-09-02 20:23:00+00:00,320.68,2.78,0.0,,firms_viirs_noaa20_nrt_india.csv,,320.68,,,,2.78,0.0,,,,,,,,,,,,,,,,n,N20,N,0,0,0,0,2026-09-02 20:23:00+00:00,208.81718787440602,208.81718787440602,emergency_or_transient_fire,industrial_fire_candidate,industrial_proximity,0.72,True,{},ranking,,,,0.0,,,,
frp:firms_viirs_noaa20_nrt_india:firms_viirs_noaa20_nrt_india.csv:1040,frp:firms_viirs_noaa20_nrt_india,1040,13.39351,80.07467,2026-09-02 20:23:00+00:00,307.0,1.28,0.0,,firms_viirs_noaa20_nrt_india.csv,,307.0,,,,1.28,0.0,,,,,,,,,,,,,,,,n,N20,N,0,0,0,0,2026-09-02 20:23:00+00:00,31328.155797569594,31328.155797569594,uncertain,uncertain_review_required,insufficient_evidence,0.4,False,{},ranking,,,,0.0,,,,
frp:firms_viirs_noaa20_nrt_india:firms_viirs_noaa20_nrt_india.csv:1041,frp:firms_viirs_noaa20_nrt_india,1041,13.89774,76.56654,2026-09-02 20:23:00+00:00,300.92,1.13,0.0,,firms_viirs_noaa20_nrt_india.csv,,300.92,,,,1.13,0.0,,,,,,,,,,,,,,,,n,N20,N,1,1,1,1,2026-09-02 20:23:00+00:00,209556.08183874935,209556.08183874935,uncertain,uncertain_review_required,insufficient_evidence,0.4,False,{},ranking,,,,0.0,,,,
frp:firms_viirs_noaa20_nrt_india:firms_viirs_noaa20_nrt_india.csv:1042,frp:firms_viirs_noaa20_nrt_india,1042,15.16989,76.38091,2026-09-02 20:23:00+00:00,299.16,0.52,0.0,,firms_viirs_noaa20_nrt_india.csv,,299.16,,,,0.52,0.0,,,,,,,,,,,,,,,,n,N20,N,5,5,5,5,2026-09-02 20:23:00+00:00,291581.6909537986,291581.6909537986,uncertain,uncertain_review_required,insufficient_evidence,0.4,False,{},ranking,,,,0.0,,,,
frp:firms_viirs_noaa20_nrt_india:firms_viirs_noaa20_nrt_india.csv:1043,frp:firms_viirs_noaa20_nrt_india,1043,15.17381,76.69349,2026-09-02 20:23:00+00:00,309.9,1.19,0.0,,firms_viirs_noaa20_nrt_india.csv,,309.9,,,,1.19,0.0,,,,,,,,,,,,,,,,n,N20,N,25,25,25,25,2026-09-02 20:23:00+00:00,312096.6263718957,312096.6263718957,uncertain,uncertain_review_required,insufficient_evidence,0.4,False,{},ranking,,,,0.0,,,,
frp:firms_viirs_noaa20_nrt_india:firms_viirs_noaa20_nrt_india.csv:1044,frp:firms_viirs_noaa20_nrt_india,1044,15.17427,76.7852,2026-09-02 20:23:00+00:00,308.11,1.08,0.0,,firms_viirs_noaa20_nrt_india.csv,,308.11,,,,1.08,0.0,,,,,,,,,,,,,,,,n,N20,N,1,1,1,1,2026-09-02 20:23:00+00:00,318484.02325197856,318484.02325197856,uncertain,uncertain_review_required,insufficient_evidence,0.4,False,{},ranking,,,,0.0,,,,
frp:firms_viirs_noaa20_nrt_india:firms_viirs_noaa20_nrt_india.csv:1045,frp:firms_viirs_noaa20_nrt_india,1045,15.17558,76.6577,2026-09-02 20:23:00+00:00,319.62,2.78,0.0,,firms_viirs_noaa20_nrt_india.csv,,319.62,,,,2.78,0.0,,,,,,,,,,,,,,,,n,N20,N,28,28,28,28,2026-09-02 20:23:00+00:00,309822.57844513684,309822.57844513684,uncertain,uncertain_review_required,insufficient_evidence,0.4,False,{},ranking,,,,0.0,,,,
frp:firms_viirs_noaa20_nrt_india:firms_viirs_noaa20_nrt_india.csv:1046,frp:firms_viirs_noaa20_nrt_india,1046,15.17616,76.65379,2026-09-02 20:23:00+00:00,312.81,2.39,0.0,,firms_viirs_noaa20_nrt_india.csv,,312.81,,,,2.39,0.0,,,,,,,,,,,,,,,,n,N20,N,29,29,29,29,2026-09-02 20:23:00+00:00,309609.5491861763,309609.5491861763,uncertain,uncertain_review_required,insufficient_evidence,0.4,False,{},ranking,,,,0.0,,,,
frp:firms_viirs_noaa20_nrt_india:firms_viirs_noaa20_nrt_india.csv:1047,frp:firms_viirs_noaa20_nrt_india,1047,15.18017,76.67442,2026-09-02 20:23:00+00:00,312.62,1.49,0.0,,firms_viirs_noaa20_nrt_india.csv,,312.62,,,,1.49,0.0,,,,,,,,,,,,,,,,n,N20,N,25,25,25,25,2026-09-02 20:23:00+00:00,311348.2818330704,311348.2818330704,uncertain,uncertain_review_required,insufficient_evidence,0.4,False,{},ranking,,,,0.0,,,,
frp:firms_viirs_noaa20_nrt_india:firms_viirs_noaa20_nrt_india.csv:1048,frp:firms_viirs_noaa20_nrt_india,1048,15.18134,76.6666,2026-09-02 20:23:00+00:00,323.6,1.93,0.0,,firms_viirs_noaa20_nrt_india.csv,,323.6,,,,1.93,0.0,,,,,,,,,,,,,,,,n,N20,N,26,26,26,26,2026-09-02 20:23:00+00:00,310920.94543236546,310920.94543236546,uncertain,uncertain_review_required,insufficient_evidence,0.4,False,{},ranking,,,,0.0,,,,
frp:firms_viirs_noaa20_nrt_india:firms_viirs_noaa20_nrt_india.csv:1049,frp:firms_viirs_noaa20_nrt_india,1049,15.18363,76.67496,2026-09-02 20:23:00+00:00,304.17,1.49,0.0,,firms_viirs_noaa20_nrt_india.csv,,304.17,,,,1.49,0.0,,,,,,,,,,,,,,,,n,N20,N,24,24,24,24,2026-09-02 20:23:00+00:00,311683.4877576507,311683.4877576507,uncertain,uncertain_review_required,insufficient_evidence,0.4,False,{},ranking,,,,0.0,,,,
frp:firms_viirs_noaa20_nrt_india:firms_viirs_noaa20_nrt_india.csv:1050,frp:firms_viirs_noaa20_nrt_india,1050,15.18421,76.67104,2026-09-02 20:23:00+00:00,307.15,1.93,0.0,,firms_viirs_noaa20_nrt_india.csv,,307.15,,,,1.93,0.0,,,,,,,,,,,,,,,,n,N20,N,23,23,23,23,2026-09-02 20:23:00+00:00,311468.7281024133,311468.7281024133,uncertain,uncertain_review_required,insufficient_evidence,0.4,False,{},ranking,,,,0.0,,,,
frp:firms_viirs_noaa20_nrt_india:firms_viirs_noaa20_nrt_india.csv:1051,frp:firms_viirs_noaa20_nrt_india,1051,15.18708,76.67549,2026-09-02 20:23:00+00:00,304.11,1.0,0.0,,firms_viirs_noaa20_nrt_india.csv,,304.11,,,,1.0,0.0,,,,,,,,,,,,,,,,n,N20,N,22,22,22,22,2026-09-02 20:23:00+00:00,312017.27801122994,312017.27801122994,uncertain,uncertain_review_required,insufficient_evidence,0.4,False,{},ranking,,,,0.0,,,,
frp:firms_viirs_noaa20_nrt_india:firms_viirs_noaa20_nrt_india.csv:1052,frp:firms_viirs_noaa20_nrt_india,1052,15.18766,76.67159,2026-09-02 20:23:00+00:00,311.27,1.29,0.0,,firms_viirs_noaa20_nrt_india.csv,,311.27,,,,1.29,0.0,,,,,,,,,,,,,,,,n,N20,N,21,21,21,21,2026-09-02 20:23:00+00:00,311804.10340656695,311804.10340656695,uncertain,uncertain_review_required,insufficient_evidence,0.4,False,{},ranking,,,,0.0,,,,
frp:firms_viirs_noaa20_nrt_india:firms_viirs_noaa20_nrt_india.csv:1053,frp:firms_viirs_noaa20_nrt_india,1053,15.33635,76.27782,2026-09-02 20:23:00+00:00,307.79,1.05,0.0,,firms_viirs_noaa20_nrt_india.csv,,307.79,,,,1.05,0.0,,,,,,,,,,,,,,,,n,N20,N,4,4,4,4,2026-09-02 20:23:00+00:00,301263.82929070864,301263.82929070864,uncertain,uncertain_review_required,insufficient_evidence,0.4,False,{},ranking,,,,0.0,,,,
frp:firms_viirs_noaa20_nrt_india:firms_viirs_noaa20_nrt_india.csv:1054,frp:firms_viirs_noaa20_nrt_india,1054,16.87073,80.02078,2026-09-02 20:23:00+00:00,304.58,1.03,0.0,,firms_viirs_noaa20_nrt_india.csv,,304.58,,,,1.03,0.0,,,,,,,,,,,,,,,,n,N20,N,0,0,0,0,2026-09-02 20:23:00+00:00,140650.24907864557,140650.24907864557,uncertain,uncertain_review_required,insufficient_evidence,0.4,False,{},ranking,,,,0.0,,,,
frp:firms_viirs_noaa20_nrt_india:firms_viirs_noaa20_nrt_india.csv:1055,frp:firms_viirs_noaa20_nrt_india,1055,6.61014,81.25643,2026-09-02 20:25:00+00:00,339.65,6.97,0.0,,firms_viirs_noaa20_nrt_india.csv,,339.65,,,,6.97,0.0,,,,,,,,,,,,,,,,n,N20,N,1,1,1,1,2026-09-02 20:25:00+00:00,148711.1393312561,148711.1393312561,uncertain,uncertain_review_required,insufficient_evidence,0.4,False,{},ranking,,,,0.0,,,,
frp:firms_viirs_noaa20_nrt_india:firms_viirs_noaa20_nrt_india.csv:1056,frp:firms_viirs_noaa20_nrt_india,1056,6.76897,81.00152,2026-09-02 20:25:00+00:00,304.26,1.7,0.0,,firms_viirs_noaa20_nrt_india.csv,,304.26,,,,1.7,0.0,,,,,,,,,,,,,,,,n,N20,N,5,5,5,5,2026-09-02 20:25:00+00:00,117308.0732245002,117308.0732245002,uncertain,uncertain_review_required,insufficient_evidence,0.4,False,{},ranking,,,,0.0,,,,
frp:firms_viirs_noaa20_nrt_india:firms_viirs_noaa20_nrt_india.csv:1057,frp:firms_viirs_noaa20_nrt_india,1057,6.77281,81.00163,2026-09-02 20:25:00+00:00,313.38,1.7,0.0,,firms_viirs_noaa20_nrt_india.csv,,313.38,,,,1.7,0.0,,,,,,,,,,,,,,,,n,N20,N,6,6,6,6,2026-09-02 20:25:00+00:00,117243.06773491905,117243.06773491905,uncertain,uncertain_review_required,insufficient_evidence,0.4,False,{},ranking,,,,0.0,,,,
frp:firms_viirs_noaa20_nrt_india:firms_viirs_noaa20_nrt_india.csv:1058,frp:firms_viirs_noaa20_nrt_india,1058,7.38751,81.18162,2026-09-02 20:25:00+00:00,309.23,1.72,0.0,,firms_viirs_noaa20_nrt_india.csv,,309.23,,,,1.72,0.0,,,,,,,,,,,,,,,,n,N20,N,9,9,9,9,2026-09-02 20:25:00+00:00,143286.20186381793,143286.20186381793,uncertain,uncertain_review_required,insufficient_evidence,0.4,False,{},ranking,,,,0.0,,,,
frp:firms_viirs_noaa20_nrt_india:firms_viirs_noaa20_nrt_india.csv:1059,frp:firms_viirs_noaa20_nrt_india,1059,7.48117,81.08661,2026-09-02 20:25:00+00:00,310.91,2.67,0.0,,firms_viirs_noaa20_nrt_india.csv,,310.91,,,,2.67,0.0,,,,,,,,,,,,,,,,n,N20,N,1,1,1,1,2026-09-02 20:25:00+00:00,137488.08751627716,137488.08751627716,uncertain,uncertain_review_required,insufficient_evidence,0.4,False,{},ranking,,,,0.0,,,,
frp:firms_viirs_noaa20_nrt_india:firms_viirs_noaa20_nrt_india.csv:1060,frp:firms_viirs_noaa20_nrt_india,1060,7.55779,81.30125,2026-09-02 20:25:00+00:00,322.67,2.83,0.0,,firms_viirs_noaa20_nrt_india.csv,,322.67,,,,2.83,0.0,,,,,,,,,,,,,,,,n,N20,N,5,5,5,5,2026-09-02 20:25:00+00:00,162554.33027874806,162554.33027874806,uncertain,uncertain_review_required,insufficient_evidence,0.4,False,{},ranking,,,,0.0,,,,
frp:firms_viirs_noaa20_nrt_india:firms_viirs_noaa20_nrt_india.csv:1061,frp:firms_viirs_noaa20_nrt_india,1061,7.76223,80.32127,2026-09-02 20:25:00+00:00,306.16,1.4,0.0,,firms_viirs_noaa20_nrt_india.csv,,306.16,,,,1.4,0.0,,,,,,,,,,,,,,,,n,N20,N,1,1,1,1,2026-09-02 20:25:00+00:00,97872.22815984112,97872.22815984112,uncertain,uncertain_review_required,insufficient_evidence,0.4,False,{},ranking,,,,0.0,,,,
frp:firms_viirs_noaa20_nrt_india:firms_viirs_noaa20_nrt_india.csv:1062,frp:firms_viirs_noaa20_nrt_india,1062,7.96767,81.29025,2026-09-02 20:25:00+00:00,304.17,0.72,0.0,,firms_viirs_noaa20_nrt_india.csv,,304.17,,,,0.72,0.0,,,,,,,,,,,,,,,,n,N20,N,20,20,20,20,2026-09-02 20:25:00+00:00,184886.3611850804,184886.3611850804,uncertain,uncertain_review_required,insufficient_evidence,0.4,False,{},ranking,,,,0.0,,,,
frp:firms_viirs_noaa20_nrt_india:firms_viirs_noaa20_nrt_india.csv:1063,frp:firms_viirs_noaa20_nrt_india,1063,8.08287,80.78834,2026-09-02 20:25:00+00:00,314.64,1.43,0.0,,firms_viirs_noaa20_nrt_india.csv,,314.64,,,,1.43,0.0,,,,,,,,,,,,,,,,n,N20,N,9,9,9,9,2026-09-02 20:25:00+00:00,154930.04556264175,154930.04556264175,uncertain,uncertain_review_required,insufficient_evidence,0.4,False,{},ranking,,,,0.0,,,,
frp:firms_viirs_noaa20_nrt_india:firms_viirs_noaa20_nrt_india.csv:1064,frp:firms_viirs_noaa20_nrt_india,1064,8.08652,80.78899,2026-09-02 20:25:00+00:00,329.64,3.58,0.0,,firms_viirs_noaa20_nrt_india.csv,,329.64,,,,3.58,0.0,,,,,,,,,,,,,,,,n,N20,N,10,10,10,10,2026-09-02 20:25:00+00:00,155299.45977660015,155299.45977660015,uncertain,uncertain_review_required,insufficient_evidence,0.4,False,{},ranking,,,,0.0,,,,
frp:firms_viirs_noaa20_nrt_india:firms_viirs_noaa20_nrt_india.csv:1065,frp:firms_viirs_noaa20_nrt_india,1065,9.55316,77.52426,2026-09-02 20:25:00+00:00,315.45,1.52,0.0,,firms_viirs_noaa20_nrt_india.csv,,315.45,,,,1.52,0.0,,,,,,,,,,,,,,,,n,N20,N,18,18,18,18,2026-09-02 20:25:00+00:00,132135.53058369245,132135.53058369245,uncertain,uncertain_review_required,insufficient_evidence,0.4,False,{},ranking,,,,0.0,,,,
frp:firms_viirs_noaa20_nrt_india:firms_viirs_noaa20_nrt_india.csv:1066,frp:firms_viirs_noaa20_nrt_india,1066,9.55372,77.52083,2026-09-02 20:25:00+00:00,321.43,1.52,0.0,,firms_viirs_noaa20_nrt_india.csv,,321.43,,,,1.52,0.0,,,,,,,,,,,,,,,,n,N20,N,19,19,19,19,2026-09-02 20:25:00+00:00,131761.1217473594,131761.1217473594,uncertain,uncertain_review_required,insufficient_evidence,0.4,False,{},ranking,,,,0.0,,,,
frp:firms_viirs_noaa20_nrt_india:firms_viirs_noaa20_nrt_india.csv:1067,frp:firms_viirs_noaa20_nrt_india,1067,9.55482,77.5139,2026-09-02 20:25:00+00:00,324.17,2.42,0.0,,firms_viirs_noaa20_nrt_india.csv,,324.17,,,,2.42,0.0,,,,,,,,,,,,,,,,n,N20,N,26,26,26,26,2026-09-02 20:25:00+00:00,131005.99703013495,131005.99703013495,uncertain,uncertain_review_required,insufficient_evidence,0.4,False,{},ranking,,,,0.0,,,,
frp:firms_viirs_noaa20_nrt_india:firms_viirs_noaa20_nrt_india.csv:1068,frp:firms_viirs_noaa20_nrt_india,1068,9.55811,77.51443,2026-09-02 20:25:00+00:00,309.54,1.76,0.0,,firms_viirs_noaa20_nrt_india.csv,,309.54,,,,1.76,0.0,,,,,,,,,,,,,,,,n,N20,N,20,20,20,20,2026-09-02 20:25:00+00:00,130933.86956106749,130933.86956106749,uncertain,uncertain_review_required,insufficient_evidence,0.4,False,{},ranking,,,,0.0,,,,
frp:firms_viirs_noaa20_nrt_india:firms_viirs_noaa20_nrt_india.csv:1069,frp:firms_viirs_noaa20_nrt_india,1069,9.56086,77.51841,2026-09-02 20:25:00+00:00,328.06,1.76,0.0,,firms_viirs_noaa20_nrt_india.csv,,328.06,,,,1.76,0.0,,,,,,,,,,,,,,,,n,N20,N,21,21,21,21,2026-09-02 20:25:00+00:00,131238.76565320053,131238.76565320053,uncertain,uncertain_review_required,insufficient_evidence,0.4,False,{},ranking,,,,0.0,,,,
frp:firms_viirs_noaa20_nrt_india:firms_viirs_noaa20_nrt_india.csv:1070,frp:firms_viirs_noaa20_nrt_india,1070,9.5614,77.53619,2026-09-02 20:25:00+00:00,316.03,0.91,0.0,,firms_viirs_noaa20_nrt_india.csv,,316.03,,,,0.91,0.0,,,,,,,,,,,,,,,,n,N20,N,22,22,22,22,2026-09-02 20:25:00+00:00,133052.3731669516,133052.3731669516,uncertain,uncertain_review_required,insufficient_evidence,0.4,False,{},ranking,,,,0.0,,,,
frp:firms_viirs_noaa20_nrt_india:firms_viirs_noaa20_nrt_india.csv:1071,frp:firms_viirs_noaa20_nrt_india,1071,9.56195,77.53275,2026-09-02 20:25:00+00:00,309.24,1.62,0.0,,firms_viirs_noaa20_nrt_india.csv,,309.24,,,,1.62,0.0,,,,,,,,,,,,,,,,n,N20,N,23,23,23,23,2026-09-02 20:25:00+00:00,132676.62710508215,132676.62710508215,uncertain,uncertain_review_required,insufficient_evidence,0.4,False,{},ranking,,,,0.0,,,,
frp:firms_viirs_noaa20_nrt_india:firms_viirs_noaa20_nrt_india.csv:1072,frp:firms_viirs_noaa20_nrt_india,1072,9.56415,77.51893,2026-09-02 20:25:00+00:00,324.02,1.41,0.0,,firms_viirs_noaa20_nrt_india.csv,,324.02,,,,1.41,0.0,,,,,,,,,,,,,,,,n,N20,N,24,24,24,24,2026-09-02 20:25:00+00:00,131167.82092265275,131167.82092265275,uncertain,uncertain_review_required,insufficient_evidence,0.4,False,{},ranking,,,,0.0,,,,
frp:firms_viirs_noaa20_nrt_india:firms_viirs_noaa20_nrt_india.csv:1073,frp:firms_viirs_noaa20_nrt_india,1073,9.5647,77.53674,2026-09-02 20:25:00+00:00,311.02,0.91,0.0,,firms_viirs_noaa20_nrt_india.csv,,311.02,,,,0.91,0.0,,,,,,,,,,,,,,,,n,N20,N,25,25,25,25,2026-09-02 20:25:00+00:00,132986.1069654875,132986.1069654875,uncertain,uncertain_review_required,insufficient_evidence,0.4,False,{},ranking,,,,0.0,,,,
frp:firms_viirs_noaa20_nrt_india:firms_viirs_noaa20_nrt_india.csv:1074,frp:firms_viirs_noaa20_nrt_india,1074,9.5669,77.52291,2026-09-02 20:25:00+00:00,312.26,1.61,0.0,,firms_viirs_noaa20_nrt_india.csv,,312.26,,,,1.61,0.0,,,,,,,,,,,,,,,,n,N20,N,28,28,28,28,2026-09-02 20:25:00+00:00,131475.36105921667,131475.36105921667,uncertain,uncertain_review_required,insufficient_evidence,0.4,False,{},ranking,,,,0.0,,,,
frp:firms_viirs_noaa20_nrt_india:firms_viirs_noaa20_nrt_india.csv:1075,frp:firms_viirs_noaa20_nrt_india,1075,9.56744,77.51945,2026-09-02 20:25:00+00:00,308.43,1.41,0.0,,firms_viirs_noaa20_nrt_india.csv,,308.43,,,,1.41,0.0,,,,,,,,,,,,,,,,n,N20,N,27,27,27,27,2026-09-02 20:25:00+00:00,131097.8822545499,131097.8822545499,uncertain,uncertain_review_required,insufficient_evidence,0.4,False,{},ranking,,,,0.0,,,,
frp:firms_viirs_noaa20_nrt_india:firms_viirs_noaa20_nrt_india.csv:1076,frp:firms_viirs_noaa20_nrt_india,1076,11.59177,77.26229,2026-09-02 20:25:00+00:00,297.35,0.44,0.0,,firms_viirs_noaa20_nrt_india.csv,,297.35,,,,0.44,0.0,,,,,,,,,,,,,,,,n,N20,N,12,12,12,12,2026-09-02 20:25:00+00:00,204312.79163343305,204312.79163343305,uncertain,uncertain_review_required,insufficient_evidence,0.4,False,{},ranking,,,,0.0,,,,
frp:firms_viirs_noaa20_nrt_india:firms_viirs_noaa20_nrt_india.csv:1077,frp:firms_viirs_noaa20_nrt_india,1077,11.59508,77.26291,2026-09-02 20:25:00+00:00,332.16,3.05,0.0,,firms_viirs_noaa20_nrt_india.csv,,332.16,,,,3.05,0.0,,,,,,,,,,,,,,,,n,N20,N,11,11,11,11,2026-09-02 20:25:00+00:00,204668.59496342586,204668.59496342586,uncertain,uncertain_review_required,insufficient_evidence,0.4,False,{},ranking,,,,0.0,,,,
frp:firms_viirs_noaa20_nrt_india:firms_viirs_noaa20_nrt_india.csv:1078,frp:firms_viirs_noaa20_nrt_india,1078,11.81183,77.92081,2026-09-02 20:25:00+00:00,299.39,1.04,0.0,,firms_viirs_noaa20_nrt_india.csv,,299.39,,,,1.04,0.0,,,,,,,,,,,,,,,,n,N20,N,9,9,9,9,2026-09-02 20:25:00+00:00,187554.08731189926,187554.08731189926,uncertain,uncertain_review_required,insufficient_evidence,0.4,False,{},ranking,,,,0.0,,,,
frp:firms_viirs_noaa20_nrt_india:firms_viirs_noaa20_nrt_india.csv:1079,frp:firms_viirs_noaa20_nrt_india,1079,11.81568,77.91785,2026-09-02 20:25:00+00:00,302.56,1.16,0.0,,firms_viirs_noaa20_nrt_india.csv,,302.56,,,,1.16,0.0,,,,,,,,,,,,,,,,n,N20,N,8,8,8,8,2026-09-02 20:25:00+00:00,188066.88064078504,188066.88064078504,uncertain,uncertain_review_required,insufficient_evidence,0.4,False,{},ranking,,,,0.0,,,,
frp:firms_viirs_noaa20_nrt_india:firms_viirs_noaa20_nrt_india.csv:1080,frp:firms_viirs_noaa20_nrt_india,1080,12.08651,77.05036,2026-09-02 20:25:00+00:00,296.31,0.68,0.0,,firms_viirs_noaa20_nrt_india.csv,,296.31,,,,0.68,0.0,,,,,,,,,,,,,,,,n,N20,N,1,1,1,1,2026-09-02 20:25:00+00:00,246134.06895240973,246134.06895240973,uncertain,uncertain_review_required,insufficient_evidence,0.4,False,{},ranking,,,,0.0,,,,
frp:firms_viirs_noaa20_nrt_india:firms_viirs_noaa20_nrt_india.csv:1081,frp:firms_viirs_noaa20_nrt_india,1081,38.05169,67.26579,2026-09-02 21:57:00+00:00,321.23,1.83,0.0,,firms_viirs_noaa20_nrt_india.csv,,321.23,,,,1.83,0.0,,,,,,,,,,,,,,,,n,N20,N,31,31,31,31,2026-09-02 21:57:00+00:00,76292.1449267532,76292.1449267532,uncertain,uncertain_review_required,insufficient_evidence,0.4,False,{},ranking,,,,0.0,,,,
frp:firms_viirs_noaa20_nrt_india:firms_viirs_noaa20_nrt_india.csv:1082,frp:firms_viirs_noaa20_nrt_india,1082,38.39603,69.1136,2026-09-02 21:57:00+00:00,300.7,0.95,0.0,,firms_viirs_noaa20_nrt_india.csv,,300.7,,,,0.95,0.0,,,,,,,,,,,,,,,,n,N20,N,3,3,3,3,2026-09-02 21:57:00+00:00,219705.03919587095,219705.03919587095,uncertain,uncertain_review_required,insufficient_evidence,0.4,False,{},ranking,,,,0.0,,,,
frp:firms_viirs_noaa20_nrt_india:firms_viirs_noaa20_nrt_india.csv:1083,frp:firms_viirs_noaa20_nrt_india,1083,38.39698,69.11475,2026-09-02 21:57:00+00:00,303.31,0.97,0.0,,firms_viirs_noaa20_nrt_india.csv,,303.31,,,,0.97,0.0,,,,,,,,,,,,,,,,n,N20,N,4,4,4,4,2026-09-02 21:57:00+00:00,219798.42839364472,219798.42839364472,uncertain,uncertain_review_required,insufficient_evidence,0.4,False,{},ranking,,,,0.0,,,,
frp:firms_viirs_noaa20_nrt_india:firms_viirs_noaa20_nrt_india.csv:1084,frp:firms_viirs_noaa20_nrt_india,1084,33.29502,71.18554,2026-09-02 21:59:00+00:00,304.58,0.48,0.0,,firms_viirs_noaa20_nrt_india.csv,,304.58,,,,0.48,0.0,,,,,,,,,,,,,,,,n,N20,N,6,6,6,6,2026-09-02 21:59:00+00:00,51.166160209733135,51.166160209733135,emergency_or_transient_fire,industrial_fire_candidate,industrial_proximity,0.72,True,{},ranking,,,,0.0,,,,
frp:firms_viirs_noaa20_nrt_india:firms_viirs_noaa20_nrt_india.csv:1085,frp:firms_viirs_noaa20_nrt_india,1085,33.29527,71.18355,2026-09-02 21:59:00+00:00,302.35,0.34,0.0,,firms_viirs_noaa20_nrt_india.csv,,302.35,,,,0.34,0.0,,,,,,,,,,,,,,,,n,N20,N,5,5,5,5,2026-09-02 21:59:00+00:00,159.50556292000073,159.50556292000073,emergency_or_transient_fire,industrial_fire_candidate,industrial_proximity,0.72,True,{},ranking,,,,0.0,,,,
frp:firms_viirs_noaa20_nrt_india:firms_viirs_noaa20_nrt_india.csv:1086,frp:firms_viirs_noaa20_nrt_india,1086,25.38761,68.58076,2026-09-02 22:01:00+00:00,315.05,1.92,0.0,,firms_viirs_noaa20_nrt_india.csv,,315.05,,,,1.92,0.0,,,,,,,,,,,,,,,,n,N20,N,7,7,7,7,2026-09-02 22:01:00+00:00,370.99224522127025,370.99224522127025,emergency_or_transient_fire,industrial_fire_candidate,industrial_proximity,0.72,True,{},ranking,,,,0.0,,,,
frp:firms_viirs_noaa20_nrt_india:firms_viirs_noaa20_nrt_india.csv:1087,frp:firms_viirs_noaa20_nrt_india,1087,11.78012,99.55573,2026-09-03 05:50:00+00:00,328.65,6.59,0.0,,firms_viirs_noaa20_nrt_india.csv,,328.65,,,,6.59,0.0,,,,,,,,,,,,,,,,n,N20,D,1,1,1,1,2026-09-03 05:50:00+00:00,197850.5631544698,197850.5631544698,uncertain,uncertain_review_required,insufficient_evidence,0.4,False,{},ranking,emergency_or_transient_fire,wildfire_or_agricultural_burn,day_fire_far_from_flare,0.65,conf=n+D+flare197851m+p90=1+frp=6.6,,,
frp:firms_viirs_noaa20_nrt_india:firms_viirs_noaa20_nrt_india.csv:1088,frp:firms_viirs_noaa20_nrt_india,1088,11.78029,99.55335,2026-09-03 05:50:00+00:00,337.49,8.8,0.0,,firms_viirs_noaa20_nrt_india.csv,,337.49,,,,8.8,0.0,,,,,,,,,,,,,,,,n,N20,D,0,0,0,0,2026-09-03 05:50:00+00:00,198064.07089383694,198064.07089383694,uncertain,uncertain_review_required,insufficient_evidence,0.4,False,{},ranking,emergency_or_transient_fire,wildfire_or_agricultural_burn,day_fire_far_from_flare,0.65,conf=n+D+flare198064m+p90=0+frp=8.8,,,
frp:firms_viirs_noaa20_nrt_india:firms_viirs_noaa20_nrt_india.csv:1089,frp:firms_viirs_noaa20_nrt_india,1089,16.64662,99.40947,2026-09-03 05:53:00+00:00,330.29,3.18,0.0,,firms_viirs_noaa20_nrt_india.csv,,330.29,,,,3.18,0.0,,,,,,,,,,,,,,,,n,N20,D,0,0,0,0,2026-09-03 05:53:00+00:00,43422.87811506566,43422.87811506566,uncertain,uncertain_review_required,insufficient_evidence,0.4,False,{},ranking,emergency_or_transient_fire,wildfire_or_agricultural_burn,day_fire_far_from_flare,0.65,conf=n+D+flare43423m+p90=0+frp=3.2,,,
frp:firms_viirs_noaa20_nrt_india:firms_viirs_noaa20_nrt_india.csv:1090,frp:firms_viirs_noaa20_nrt_india,1090,6.21886,80.84835,2026-09-03 07:29:00+00:00,352.86,12.97,0.0,,firms_viirs_noaa20_nrt_india.csv,,352.86,,,,12.97,0.0,,,,,,,,,,,,,,,,n,N20,D,1,1,1,1,2026-09-03 07:29:00+00:00,128430.50616503802,128430.50616503802,uncertain,uncertain_review_required,insufficient_evidence,0.4,False,{},ranking,emergency_or_transient_fire,wildfire_or_agricultural_burn,day_fire_far_from_flare,0.65,conf=n+D+flare128431m+p90=1+frp=13.0,,,
frp:firms_viirs_noaa20_nrt_india:firms_viirs_noaa20_nrt_india.csv:1091,frp:firms_viirs_noaa20_nrt_india,1091,6.21936,80.85124,2026-09-03 07:29:00+00:00,367.0,12.37,0.0,,firms_viirs_noaa20_nrt_india.csv,,367.0,,,,12.37,0.0,,,,,,,,,,,,,,,,h,N20,D,0,0,0,0,2026-09-03 07:29:00+00:00,128639.91510067535,128639.91510067535,uncertain,uncertain_review_required,insufficient_evidence,0.4,False,{},ranking,emergency_or_transient_fire,wildfire_or_agricultural_burn,day_fire_far_from_flare,0.65,conf=h+D+flare128640m+p90=0+frp=12.4,,,
frp:firms_viirs_noaa20_nrt_india:firms_viirs_noaa20_nrt_india.csv:1092,frp:firms_viirs_noaa20_nrt_india,1092,6.26443,81.08537,2026-09-03 07:29:00+00:00,332.67,6.89,0.0,,firms_viirs_noaa20_nrt_india.csv,,332.67,,,,6.89,0.0,,,,,,,,,,,,,,,,n,N20,D,1,1,1,1,2026-09-03 07:29:00+00:00,146723.29869849456,146723.29869849456,uncertain,uncertain_review_required,insufficient_evidence,0.4,False,{},ranking,emergency_or_transient_fire,wildfire_or_agricultural_burn,day_fire_far_from_flare,0.65,conf=n+D+flare146723m+p90=1+frp=6.9,,,
frp:firms_viirs_noaa20_nrt_india:firms_viirs_noaa20_nrt_india.csv:1093,frp:firms_viirs_noaa20_nrt_india,1093,6.8227,81.4789,2026-09-03 07:29:00+00:00,340.14,4.65,0.0,,firms_viirs_noaa20_nrt_india.csv,,340.14,,,,4.65,0.0,,,,,,,,,,,,,,,,n,N20,D,11,11,11,11,2026-09-03 07:29:00+00:00,168754.8093972479,168754.8093972479,uncertain,uncertain_review_required,insufficient_evidence,0.4,False,{},ranking,,,,0.0,,,,
frp:firms_viirs_noaa20_nrt_india:firms_viirs_noaa20_nrt_india.csv:1094,frp:firms_viirs_noaa20_nrt_india,1094,6.8228,81.47654,2026-09-03 07:29:00+00:00,337.9,4.03,0.0,,firms_viirs_noaa20_nrt_india.csv,,337.9,,,,4.03,0.0,,,,,,,,,,,,,,,,n,N20,D,10,10,10,10,2026-09-03 07:29:00+00:00,168494.32917487004,168494.32917487004,uncertain,uncertain_review_required,insufficient_evidence,0.4,False,{},ranking,,,,0.0,,,,
frp:firms_viirs_noaa20_nrt_india:firms_viirs_noaa20_nrt_india.csv:1095,frp:firms_viirs_noaa20_nrt_india,1095,6.92909,81.49213,2026-09-03 07:29:00+00:00,334.14,3.2,0.0,,firms_viirs_noaa20_nrt_india.csv,,334.14,,,,3.2,0.0,,,,,,,,,,,,,,,,n,N20,D,4,4,4,4,2026-09-03 07:29:00+00:00,169540.30611620445,169540.30611620445,uncertain,uncertain_review_required,insufficient_evidence,0.4,False,{},ranking,,,,0.0,,,,
frp:firms_viirs_noaa20_nrt_india:firms_viirs_noaa20_nrt_india.csv:1096,frp:firms_viirs_noaa20_nrt_india,1096,6.93327,81.49461,2026-09-03 07:29:00+00:00,334.15,5.26,0.0,,firms_viirs_noaa20_nrt_india.csv,,334.15,,,,5.26,0.0,,,,,,,,,,,,,,,,n,N20,D,3,3,3,3,2026-09-03 07:29:00+00:00,169804.51386286243,169804.51386286243,uncertain,uncertain_review_required,insufficient_evidence,0.4,False,{},ranking,,,,0.0,,,,
frp:firms_viirs_noaa20_nrt_india:firms_viirs_noaa20_nrt_india.csv:1097,frp:firms_viirs_noaa20_nrt_india,1097,7.0019,81.49043,2026-09-03 07:29:00+00:00,331.99,7.65,0.0,,firms_viirs_noaa20_nrt_india.csv,,331.99,,,,7.65,0.0,,,,,,,,,,,,,,,,n,N20,D,1,1,1,1,2026-09-03 07:29:00+00:00,169369.6172390353,169369.6172390353,uncertain,uncertain_review_required,insufficient_evidence,0.4,False,{},ranking,emergency_or_transient_fire,wildfire_or_agricultural_burn,day_fire_far_from_flare,0.65,conf=n+D+flare169370m+p90=1+frp=7.7,,,
frp:firms_viirs_noaa20_nrt_india:firms_viirs_noaa20_nrt_india.csv:1098,frp:firms_viirs_noaa20_nrt_india,1098,7.09881,81.30836,2026-09-03 07:29:00+00:00,338.99,6.88,0.0,,firms_viirs_noaa20_nrt_india.csv,,338.99,,,,6.88,0.0,,,,,,,,,,,,,,,,n,N20,D,0,0,0,0,2026-09-03 07:29:00+00:00,149992.42815565778,149992.42815565778,uncertain,uncertain_review_required,insufficient_evidence,0.4,False,{},ranking,emergency_or_transient_fire,wildfire_or_agricultural_burn,day_fire_far_from_flare,0.65,conf=n+D+flare149992m+p90=0+frp=6.9,,,
frp:firms_viirs_noaa20_nrt_india:firms_viirs_noaa20_nrt_india.csv:1099,frp:firms_viirs_noaa20_nrt_india,1099,7.13218,80.92467,2026-09-03 07:29:00+00:00,338.65,7.09,0.0,,firms_viirs_noaa20_nrt_india.csv,,338.65,,,,7.09,0.0,,,,,,,,,,,,,,,,n,N20,D,2,2,2,2,2026-09-03 07:29:00+00:00,108551.630972339,108551.630972339,uncertain,uncertain_review_required,insufficient_evidence,0.4,False,{},ranking,emergency_or_transient_fire,wildfire_or_agricultural_burn,day_fire_far_from_flare,0.65,conf=n+D+flare108552m+p90=2+frp=7.1,,,
frp:firms_viirs_noaa20_nrt_india:firms_viirs_noaa20_nrt_india.csv:1100,frp:firms_viirs_noaa20_nrt_india,1100,7.13368,80.92213,2026-09-03 07:29:00+00:00,344.79,13.75,0.0,,firms_viirs_noaa20_nrt_india.csv,,344.79,,,,13.75,0.0,,,,,,,,,,,,,,,,n,N20,D,1,1,1,1,2026-09-03 07:29:00+00:00,108305.21628518906,108305.21628518906,uncertain,uncertain_review_required,insufficient_evidence,0.4,False,{},ranking,emergency_or_transient_fire,wildfire_or_agricultural_burn,day_fire_far_from_flare,0.65,conf=n+D+flare108305m+p90=1+frp=13.8,,,
frp:firms_viirs_noaa20_nrt_india:firms_viirs_noaa20_nrt_india.csv:1101,frp:firms_viirs_noaa20_nrt_india,1101,7.13717,80.92435,2026-09-03 07:29:00+00:00,332.22,8.33,0.0,,firms_viirs_noaa20_nrt_india.csv,,332.22,,,,8.33,0.0,,,,,,,,,,,,,,,,n,N20,D,0,0,0,0,2026-09-03 07:29:00+00:00,108615.66192771083,108615.66192771083,uncertain,uncertain_review_required,insufficient_evidence,0.4,False,{},ranking,emergency_or_transient_fire,wildfire_or_agricultural_burn,day_fire_far_from_flare,0.65,conf=n+D+flare108616m+p90=0+frp=8.3,,,
frp:firms_viirs_noaa20_nrt_india:firms_viirs_noaa20_nrt_india.csv:1102,frp:firms_viirs_noaa20_nrt_india,1102,7.14319,81.56036,2026-09-03 07:29:00+00:00,331.83,3.38,0.0,,firms_viirs_noaa20_nrt_india.csv,,331.83,,,,3.38,0.0,,,,,,,,,,,,,,,,n,N20,D,5,5,5,5,2026-09-03 07:29:00+00:00,178166.62498664416,178166.62498664416,uncertain,uncertain_review_required,insufficient_evidence,0.4,False,{},ranking,,,,0.0,,,,
frp:firms_viirs_noaa20_nrt_india:firms_viirs_noaa20_nrt_india.csv:1103,frp:firms_viirs_noaa20_nrt_india,1103,7.21505,81.83522,2026-09-03 07:29:00+00:00,341.64,3.23,0.0,,firms_viirs_noaa20_nrt_india.csv,,341.64,,,,3.23,0.0,,,,,,,,,,,,,,,,n,N20,D,4,4,4,4,2026-09-03 07:29:00+00:00,209245.19622185788,209245.19622185788,uncertain,uncertain_review_required,insufficient_evidence,0.4,False,{},ranking,,,,0.0,,,,
frp:firms_viirs_noaa20_nrt_india:firms_viirs_noaa20_nrt_india.csv:1104,frp:firms_viirs_noaa20_nrt_india,1104,7.30715,81.8511,2026-09-03 07:29:00+00:00,330.92,3.47,0.0,,firms_viirs_noaa20_nrt_india.csv,,330.92,,,,3.47,0.0,,,,,,,,,,,,,,,,n,N20,D,2,2,2,2,2026-09-03 07:29:00+00:00,212580.46133604692,212580.46133604692,uncertain,uncertain_review_required,insufficient_evidence,0.4,False,{},ranking,emergency_or_transient_fire,wildfire_or_agricultural_burn,day_fire_far_from_flare,0.65,conf=n+D+flare212580m+p90=2+frp=3.5,,,
frp:firms_viirs_noaa20_nrt_india:firms_viirs_noaa20_nrt_india.csv:1105,frp:firms_viirs_noaa20_nrt_india,1105,7.30812,81.85378,2026-09-03 07:29:00+00:00,330.62,4.9,0.0,,firms_viirs_noaa20_nrt_india.csv,,330.62,,,,4.9,0.0,,,,,,,,,,,,,,,,n,N20,D,1,1,1,1,2026-09-03 07:29:00+00:00,212890.6170352684,212890.6170352684,uncertain,uncertain_review_required,insufficient_evidence,0.4,False,{},ranking,emergency_or_transient_fire,wildfire_or_agricultural_burn,day_fire_far_from_flare,0.65,conf=n+D+flare212891m+p90=1+frp=4.9,,,
frp:firms_viirs_noaa20_nrt_india:firms_viirs_noaa20_nrt_india.csv:1106,frp:firms_viirs_noaa20_nrt_india,1106,7.36392,81.54081,2026-09-03 07:29:00+00:00,330.09,6.1,0.0,,firms_viirs_noaa20_nrt_india.csv,,330.09,,,,6.1,0.0,,,,,,,,,,,,,,,,n,N20,D,2,2,2,2,2026-09-03 07:29:00+00:00,180479.0953013937,180479.0953013937,uncertain,uncertain_review_required,insufficient_evidence,0.4,False,{},ranking,emergency_or_transient_fire,wildfire_or_agricultural_burn,day_fire_far_from_flare,0.65,conf=n+D+flare180479m+p90=2+frp=6.1,,,
frp:firms_viirs_noaa20_nrt_india:firms_viirs_noaa20_nrt_india.csv:1107,frp:firms_viirs_noaa20_nrt_india,1107,7.36477,81.10838,2026-09-03 07:29:00+00:00,331.17,7.86,0.0,,firms_viirs_noaa20_nrt_india.csv,,331.17,,,,7.86,0.0,,,,,,,,,,,,,,,,l,N20,D,8,8,8,8,2026-09-03 07:29:00+00:00,134828.18357629082,134828.18357629082,uncertain,uncertain_review_required,insufficient_evidence,0.4,False,{},ranking,,,,0.0,,,,
frp:firms_viirs_noaa20_nrt_india:firms_viirs_noaa20_nrt_india.csv:1108,frp:firms_viirs_noaa20_nrt_india,1108,7.36666,81.54342,2026-09-03 07:29:00+00:00,337.55,7.58,0.0,,firms_viirs_noaa20_nrt_india.csv,,337.55,,,,7.58,0.0,,,,,,,,,,,,,,,,n,N20,D,3,3,3,3,2026-09-03 07:29:00+00:00,180833.45722952113,180833.45722952113,uncertain,uncertain_review_required,insufficient_evidence,0.4,False,{},ranking,,,,0.0,,,,
frp:firms_viirs_noaa20_nrt_india:firms_viirs_noaa20_nrt_india.csv:1109,frp:firms_viirs_noaa20_nrt_india,1109,7.37235,81.60337,2026-09-03 07:29:00+00:00,337.78,7.97,0.0,,firms_viirs_noaa20_nrt_india.csv,,337.78,,,,7.97,0.0,,,,,,,,,,,,,,,,n,N20,D,2,2,2,2,2026-09-03 07:29:00+00:00,187397.31769735122,187397.31769735122,uncertain,uncertain_review_required,insufficient_evidence,0.4,False,{},ranking,emergency_or_transient_fire,wildfire_or_agricultural_burn,day_fire_far_from_flare,0.65,conf=n+D+flare187397m+p90=2+frp=8.0,,,
frp:firms_viirs_noaa20_nrt_india:firms_viirs_noaa20_nrt_india.csv:1110,frp:firms_viirs_noaa20_nrt_india,1110,7.37384,81.60008,2026-09-03 07:29:00+00:00,337.83,6.02,0.0,,firms_viirs_noaa20_nrt_india.csv,,337.83,,,,6.02,0.0,,,,,,,,,,,,,,,,n,N20,D,2,2,2,2,2026-09-03 07:29:00+00:00,187085.8155062387,187085.8155062387,uncertain,uncertain_review_required,insufficient_evidence,0.4,False,{},ranking,emergency_or_transient_fire,wildfire_or_agricultural_burn,day_fire_far_from_flare,0.65,conf=n+D+flare187086m+p90=2+frp=6.0,,,
frp:firms_viirs_noaa20_nrt_india:firms_viirs_noaa20_nrt_india.csv:1111,frp:firms_viirs_noaa20_nrt_india,1111,7.38198,81.81867,2026-09-03 07:29:00+00:00,335.02,4.29,0.0,,firms_viirs_noaa20_nrt_india.csv,,335.02,,,,4.29,0.0,,,,,,,,,,,,,,,,n,N20,D,4,4,4,4,2026-09-03 07:29:00+00:00,210742.06275870145,210742.06275870145,uncertain,uncertain_review_required,insufficient_evidence,0.4,False,{},ranking,,,,0.0,,,,
frp:firms_viirs_noaa20_nrt_india:firms_viirs_noaa20_nrt_india.csv:1112,frp:firms_viirs_noaa20_nrt_india,1112,7.40801,81.64283,2026-09-03 07:29:00+00:00,337.1,3.69,0.0,,firms_viirs_noaa20_nrt_india.csv,,337.1,,,,3.69,0.0,,,,,,,,,,,,,,,,n,N20,D,3,3,3,3,2026-09-03 07:29:00+00:00,192601.85403746972,192601.85403746972,uncertain,uncertain_review_required,insufficient_evidence,0.4,False,{},ranking,,,,0.0,,,,
frp:firms_viirs_noaa20_nrt_india:firms_viirs_noaa20_nrt_india.csv:1113,frp:firms_viirs_noaa20_nrt_india,1113,7.44196,81.56097,2026-09-03 07:29:00+00:00,340.72,10.29,0.0,,firms_viirs_noaa20_nrt_india.csv,,340.72,,,,10.29,0.0,,,,,,,,,,,,,,,,n,N20,D,0,0,0,0,2026-09-03 07:29:00+00:00,184945.62239063805,184945.62239063805,uncertain,uncertain_review_required,insufficient_evidence,0.4,False,{},ranking,emergency_or_transient_fire,wildfire_or_agricultural_burn,day_fire_far_from_flare,0.65,conf=n+D+flare184946m+p90=0+frp=10.3,,,
frp:firms_viirs_noaa20_nrt_india:firms_viirs_noaa20_nrt_india.csv:1114,frp:firms_viirs_noaa20_nrt_india,1114,7.4489,81.31174,2026-09-03 07:29:00+00:00,331.01,10.37,0.0,,firms_viirs_noaa20_nrt_india.csv,,331.01,,,,10.37,0.0,,,,,,,,,,,,,,,,n,N20,D,4,4,4,4,2026-09-03 07:29:00+00:00,159092.68603067123,159092.68603067123,uncertain,uncertain_review_required,insufficient_evidence,0.4,False,{},ranking,,,,0.0,,,,
frp:firms_viirs_noaa20_nrt_india:firms_viirs_noaa20_nrt_india.csv:1115,frp:firms_viirs_noaa20_nrt_india,1115,7.44981,81.31694,2026-09-03 07:29:00+00:00,337.83,9.76,0.0,,firms_viirs_noaa20_nrt_india.csv,,337.83,,,,9.76,0.0,,,,,,,,,,,,,,,,n,N20,D,3,3,3,3,2026-09-03 07:29:00+00:00,159666.25632066588,159666.25632066588,uncertain,uncertain_review_required,insufficient_evidence,0.4,False,{},ranking,,,,0.0,,,,
frp:firms_viirs_noaa20_nrt_india:firms_viirs_noaa20_nrt_india.csv:1116,frp:firms_viirs_noaa20_nrt_india,1116,7.45927,81.3151,2026-09-03 07:29:00+00:00,334.62,7.11,0.0,,firms_viirs_noaa20_nrt_india.csv,,334.62,,,,7.11,0.0,,,,,,,,,,,,,,,,n,N20,D,2,2,2,2,2026-09-03 07:29:00+00:00,159836.41005814323,159836.41005814323,uncertain,uncertain_review_required,insufficient_evidence,0.4,False,{},ranking,emergency_or_transient_fire,wildfire_or_agricultural_burn,day_fire_far_from_flare,0.65,conf=n+D+flare159836m+p90=2+frp=7.1,,,
frp:firms_viirs_noaa20_nrt_india:firms_viirs_noaa20_nrt_india.csv:1117,frp:firms_viirs_noaa20_nrt_india,1117,7.46132,81.61855,2026-09-03 07:29:00+00:00,331.29,5.54,0.0,,firms_viirs_noaa20_nrt_india.csv,,331.29,,,,5.54,0.0,,,,,,,,,,,,,,,,n,N20,D,4,4,4,4,2026-09-03 07:29:00+00:00,191645.3320431667,191645.3320431667,uncertain,uncertain_review_required,insufficient_evidence,0.4,False,{},ranking,,,,0.0,,,,
frp:firms_viirs_noaa20_nrt_india:firms_viirs_noaa20_nrt_india.csv:1118,frp:firms_viirs_noaa20_nrt_india,1118,7.52379,81.09198,2026-09-03 07:29:00+00:00,332.6,17.96,0.0,,firms_viirs_noaa20_nrt_india.csv,,332.6,,,,17.96,0.0,,,,,,,,,,,,,,,,l,N20,D,2,2,2,2,2026-09-03 07:29:00+00:00,140076.53538431425,140076.53538431425,uncertain,uncertain_review_required,insufficient_evidence,0.4,False,{},ranking,,,,0.0,,,,
frp:firms_viirs_noaa20_nrt_india:firms_viirs_noaa20_nrt_india.csv:1119,frp:firms_viirs_noaa20_nrt_india,1119,7.55572,81.30218,2026-09-03 07:29:00+00:00,331.63,5.41,0.0,,firms_viirs_noaa20_nrt_india.csv,,331.63,,,,5.41,0.0,,,,,,,,,,,,,,,,n,N20,D,6,6,6,6,2026-09-03 07:29:00+00:00,162554.303237081,162554.303237081,uncertain,uncertain_review_required,insufficient_evidence,0.4,False,{},ranking,,,,0.0,,,,
frp:firms_viirs_noaa20_nrt_india:firms_viirs_noaa20_nrt_india.csv:1120,frp:firms_viirs_noaa20_nrt_india,1120,7.62007,80.96745,2026-09-03 07:29:00+00:00,331.9,5.49,0.0,,firms_viirs_noaa20_nrt_india.csv,,331.9,,,,5.49,0.0,,,,,,,,,,,,,,,,n,N20,D,1,1,1,1,2026-09-03 07:29:00+00:00,133504.86918641807,133504.86918641807,uncertain,uncertain_review_required,insufficient_evidence,0.4,False,{},ranking,emergency_or_transient_fire,wildfire_or_agricultural_burn,day_fire_far_from_flare,0.65,conf=n+D+flare133505m+p90=1+frp=5.5,,,
frp:firms_viirs_noaa20_nrt_india:firms_viirs_noaa20_nrt_india.csv:1121,frp:firms_viirs_noaa20_nrt_india,1121,7.68068,81.63508,2026-09-03 07:29:00+00:00,337.95,4.17,0.0,,firms_viirs_noaa20_nrt_india.csv,,337.95,,,,4.17,0.0,,,,,,,,,,,,,,,,n,N20,D,0,0,0,0,2026-09-03 07:29:00+00:00,201737.9394483041,201737.9394483041,uncertain,uncertain_review_required,insufficient_evidence,0.4,False,{},ranking,emergency_or_transient_fire,wildfire_or_agricultural_burn,day_fire_far_from_flare,0.65,conf=n+D+flare201738m+p90=0+frp=4.2,,,
frp:firms_viirs_noaa20_nrt_india:firms_viirs_noaa20_nrt_india.csv:1122,frp:firms_viirs_noaa20_nrt_india,1122,7.6815,80.17891,2026-09-03 07:29:00+00:00,333.59,4.12,0.0,,firms_viirs_noaa20_nrt_india.csv,,333.59,,,,4.12,0.0,,,,,,,,,,,,,,,,n,N20,D,0,0,0,0,2026-09-03 07:29:00+00:00,83911.4264909358,83911.4264909358,uncertain,uncertain_review_required,insufficient_evidence,0.4,False,{},ranking,emergency_or_transient_fire,wildfire_or_agricultural_burn,day_fire_far_from_flare,0.65,conf=n+D+flare83911m+p90=0+frp=4.1,,,
frp:firms_viirs_noaa20_nrt_india:firms_viirs_noaa20_nrt_india.csv:1123,frp:firms_viirs_noaa20_nrt_india,1123,7.73792,81.0778,2026-09-03 07:29:00+00:00,333.06,8.03,0.0,,firms_viirs_noaa20_nrt_india.csv,,333.06,,,,8.03,0.0,,,,,,,,,,,,,,,,n,N20,D,0,0,0,0,2026-09-03 07:29:00+00:00,150922.92083388817,150922.92083388817,uncertain,uncertain_review_required,insufficient_evidence,0.4,False,{},ranking,emergency_or_transient_fire,wildfire_or_agricultural_burn,day_fire_far_from_flare,0.65,conf=n+D+flare150923m+p90=0+frp=8.0,,,
frp:firms_viirs_noaa20_nrt_india:firms_viirs_noaa20_nrt_india.csv:1124,frp:firms_viirs_noaa20_nrt_india,1124,7.88585,80.66019,2026-09-03 07:29:00+00:00,331.07,4.49,0.0,,firms_viirs_noaa20_nrt_india.csv,,331.07,,,,4.49,0.0,,,,,,,,,,,,,,,,n,N20,D,10,10,10,10,2026-09-03 07:29:00+00:00,128931.04530837598,128931.04530837598,uncertain,uncertain_review_required,insufficient_evidence,0.4,False,{},ranking,,,,0.0,,,,
frp:firms_viirs_noaa20_nrt_india:firms_viirs_noaa20_nrt_india.csv:1125,frp:firms_viirs_noaa20_nrt_india,1125,7.96085,79.96597,2026-09-03 07:29:00+00:00,333.06,2.68,0.0,,firms_viirs_noaa20_nrt_india.csv,,333.06,,,,2.68,0.0,,,,,,,,,,,,,,,,n,N20,D,0,0,0,0,2026-09-03 07:29:00+00:00,111312.21120864901,111312.21120864901,uncertain,uncertain_review_required,insufficient_evidence,0.4,False,{},ranking,,,,0.0,,,,
frp:firms_viirs_noaa20_nrt_india:firms_viirs_noaa20_nrt_india.csv:1126,frp:firms_viirs_noaa20_nrt_india,1126,8.10204,80.72932,2026-09-03 07:29:00+00:00,335.97,9.87,0.0,,firms_viirs_noaa20_nrt_india.csv,,335.97,,,,9.87,0.0,,,,,,,,,,,,,,,,n,N20,D,0,0,0,0,2026-09-03 07:29:00+00:00,152934.5071950546,152934.5071950546,uncertain,uncertain_review_required,insufficient_evidence,0.4,False,{},ranking,emergency_or_transient_fire,wildfire_or_agricultural_burn,day_fire_far_from_flare,0.65,conf=n+D+flare152935m+p90=0+frp=9.9,,,
frp:firms_viirs_noaa20_nrt_india:firms_viirs_noaa20_nrt_india.csv:1127,frp:firms_viirs_noaa20_nrt_india,1127,8.10524,80.73309,2026-09-03 07:29:00+00:00,337.22,8.29,0.0,,firms_viirs_noaa20_nrt_india.csv,,337.22,,,,8.29,0.0,,,,,,,,,,,,,,,,n,N20,D,1,1,1,1,2026-09-03 07:29:00+00:00,153461.40445603893,153461.40445603893,uncertain,uncertain_review_required,insufficient_evidence,0.4,False,{},ranking,emergency_or_transient_fire,wildfire_or_agricultural_burn,day_fire_far_from_flare,0.65,conf=n+D+flare153461m+p90=1+frp=8.3,,,
frp:firms_viirs_noaa20_nrt_india:firms_viirs_noaa20_nrt_india.csv:1128,frp:firms_viirs_noaa20_nrt_india,1128,8.19926,81.06908,2026-09-03 07:29:00+00:00,341.79,15.8,0.0,,firms_viirs_noaa20_nrt_india.csv,,341.79,,,,15.8,0.0,,,,,,,,,,,,,,,,n,N20,D,0,0,0,0,2026-09-03 07:29:00+00:00,184479.56796274893,184479.56796274893,uncertain,uncertain_review_required,insufficient_evidence,0.4,False,{},ranking,emergency_or_transient_fire,wildfire_or_agricultural_burn,day_fire_far_from_flare,0.65,conf=n+D+flare184480m+p90=0+frp=15.8,,,
frp:firms_viirs_noaa20_nrt_india:firms_viirs_noaa20_nrt_india.csv:1129,frp:firms_viirs_noaa20_nrt_india,1129,8.24832,80.14695,2026-09-03 07:29:00+00:00,348.24,6.75,0.0,,firms_viirs_noaa20_nrt_india.csv,,348.24,,,,6.75,0.0,,,,,,,,,,,,,,,,n,N20,D,4,4,4,4,2026-09-03 07:29:00+00:00,144802.57277781388,144802.57277781388,uncertain,uncertain_review_required,insufficient_evidence,0.4,False,{},ranking,,,,0.0,,,,
frp:firms_viirs_noaa20_nrt_india:firms_viirs_noaa20_nrt_india.csv:1130,frp:firms_viirs_noaa20_nrt_india,1130,8.26462,80.15033,2026-09-03 07:29:00+00:00,342.57,6.57,0.0,,firms_viirs_noaa20_nrt_india.csv,,342.57,,,,6.57,0.0,,,,,,,,,,,,,,,,n,N20,D,9,9,9,9,2026-09-03 07:29:00+00:00,146649.88980118468,146649.88980118468,uncertain,uncertain_review_required,insufficient_evidence,0.4,False,{},ranking,,,,0.0,,,,
frp:firms_viirs_noaa20_nrt_india:firms_viirs_noaa20_nrt_india.csv:1131,frp:firms_viirs_noaa20_nrt_india,1131,8.28586,80.21172,2026-09-03 07:29:00+00:00,336.6,3.29,0.0,,firms_viirs_noaa20_nrt_india.csv,,336.6,,,,3.29,0.0,,,,,,,,,,,,,,,,n,N20,D,6,6,6,6,2026-09-03 07:29:00+00:00,150106.48028236855,150106.48028236855,uncertain,uncertain_review_required,insufficient_evidence,0.4,False,{},ranking,,,,0.0,,,,
frp:firms_viirs_noaa20_nrt_india:firms_viirs_noaa20_nrt_india.csv:1132,frp:firms_viirs_noaa20_nrt_india,1132,8.30271,80.59719,2026-09-03 07:29:00+00:00,339.21,6.62,0.0,,firms_viirs_noaa20_nrt_india.csv,,339.21,,,,6.62,0.0,,,,,,,,,,,,,,,,n,N20,D,2,2,2,2,2026-09-03 07:29:00+00:00,165175.002402275,165175.002402275,uncertain,uncertain_review_required,insufficient_evidence,0.4,False,{},ranking,emergency_or_transient_fire,wildfire_or_agricultural_burn,day_fire_far_from_flare,0.65,conf=n+D+flare165175m+p90=2+frp=6.6,,,
frp:firms_viirs_noaa20_nrt_india:firms_viirs_noaa20_nrt_india.csv:1133,frp:firms_viirs_noaa20_nrt_india,1133,8.30449,80.19914,2026-09-03 07:29:00+00:00,332.88,2.36,0.0,,firms_viirs_noaa20_nrt_india.csv,,332.88,,,,2.36,0.0,,,,,,,,,,,,,,,,n,N20,D,14,14,14,14,2026-09-03 07:29:00+00:00,151891.48025479726,151891.48025479726,uncertain,uncertain_review_required,insufficient_evidence,0.4,False,{},ranking,,,,0.0,,,,
frp:firms_viirs_noaa20_nrt_india:firms_viirs_noaa20_nrt_india.csv:1134,frp:firms_viirs_noaa20_nrt_india,1134,8.33746,81.01548,2026-09-03 07:29:00+00:00,353.3,10.77,0.0,,firms_viirs_noaa20_nrt_india.csv,,353.3,,,,10.77,0.0,,,,,,,,,,,,,,,,n,N20,D,15,15,15,15,2026-09-03 07:29:00+00:00,192577.1301074466,192577.1301074466,uncertain,uncertain_review_required,insufficient_evidence,0.4,False,{},ranking,,,,0.0,,,,
frp:firms_viirs_noaa20_nrt_india:firms_viirs_noaa20_nrt_india.csv:1135,frp:firms_viirs_noaa20_nrt_india,1135,8.36755,81.04775,2026-09-03 07:29:00+00:00,332.21,10.25,0.0,,firms_viirs_noaa20_nrt_india.csv,,332.21,,,,10.25,0.0,,,,,,,,,,,,,,,,n,N20,D,10,10,10,10,2026-09-03 07:29:00+00:00,197392.71222412455,197392.71222412455,uncertain,uncertain_review_required,insufficient_evidence,0.4,False,{},ranking,,,,0.0,,,,
frp:firms_viirs_noaa20_nrt_india:firms_viirs_noaa20_nrt_india.csv:1136,frp:firms_viirs_noaa20_nrt_india,1136,8.44509,81.09625,2026-09-03 07:29:00+00:00,341.54,3.59,0.0,,firms_viirs_noaa20_nrt_india.csv,,341.54,,,,3.59,0.0,,,,,,,,,,,,,,,,n,N20,D,7,7,7,7,2026-09-03 07:29:00+00:00,207481.37725646127,207481.37725646127,uncertain,uncertain_review_required,insufficient_evidence,0.4,False,{},ranking,,,,0.0,,,,
frp:firms_viirs_noaa20_nrt_india:firms_viirs_noaa20_nrt_india.csv:1137,frp:firms_viirs_noaa20_nrt_india,1137,8.34383,80.22264,2026-09-03 07:31:00+00:00,350.25,10.95,0.0,,firms_viirs_noaa20_nrt_india.csv,,350.25,,,,10.95,0.0,,,,,,,,,,,,,,,,n,N20,D,9,9,9,9,2026-09-03 07:31:00+00:00,156663.4119772461,156663.4119772461,uncertain,uncertain_review_required,insufficient_evidence,0.4,False,{},ranking,,,,0.0,,,,
frp:firms_viirs_noaa20_nrt_india:firms_viirs_noaa20_nrt_india.csv:1138,frp:firms_viirs_noaa20_nrt_india,1138,8.34437,80.22562,2026-09-03 07:31:00+00:00,342.36,10.95,0.0,,firms_viirs_noaa20_nrt_india.csv,,342.36,,,,10.95,0.0,,,,,,,,,,,,,,,,n,N20,D,7,7,7,7,2026-09-03 07:31:00+00:00,156784.19011470588,156784.19011470588,uncertain,uncertain_review_required,insufficient_evidence,0.4,False,{},ranking,,,,0.0,,,,
frp:firms_viirs_noaa20_nrt_india:firms_viirs_noaa20_nrt_india.csv:1139,frp:firms_viirs_noaa20_nrt_india,1139,8.35971,80.2533,2026-09-03 07:31:00+00:00,335.5,2.35,0.0,,firms_viirs_noaa20_nrt_india.csv,,335.5,,,,2.35,0.0,,,,,,,,,,,,,,,,n,N20,D,11,11,11,11,2026-09-03 07:31:00+00:00,159058.54565616915,159058.54565616915,uncertain,uncertain_review_required,insufficient_evidence,0.4,False,{},ranking,,,,0.0,,,,
frp:firms_viirs_noaa20_nrt_india:firms_viirs_noaa20_nrt_india.csv:1140,frp:firms_viirs_noaa20_nrt_india,1140,8.41501,80.3905,2026-09-03 07:31:00+00:00,367.0,8.63,0.0,,firms_viirs_noaa20_nrt_india.csv,,367.0,,,,8.63,0.0,,,,,,,,,,,,,,,,h,N20,D,8,8,8,8,2026-09-03 07:31:00+00:00,168728.1710752303,168728.1710752303,uncertain,uncertain_review_required,insufficient_evidence,0.4,False,{},ranking,,,,0.0,,,,
frp:firms_viirs_noaa20_nrt_india:firms_viirs_noaa20_nrt_india.csv:1141,frp:firms_viirs_noaa20_nrt_india,1141,8.46256,80.36608,2026-09-03 07:31:00+00:00,333.5,3.73,0.0,,firms_viirs_noaa20_nrt_india.csv,,333.5,,,,3.73,0.0,,,,,,,,,,,,,,,,n,N20,D,19,19,19,19,2026-09-03 07:31:00+00:00,173083.2644832619,173083.2644832619,uncertain,uncertain_review_required,insufficient_evidence,0.4,False,{},ranking,,,,0.0,,,,
frp:firms_viirs_noaa20_nrt_india:firms_viirs_noaa20_nrt_india.csv:1142,frp:firms_viirs_noaa20_nrt_india,1142,8.49436,77.96617,2026-09-03 07:31:00+00:00,330.46,3.34,0.0,,firms_viirs_noaa20_nrt_india.csv,,330.46,,,,3.34,0.0,,,,,,,,,,,,,,,,n,N20,D,0,0,0,0,2026-09-03 07:31:00+00:00,237669.4364259813,237669.4364259813,uncertain,uncertain_review_required,insufficient_evidence,0.4,False,{},ranking,emergency_or_transient_fire,wildfire_or_agricultural_burn,day_fire_far_from_flare,0.65,conf=n+D+flare237669m+p90=0+frp=3.3,,,
frp:firms_viirs_noaa20_nrt_india:firms_viirs_noaa20_nrt_india.csv:1143,frp:firms_viirs_noaa20_nrt_india,1143,8.51105,80.40782,2026-09-03 07:31:00+00:00,331.08,3.29,0.0,,firms_viirs_noaa20_nrt_india.csv,,331.08,,,,3.29,0.0,,,,,,,,,,,,,,,,n,N20,D,6,6,6,6,2026-09-03 07:31:00+00:00,179512.69653603737,179512.69653603737,uncertain,uncertain_review_required,insufficient_evidence,0.4,False,{},ranking,,,,0.0,,,,
frp:firms_viirs_noaa20_nrt_india:firms_viirs_noaa20_nrt_india.csv:1144,frp:firms_viirs_noaa20_nrt_india,1144,8.52967,80.84583,2026-09-03 07:31:00+00:00,335.62,5.39,0.0,,firms_viirs_noaa20_nrt_india.csv,,335.62,,,,5.39,0.0,,,,,,,,,,,,,,,,n,N20,D,21,21,21,21,2026-09-03 07:31:00+00:00,200179.58525069387,200179.58525069387,uncertain,uncertain_review_required,insufficient_evidence,0.4,False,{},ranking,,,,0.0,,,,
frp:firms_viirs_noaa20_nrt_india:firms_viirs_noaa20_nrt_india.csv:1145,frp:firms_viirs_noaa20_nrt_india,1145,8.53348,80.84363,2026-09-03 07:31:00+00:00,336.45,9.06,0.0,,firms_viirs_noaa20_nrt_india.csv,,336.45,,,,9.06,0.0,,,,,,,,,,,,,,,,n,N20,D,17,17,17,17,2026-09-03 07:31:00+00:00,200430.576749246,200430.576749246,uncertain,uncertain_review_required,insufficient_evidence,0.4,False,{},ranking,,,,0.0,,,,
frp:firms_viirs_noaa20_nrt_india:firms_viirs_noaa20_nrt_india.csv:1146,frp:firms_viirs_noaa20_nrt_india,1146,8.58942,80.82306,2026-09-03 07:31:00+00:00,334.19,6.13,0.0,,firms_viirs_noaa20_nrt_india.csv,,334.19,,,,6.13,0.0,,,,,,,,,,,,,,,,n,N20,D,13,13,13,13,2026-09-03 07:31:00+00:00,204814.04370557255,204814.04370557255,uncertain,uncertain_review_required,insufficient_evidence,0.4,False,{},ranking,,,,0.0,,,,
frp:firms_viirs_noaa20_nrt_india:firms_viirs_noaa20_nrt_india.csv:1147,frp:firms_viirs_noaa20_nrt_india,1147,8.6308,80.4159,2026-09-03 07:31:00+00:00,333.51,2.74,0.0,,firms_viirs_noaa20_nrt_india.csv,,333.51,,,,2.74,0.0,,,,,,,,,,,,,,,,n,N20,D,1,1,1,1,2026-09-03 07:31:00+00:00,192572.65878962885,192572.65878962885,uncertain,uncertain_review_required,insufficient_evidence,0.4,False,{},ranking,,,,0.0,,,,
frp:firms_viirs_noaa20_nrt_india:firms_viirs_noaa20_nrt_india.csv:1148,frp:firms_viirs_noaa20_nrt_india,1148,8.72508,80.47949,2026-09-03 07:31:00+00:00,344.74,15.27,0.0,,firms_viirs_noaa20_nrt_india.csv,,344.74,,,,15.27,0.0,,,,,,,,,,,,,,,,n,N20,D,0,0,0,0,2026-09-03 07:31:00+00:00,204566.01718942146,204566.01718942146,uncertain,uncertain_review_required,insufficient_evidence,0.4,False,{},ranking,emergency_or_transient_fire,wildfire_or_agricultural_burn,day_fire_far_from_flare,0.65,conf=n+D+flare204566m+p90=0+frp=15.3,,,
frp:firms_viirs_noaa20_nrt_india:firms_viirs_noaa20_nrt_india.csv:1149,frp:firms_viirs_noaa20_nrt_india,1149,8.79795,80.4024,2026-09-03 07:31:00+00:00,343.66,12.78,0.0,,firms_viirs_noaa20_nrt_india.csv,,343.66,,,,12.78,0.0,,,,,,,,,,,,,,,,n,N20,D,2,2,2,2,2026-09-03 07:31:00+00:00,210207.23490932956,210207.23490932956,uncertain,uncertain_review_required,insufficient_evidence,0.4,False,{},ranking,emergency_or_transient_fire,wildfire_or_agricultural_burn,day_fire_far_from_flare,0.65,conf=n+D+flare210207m+p90=2+frp=12.8,,,
frp:firms_viirs_noaa20_nrt_india:firms_viirs_noaa20_nrt_india.csv:1150,frp:firms_viirs_noaa20_nrt_india,1150,8.79975,80.40611,2026-09-03 07:31:00+00:00,331.81,8.46,0.0,,firms_viirs_noaa20_nrt_india.csv,,331.81,,,,8.46,0.0,,,,,,,,,,,,,,,,n,N20,D,3,3,3,3,2026-09-03 07:31:00+00:00,210497.58709906857,210497.58709906857,uncertain,uncertain_review_required,insufficient_evidence,0.4,False,{},ranking,,,,0.0,,,,
frp:firms_viirs_noaa20_nrt_india:firms_viirs_noaa20_nrt_india.csv:1151,frp:firms_viirs_noaa20_nrt_india,1151,8.86345,78.08493,2026-09-03 07:31:00+00:00,338.14,2.28,0.0,,firms_viirs_noaa20_nrt_india.csv,,338.14,,,,2.28,0.0,,,,,,,,,,,,,,,,n,N20,D,1,1,1,1,2026-09-03 07:31:00+00:00,222282.4833336932,222282.4833336932,uncertain,uncertain_review_required,insufficient_evidence,0.4,False,{},ranking,,,,0.0,,,,
frp:firms_viirs_noaa20_nrt_india:firms_viirs_noaa20_nrt_india.csv:1152,frp:firms_viirs_noaa20_nrt_india,1152,8.9091,80.35435,2026-09-03 07:31:00+00:00,339.55,6.05,0.0,,firms_viirs_noaa20_nrt_india.csv,,339.55,,,,6.05,0.0,,,,,,,,,,,,,,,,n,N20,D,2,2,2,2,2026-09-03 07:31:00+00:00,221132.66246978505,221132.66246978505,uncertain,uncertain_review_required,insufficient_evidence,0.4,False,{},ranking,emergency_or_transient_fire,wildfire_or_agricultural_burn,day_fire_far_from_flare,0.65,conf=n+D+flare221133m+p90=2+frp=6.0,,,
frp:firms_viirs_noaa20_nrt_india:firms_viirs_noaa20_nrt_india.csv:1153,frp:firms_viirs_noaa20_nrt_india,1153,8.94823,80.79115,2026-09-03 07:31:00+00:00,333.54,4.58,0.0,,firms_viirs_noaa20_nrt_india.csv,,333.54,,,,4.58,0.0,,,,,,,,,,,,,,,,n,N20,D,4,4,4,4,2026-09-03 07:31:00+00:00,238004.0767194457,238004.0767194457,uncertain,uncertain_review_required,insufficient_evidence,0.4,False,{},ranking,,,,0.0,,,,
frp:firms_viirs_noaa20_nrt_india:firms_viirs_noaa20_nrt_india.csv:1154,frp:firms_viirs_noaa20_nrt_india,1154,8.995,78.11643,2026-09-03 07:31:00+00:00,341.06,3.27,0.0,,firms_viirs_noaa20_nrt_india.csv,,341.06,,,,3.27,0.0,,,,,,,,,,,,,,,,n,N20,D,0,0,0,0,2026-09-03 07:31:00+00:00,217555.16279285395,217555.16279285395,uncertain,uncertain_review_required,insufficient_evidence,0.4,False,{},ranking,emergency_or_transient_fire,wildfire_or_agricultural_burn,day_fire_far_from_flare,0.65,conf=n+D+flare217555m+p90=0+frp=3.3,,,
frp:firms_viirs_noaa20_nrt_india:firms_viirs_noaa20_nrt_india.csv:1155,frp:firms_viirs_noaa20_nrt_india,1155,9.13227,80.27708,2026-09-03 07:31:00+00:00,340.2,4.0,0.0,,firms_viirs_noaa20_nrt_india.csv,,340.2,,,,4.0,0.0,,,,,,,,,,,,,,,,n,N20,D,7,7,7,7,2026-09-03 07:31:00+00:00,197739.71466537935,197739.71466537935,uncertain,uncertain_review_required,insufficient_evidence,0.4,False,{},ranking,,,,0.0,,,,
frp:firms_viirs_noaa20_nrt_india:firms_viirs_noaa20_nrt_india.csv:1156,frp:firms_viirs_noaa20_nrt_india,1156,9.20978,80.65526,2026-09-03 07:31:00+00:00,338.21,6.78,0.0,,firms_viirs_noaa20_nrt_india.csv,,338.21,,,,6.78,0.0,,,,,,,,,,,,,,,,n,N20,D,2,2,2,2,2026-09-03 07:31:00+00:00,205318.9170920593,205318.9170920593,uncertain,uncertain_review_required,insufficient_evidence,0.4,False,{},ranking,emergency_or_transient_fire,wildfire_or_agricultural_burn,day_fire_far_from_flare,0.65,conf=n+D+flare205319m+p90=2+frp=6.8,,,
frp:firms_viirs_noaa20_nrt_india:firms_viirs_noaa20_nrt_india.csv:1157,frp:firms_viirs_noaa20_nrt_india,1157,9.22214,80.69701,2026-09-03 07:31:00+00:00,335.77,8.65,0.0,,firms_viirs_noaa20_nrt_india.csv,,335.77,,,,8.65,0.0,,,,,,,,,,,,,,,,n,N20,D,3,3,3,3,2026-09-03 07:31:00+00:00,206300.00134603074,206300.00134603074,uncertain,uncertain_review_required,insufficient_evidence,0.4,False,{},ranking,,,,0.0,,,,
frp:firms_viirs_noaa20_nrt_india:firms_viirs_noaa20_nrt_india.csv:1158,frp:firms_viirs_noaa20_nrt_india,1158,9.40467,80.27582,2026-09-03 07:31:00+00:00,344.59,7.92,0.0,,firms_viirs_noaa20_nrt_india.csv,,344.59,,,,7.92,0.0,,,,,,,,,,,,,,,,n,N20,D,1,1,1,1,2026-09-03 07:31:00+00:00,168795.60177886125,168795.60177886125,uncertain,uncertain_review_required,insufficient_evidence,0.4,False,{},ranking,emergency_or_transient_fire,wildfire_or_agricultural_burn,day_fire_far_from_flare,0.65,conf=n+D+flare168796m+p90=1+frp=7.9,,,
frp:firms_viirs_noaa20_nrt_india:firms_viirs_noaa20_nrt_india.csv:1159,frp:firms_viirs_noaa20_nrt_india,1159,9.40643,80.27791,2026-09-03 07:31:00+00:00,342.51,11.41,0.0,,firms_viirs_noaa20_nrt_india.csv,,342.51,,,,11.41,0.0,,,,,,,,,,,,,,,,n,N20,D,2,2,2,2,2026-09-03 07:31:00+00:00,168684.75147075817,168684.75147075817,uncertain,uncertain_review_required,insufficient_evidence,0.4,False,{},ranking,emergency_or_transient_fire,wildfire_or_agricultural_burn,day_fire_far_from_flare,0.65,conf=n+D+flare168685m+p90=2+frp=11.4,,,
frp:firms_viirs_noaa20_nrt_india:firms_viirs_noaa20_nrt_india.csv:1160,frp:firms_viirs_noaa20_nrt_india,1160,9.40674,80.45943,2026-09-03 07:31:00+00:00,337.9,8.78,0.0,,firms_viirs_noaa20_nrt_india.csv,,337.9,,,,8.78,0.0,,,,,,,,,,,,,,,,n,N20,D,13,13,13,13,2026-09-03 07:31:00+00:00,176126.2963288059,176126.2963288059,uncertain,uncertain_review_required,insufficient_evidence,0.4,False,{},ranking,,,,0.0,,,,
frp:firms_viirs_noaa20_nrt_india:firms_viirs_noaa20_nrt_india.csv:1161,frp:firms_viirs_noaa20_nrt_india,1161,9.42708,80.41814,2026-09-03 07:31:00+00:00,332.15,8.81,0.0,,firms_viirs_noaa20_nrt_india.csv,,332.15,,,,8.81,0.0,,,,,,,,,,,,,,,,n,N20,D,51,51,51,51,2026-09-03 07:31:00+00:00,172187.1827098289,172187.1827098289,uncertain,uncertain_review_required,insufficient_evidence,0.4,False,{},ranking,,,,0.0,,,,
frp:firms_viirs_noaa20_nrt_india:firms_viirs_noaa20_nrt_india.csv:1162,frp:firms_viirs_noaa20_nrt_india,1162,9.43313,80.38053,2026-09-03 07:31:00+00:00,343.61,8.46,0.0,,firms_viirs_noaa20_nrt_india.csv,,343.61,,,,8.46,0.0,,,,,,,,,,,,,,,,n,N20,D,47,47,47,47,2026-09-03 07:31:00+00:00,169928.70038697298,169928.70038697298,uncertain,uncertain_review_required,insufficient_evidence,0.4,False,{},ranking,,,,0.0,,,,
frp:firms_viirs_noaa20_nrt_india:firms_viirs_noaa20_nrt_india.csv:1163,frp:firms_viirs_noaa20_nrt_india,1163,9.43566,80.38232,2026-09-03 07:31:00+00:00,342.04,3.98,0.0,,firms_viirs_noaa20_nrt_india.csv,,342.04,,,,3.98,0.0,,,,,,,,,,,,,,,,n,N20,D,48,48,48,48,2026-09-03 07:31:00+00:00,169745.97231371244,169745.97231371244,uncertain,uncertain_review_required,insufficient_evidence,0.4,False,{},ranking,,,,0.0,,,,
frp:firms_viirs_noaa20_nrt_india:firms_viirs_noaa20_nrt_india.csv:1164,frp:firms_viirs_noaa20_nrt_india,1164,9.45518,80.50696,2026-09-03 07:31:00+00:00,344.57,8.3,0.0,,firms_viirs_noaa20_nrt_india.csv,,344.57,,,,8.3,0.0,,,,,,,,,,,,,,,,n,N20,D,2,2,2,2,2026-09-03 07:31:00+00:00,173596.99481977738,173596.99481977738,uncertain,uncertain_review_required,insufficient_evidence,0.4,False,{},ranking,emergency_or_transient_fire,wildfire_or_agricultural_burn,day_fire_far_from_flare,0.65,conf=n+D+flare173597m+p90=2+frp=8.3,,,
frp:firms_viirs_noaa20_nrt_india:firms_viirs_noaa20_nrt_india.csv:1165,frp:firms_viirs_noaa20_nrt_india,1165,9.4573,80.46156,2026-09-03 07:31:00+00:00,331.23,5.33,0.0,,firms_viirs_noaa20_nrt_india.csv,,331.23,,,,5.33,0.0,,,,,,,,,,,,,,,,n,N20,D,2,2,2,2,2026-09-03 07:31:00+00:00,171152.38433649862,171152.38433649862,uncertain,uncertain_review_required,insufficient_evidence,0.4,False,{},ranking,emergency_or_transient_fire,wildfire_or_agricultural_burn,day_fire_far_from_flare,0.65,conf=n+D+flare171152m+p90=2+frp=5.3,,,
frp:firms_viirs_noaa20_nrt_india:firms_viirs_noaa20_nrt_india.csv:1166,frp:firms_viirs_noaa20_nrt_india,1166,9.65053,78.06663,2026-09-03 07:31:00+00:00,343.52,5.67,0.0,,firms_viirs_noaa20_nrt_india.csv,,343.52,,,,5.67,0.0,,,,,,,,,,,,,,,,n,N20,D,1,1,1,1,2026-09-03 07:31:00+00:00,186710.64582827254,186710.64582827254,uncertain,uncertain_review_required,insufficient_evidence,0.4,False,{},ranking,emergency_or_transient_fire,wildfire_or_agricultural_burn,day_fire_far_from_flare,0.65,conf=n+D+flare186711m+p90=1+frp=5.7,,,
frp:firms_viirs_noaa20_nrt_india:firms_viirs_noaa20_nrt_india.csv:1167,frp:firms_viirs_noaa20_nrt_india,1167,9.65259,78.06654,2026-09-03 07:31:00+00:00,335.92,6.03,0.0,,firms_viirs_noaa20_nrt_india.csv,,335.92,,,,6.03,0.0,,,,,,,,,,,,,,,,n,N20,D,0,0,0,0,2026-09-03 07:31:00+00:00,186657.9872502352,186657.9872502352,uncertain,uncertain_review_required,insufficient_evidence,0.4,False,{},ranking,emergency_or_transient_fire,wildfire_or_agricultural_burn,day_fire_far_from_flare,0.65,conf=n+D+flare186658m+p90=0+frp=6.0,,,
frp:firms_viirs_noaa20_nrt_india:firms_viirs_noaa20_nrt_india.csv:1168,frp:firms_viirs_noaa20_nrt_india,1168,9.7496,78.01988,2026-09-03 07:31:00+00:00,342.77,9.94,0.0,,firms_viirs_noaa20_nrt_india.csv,,342.77,,,,9.94,0.0,,,,,,,,,,,,,,,,n,N20,D,1,1,1,1,2026-09-03 07:31:00+00:00,179876.04720773204,179876.04720773204,uncertain,uncertain_review_required,insufficient_evidence,0.4,False,{},ranking,emergency_or_transient_fire,wildfire_or_agricultural_burn,day_fire_far_from_flare,0.65,conf=n+D+flare179876m+p90=1+frp=9.9,,,
frp:firms_viirs_noaa20_nrt_india:firms_viirs_noaa20_nrt_india.csv:1169,frp:firms_viirs_noaa20_nrt_india,1169,9.75129,78.01684,2026-09-03 07:31:00+00:00,343.09,10.6,0.0,,firms_viirs_noaa20_nrt_india.csv,,343.09,,,,10.6,0.0,,,,,,,,,,,,,,,,n,N20,D,0,0,0,0,2026-09-03 07:31:00+00:00,179520.78371682492,179520.78371682492,uncertain,uncertain_review_required,insufficient_evidence,0.4,False,{},ranking,emergency_or_transient_fire,wildfire_or_agricultural_burn,day_fire_far_from_flare,0.65,conf=n+D+flare179521m+p90=0+frp=10.6,,,
frp:firms_viirs_noaa20_nrt_india:firms_viirs_noaa20_nrt_india.csv:1170,frp:firms_viirs_noaa20_nrt_india,1170,10.49617,79.46641,2026-09-03 07:31:00+00:00,343.03,3.94,0.0,,firms_viirs_noaa20_nrt_india.csv,,343.03,,,,3.94,0.0,,,,,,,,,,,,,,,,n,N20,D,0,0,0,0,2026-09-03 07:31:00+00:00,39311.681618863964,39311.681618863964,uncertain,uncertain_review_required,insufficient_evidence,0.4,False,{},ranking,emergency_or_transient_fire,wildfire_or_agricultural_burn,day_fire_far_from_flare,0.65,conf=n+D+flare39312m+p90=0+frp=3.9,,,
frp:firms_viirs_noaa20_nrt_india:firms_viirs_noaa20_nrt_india.csv:1171,frp:firms_viirs_noaa20_nrt_india,1171,12.44623,79.14983,2026-09-03 07:31:00+00:00,338.77,3.06,0.0,,firms_viirs_noaa20_nrt_india.csv,,338.77,,,,3.06,0.0,,,,,,,,,,,,,,,,n,N20,D,0,0,0,0,2026-09-03 07:31:00+00:00,146395.63770392293,146395.63770392293,uncertain,uncertain_review_required,insufficient_evidence,0.4,False,{},ranking,emergency_or_transient_fire,wildfire_or_agricultural_burn,day_fire_far_from_flare,0.65,conf=n+D+flare146396m+p90=0+frp=3.1,,,
frp:firms_viirs_noaa20_nrt_india:firms_viirs_noaa20_nrt_india.csv:1172,frp:firms_viirs_noaa20_nrt_india,1172,12.74508,78.65624,2026-09-03 07:31:00+00:00,335.06,4.03,0.0,,firms_viirs_noaa20_nrt_india.csv,,335.06,,,,4.03,0.0,,,,,,,,,,,,,,,,n,N20,D,0,0,0,0,2026-09-03 07:31:00+00:00,182362.90658510273,182362.90658510273,uncertain,uncertain_review_required,insufficient_evidence,0.4,False,{},ranking,emergency_or_transient_fire,wildfire_or_agricultural_burn,day_fire_far_from_flare,0.65,conf=n+D+flare182363m+p90=0+frp=4.0,,,
frp:firms_viirs_noaa20_nrt_india:firms_viirs_noaa20_nrt_india.csv:1173,frp:firms_viirs_noaa20_nrt_india,1173,14.10816,77.59407,2026-09-03 07:31:00+00:00,330.93,3.39,0.0,,firms_viirs_noaa20_nrt_india.csv,,330.93,,,,3.39,0.0,,,,,,,,,,,,,,,,n,N20,D,0,0,0,0,2026-09-03 07:31:00+00:00,309239.30560503533,309239.30560503533,uncertain,uncertain_review_required,insufficient_evidence,0.4,False,{},ranking,emergency_or_transient_fire,wildfire_or_agricultural_burn,day_fire_far_from_flare,0.65,conf=n+D+flare309239m+p90=0+frp=3.4,,,
frp:firms_viirs_noaa20_nrt_india:firms_viirs_noaa20_nrt_india.csv:1174,frp:firms_viirs_noaa20_nrt_india,1174,14.51504,99.54195,2026-09-03 07:31:00+00:00,329.83,6.36,0.0,,firms_viirs_noaa20_nrt_india.csv,,329.83,,,,6.36,0.0,,,,,,,,,,,,,,,,n,N20,D,0,0,0,0,2026-09-03 07:31:00+00:00,214282.90956733504,214282.90956733504,uncertain,uncertain_review_required,insufficient_evidence,0.4,False,{},ranking,emergency_or_transient_fire,wildfire_or_agricultural_burn,day_fire_far_from_flare,0.65,conf=n+D+flare214283m+p90=0+frp=6.4,,,
frp:firms_viirs_noaa20_nrt_india:firms_viirs_noaa20_nrt_india.csv:1175,frp:firms_viirs_noaa20_nrt_india,1175,21.10291,72.64852,2026-09-03 07:33:00+00:00,334.62,9.08,0.0,,firms_viirs_noaa20_nrt_india.csv,,334.62,,,,9.08,0.0,,,,,,,,,,,,,,,,n,N20,D,21,21,21,21,2026-09-03 07:33:00+00:00,10814.956356191762,10814.956356191762,uncertain,uncertain_review_required,insufficient_evidence,0.4,False,{},ranking,,,,0.0,,,,
frp:firms_viirs_noaa20_nrt_india:firms_viirs_noaa20_nrt_india.csv:1176,frp:firms_viirs_noaa20_nrt_india,1176,21.16354,72.67133,2026-09-03 07:33:00+00:00,338.1,5.44,0.0,,firms_viirs_noaa20_nrt_india.csv,,338.1,,,,5.44,0.0,,,,,,,,,,,,,,,,n,N20,D,2,2,2,2,2026-09-03 07:33:00+00:00,7001.526370448802,7001.526370448802,uncertain,uncertain_review_required,insufficient_evidence,0.4,False,{},ranking,emergency_or_transient_fire,wildfire_or_agricultural_burn,day_fire_far_from_flare,0.65,conf=n+D+flare7002m+p90=2+frp=5.4,,,
frp:firms_viirs_noaa20_nrt_india:firms_viirs_noaa20_nrt_india.csv:1177,frp:firms_viirs_noaa20_nrt_india,1177,22.36557,87.30296,2026-09-03 07:33:00+00:00,343.37,9.64,0.0,,firms_viirs_noaa20_nrt_india.csv,,343.37,,,,9.64,0.0,,,,,,,,,,,,,,,,n,N20,D,0,0,0,0,2026-09-03 07:33:00+00:00,89514.06547491049,89514.06547491049,uncertain,uncertain_review_required,insufficient_evidence,0.4,False,{},ranking,emergency_or_transient_fire,wildfire_or_agricultural_burn,day_fire_far_from_flare,0.65,conf=n+D+flare89514m+p90=0+frp=9.6,,,
frp:firms_viirs_noaa20_nrt_india:firms_viirs_noaa20_nrt_india.csv:1178,frp:firms_viirs_noaa20_nrt_india,1178,23.66255,87.15377,2026-09-03 07:33:00+00:00,330.63,3.12,0.0,,firms_viirs_noaa20_nrt_india.csv,,330.63,,,,3.12,0.0,,,,,,,,,,,,,,,,n,N20,D,0,0,0,0,2026-09-03 07:33:00+00:00,24840.556738283896,24840.556738283896,uncertain,uncertain_review_required,insufficient_evidence,0.4,False,{},ranking,emergency_or_transient_fire,wildfire_or_agricultural_burn,day_fire_far_from_flare,0.65,conf=n+D+flare24841m+p90=0+frp=3.1,,,
frp:firms_viirs_noaa20_nrt_india:firms_viirs_noaa20_nrt_india.csv:1179,frp:firms_viirs_noaa20_nrt_india,1179,23.77443,86.36435,2026-09-03 07:33:00+00:00,340.16,4.56,0.0,,firms_viirs_noaa20_nrt_india.csv,,340.16,,,,4.56,0.0,,,,,,,,,,,,,,,,n,N20,D,33,33,33,33,2026-09-03 07:33:00+00:00,105641.9177372163,105641.9177372163,uncertain,uncertain_review_required,insufficient_evidence,0.4,False,{},ranking,,,,0.0,,,,
frp:firms_viirs_noaa20_nrt_india:firms_viirs_noaa20_nrt_india.csv:1180,frp:firms_viirs_noaa20_nrt_india,1180,23.77833,86.3914,2026-09-03 07:33:00+00:00,333.93,5.61,0.0,,firms_viirs_noaa20_nrt_india.csv,,333.93,,,,5.61,0.0,,,,,,,,,,,,,,,,n,N20,D,29,29,29,29,2026-09-03 07:33:00+00:00,103040.50779890474,103040.50779890474,uncertain,uncertain_review_required,insufficient_evidence,0.4,False,{},ranking,,,,0.0,,,,
frp:firms_viirs_noaa20_nrt_india:firms_viirs_noaa20_nrt_india.csv:1181,frp:firms_viirs_noaa20_nrt_india,1181,23.78466,85.55476,2026-09-03 07:33:00+00:00,332.14,2.83,0.0,,firms_viirs_noaa20_nrt_india.csv,,332.14,,,,2.83,0.0,,,,,,,,,,,,,,,,n,N20,D,1,1,1,1,2026-09-03 07:33:00+00:00,187205.52109101415,187205.52109101415,uncertain,uncertain_review_required,insufficient_evidence,0.4,False,{},ranking,,,,0.0,,,,
frp:firms_viirs_noaa20_nrt_india:firms_viirs_noaa20_nrt_india.csv:1182,frp:firms_viirs_noaa20_nrt_india,1182,23.78796,85.55418,2026-09-03 07:33:00+00:00,332.27,2.83,0.0,,firms_viirs_noaa20_nrt_india.csv,,332.27,,,,2.83,0.0,,,,,,,,,,,,,,,,n,N20,D,0,0,0,0,2026-09-03 07:33:00+00:00,187307.32579727066,187307.32579727066,uncertain,uncertain_review_required,insufficient_evidence,0.4,False,{},ranking,,,,0.0,,,,
frp:firms_viirs_noaa20_nrt_india:firms_viirs_noaa20_nrt_india.csv:1183,frp:firms_viirs_noaa20_nrt_india,1183,27.9844,95.93944,2026-09-03 07:35:00+00:00,348.14,7.85,0.0,,firms_viirs_noaa20_nrt_india.csv,,348.14,,,,7.85,0.0,,,,,,,,,,,,,,,,n,N20,D,2,2,2,2,2026-09-03 07:35:00+00:00,42319.96886541148,42319.96886541148,uncertain,uncertain_review_required,insufficient_evidence,0.4,False,{},ranking,emergency_or_transient_fire,wildfire_or_agricultural_burn,day_fire_far_from_flare,0.65,conf=n+D+flare42320m+p90=2+frp=7.8,,,
frp:firms_viirs_noaa20_nrt_india:firms_viirs_noaa20_nrt_india.csv:1184,frp:firms_viirs_noaa20_nrt_india,1184,28.80634,71.15429,2026-09-03 07:37:00+00:00,367.0,11.08,0.0,,firms_viirs_noaa20_nrt_india.csv,,367.0,,,,11.08,0.0,,,,,,,,,,,,,,,,h,N20,D,0,0,0,0,2026-09-03 07:37:00+00:00,153116.35414824224,153116.35414824224,uncertain,uncertain_review_required,insufficient_evidence,0.4,False,{},ranking,emergency_or_transient_fire,wildfire_or_agricultural_burn,day_fire_far_from_flare,0.65,conf=h+D+flare153116m+p90=0+frp=11.1,,,
frp:firms_viirs_noaa20_nrt_india:firms_viirs_noaa20_nrt_india.csv:1185,frp:firms_viirs_noaa20_nrt_india,1185,29.90034,70.05103,2026-09-03 07:37:00+00:00,335.7,2.92,0.0,,firms_viirs_noaa20_nrt_india.csv,,335.7,,,,2.92,0.0,,,,,,,,,,,,,,,,n,N20,D,0,0,0,0,2026-09-03 07:37:00+00:00,89647.71156756695,89647.71156756695,uncertain,uncertain_review_required,insufficient_evidence,0.4,False,{},ranking,,,,0.0,,,,
frp:firms_viirs_noaa20_nrt_india:firms_viirs_noaa20_nrt_india.csv:1186,frp:firms_viirs_noaa20_nrt_india,1186,31.36748,72.16143,2026-09-03 07:37:00+00:00,330.66,2.41,0.0,,firms_viirs_noaa20_nrt_india.csv,,330.66,,,,2.41,0.0,,,,,,,,,,,,,,,,n,N20,D,0,0,0,0,2026-09-03 07:37:00+00:00,177807.92418121302,177807.92418121302,uncertain,uncertain_review_required,insufficient_evidence,0.4,False,{},ranking,,,,0.0,,,,
frp:firms_viirs_noaa20_nrt_india:firms_viirs_noaa20_nrt_india.csv:1187,frp:firms_viirs_noaa20_nrt_india,1187,31.98055,72.40473,2026-09-03 07:37:00+00:00,337.52,3.05,0.0,,firms_viirs_noaa20_nrt_india.csv,,337.52,,,,3.05,0.0,,,,,,,,,,,,,,,,n,N20,D,0,0,0,0,2026-09-03 07:37:00+00:00,138740.21522887476,138740.21522887476,uncertain,uncertain_review_required,insufficient_evidence,0.4,False,{},ranking,emergency_or_transient_fire,wildfire_or_agricultural_burn,day_fire_far_from_flare,0.65,conf=n+D+flare138740m+p90=0+frp=3.0,,,
frp:firms_viirs_noaa20_nrt_india:firms_viirs_noaa20_nrt_india.csv:1188,frp:firms_viirs_noaa20_nrt_india,1188,31.98557,72.40307,2026-09-03 07:37:00+00:00,331.06,2.79,0.0,,firms_viirs_noaa20_nrt_india.csv,,331.06,,,,2.79,0.0,,,,,,,,,,,,,,,,n,N20,D,1,1,1,1,2026-09-03 07:37:00+00:00,138346.9523587304,138346.9523587304,uncertain,uncertain_review_required,insufficient_evidence,0.4,False,{},ranking,,,,0.0,,,,
frp:firms_viirs_noaa20_nrt_india:firms_viirs_noaa20_nrt_india.csv:1189,frp:firms_viirs_noaa20_nrt_india,1189,35.70685,73.66389,2026-09-03 07:37:00+00:00,339.6,8.0,0.0,,firms_viirs_noaa20_nrt_india.csv,,339.6,,,,8.0,0.0,,,,,,,,,,,,,,,,n,N20,D,4,4,4,4,2026-09-03 07:37:00+00:00,252743.7983093189,252743.7983093189,uncertain,uncertain_review_required,insufficient_evidence,0.4,False,{},ranking,,,,0.0,,,,
frp:firms_viirs_noaa20_nrt_india:firms_viirs_noaa20_nrt_india.csv:1190,frp:firms_viirs_noaa20_nrt_india,1190,36.96366,81.34605,2026-09-03 07:37:00+00:00,336.29,3.32,0.0,,firms_viirs_noaa20_nrt_india.csv,,336.29,,,,3.32,0.0,,,,,,,,,,,,,,,,l,N20,D,0,0,0,0,2026-09-03 07:37:00+00:00,300099.2372586137,300099.2372586137,uncertain,uncertain_review_required,insufficient_evidence,0.4,False,{},ranking,uncertain,other_or_uncertain,low_confidence_isolated_day,0.6,conf=l+p90=0+D,,,
frp:firms_viirs_noaa20_nrt_india:firms_viirs_noaa20_nrt_india.csv:1191,frp:firms_viirs_noaa20_nrt_india,1191,36.96758,81.34953,2026-09-03 07:37:00+00:00,332.26,4.37,0.0,,firms_viirs_noaa20_nrt_india.csv,,332.26,,,,4.37,0.0,,,,,,,,,,,,,,,,l,N20,D,1,1,1,1,2026-09-03 07:37:00+00:00,299568.07557911536,299568.07557911536,uncertain,uncertain_review_required,insufficient_evidence,0.4,False,{},ranking,,,,0.0,,,,
frp:firms_viirs_noaa20_nrt_india:firms_viirs_noaa20_nrt_india.csv:1192,frp:firms_viirs_noaa20_nrt_india,1192,37.20362,79.3961,2026-09-03 07:37:00+00:00,346.41,7.35,0.0,,firms_viirs_noaa20_nrt_india.csv,,346.41,,,,7.35,0.0,,,,,,,,,,,,,,,,n,N20,D,0,0,0,0,2026-09-03 07:37:00+00:00,391427.0927174995,391427.0927174995,uncertain,uncertain_review_required,insufficient_evidence,0.4,False,{},ranking,emergency_or_transient_fire,wildfire_or_agricultural_burn,day_fire_far_from_flare,0.65,conf=n+D+flare391427m+p90=0+frp=7.3,,,
frp:firms_viirs_noaa20_nrt_india:firms_viirs_noaa20_nrt_india.csv:1193,frp:firms_viirs_noaa20_nrt_india,1193,38.04778,67.26866,2026-09-03 07:39:00+00:00,352.04,7.97,0.0,,firms_viirs_noaa20_nrt_india.csv,,352.04,,,,7.97,0.0,,,,,,,,,,,,,,,,n,N20,D,32,32,32,32,2026-09-03 07:39:00+00:00,76760.271459557,76760.271459557,uncertain,uncertain_review_required,insufficient_evidence,0.4,False,{},ranking,,,,0.0,,,,
frp:firms_viirs_noaa20_nrt_india:firms_viirs_noaa20_nrt_india.csv:1194,frp:firms_viirs_noaa20_nrt_india,1194,38.05264,67.264,2026-09-03 07:39:00+00:00,344.49,5.92,0.0,,firms_viirs_noaa20_nrt_india.csv,,344.49,,,,5.92,0.0,,,,,,,,,,,,,,,,n,N20,D,33,33,33,33,2026-09-03 07:39:00+00:00,76103.77411006959,76103.77411006959,uncertain,uncertain_review_required,insufficient_evidence,0.4,False,{},ranking,,,,0.0,,,,
frp:firms_viirs_noaa20_nrt_india:firms_viirs_noaa20_nrt_india.csv:1195,frp:firms_viirs_noaa20_nrt_india,1195,21.16206,72.674,2026-09-03 09:15:00+00:00,341.15,6.29,0.0,,firms_viirs_noaa20_nrt_india.csv,,341.15,,,,6.29,0.0,,,,,,,,,,,,,,,,n,N20,D,3,3,3,3,2026-09-03 09:15:00+00:00,6702.053745342949,6702.053745342949,uncertain,uncertain_review_required,insufficient_evidence,0.4,False,{},ranking,,,,0.0,,,,
frp:firms_viirs_noaa20_nrt_india:firms_viirs_noaa20_nrt_india.csv:1196,frp:firms_viirs_noaa20_nrt_india,1196,25.38581,68.58442,2026-09-03 09:15:00+00:00,330.2,1.58,0.0,,firms_viirs_noaa20_nrt_india.csv,,330.2,,,,1.58,0.0,,,,,,,,,,,,,,,,n,N20,D,9,9,9,9,2026-09-03 09:15:00+00:00,258.4872446934397,258.4872446934397,emergency_or_transient_fire,industrial_fire_candidate,industrial_proximity,0.72,True,{},ranking,,,,0.0,,,,
frp:firms_viirs_noaa20_nrt_india:firms_viirs_noaa20_nrt_india.csv:1197,frp:firms_viirs_noaa20_nrt_india,1197,25.67347,68.72453,2026-09-03 09:15:00+00:00,330.05,1.64,0.0,,firms_viirs_noaa20_nrt_india.csv,,330.05,,,,1.64,0.0,,,,,,,,,,,,,,,,n,N20,D,0,0,0,0,2026-09-03 09:15:00+00:00,13740.146689383797,13740.146689383797,uncertain,uncertain_review_required,insufficient_evidence,0.4,False,{},ranking,,,,0.0,,,,
frp:firms_viirs_noaa20_nrt_india:firms_viirs_noaa20_nrt_india.csv:1198,frp:firms_viirs_noaa20_nrt_india,1198,28.31022,67.91344,2026-09-03 09:17:00+00:00,337.72,1.9,0.0,,firms_viirs_noaa20_nrt_india.csv,,337.72,,,,1.9,0.0,,,,,,,,,,,,,,,,n,N20,D,3,3,3,3,2026-09-03 09:17:00+00:00,77791.67421342274,77791.67421342274,uncertain,uncertain_review_required,insufficient_evidence,0.4,False,{},ranking,,,,0.0,,,,
frp:firms_viirs_noaa20_nrt_india:firms_viirs_noaa20_nrt_india.csv:1199,frp:firms_viirs_noaa20_nrt_india,1199,35.12086,67.43152,2026-09-03 09:20:00+00:00,335.09,2.9,0.0,,firms_viirs_noaa20_nrt_india.csv,,335.09,,,,2.9,0.0,,,,,,,,,,,,,,,,n,N20,D,0,0,0,0,2026-09-03 09:20:00+00:00,355502.06634117913,355502.06634117913,uncertain,uncertain_review_required,insufficient_evidence,0.4,False,{},ranking,,,,0.0,,,,
frp:firms_viirs_noaa20_nrt_india:firms_viirs_noaa20_nrt_india.csv:1200,frp:firms_viirs_noaa20_nrt_india,1200,23.58009,86.72656,2026-09-03 20:02:00+00:00,308.13,1.11,0.0,,firms_viirs_noaa20_nrt_india.csv,,308.13,,,,1.11,0.0,,,,,,,,,,,,,,,,n,N20,N,2,2,2,2,2026-09-03 20:02:00+00:00,66507.92660095902,66507.92660095902,uncertain,uncertain_review_required,insufficient_evidence,0.4,False,{},ranking,,,,0.0,,,,
frp:firms_viirs_noaa20_nrt_india:firms_viirs_noaa20_nrt_india.csv:1201,frp:firms_viirs_noaa20_nrt_india,1201,23.5834,86.7272,2026-09-03 20:02:00+00:00,310.78,1.11,0.0,,firms_viirs_noaa20_nrt_india.csv,,310.78,,,,1.11,0.0,,,,,,,,,,,,,,,,n,N20,N,1,1,1,1,2026-09-03 20:02:00+00:00,66444.58150027775,66444.58150027775,uncertain,uncertain_review_required,insufficient_evidence,0.4,False,{},ranking,,,,0.0,,,,
frp:firms_viirs_noaa20_nrt_india:firms_viirs_noaa20_nrt_india.csv:1202,frp:firms_viirs_noaa20_nrt_india,1202,23.60976,85.67492,2026-09-03 20:02:00+00:00,309.37,0.81,0.0,,firms_viirs_noaa20_nrt_india.csv,,309.37,,,,0.81,0.0,,,,,,,,,,,,,,,,n,N20,N,1,1,1,1,2026-09-03 20:02:00+00:00,173698.30926249287,173698.30926249287,uncertain,uncertain_review_required,insufficient_evidence,0.4,False,{},ranking,,,,0.0,,,,
frp:firms_viirs_noaa20_nrt_india:firms_viirs_noaa20_nrt_india.csv:1203,frp:firms_viirs_noaa20_nrt_india,1203,23.6138,86.7917,2026-09-03 20:02:00+00:00,311.92,1.37,0.0,,firms_viirs_noaa20_nrt_india.csv,,311.92,,,,1.37,0.0,,,,,,,,,,,,,,,,n,N20,N,3,3,3,3,2026-09-03 20:02:00+00:00,59998.180576010964,59998.180576010964,uncertain,uncertain_review_required,insufficient_evidence,0.4,False,{},ranking,,,,0.0,,,,
frp:firms_viirs_noaa20_nrt_india:firms_viirs_noaa20_nrt_india.csv:1204,frp:firms_viirs_noaa20_nrt_india,1204,23.61443,86.78787,2026-09-03 20:02:00+00:00,309.85,1.32,0.0,,firms_viirs_noaa20_nrt_india.csv,,309.85,,,,1.32,0.0,,,,,,,,,,,,,,,,n,N20,N,1,1,1,1,2026-09-03 20:02:00+00:00,60392.16398861444,60392.16398861444,uncertain,uncertain_review_required,insufficient_evidence,0.4,False,{},ranking,,,,0.0,,,,
frp:firms_viirs_noaa20_nrt_india:firms_viirs_noaa20_nrt_india.csv:1205,frp:firms_viirs_noaa20_nrt_india,1205,23.64655,85.43964,2026-09-03 20:02:00+00:00,323.37,2.11,0.0,,firms_viirs_noaa20_nrt_india.csv,,323.37,,,,2.11,0.0,,,,,,,,,,,,,,,,n,N20,N,4,4,4,4,2026-09-03 20:02:00+00:00,197757.51680225748,197757.51680225748,uncertain,uncertain_review_required,insufficient_evidence,0.4,False,{},ranking,,,,0.0,,,,
frp:firms_viirs_noaa20_nrt_india:firms_viirs_noaa20_nrt_india.csv:1206,frp:firms_viirs_noaa20_nrt_india,1206,23.64714,85.43591,2026-09-03 20:02:00+00:00,312.95,1.38,0.0,,firms_viirs_noaa20_nrt_india.csv,,312.95,,,,1.38,0.0,,,,,,,,,,,,,,,,n,N20,N,3,3,3,3,2026-09-03 20:02:00+00:00,198139.36798508663,198139.36798508663,uncertain,uncertain_review_required,insufficient_evidence,0.4,False,{},ranking,,,,0.0,,,,
frp:firms_viirs_noaa20_nrt_india:firms_viirs_noaa20_nrt_india.csv:1207,frp:firms_viirs_noaa20_nrt_india,1207,23.65043,85.43652,2026-09-03 20:02:00+00:00,320.82,1.64,0.0,,firms_viirs_noaa20_nrt_india.csv,,320.82,,,,1.64,0.0,,,,,,,,,,,,,,,,n,N20,N,2,2,2,2,2026-09-03 20:02:00+00:00,198089.45541172984,198089.45541172984,uncertain,uncertain_review_required,insufficient_evidence,0.4,False,{},ranking,,,,0.0,,,,
frp:firms_viirs_noaa20_nrt_india:firms_viirs_noaa20_nrt_india.csv:1208,frp:firms_viirs_noaa20_nrt_india,1208,23.65641,85.50684,2026-09-03 20:02:00+00:00,310.37,0.98,0.0,,firms_viirs_noaa20_nrt_india.csv,,310.37,,,,0.98,0.0,,,,,,,,,,,,,,,,n,N20,N,0,0,0,0,2026-09-03 20:02:00+00:00,190956.48481014805,190956.48481014805,uncertain,uncertain_review_required,insufficient_evidence,0.4,False,{},ranking,,,,0.0,,,,
frp:firms_viirs_noaa20_nrt_india:firms_viirs_noaa20_nrt_india.csv:1209,frp:firms_viirs_noaa20_nrt_india,1209,23.66284,87.15459,2026-09-03 20:02:00+00:00,323.26,3.1,0.0,,firms_viirs_noaa20_nrt_india.csv,,323.26,,,,3.1,0.0,,,,,,,,,,,,,,,,n,N20,N,12,12,12,12,2026-09-03 20:02:00+00:00,24775.68553398216,24775.68553398216,uncertain,uncertain_review_required,insufficient_evidence,0.4,False,{},ranking,,,,0.0,,,,
frp:firms_viirs_noaa20_nrt_india:firms_viirs_noaa20_nrt_india.csv:1210,frp:firms_viirs_noaa20_nrt_india,1210,23.66344,84.99948,2026-09-03 20:02:00+00:00,306.55,0.92,0.0,,firms_viirs_noaa20_nrt_india.csv,,306.55,,,,0.92,0.0,,,,,,,,,,,,,,,,n,N20,N,3,3,3,3,2026-09-03 20:02:00+00:00,224886.99285513593,224886.99285513593,uncertain,uncertain_review_required,insufficient_evidence,0.4,False,{},ranking,,,,0.0,,,,
frp:firms_viirs_noaa20_nrt_india:firms_viirs_noaa20_nrt_india.csv:1211,frp:firms_viirs_noaa20_nrt_india,1211,23.66433,86.91784,2026-09-03 20:02:00+00:00,306.56,1.07,0.0,,firms_viirs_noaa20_nrt_india.csv,,306.56,,,,1.07,0.0,,,,,,,,,,,,,,,,n,N20,N,1,1,1,1,2026-09-03 20:02:00+00:00,47983.65169695192,47983.65169695192,uncertain,uncertain_review_required,insufficient_evidence,0.4,False,{},ranking,,,,0.0,,,,
frp:firms_viirs_noaa20_nrt_india:firms_viirs_noaa20_nrt_india.csv:1212,frp:firms_viirs_noaa20_nrt_india,1212,23.66554,87.1591,2026-09-03 20:02:00+00:00,308.6,0.9,0.0,,firms_viirs_noaa20_nrt_india.csv,,308.6,,,,0.9,0.0,,,,,,,,,,,,,,,,n,N20,N,10,10,10,10,2026-09-03 20:02:00+00:00,24470.589209971946,24470.589209971946,uncertain,uncertain_review_required,insufficient_evidence,0.4,False,{},ranking,,,,0.0,,,,
frp:firms_viirs_noaa20_nrt_india:firms_viirs_noaa20_nrt_india.csv:1213,frp:firms_viirs_noaa20_nrt_india,1213,23.66618,87.15525,2026-09-03 20:02:00+00:00,304.39,0.9,0.0,,firms_viirs_noaa20_nrt_india.csv,,304.39,,,,0.9,0.0,,,,,,,,,,,,,,,,n,N20,N,11,11,11,11,2026-09-03 20:02:00+00:00,24858.580484798233,24858.580484798233,uncertain,uncertain_review_required,insufficient_evidence,0.4,False,{},ranking,,,,0.0,,,,
frp:firms_viirs_noaa20_nrt_india:firms_viirs_noaa20_nrt_india.csv:1214,frp:firms_viirs_noaa20_nrt_india,1214,23.66732,84.99632,2026-09-03 20:02:00+00:00,303.53,0.92,0.0,,firms_viirs_noaa20_nrt_india.csv,,303.53,,,,0.92,0.0,,,,,,,,,,,,,,,,n,N20,N,2,2,2,2,2026-09-03 20:02:00+00:00,224662.06435995878,224662.06435995878,uncertain,uncertain_review_required,insufficient_evidence,0.4,False,{},ranking,,,,0.0,,,,
frp:firms_viirs_noaa20_nrt_india:firms_viirs_noaa20_nrt_india.csv:1215,frp:firms_viirs_noaa20_nrt_india,1215,23.67437,86.3989,2026-09-03 20:02:00+00:00,303.78,1.25,0.0,,firms_viirs_noaa20_nrt_india.csv,,303.78,,,,1.25,0.0,,,,,,,,,,,,,,,,n,N20,N,13,13,13,13,2026-09-03 20:02:00+00:00,100444.68127594628,100444.68127594628,uncertain,uncertain_review_required,insufficient_evidence,0.4,False,{},ranking,,,,0.0,,,,
frp:firms_viirs_noaa20_nrt_india:firms_viirs_noaa20_nrt_india.csv:1216,frp:firms_viirs_noaa20_nrt_india,1216,23.67766,86.39953,2026-09-03 20:02:00+00:00,312.42,1.25,0.0,,firms_viirs_noaa20_nrt_india.csv,,312.42,,,,1.25,0.0,,,,,,,,,,,,,,,,n,N20,N,13,13,13,13,2026-09-03 20:02:00+00:00,100419.60575200636,100419.60575200636,uncertain,uncertain_review_required,insufficient_evidence,0.4,False,{},ranking,,,,0.0,,,,
frp:firms_viirs_noaa20_nrt_india:firms_viirs_noaa20_nrt_india.csv:1217,frp:firms_viirs_noaa20_nrt_india,1217,23.67827,86.39577,2026-09-03 20:02:00+00:00,306.12,0.87,0.0,,firms_viirs_noaa20_nrt_india.csv,,306.12,,,,0.87,0.0,,,,,,,,,,,,,,,,n,N20,N,12,12,12,12,2026-09-03 20:02:00+00:00,100807.58349015587,100807.58349015587,uncertain,uncertain_review_required,insufficient_evidence,0.4,False,{},ranking,,,,0.0,,,,
frp:firms_viirs_noaa20_nrt_india:firms_viirs_noaa20_nrt_india.csv:1218,frp:firms_viirs_noaa20_nrt_india,1218,23.67887,86.39201,2026-09-03 20:02:00+00:00,304.49,0.87,0.0,,firms_viirs_noaa20_nrt_india.csv,,304.49,,,,0.87,0.0,,,,,,,,,,,,,,,,n,N20,N,10,10,10,10,2026-09-03 20:02:00+00:00,101195.44528460907,101195.44528460907,uncertain,uncertain_review_required,insufficient_evidence,0.4,False,{},ranking,,,,0.0,,,,
frp:firms_viirs_noaa20_nrt_india:firms_viirs_noaa20_nrt_india.csv:1219,frp:firms_viirs_noaa20_nrt_india,1219,23.68316,87.13036,2026-09-03 20:02:00+00:00,310.17,1.98,0.0,,firms_viirs_noaa20_nrt_india.csv,,310.17,,,,1.98,0.0,,,,,,,,,,,,,,,,n,N20,N,13,13,13,13,2026-09-03 20:02:00+00:00,27943.73809026029,27943.73809026029,uncertain,uncertain_review_required,insufficient_evidence,0.4,False,{},ranking,,,,0.0,,,,
frp:firms_viirs_noaa20_nrt_india:firms_viirs_noaa20_nrt_india.csv:1220,frp:firms_viirs_noaa20_nrt_india,1220,23.68547,86.39327,2026-09-03 20:02:00+00:00,327.45,4.04,0.0,,firms_viirs_noaa20_nrt_india.csv,,327.45,,,,4.04,0.0,,,,,,,,,,,,,,,,n,N20,N,16,16,16,16,2026-09-03 20:02:00+00:00,101149.9818685563,101149.9818685563,uncertain,uncertain_review_required,insufficient_evidence,0.4,False,{},ranking,,,,0.0,,,,
frp:firms_viirs_noaa20_nrt_india:firms_viirs_noaa20_nrt_india.csv:1221,frp:firms_viirs_noaa20_nrt_india,1221,23.68607,86.38953,2026-09-03 20:02:00+00:00,306.72,2.12,0.0,,firms_viirs_noaa20_nrt_india.csv,,306.72,,,,2.12,0.0,,,,,,,,,,,,,,,,n,N20,N,11,11,11,11,2026-09-03 20:02:00+00:00,101535.97755089129,101535.97755089129,uncertain,uncertain_review_required,insufficient_evidence,0.4,False,{},ranking,,,,0.0,,,,
frp:firms_viirs_noaa20_nrt_india:firms_viirs_noaa20_nrt_india.csv:1222,frp:firms_viirs_noaa20_nrt_india,1222,23.68842,87.11951,2026-09-03 20:02:00+00:00,317.5,3.08,0.0,,firms_viirs_noaa20_nrt_india.csv,,317.5,,,,3.08,0.0,,,,,,,,,,,,,,,,n,N20,N,12,12,12,12,2026-09-03 20:02:00+00:00,29192.15150301717,29192.15150301717,uncertain,uncertain_review_required,insufficient_evidence,0.4,False,{},ranking,,,,0.0,,,,
frp:firms_viirs_noaa20_nrt_india:firms_viirs_noaa20_nrt_india.csv:1223,frp:firms_viirs_noaa20_nrt_india,1223,23.69164,87.1003,2026-09-03 20:02:00+00:00,306.55,1.63,0.0,,firms_viirs_noaa20_nrt_india.csv,,306.55,,,,1.63,0.0,,,,,,,,,,,,,,,,n,N20,N,9,9,9,9,2026-09-03 20:02:00+00:00,31120.508162338847,31120.508162338847,uncertain,uncertain_review_required,insufficient_evidence,0.4,False,{},ranking,,,,0.0,,,,
frp:firms_viirs_noaa20_nrt_india:firms_viirs_noaa20_nrt_india.csv:1224,frp:firms_viirs_noaa20_nrt_india,1224,23.69175,87.12016,2026-09-03 20:02:00+00:00,305.18,1.08,0.0,,firms_viirs_noaa20_nrt_india.csv,,305.18,,,,1.08,0.0,,,,,,,,,,,,,,,,n,N20,N,10,10,10,10,2026-09-03 20:02:00+00:00,29290.783063853934,29290.783063853934,uncertain,uncertain_review_required,insufficient_evidence,0.4,False,{},ranking,,,,0.0,,,,
frp:firms_viirs_noaa20_nrt_india:firms_viirs_noaa20_nrt_india.csv:1225,frp:firms_viirs_noaa20_nrt_india,1225,23.6924,87.11631,2026-09-03 20:02:00+00:00,305.7,1.93,0.0,,firms_viirs_noaa20_nrt_india.csv,,305.7,,,,1.93,0.0,,,,,,,,,,,,,,,,n,N20,N,7,7,7,7,2026-09-03 20:02:00+00:00,29675.569047688095,29675.569047688095,uncertain,uncertain_review_required,insufficient_evidence,0.4,False,{},ranking,,,,0.0,,,,
frp:firms_viirs_noaa20_nrt_india:firms_viirs_noaa20_nrt_india.csv:1226,frp:firms_viirs_noaa20_nrt_india,1226,23.69433,87.10479,2026-09-03 20:02:00+00:00,306.35,1.14,0.0,,firms_viirs_noaa20_nrt_india.csv,,306.35,,,,1.14,0.0,,,,,,,,,,,,,,,,n,N20,N,12,12,12,12,2026-09-03 20:02:00+00:00,30828.335590459348,30828.335590459348,uncertain,uncertain_review_required,insufficient_evidence,0.4,False,{},ranking,,,,0.0,,,,
frp:firms_viirs_noaa20_nrt_india:firms_viirs_noaa20_nrt_india.csv:1227,frp:firms_viirs_noaa20_nrt_india,1227,23.69442,85.37145,2026-09-03 20:02:00+00:00,311.67,1.11,0.0,,firms_viirs_noaa20_nrt_india.csv,,311.67,,,,1.11,0.0,,,,,,,,,,,,,,,,n,N20,N,3,3,3,3,2026-09-03 20:02:00+00:00,204931.6757607293,204931.6757607293,uncertain,uncertain_review_required,insufficient_evidence,0.4,False,{},ranking,,,,0.0,,,,
frp:firms_viirs_noaa20_nrt_india:firms_viirs_noaa20_nrt_india.csv:1228,frp:firms_viirs_noaa20_nrt_india,1228,23.69444,87.12463,2026-09-03 20:02:00+00:00,308.89,1.08,0.0,,firms_viirs_noaa20_nrt_india.csv,,308.89,,,,1.08,0.0,,,,,,,,,,,,,,,,n,N20,N,8,8,8,8,2026-09-03 20:02:00+00:00,29014.067724808443,29014.067724808443,uncertain,uncertain_review_required,insufficient_evidence,0.4,False,{},ranking,,,,0.0,,,,
frp:firms_viirs_noaa20_nrt_india:firms_viirs_noaa20_nrt_india.csv:1229,frp:firms_viirs_noaa20_nrt_india,1229,23.69508,87.1208,2026-09-03 20:02:00+00:00,310.26,1.08,0.0,,firms_viirs_noaa20_nrt_india.csv,,310.26,,,,1.08,0.0,,,,,,,,,,,,,,,,n,N20,N,7,7,7,7,2026-09-03 20:02:00+00:00,29394.812678833823,29394.812678833823,uncertain,uncertain_review_required,insufficient_evidence,0.4,False,{},ranking,,,,0.0,,,,
frp:firms_viirs_noaa20_nrt_india:firms_viirs_noaa20_nrt_india.csv:1230,frp:firms_viirs_noaa20_nrt_india,1230,23.6953,86.07877,2026-09-03 20:02:00+00:00,302.86,0.53,0.0,,firms_viirs_noaa20_nrt_india.csv,,302.86,,,,0.53,0.0,,,,,,,,,,,,,,,,n,N20,N,4,4,4,4,2026-09-03 20:02:00+00:00,133113.69610179044,133113.69610179044,uncertain,uncertain_review_required,insufficient_evidence,0.4,False,{},ranking,,,,0.0,,,,
frp:firms_viirs_noaa20_nrt_india:firms_viirs_noaa20_nrt_india.csv:1231,frp:firms_viirs_noaa20_nrt_india,1231,23.69626,87.09328,2026-09-03 20:02:00+00:00,312.84,1.31,0.0,,firms_viirs_noaa20_nrt_india.csv,,312.84,,,,1.31,0.0,,,,,,,,,,,,,,,,n,N20,N,4,4,4,4,2026-09-03 20:02:00+00:00,31983.093035393664,31983.093035393664,uncertain,uncertain_review_required,insufficient_evidence,0.4,False,{},ranking,,,,0.0,,,,
frp:firms_viirs_noaa20_nrt_india:firms_viirs_noaa20_nrt_india.csv:1232,frp:firms_viirs_noaa20_nrt_india,1232,23.69672,85.29093,2026-09-03 20:02:00+00:00,307.13,0.87,0.0,,firms_viirs_noaa20_nrt_india.csv,,307.13,,,,0.87,0.0,,,,,,,,,,,,,,,,n,N20,N,5,5,5,5,2026-09-03 20:02:00+00:00,208858.72716351997,208858.72716351997,uncertain,uncertain_review_required,insufficient_evidence,0.4,False,{},ranking,,,,0.0,,,,
frp:firms_viirs_noaa20_nrt_india:firms_viirs_noaa20_nrt_india.csv:1233,frp:firms_viirs_noaa20_nrt_india,1233,23.69674,85.35646,2026-09-03 20:02:00+00:00,304.52,0.59,0.0,,firms_viirs_noaa20_nrt_india.csv,,304.52,,,,0.59,0.0,,,,,,,,,,,,,,,,n,N20,N,3,3,3,3,2026-09-03 20:02:00+00:00,206453.20645715884,206453.20645715884,uncertain,uncertain_review_required,insufficient_evidence,0.4,False,{},ranking,,,,0.0,,,,
frp:firms_viirs_noaa20_nrt_india:firms_viirs_noaa20_nrt_india.csv:1234,frp:firms_viirs_noaa20_nrt_india,1234,23.6973,85.28718,2026-09-03 20:02:00+00:00,306.02,0.87,0.0,,firms_viirs_noaa20_nrt_india.csv,,306.02,,,,0.87,0.0,,,,,,,,,,,,,,,,n,N20,N,4,4,4,4,2026-09-03 20:02:00+00:00,208942.01112956557,208942.01112956557,uncertain,uncertain_review_required,insufficient_evidence,0.4,False,{},ranking,,,,0.0,,,,
frp:firms_viirs_noaa20_nrt_india:firms_viirs_noaa20_nrt_india.csv:1235,frp:firms_viirs_noaa20_nrt_india,1235,23.69766,87.10545,2026-09-03 20:02:00+00:00,306.8,1.14,0.0,,firms_viirs_noaa20_nrt_india.csv,,306.8,,,,1.14,0.0,,,,,,,,,,,,,,,,n,N20,N,13,13,13,13,2026-09-03 20:02:00+00:00,30925.457357042338,30925.457357042338,uncertain,uncertain_review_required,insufficient_evidence,0.4,False,{},ranking,,,,0.0,,,,
frp:firms_viirs_noaa20_nrt_india:firms_viirs_noaa20_nrt_india.csv:1236,frp:firms_viirs_noaa20_nrt_india,1236,23.69829,85.36831,2026-09-03 20:02:00+00:00,310.07,1.17,0.0,,firms_viirs_noaa20_nrt_india.csv,,310.07,,,,1.17,0.0,,,,,,,,,,,,,,,,n,N20,N,5,5,5,5,2026-09-03 20:02:00+00:00,205275.60507096196,205275.60507096196,uncertain,uncertain_review_required,insufficient_evidence,0.4,False,{},ranking,,,,0.0,,,,
frp:firms_viirs_noaa20_nrt_india:firms_viirs_noaa20_nrt_india.csv:1237,frp:firms_viirs_noaa20_nrt_india,1237,23.70932,85.42812,2026-09-03 20:02:00+00:00,303.85,0.45,0.0,,firms_viirs_noaa20_nrt_india.csv,,303.85,,,,0.45,0.0,,,,,,,,,,,,,,,,n,N20,N,0,0,0,0,2026-09-03 20:02:00+00:00,199274.86476866982,199274.86476866982,uncertain,uncertain_review_required,insufficient_evidence,0.4,False,{},ranking,,,,0.0,,,,
frp:firms_viirs_noaa20_nrt_india:firms_viirs_noaa20_nrt_india.csv:1238,frp:firms_viirs_noaa20_nrt_india,1238,23.71023,86.45091,2026-09-03 20:02:00+00:00,306.45,1.04,0.0,,firms_viirs_noaa20_nrt_india.csv,,306.45,,,,1.04,0.0,,,,,,,,,,,,,,,,n,N20,N,18,18,18,18,2026-09-03 20:02:00+00:00,95699.79834051048,95699.79834051048,uncertain,uncertain_review_required,insufficient_evidence,0.4,False,{},ranking,,,,0.0,,,,
frp:firms_viirs_noaa20_nrt_india:firms_viirs_noaa20_nrt_india.csv:1239,frp:firms_viirs_noaa20_nrt_india,1239,23.71049,85.2896,2026-09-03 20:02:00+00:00,302.26,0.48,0.0,,firms_viirs_noaa20_nrt_india.csv,,302.26,,,,0.48,0.0,,,,,,,,,,,,,,,,n,N20,N,2,2,2,2,2026-09-03 20:02:00+00:00,207490.42583278424,207490.42583278424,uncertain,uncertain_review_required,insufficient_evidence,0.4,False,{},ranking,,,,0.0,,,,
frp:firms_viirs_noaa20_nrt_india:firms_viirs_noaa20_nrt_india.csv:1240,frp:firms_viirs_noaa20_nrt_india,1240,23.71084,86.44715,2026-09-03 20:02:00+00:00,322.03,2.49,0.0,,firms_viirs_noaa20_nrt_india.csv,,322.03,,,,2.49,0.0,,,,,,,,,,,,,,,,n,N20,N,16,16,16,16,2026-09-03 20:02:00+00:00,96088.45504313736,96088.45504313736,uncertain,uncertain_review_required,insufficient_evidence,0.4,False,{},ranking,,,,0.0,,,,
frp:firms_viirs_noaa20_nrt_india:firms_viirs_noaa20_nrt_india.csv:1241,frp:firms_viirs_noaa20_nrt_india,1241,23.71121,86.424,2026-09-03 20:02:00+00:00,305.78,1.27,0.0,,firms_viirs_noaa20_nrt_india.csv,,305.78,,,,1.27,0.0,,,,,,,,,,,,,,,,n,N20,N,35,35,35,35,2026-09-03 20:02:00+00:00,98424.95891273858,98424.95891273858,uncertain,uncertain_review_required,insufficient_evidence,0.4,False,{},ranking,,,,0.0,,,,
frp:firms_viirs_noaa20_nrt_india:firms_viirs_noaa20_nrt_india.csv:1242,frp:firms_viirs_noaa20_nrt_india,1242,23.71353,86.45154,2026-09-03 20:02:00+00:00,330.73,2.89,0.0,,firms_viirs_noaa20_nrt_india.csv,,330.73,,,,2.89,0.0,,,,,,,,,,,,,,,,n,N20,N,15,15,15,15,2026-09-03 20:02:00+00:00,95692.60269445695,95692.60269445695,uncertain,uncertain_review_required,insufficient_evidence,0.4,False,{},ranking,,,,0.0,,,,
frp:firms_viirs_noaa20_nrt_india:firms_viirs_noaa20_nrt_india.csv:1243,frp:firms_viirs_noaa20_nrt_india,1243,23.71511,86.42087,2026-09-03 20:02:00+00:00,306.05,1.27,0.0,,firms_viirs_noaa20_nrt_india.csv,,306.05,,,,1.27,0.0,,,,,,,,,,,,,,,,n,N20,N,30,30,30,30,2026-09-03 20:02:00+00:00,98804.99453007727,98804.99453007727,uncertain,uncertain_review_required,insufficient_evidence,0.4,False,{},ranking,,,,0.0,,,,
frp:firms_viirs_noaa20_nrt_india:firms_viirs_noaa20_nrt_india.csv:1244,frp:firms_viirs_noaa20_nrt_india,1244,23.71841,86.4215,2026-09-03 20:02:00+00:00,305.64,1.67,0.0,,firms_viirs_noaa20_nrt_india.csv,,305.64,,,,1.67,0.0,,,,,,,,,,,,,,,,n,N20,N,29,29,29,29,2026-09-03 20:02:00+00:00,98797.98007485236,98797.98007485236,uncertain,uncertain_review_required,insufficient_evidence,0.4,False,{},ranking,,,,0.0,,,,
frp:firms_viirs_noaa20_nrt_india:firms_viirs_noaa20_nrt_india.csv:1245,frp:firms_viirs_noaa20_nrt_india,1245,23.71866,86.4409,2026-09-03 20:02:00+00:00,314.11,1.28,0.0,,firms_viirs_noaa20_nrt_india.csv,,314.11,,,,1.28,0.0,,,,,,,,,,,,,,,,n,N20,N,13,13,13,13,2026-09-03 20:02:00+00:00,96851.94125920611,96851.94125920611,uncertain,uncertain_review_required,insufficient_evidence,0.4,False,{},ranking,,,,0.0,,,,
frp:firms_viirs_noaa20_nrt_india:firms_viirs_noaa20_nrt_india.csv:1246,frp:firms_viirs_noaa20_nrt_india,1246,23.71965,85.0089,2026-09-03 20:02:00+00:00,304.95,0.69,0.0,,firms_viirs_noaa20_nrt_india.csv,,304.95,,,,0.69,0.0,,,,,,,,,,,,,,,,n,N20,N,2,2,2,2,2026-09-03 20:02:00+00:00,218947.59926978065,218947.59926978065,uncertain,uncertain_review_required,insufficient_evidence,0.4,False,{},ranking,,,,0.0,,,,
frp:firms_viirs_noaa20_nrt_india:firms_viirs_noaa20_nrt_india.csv:1247,frp:firms_viirs_noaa20_nrt_india,1247,23.72257,86.43778,2026-09-03 20:02:00+00:00,308.92,2.16,0.0,,firms_viirs_noaa20_nrt_india.csv,,308.92,,,,2.16,0.0,,,,,,,,,,,,,,,,n,N20,N,18,18,18,18,2026-09-03 20:02:00+00:00,97235.38482614215,97235.38482614215,uncertain,uncertain_review_required,insufficient_evidence,0.4,False,{},ranking,,,,0.0,,,,
frp:firms_viirs_noaa20_nrt_india:firms_viirs_noaa20_nrt_india.csv:1248,frp:firms_viirs_noaa20_nrt_india,1248,23.725,86.42276,2026-09-03 20:02:00+00:00,313.03,1.75,0.0,,firms_viirs_noaa20_nrt_india.csv,,313.03,,,,1.75,0.0,,,,,,,,,,,,,,,,n,N20,N,40,40,40,40,2026-09-03 20:02:00+00:00,98787.99192671472,98787.99192671472,uncertain,uncertain_review_required,insufficient_evidence,0.4,False,{},ranking,,,,0.0,,,,
frp:firms_viirs_noaa20_nrt_india:firms_viirs_noaa20_nrt_india.csv:1249,frp:firms_viirs_noaa20_nrt_india,1249,23.7255,85.52321,2026-09-03 20:02:00+00:00,301.47,0.25,0.0,,firms_viirs_noaa20_nrt_india.csv,,301.47,,,,0.25,0.0,,,,,,,,,,,,,,,,n,N20,N,0,0,0,0,2026-09-03 20:02:00+00:00,189752.7979855334,189752.7979855334,uncertain,uncertain_review_required,insufficient_evidence,0.4,False,{},ranking,,,,0.0,,,,
frp:firms_viirs_noaa20_nrt_india:firms_viirs_noaa20_nrt_india.csv:1250,frp:firms_viirs_noaa20_nrt_india,1250,23.73697,86.43278,2026-09-03 20:02:00+00:00,341.06,3.28,0.0,,firms_viirs_noaa20_nrt_india.csv,,341.06,,,,3.28,0.0,,,,,,,,,,,,,,,,n,N20,N,48,48,48,48,2026-09-03 20:02:00+00:00,98009.69075185413,98009.69075185413,uncertain,uncertain_review_required,insufficient_evidence,0.4,False,{},ranking,,,,0.0,,,,
frp:firms_viirs_noaa20_nrt_india:firms_viirs_noaa20_nrt_india.csv:1251,frp:firms_viirs_noaa20_nrt_india,1251,23.73758,86.42902,2026-09-03 20:02:00+00:00,312.53,1.41,0.0,,firms_viirs_noaa20_nrt_india.csv,,312.53,,,,1.41,0.0,,,,,,,,,,,,,,,,n,N20,N,55,55,55,55,2026-09-03 20:02:00+00:00,98398.37582023544,98398.37582023544,uncertain,uncertain_review_required,insufficient_evidence,0.4,False,{},ranking,,,,0.0,,,,
frp:firms_viirs_noaa20_nrt_india:firms_viirs_noaa20_nrt_india.csv:1252,frp:firms_viirs_noaa20_nrt_india,1252,23.74007,85.00873,2026-09-03 20:02:00+00:00,317.46,2.7,0.0,,firms_viirs_noaa20_nrt_india.csv,,317.46,,,,2.7,0.0,,,,,,,,,,,,,,,,n,N20,N,3,3,3,3,2026-09-03 20:02:00+00:00,216974.51558234508,216974.51558234508,uncertain,uncertain_review_required,insufficient_evidence,0.4,False,{},ranking,,,,0.0,,,,
frp:firms_viirs_noaa20_nrt_india:firms_viirs_noaa20_nrt_india.csv:1253,frp:firms_viirs_noaa20_nrt_india,1253,23.74027,86.43341,2026-09-03 20:02:00+00:00,309.02,3.28,0.0,,firms_viirs_noaa20_nrt_india.csv,,309.02,,,,3.28,0.0,,,,,,,,,,,,,,,,n,N20,N,53,53,53,53,2026-09-03 20:02:00+00:00,98012.55455529569,98012.55455529569,uncertain,uncertain_review_required,insufficient_evidence,0.4,False,{},ranking,,,,0.0,,,,
frp:firms_viirs_noaa20_nrt_india:firms_viirs_noaa20_nrt_india.csv:1254,frp:firms_viirs_noaa20_nrt_india,1254,23.74545,85.50378,2026-09-03 20:02:00+00:00,301.96,0.59,0.0,,firms_viirs_noaa20_nrt_india.csv,,301.96,,,,0.59,0.0,,,,,,,,,,,,,,,,n,N20,N,1,1,1,1,2026-09-03 20:02:00+00:00,191913.22815590174,191913.22815590174,uncertain,uncertain_review_required,insufficient_evidence,0.4,False,{},ranking,,,,0.0,,,,
frp:firms_viirs_noaa20_nrt_india:firms_viirs_noaa20_nrt_india.csv:1255,frp:firms_viirs_noaa20_nrt_india,1255,23.7532,86.41651,2026-09-03 20:02:00+00:00,307.79,1.06,0.0,,firms_viirs_noaa20_nrt_india.csv,,307.79,,,,1.06,0.0,,,,,,,,,,,,,,,,n,N20,N,59,59,59,59,2026-09-03 20:02:00+00:00,99971.13211149939,99971.13211149939,uncertain,uncertain_review_required,insufficient_evidence,0.4,False,{},ranking,,,,0.0,,,,
frp:firms_viirs_noaa20_nrt_india:firms_viirs_noaa20_nrt_india.csv:1256,frp:firms_viirs_noaa20_nrt_india,1256,23.75456,85.85532,2026-09-03 20:02:00+00:00,309.18,0.89,0.0,,firms_viirs_noaa20_nrt_india.csv,,309.18,,,,0.89,0.0,,,,,,,,,,,,,,,,n,N20,N,7,7,7,7,2026-09-03 20:02:00+00:00,156438.6465200425,156438.6465200425,uncertain,uncertain_review_required,insufficient_evidence,0.4,False,{},ranking,,,,0.0,,,,
frp:firms_viirs_noaa20_nrt_india:firms_viirs_noaa20_nrt_india.csv:1257,frp:firms_viirs_noaa20_nrt_india,1257,23.75515,85.85158,2026-09-03 20:02:00+00:00,308.36,0.89,0.0,,firms_viirs_noaa20_nrt_india.csv,,308.36,,,,0.89,0.0,,,,,,,,,,,,,,,,n,N20,N,6,6,6,6,2026-09-03 20:02:00+00:00,156824.41846914002,156824.41846914002,uncertain,uncertain_review_required,insufficient_evidence,0.4,False,{},ranking,,,,0.0,,,,
frp:firms_viirs_noaa20_nrt_india:firms_viirs_noaa20_nrt_india.csv:1258,frp:firms_viirs_noaa20_nrt_india,1258,23.75785,85.85593,2026-09-03 20:02:00+00:00,305.14,0.89,0.0,,firms_viirs_noaa20_nrt_india.csv,,305.14,,,,0.89,0.0,,,,,,,,,,,,,,,,n,N20,N,5,5,5,5,2026-09-03 20:02:00+00:00,156421.6006211265,156421.6006211265,uncertain,uncertain_review_required,insufficient_evidence,0.4,False,{},ranking,,,,0.0,,,,
frp:firms_viirs_noaa20_nrt_india:firms_viirs_noaa20_nrt_india.csv:1259,frp:firms_viirs_noaa20_nrt_india,1259,23.75844,85.8522,2026-09-03 20:02:00+00:00,310.78,0.89,0.0,,firms_viirs_noaa20_nrt_india.csv,,310.78,,,,0.89,0.0,,,,,,,,,,,,,,,,n,N20,N,4,4,4,4,2026-09-03 20:02:00+00:00,156806.39742759976,156806.39742759976,uncertain,uncertain_review_required,insufficient_evidence,0.4,False,{},ranking,,,,0.0,,,,
frp:firms_viirs_noaa20_nrt_india:firms_viirs_noaa20_nrt_india.csv:1260,frp:firms_viirs_noaa20_nrt_india,1260,23.75893,86.40212,2026-09-03 20:02:00+00:00,302.01,0.96,0.0,,firms_viirs_noaa20_nrt_india.csv,,302.01,,,,0.96,0.0,,,,,,,,,,,,,,,,n,N20,N,57,57,57,57,2026-09-03 20:02:00+00:00,101531.40367082211,101531.40367082211,uncertain,uncertain_review_required,insufficient_evidence,0.4,False,{},ranking,,,,0.0,,,,
frp:firms_viirs_noaa20_nrt_india:firms_viirs_noaa20_nrt_india.csv:1261,frp:firms_viirs_noaa20_nrt_india,1261,23.76222,86.40276,2026-09-03 20:02:00+00:00,308.28,1.1,0.0,,firms_viirs_noaa20_nrt_india.csv,,308.28,,,,1.1,0.0,,,,,,,,,,,,,,,,n,N20,N,56,56,56,56,2026-09-03 20:02:00+00:00,101539.73436981584,101539.73436981584,uncertain,uncertain_review_required,insufficient_evidence,0.4,False,{},ranking,,,,0.0,,,,
frp:firms_viirs_noaa20_nrt_india:firms_viirs_noaa20_nrt_india.csv:1262,frp:firms_viirs_noaa20_nrt_india,1262,23.76552,86.40339,2026-09-03 20:02:00+00:00,312.99,1.1,0.0,,firms_viirs_noaa20_nrt_india.csv,,312.99,,,,1.1,0.0,,,,,,,,,,,,,,,,n,N20,N,47,47,47,47,2026-09-03 20:02:00+00:00,101550.64917384509,101550.64917384509,uncertain,uncertain_review_required,insufficient_evidence,0.4,False,{},ranking,,,,0.0,,,,
frp:firms_viirs_noaa20_nrt_india:firms_viirs_noaa20_nrt_india.csv:1263,frp:firms_viirs_noaa20_nrt_india,1263,23.76881,86.40401,2026-09-03 20:02:00+00:00,303.73,0.93,0.0,,firms_viirs_noaa20_nrt_india.csv,,303.73,,,,0.93,0.0,,,,,,,,,,,,,,,,n,N20,N,46,46,46,46,2026-09-03 20:02:00+00:00,101563.69853099046,101563.69853099046,uncertain,uncertain_review_required,insufficient_evidence,0.4,False,{},ranking,,,,0.0,,,,
frp:firms_viirs_noaa20_nrt_india:firms_viirs_noaa20_nrt_india.csv:1264,frp:firms_viirs_noaa20_nrt_india,1264,23.77119,86.19974,2026-09-03 20:02:00+00:00,304.78,0.99,0.0,,firms_viirs_noaa20_nrt_india.csv,,304.78,,,,0.99,0.0,,,,,,,,,,,,,,,,n,N20,N,8,8,8,8,2026-09-03 20:02:00+00:00,122027.16794742679,122027.16794742679,uncertain,uncertain_review_required,insufficient_evidence,0.4,False,{},ranking,,,,0.0,,,,
frp:firms_viirs_noaa20_nrt_india:firms_viirs_noaa20_nrt_india.csv:1265,frp:firms_viirs_noaa20_nrt_india,1265,23.77179,86.196,2026-09-03 20:02:00+00:00,308.84,1.67,0.0,,firms_viirs_noaa20_nrt_india.csv,,308.84,,,,1.67,0.0,,,,,,,,,,,,,,,,n,N20,N,9,9,9,9,2026-09-03 20:02:00+00:00,122413.55882435298,122413.55882435298,uncertain,uncertain_review_required,insufficient_evidence,0.4,False,{},ranking,,,,0.0,,,,
frp:firms_viirs_noaa20_nrt_india:firms_viirs_noaa20_nrt_india.csv:1266,frp:firms_viirs_noaa20_nrt_india,1266,23.77548,86.36273,2026-09-03 20:02:00+00:00,301.78,0.87,0.0,,firms_viirs_noaa20_nrt_india.csv,,301.78,,,,0.87,0.0,,,,,,,,,,,,,,,,n,N20,N,58,58,58,58,2026-09-03 20:02:00+00:00,105827.14565320656,105827.14565320656,uncertain,uncertain_review_required,insufficient_evidence,0.4,False,{},ranking,,,,0.0,,,,
frp:firms_viirs_noaa20_nrt_india:firms_viirs_noaa20_nrt_india.csv:1267,frp:firms_viirs_noaa20_nrt_india,1267,23.77783,86.39025,2026-09-03 20:02:00+00:00,303.92,1.05,0.0,,firms_viirs_noaa20_nrt_india.csv,,303.92,,,,1.05,0.0,,,,,,,,,,,,,,,,n,N20,N,51,51,51,51,2026-09-03 20:02:00+00:00,103142.98895332275,103142.98895332275,uncertain,uncertain_review_required,insufficient_evidence,0.4,False,{},ranking,,,,0.0,,,,
frp:firms_viirs_noaa20_nrt_india:firms_viirs_noaa20_nrt_india.csv:1268,frp:firms_viirs_noaa20_nrt_india,1268,23.77986,86.20908,2026-09-03 20:02:00+00:00,318.46,2.21,0.0,,firms_viirs_noaa20_nrt_india.csv,,318.46,,,,2.21,0.0,,,,,,,,,,,,,,,,n,N20,N,10,10,10,10,2026-09-03 20:02:00+00:00,121262.52214031744,121262.52214031744,uncertain,uncertain_review_required,insufficient_evidence,0.4,False,{},ranking,,,,0.0,,,,
frp:firms_viirs_noaa20_nrt_india:firms_viirs_noaa20_nrt_india.csv:1269,frp:firms_viirs_noaa20_nrt_india,1269,23.78113,86.39088,2026-09-03 20:02:00+00:00,309.56,1.05,0.0,,firms_viirs_noaa20_nrt_india.csv,,309.56,,,,1.05,0.0,,,,,,,,,,,,,,,,n,N20,N,53,53,53,53,2026-09-03 20:02:00+00:00,103159.09182575364,103159.09182575364,uncertain,uncertain_review_required,insufficient_evidence,0.4,False,{},ranking,,,,0.0,,,,
frp:firms_viirs_noaa20_nrt_india:firms_viirs_noaa20_nrt_india.csv:1270,frp:firms_viirs_noaa20_nrt_india,1270,23.78161,85.57585,2026-09-03 20:02:00+00:00,304.27,1.39,0.0,,firms_viirs_noaa20_nrt_india.csv,,304.27,,,,1.39,0.0,,,,,,,,,,,,,,,,n,N20,N,6,6,6,6,2026-09-03 20:02:00+00:00,185034.65774499677,185034.65774499677,uncertain,uncertain_review_required,insufficient_evidence,0.4,False,{},ranking,,,,0.0,,,,
frp:firms_viirs_noaa20_nrt_india:firms_viirs_noaa20_nrt_india.csv:1271,frp:firms_viirs_noaa20_nrt_india,1271,23.78512,85.55343,2026-09-03 20:02:00+00:00,308.22,0.94,0.0,,firms_viirs_noaa20_nrt_india.csv,,308.22,,,,0.94,0.0,,,,,,,,,,,,,,,,n,N20,N,5,5,5,5,2026-09-03 20:02:00+00:00,187345.90028992356,187345.90028992356,uncertain,uncertain_review_required,insufficient_evidence,0.4,False,{},ranking,,,,0.0,,,,
frp:firms_viirs_noaa20_nrt_india:firms_viirs_noaa20_nrt_india.csv:1272,frp:firms_viirs_noaa20_nrt_india,1272,23.78841,85.55404,2026-09-03 20:02:00+00:00,308.98,1.41,0.0,,firms_viirs_noaa20_nrt_india.csv,,308.98,,,,1.41,0.0,,,,,,,,,,,,,,,,n,N20,N,4,4,4,4,2026-09-03 20:02:00+00:00,187327.41425802856,187327.41425802856,uncertain,uncertain_review_required,insufficient_evidence,0.4,False,{},ranking,,,,0.0,,,,
frp:firms_viirs_noaa20_nrt_india:firms_viirs_noaa20_nrt_india.csv:1273,frp:firms_viirs_noaa20_nrt_india,1273,23.79767,86.3515,2026-09-03 20:02:00+00:00,314.18,1.82,0.0,,firms_viirs_noaa20_nrt_india.csv,,314.18,,,,1.82,0.0,,,,,,,,,,,,,,,,n,N20,N,34,34,34,34,2026-09-03 20:02:00+00:00,107472.73367609814,107472.73367609814,uncertain,uncertain_review_required,insufficient_evidence,0.4,False,{},ranking,,,,0.0,,,,
frp:firms_viirs_noaa20_nrt_india:firms_viirs_noaa20_nrt_india.csv:1274,frp:firms_viirs_noaa20_nrt_india,1274,23.80129,86.32899,2026-09-03 20:02:00+00:00,305.52,2.12,0.0,,firms_viirs_noaa20_nrt_india.csv,,305.52,,,,2.12,0.0,,,,,,,,,,,,,,,,n,N20,N,20,20,20,20,2026-09-03 20:02:00+00:00,109794.88033229273,109794.88033229273,uncertain,uncertain_review_required,insufficient_evidence,0.4,False,{},ranking,,,,0.0,,,,
frp:firms_viirs_noaa20_nrt_india:firms_viirs_noaa20_nrt_india.csv:1275,frp:firms_viirs_noaa20_nrt_india,1275,23.80459,86.32961,2026-09-03 20:02:00+00:00,328.48,2.12,0.0,,firms_viirs_noaa20_nrt_india.csv,,328.48,,,,2.12,0.0,,,,,,,,,,,,,,,,n,N20,N,18,18,18,18,2026-09-03 20:02:00+00:00,109815.93221726913,109815.93221726913,uncertain,uncertain_review_required,insufficient_evidence,0.4,False,{},ranking,,,,0.0,,,,
frp:firms_viirs_noaa20_nrt_india:firms_viirs_noaa20_nrt_india.csv:1276,frp:firms_viirs_noaa20_nrt_india,1276,23.81538,86.57941,2026-09-03 20:02:00+00:00,309.89,0.58,0.0,,firms_viirs_noaa20_nrt_india.csv,,309.89,,,,0.58,0.0,,,,,,,,,,,,,,,,n,N20,N,0,0,0,0,2026-09-03 20:02:00+00:00,85624.11597061013,85624.11597061013,uncertain,uncertain_review_required,insufficient_evidence,0.4,False,{},ranking,,,,0.0,,,,
frp:firms_viirs_noaa20_nrt_india:firms_viirs_noaa20_nrt_india.csv:1277,frp:firms_viirs_noaa20_nrt_india,1277,23.82409,85.49904,2026-09-03 20:02:00+00:00,302.51,0.92,0.0,,firms_viirs_noaa20_nrt_india.csv,,302.51,,,,0.92,0.0,,,,,,,,,,,,,,,,n,N20,N,1,1,1,1,2026-09-03 20:02:00+00:00,188339.61292714422,188339.61292714422,uncertain,uncertain_review_required,insufficient_evidence,0.4,False,{},ranking,,,,0.0,,,,
frp:firms_viirs_noaa20_nrt_india:firms_viirs_noaa20_nrt_india.csv:1278,frp:firms_viirs_noaa20_nrt_india,1278,23.82467,85.49529,2026-09-03 20:02:00+00:00,302.86,0.92,0.0,,firms_viirs_noaa20_nrt_india.csv,,302.86,,,,0.92,0.0,,,,,,,,,,,,,,,,n,N20,N,0,0,0,0,2026-09-03 20:02:00+00:00,188394.37718055642,188394.37718055642,uncertain,uncertain_review_required,insufficient_evidence,0.4,False,{},ranking,,,,0.0,,,,
frp:firms_viirs_noaa20_nrt_india:firms_viirs_noaa20_nrt_india.csv:1279,frp:firms_viirs_noaa20_nrt_india,1279,23.82555,84.93825,2026-09-03 20:02:00+00:00,303.94,0.5,0.0,,firms_viirs_noaa20_nrt_india.csv,,303.94,,,,0.5,0.0,,,,,,,,,,,,,,,,n,N20,N,1,1,1,1,2026-09-03 20:02:00+00:00,212486.953505186,212486.953505186,uncertain,uncertain_review_required,insufficient_evidence,0.4,False,{},ranking,,,,0.0,,,,
frp:firms_viirs_noaa20_nrt_india:firms_viirs_noaa20_nrt_india.csv:1280,frp:firms_viirs_noaa20_nrt_india,1280,23.84097,84.94881,2026-09-03 20:02:00+00:00,303.34,0.55,0.0,,firms_viirs_noaa20_nrt_india.csv,,303.34,,,,0.55,0.0,,,,,,,,,,,,,,,,n,N20,N,0,0,0,0,2026-09-03 20:02:00+00:00,210463.7008241493,210463.7008241493,uncertain,uncertain_review_required,insufficient_evidence,0.4,False,{},ranking,,,,0.0,,,,
frp:firms_viirs_noaa20_nrt_india:firms_viirs_noaa20_nrt_india.csv:1281,frp:firms_viirs_noaa20_nrt_india,1281,23.84145,86.50287,2026-09-03 20:02:00+00:00,303.98,0.52,0.0,,firms_viirs_noaa20_nrt_india.csv,,303.98,,,,0.52,0.0,,,,,,,,,,,,,,,,n,N20,N,0,0,0,0,2026-09-03 20:02:00+00:00,93923.94282837851,93923.94282837851,uncertain,uncertain_review_required,insufficient_evidence,0.4,False,{},ranking,,,,0.0,,,,
frp:firms_viirs_noaa20_nrt_india:firms_viirs_noaa20_nrt_india.csv:1282,frp:firms_viirs_noaa20_nrt_india,1282,23.85833,86.33572,2026-09-03 20:02:00+00:00,309.39,0.5,0.0,,firms_viirs_noaa20_nrt_india.csv,,309.39,,,,0.5,0.0,,,,,,,,,,,,,,,,n,N20,N,0,0,0,0,2026-09-03 20:02:00+00:00,110724.88256896441,110724.88256896441,uncertain,uncertain_review_required,insufficient_evidence,0.4,False,{},ranking,,,,0.0,,,,
frp:firms_viirs_noaa20_nrt_india:firms_viirs_noaa20_nrt_india.csv:1283,frp:firms_viirs_noaa20_nrt_india,1283,24.11708,86.85863,2026-09-03 20:02:00+00:00,316.11,1.12,0.0,,firms_viirs_noaa20_nrt_india.csv,,316.11,,,,1.12,0.0,,,,,,,,,,,,,,,,n,N20,N,3,3,3,3,2026-09-03 20:02:00+00:00,80028.03653652522,80028.03653652522,uncertain,uncertain_review_required,insufficient_evidence,0.4,False,{},ranking,,,,0.0,,,,
frp:firms_viirs_noaa20_nrt_india:firms_viirs_noaa20_nrt_india.csv:1284,frp:firms_viirs_noaa20_nrt_india,1284,24.11976,86.86308,2026-09-03 20:02:00+00:00,311.02,1.25,0.0,,firms_viirs_noaa20_nrt_india.csv,,311.02,,,,1.25,0.0,,,,,,,,,,,,,,,,n,N20,N,2,2,2,2,2026-09-03 20:02:00+00:00,79953.59019559383,79953.59019559383,uncertain,uncertain_review_required,insufficient_evidence,0.4,False,{},ranking,,,,0.0,,,,
frp:firms_viirs_noaa20_nrt_india:firms_viirs_noaa20_nrt_india.csv:1285,frp:firms_viirs_noaa20_nrt_india,1285,25.94085,72.18671,2026-09-03 20:02:00+00:00,305.68,2.0,0.0,,firms_viirs_noaa20_nrt_india.csv,,305.68,,,,2.0,0.0,,,,,,,,,,,,,,,,n,N20,N,1,1,1,1,2026-09-03 20:02:00+00:00,68738.44938956009,68738.44938956009,uncertain,uncertain_review_required,insufficient_evidence,0.4,False,{},ranking,,,,0.0,,,,
frp:firms_viirs_noaa20_nrt_india:firms_viirs_noaa20_nrt_india.csv:1286,frp:firms_viirs_noaa20_nrt_india,1286,26.52291,90.5325,2026-09-03 20:02:00+00:00,328.03,5.79,0.0,,firms_viirs_noaa20_nrt_india.csv,,328.03,,,,5.79,0.0,,,,,,,,,,,,,,,,n,N20,N,1,1,1,1,2026-09-03 20:02:00+00:00,66.79354351146705,66.79354351146705,emergency_or_transient_fire,industrial_fire_candidate,industrial_proximity,0.72,True,{},ranking,,,,0.0,,,,
frp:firms_viirs_noaa20_nrt_india:firms_viirs_noaa20_nrt_india.csv:1287,frp:firms_viirs_noaa20_nrt_india,1287,26.7609,83.19978,2026-09-03 20:02:00+00:00,308.37,3.62,0.0,,firms_viirs_noaa20_nrt_india.csv,,308.37,,,,3.62,0.0,,,,,,,,,,,,,,,,n,N20,N,1,1,1,1,2026-09-03 20:02:00+00:00,322067.2839859816,322067.2839859816,uncertain,uncertain_review_required,insufficient_evidence,0.4,False,{},ranking,,,,0.0,,,,
frp:firms_viirs_noaa20_nrt_india:firms_viirs_noaa20_nrt_india.csv:1288,frp:firms_viirs_noaa20_nrt_india,1288,28.71685,76.8332,2026-09-03 20:02:00+00:00,299.98,1.13,0.0,,firms_viirs_noaa20_nrt_india.csv,,299.98,,,,1.13,0.0,,,,,,,,,,,,,,,,n,N20,N,0,0,0,0,2026-09-03 20:02:00+00:00,82441.10537937163,82441.10537937163,uncertain,uncertain_review_required,insufficient_evidence,0.4,False,{},ranking,,,,0.0,,,,
frp:firms_viirs_noaa20_nrt_india:firms_viirs_noaa20_nrt_india.csv:1289,frp:firms_viirs_noaa20_nrt_india,1289,28.74499,76.92669,2026-09-03 20:02:00+00:00,296.37,2.1,0.0,,firms_viirs_noaa20_nrt_india.csv,,296.37,,,,2.1,0.0,,,,,,,,,,,,,,,,n,N20,N,0,0,0,0,2026-09-03 20:02:00+00:00,79450.1285879719,79450.1285879719,uncertain,uncertain_review_required,insufficient_evidence,0.4,False,{},ranking,,,,0.0,,,,
frp:firms_viirs_noaa20_nrt_india:firms_viirs_noaa20_nrt_india.csv:1290,frp:firms_viirs_noaa20_nrt_india,1290,29.47446,76.85703,2026-09-03 20:02:00+00:00,309.14,5.44,0.0,,firms_viirs_noaa20_nrt_india.csv,,309.14,,,,5.44,0.0,,,,,,,,,,,,,,,,n,N20,N,7,7,7,7,2026-09-03 20:02:00+00:00,155.50005305448852,155.50005305448852,emergency_or_transient_fire,industrial_fire_candidate,industrial_proximity,0.72,True,{},ranking,,,,0.0,,,,
frp:firms_viirs_noaa20_nrt_india:firms_viirs_noaa20_nrt_india.csv:1291,frp:firms_viirs_noaa20_nrt_india,1291,29.47475,76.85314,2026-09-03 20:02:00+00:00,367.0,8.36,0.0,,firms_viirs_noaa20_nrt_india.csv,,367.0,,,,8.36,0.0,,,,,,,,,,,,,,,,h,N20,N,6,6,6,6,2026-09-03 20:02:00+00:00,476.23475156176886,476.23475156176886,emergency_or_transient_fire,industrial_fire_candidate,industrial_proximity,0.72,True,{},ranking,,,,0.0,,,,
frp:firms_viirs_noaa20_nrt_india:firms_viirs_noaa20_nrt_india.csv:1292,frp:firms_viirs_noaa20_nrt_india,1292,29.47725,76.85763,2026-09-03 20:02:00+00:00,310.55,6.79,0.0,,firms_viirs_noaa20_nrt_india.csv,,310.55,,,,6.79,0.0,,,,,,,,,,,,,,,,n,N20,N,5,5,5,5,2026-09-03 20:02:00+00:00,186.37491766381316,186.37491766381316,emergency_or_transient_fire,industrial_fire_candidate,industrial_proximity,0.72,True,{},ranking,,,,0.0,,,,
frp:firms_viirs_noaa20_nrt_india:firms_viirs_noaa20_nrt_india.csv:1293,frp:firms_viirs_noaa20_nrt_india,1293,29.47757,76.85374,2026-09-03 20:02:00+00:00,367.0,9.46,0.0,,firms_viirs_noaa20_nrt_india.csv,,367.0,,,,9.46,0.0,,,,,,,,,,,,,,,,h,N20,N,4,4,4,4,2026-09-03 20:02:00+00:00,463.7524860789132,463.7524860789132,emergency_or_transient_fire,industrial_fire_candidate,industrial_proximity,0.72,True,{},ranking,,,,0.0,,,,
frp:firms_viirs_noaa20_nrt_india:firms_viirs_noaa20_nrt_india.csv:1294,frp:firms_viirs_noaa20_nrt_india,1294,29.48014,76.85374,2026-09-03 20:02:00+00:00,305.02,0.73,0.0,,firms_viirs_noaa20_nrt_india.csv,,305.02,,,,0.73,0.0,,,,,,,,,,,,,,,,n,N20,N,3,3,3,3,2026-09-03 20:02:00+00:00,649.6074564154814,649.6074564154814,emergency_or_transient_fire,industrial_fire_candidate,industrial_proximity,0.72,True,{},ranking,,,,0.0,,,,
frp:firms_viirs_noaa20_nrt_india:firms_viirs_noaa20_nrt_india.csv:1295,frp:firms_viirs_noaa20_nrt_india,1295,29.91007,74.94244,2026-09-03 20:02:00+00:00,304.52,1.02,0.0,,firms_viirs_noaa20_nrt_india.csv,,304.52,,,,1.02,0.0,,,,,,,,,,,,,,,,n,N20,N,3,3,3,3,2026-09-03 20:02:00+00:00,805.8977635774115,805.8977635774115,emergency_or_transient_fire,industrial_fire_candidate,industrial_proximity,0.72,True,{},ranking,,,,0.0,,,,
frp:firms_viirs_noaa20_nrt_india:firms_viirs_noaa20_nrt_india.csv:1296,frp:firms_viirs_noaa20_nrt_india,1296,29.91132,74.94312,2026-09-03 20:02:00+00:00,306.14,0.8,0.0,,firms_viirs_noaa20_nrt_india.csv,,306.14,,,,0.8,0.0,,,,,,,,,,,,,,,,n,N20,N,2,2,2,2,2026-09-03 20:02:00+00:00,785.7174409127717,785.7174409127717,emergency_or_transient_fire,industrial_fire_candidate,industrial_proximity,0.72,True,{},ranking,,,,0.0,,,,
frp:firms_viirs_noaa20_nrt_india:firms_viirs_noaa20_nrt_india.csv:1297,frp:firms_viirs_noaa20_nrt_india,1297,16.87099,80.02061,2026-09-03 20:04:00+00:00,306.16,2.28,0.0,,firms_viirs_noaa20_nrt_india.csv,,306.16,,,,2.28,0.0,,,,,,,,,,,,,,,,n,N20,N,1,1,1,1,2026-09-03 20:04:00+00:00,140683.58235685757,140683.58235685757,uncertain,uncertain_review_required,insufficient_evidence,0.4,False,{},ranking,,,,0.0,,,,
frp:firms_viirs_noaa20_nrt_india:firms_viirs_noaa20_nrt_india.csv:1298,frp:firms_viirs_noaa20_nrt_india,1298,17.35811,76.87943,2026-09-03 20:04:00+00:00,303.69,1.05,0.0,,firms_viirs_noaa20_nrt_india.csv,,303.69,,,,1.05,0.0,,,,,,,,,,,,,,,,n,N20,N,1,1,1,1,2026-09-03 20:04:00+00:00,449732.84974268696,449732.84974268696,uncertain,uncertain_review_required,insufficient_evidence,0.4,False,{},ranking,,,,0.0,,,,
frp:firms_viirs_noaa20_nrt_india:firms_viirs_noaa20_nrt_india.csv:1299,frp:firms_viirs_noaa20_nrt_india,1299,17.59818,83.19147,2026-09-03 20:04:00+00:00,307.48,1.29,0.0,,firms_viirs_noaa20_nrt_india.csv,,307.48,,,,1.29,0.0,,,,,,,,,,,,,,,,n,N20,N,6,6,6,6,2026-09-03 20:04:00+00:00,11933.843208131748,11933.843208131748,uncertain,uncertain_review_required,insufficient_evidence,0.4,False,{},ranking,,,,0.0,,,,
frp:firms_viirs_noaa20_nrt_india:firms_viirs_noaa20_nrt_india.csv:1300,frp:firms_viirs_noaa20_nrt_india,1300,17.60372,83.19993,2026-09-03 20:04:00+00:00,309.65,1.9,0.0,,firms_viirs_noaa20_nrt_india.csv,,309.65,,,,1.9,0.0,,,,,,,,,,,,,,,,n,N20,N,3,3,3,3,2026-09-03 20:04:00+00:00,10990.686760764704,10990.686760764704,uncertain,uncertain_review_required,insufficient_evidence,0.4,False,{},ranking,,,,0.0,,,,
frp:firms_viirs_noaa20_nrt_india:firms_viirs_noaa20_nrt_india.csv:1301,frp:firms_viirs_noaa20_nrt_india,1301,17.60705,83.20048,2026-09-03 20:04:00+00:00,314.98,2.31,0.0,,firms_viirs_noaa20_nrt_india.csv,,314.98,,,,2.31,0.0,,,,,,,,,,,,,,,,n,N20,N,4,4,4,4,2026-09-03 20:04:00+00:00,10629.571603130615,10629.571603130615,uncertain,uncertain_review_required,insufficient_evidence,0.4,False,{},ranking,,,,0.0,,,,
frp:firms_viirs_noaa20_nrt_india:firms_viirs_noaa20_nrt_india.csv:1302,frp:firms_viirs_noaa20_nrt_india,1302,17.60983,83.20471,2026-09-03 20:04:00+00:00,326.65,2.31,0.0,,firms_viirs_noaa20_nrt_india.csv,,326.65,,,,2.31,0.0,,,,,,,,,,,,,,,,n,N20,N,5,5,5,5,2026-09-03 20:04:00+00:00,10164.852546413373,10164.852546413373,uncertain,uncertain_review_required,insufficient_evidence,0.4,False,{},ranking,,,,0.0,,,,
frp:firms_viirs_noaa20_nrt_india:firms_viirs_noaa20_nrt_india.csv:1303,frp:firms_viirs_noaa20_nrt_india,1303,17.69188,83.24426,2026-09-03 20:04:00+00:00,318.58,1.77,0.0,,firms_viirs_noaa20_nrt_india.csv,,318.58,,,,1.77,0.0,,,,,,,,,,,,,,,,n,N20,N,0,0,0,0,2026-09-03 20:04:00+00:00,286.1539826097658,286.1539826097658,emergency_or_transient_fire,industrial_fire_candidate,industrial_proximity,0.72,True,{},ranking,,,,0.0,,,,
frp:firms_viirs_noaa20_nrt_india:firms_viirs_noaa20_nrt_india.csv:1304,frp:firms_viirs_noaa20_nrt_india,1304,17.96308,83.15963,2026-09-03 20:04:00+00:00,306.04,1.55,0.0,,firms_viirs_noaa20_nrt_india.csv,,306.04,,,,1.55,0.0,,,,,,,,,,,,,,,,n,N20,N,0,0,0,0,2026-09-03 20:04:00+00:00,31196.74545894842,31196.74545894842,uncertain,uncertain_review_required,insufficient_evidence,0.4,False,{},ranking,,,,0.0,,,,
frp:firms_viirs_noaa20_nrt_india:firms_viirs_noaa20_nrt_india.csv:1305,frp:firms_viirs_noaa20_nrt_india,1305,9.54893,77.52233,2026-09-03 20:06:00+00:00,328.06,3.0,0.0,,firms_viirs_noaa20_nrt_india.csv,,328.06,,,,3.0,0.0,,,,,,,,,,,,,,,,n,N20,N,33,33,33,33,2026-09-03 20:06:00+00:00,132100.6863549609,132100.6863549609,uncertain,uncertain_review_required,insufficient_evidence,0.4,False,{},ranking,,,,0.0,,,,
frp:firms_viirs_noaa20_nrt_india:firms_viirs_noaa20_nrt_india.csv:1306,frp:firms_viirs_noaa20_nrt_india,1306,9.54934,77.51951,2026-09-03 20:06:00+00:00,315.78,2.15,0.0,,firms_viirs_noaa20_nrt_india.csv,,315.78,,,,2.15,0.0,,,,,,,,,,,,,,,,n,N20,N,31,31,31,31,2026-09-03 20:06:00+00:00,131795.0509699097,131795.0509699097,uncertain,uncertain_review_required,insufficient_evidence,0.4,False,{},ranking,,,,0.0,,,,
frp:firms_viirs_noaa20_nrt_india:firms_viirs_noaa20_nrt_india.csv:1307,frp:firms_viirs_noaa20_nrt_india,1307,9.55857,77.51196,2026-09-03 20:06:00+00:00,300.32,0.19,0.0,,firms_viirs_noaa20_nrt_india.csv,,300.32,,,,0.19,0.0,,,,,,,,,,,,,,,,n,N20,N,31,31,31,31,2026-09-03 20:06:00+00:00,130662.01543296754,130662.01543296754,uncertain,uncertain_review_required,insufficient_evidence,0.4,False,{},ranking,,,,0.0,,,,
frp:firms_viirs_noaa20_nrt_india:firms_viirs_noaa20_nrt_india.csv:1308,frp:firms_viirs_noaa20_nrt_india,1308,9.73645,77.55113,2026-09-03 20:06:00+00:00,310.68,1.08,0.0,,firms_viirs_noaa20_nrt_india.csv,,310.68,,,,1.08,0.0,,,,,,,,,,,,,,,,n,N20,N,0,0,0,0,2026-09-03 20:06:00+00:00,129424.25402204288,129424.25402204288,uncertain,uncertain_review_required,insufficient_evidence,0.4,False,{},ranking,,,,0.0,,,,
frp:firms_viirs_noaa20_nrt_india:firms_viirs_noaa20_nrt_india.csv:1309,frp:firms_viirs_noaa20_nrt_india,1309,10.61815,77.42112,2026-09-03 20:06:00+00:00,308.73,0.77,0.0,,firms_viirs_noaa20_nrt_india.csv,,308.73,,,,0.77,0.0,,,,,,,,,,,,,,,,n,N20,N,0,0,0,0,2026-09-03 20:06:00+00:00,134116.97904162898,134116.97904162898,uncertain,uncertain_review_required,insufficient_evidence,0.4,False,{},ranking,,,,0.0,,,,
frp:firms_viirs_noaa20_nrt_india:firms_viirs_noaa20_nrt_india.csv:1310,frp:firms_viirs_noaa20_nrt_india,1310,11.17709,79.08981,2026-09-03 20:06:00+00:00,308.03,0.88,0.0,,firms_viirs_noaa20_nrt_india.csv,,308.03,,,,0.88,0.0,,,,,,,,,,,,,,,,n,N20,N,3,3,3,3,2026-09-03 20:06:00+00:00,46905.703491264285,46905.703491264285,uncertain,uncertain_review_required,insufficient_evidence,0.4,False,{},ranking,,,,0.0,,,,
frp:firms_viirs_noaa20_nrt_india:firms_viirs_noaa20_nrt_india.csv:1311,frp:firms_viirs_noaa20_nrt_india,1311,13.412,78.25958,2026-09-03 20:06:00+00:00,303.36,0.43,0.0,,firms_viirs_noaa20_nrt_india.csv,,303.36,,,,0.43,0.0,,,,,,,,,,,,,,,,n,N20,N,0,0,0,0,2026-09-03 20:06:00+00:00,220902.41282942184,220902.41282942184,uncertain,uncertain_review_required,insufficient_evidence,0.4,False,{},ranking,,,,0.0,,,,
frp:firms_viirs_noaa20_nrt_india:firms_viirs_noaa20_nrt_india.csv:1312,frp:firms_viirs_noaa20_nrt_india,1312,15.02147,78.0108,2026-09-03 20:06:00+00:00,299.92,1.15,0.0,,firms_viirs_noaa20_nrt_india.csv,,299.92,,,,1.15,0.0,,,,,,,,,,,,,,,,n,N20,N,2,2,2,2,2026-09-03 20:06:00+00:00,316779.58997432824,316779.58997432824,uncertain,uncertain_review_required,insufficient_evidence,0.4,False,{},ranking,,,,0.0,,,,
frp:firms_viirs_noaa20_nrt_india:firms_viirs_noaa20_nrt_india.csv:1313,frp:firms_viirs_noaa20_nrt_india,1313,15.02509,78.01545,2026-09-03 20:06:00+00:00,308.47,1.15,0.0,,firms_viirs_noaa20_nrt_india.csv,,308.47,,,,1.15,0.0,,,,,,,,,,,,,,,,n,N20,N,1,1,1,1,2026-09-03 20:06:00+00:00,316625.18552486366,316625.18552486366,uncertain,uncertain_review_required,insufficient_evidence,0.4,False,{},ranking,,,,0.0,,,,
frp:firms_viirs_noaa20_nrt_india:firms_viirs_noaa20_nrt_india.csv:1314,frp:firms_viirs_noaa20_nrt_india,1314,15.06992,76.86325,2026-09-03 20:06:00+00:00,298.07,1.13,0.0,,firms_viirs_noaa20_nrt_india.csv,,298.07,,,,1.13,0.0,,,,,,,,,,,,,,,,n,N20,N,0,0,0,0,2026-09-03 20:06:00+00:00,315498.13662516774,315498.13662516774,uncertain,uncertain_review_required,insufficient_evidence,0.4,False,{},ranking,,,,0.0,,,,
frp:firms_viirs_noaa20_nrt_india:firms_viirs_noaa20_nrt_india.csv:1315,frp:firms_viirs_noaa20_nrt_india,1315,15.13724,76.70645,2026-09-03 20:06:00+00:00,303.86,0.62,0.0,,firms_viirs_noaa20_nrt_india.csv,,303.86,,,,0.62,0.0,,,,,,,,,,,,,,,,n,N20,N,2,2,2,2,2026-09-03 20:06:00+00:00,309863.5082485372,309863.5082485372,uncertain,uncertain_review_required,insufficient_evidence,0.4,False,{},ranking,,,,0.0,,,,
frp:firms_viirs_noaa20_nrt_india:firms_viirs_noaa20_nrt_india.csv:1316,frp:firms_viirs_noaa20_nrt_india,1316,15.17367,76.78399,2026-09-03 20:06:00+00:00,303.2,1.27,0.0,,firms_viirs_noaa20_nrt_india.csv,,303.2,,,,1.27,0.0,,,,,,,,,,,,,,,,n,N20,N,2,2,2,2,2026-09-03 20:06:00+00:00,318348.62110823335,318348.62110823335,uncertain,uncertain_review_required,insufficient_evidence,0.4,False,{},ranking,,,,0.0,,,,
frp:firms_viirs_noaa20_nrt_india:firms_viirs_noaa20_nrt_india.csv:1317,frp:firms_viirs_noaa20_nrt_india,1317,15.17583,76.65791,2026-09-03 20:06:00+00:00,312.3,3.54,0.0,,firms_viirs_noaa20_nrt_india.csv,,312.3,,,,3.54,0.0,,,,,,,,,,,,,,,,n,N20,N,41,41,41,41,2026-09-03 20:06:00+00:00,309858.36482517835,309858.36482517835,uncertain,uncertain_review_required,insufficient_evidence,0.4,False,{},ranking,,,,0.0,,,,
frp:firms_viirs_noaa20_nrt_india:firms_viirs_noaa20_nrt_india.csv:1318,frp:firms_viirs_noaa20_nrt_india,1318,15.17644,76.6531,2026-09-03 20:06:00+00:00,311.26,2.15,0.0,,firms_viirs_noaa20_nrt_india.csv,,311.26,,,,2.15,0.0,,,,,,,,,,,,,,,,n,N20,N,36,36,36,36,2026-09-03 20:06:00+00:00,309587.39450306474,309587.39450306474,uncertain,uncertain_review_required,insufficient_evidence,0.4,False,{},ranking,,,,0.0,,,,
frp:firms_viirs_noaa20_nrt_india:firms_viirs_noaa20_nrt_india.csv:1319,frp:firms_viirs_noaa20_nrt_india,1319,15.17711,77.10126,2026-09-03 20:06:00+00:00,300.53,0.93,0.0,,firms_viirs_noaa20_nrt_india.csv,,300.53,,,,0.93,0.0,,,,,,,,,,,,,,,,n,N20,N,0,0,0,0,2026-09-03 20:06:00+00:00,341875.57480178034,341875.57480178034,uncertain,uncertain_review_required,insufficient_evidence,0.4,False,{},ranking,,,,0.0,,,,
frp:firms_viirs_noaa20_nrt_india:firms_viirs_noaa20_nrt_india.csv:1320,frp:firms_viirs_noaa20_nrt_india,1320,15.18254,76.67829,2026-09-03 20:06:00+00:00,306.64,2.6,0.0,,firms_viirs_noaa20_nrt_india.csv,,306.64,,,,2.6,0.0,,,,,,,,,,,,,,,,n,N20,N,37,37,37,37,2026-09-03 20:06:00+00:00,311814.74105891434,311814.74105891434,uncertain,uncertain_review_required,insufficient_evidence,0.4,False,{},ranking,,,,0.0,,,,
frp:firms_viirs_noaa20_nrt_india:firms_viirs_noaa20_nrt_india.csv:1321,frp:firms_viirs_noaa20_nrt_india,1321,15.18315,76.67349,2026-09-03 20:06:00+00:00,309.9,3.3,0.0,,firms_viirs_noaa20_nrt_india.csv,,309.9,,,,3.3,0.0,,,,,,,,,,,,,,,,n,N20,N,38,38,38,38,2026-09-03 20:06:00+00:00,311542.65740826505,311542.65740826505,uncertain,uncertain_review_required,insufficient_evidence,0.4,False,{},ranking,,,,0.0,,,,
frp:firms_viirs_noaa20_nrt_india:firms_viirs_noaa20_nrt_india.csv:1322,frp:firms_viirs_noaa20_nrt_india,1322,15.18376,76.66869,2026-09-03 20:06:00+00:00,317.37,3.3,0.0,,firms_viirs_noaa20_nrt_india.csv,,317.37,,,,3.3,0.0,,,,,,,,,,,,,,,,n,N20,N,39,39,39,39,2026-09-03 20:06:00+00:00,311271.2132892927,311271.2132892927,uncertain,uncertain_review_required,insufficient_evidence,0.4,False,{},ranking,,,,0.0,,,,
frp:firms_viirs_noaa20_nrt_india:firms_viirs_noaa20_nrt_india.csv:1323,frp:firms_viirs_noaa20_nrt_india,1323,15.18437,76.66389,2026-09-03 20:06:00+00:00,316.88,4.2,0.0,,firms_viirs_noaa20_nrt_india.csv,,316.88,,,,4.2,0.0,,,,,,,,,,,,,,,,n,N20,N,40,40,40,40,2026-09-03 20:06:00+00:00,311000.41036965407,311000.41036965407,uncertain,uncertain_review_required,insufficient_evidence,0.4,False,{},ranking,,,,0.0,,,,
frp:firms_viirs_noaa20_nrt_india:firms_viirs_noaa20_nrt_india.csv:1324,frp:firms_viirs_noaa20_nrt_india,1324,15.22415,76.75953,2026-09-03 20:06:00+00:00,308.39,1.9,0.0,,firms_viirs_noaa20_nrt_india.csv,,308.39,,,,1.9,0.0,,,,,,,,,,,,,,,,n,N20,N,1,1,1,1,2026-09-03 20:06:00+00:00,320928.39871930185,320928.39871930185,uncertain,uncertain_review_required,insufficient_evidence,0.4,False,{},ranking,,,,0.0,,,,
frp:firms_viirs_noaa20_nrt_india:firms_viirs_noaa20_nrt_india.csv:1325,frp:firms_viirs_noaa20_nrt_india,1325,15.2287,76.76014,2026-09-03 20:06:00+00:00,318.43,1.69,0.0,,firms_viirs_noaa20_nrt_india.csv,,318.43,,,,1.69,0.0,,,,,,,,,,,,,,,,n,N20,N,2,2,2,2,2026-09-03 20:06:00+00:00,321358.97183564893,321358.97183564893,uncertain,uncertain_review_required,insufficient_evidence,0.4,False,{},ranking,,,,0.0,,,,
frp:firms_viirs_noaa20_nrt_india:firms_viirs_noaa20_nrt_india.csv:1326,frp:firms_viirs_noaa20_nrt_india,1326,6.81165,81.62,2026-09-03 20:08:00+00:00,316.81,0.8,0.0,,firms_viirs_noaa20_nrt_india.csv,,316.81,,,,0.8,0.0,,,,,,,,,,,,,,,,n,N20,N,9,9,9,9,2026-09-03 20:08:00+00:00,184380.58225010592,184380.58225010592,uncertain,uncertain_review_required,insufficient_evidence,0.4,False,{},ranking,,,,0.0,,,,
frp:firms_viirs_noaa20_nrt_india:firms_viirs_noaa20_nrt_india.csv:1327,frp:firms_viirs_noaa20_nrt_india,1327,6.81495,81.62053,2026-09-03 20:08:00+00:00,305.42,0.8,0.0,,firms_viirs_noaa20_nrt_india.csv,,305.42,,,,0.8,0.0,,,,,,,,,,,,,,,,n,N20,N,7,7,7,7,2026-09-03 20:08:00+00:00,184405.80096291835,184405.80096291835,uncertain,uncertain_review_required,insufficient_evidence,0.4,False,{},ranking,,,,0.0,,,,
frp:firms_viirs_noaa20_nrt_india:firms_viirs_noaa20_nrt_india.csv:1328,frp:firms_viirs_noaa20_nrt_india,1328,6.81549,81.61707,2026-09-03 20:08:00+00:00,309.32,1.05,0.0,,firms_viirs_noaa20_nrt_india.csv,,309.32,,,,1.05,0.0,,,,,,,,,,,,,,,,n,N20,N,8,8,8,8,2026-09-03 20:08:00+00:00,184019.95585953834,184019.95585953834,uncertain,uncertain_review_required,insufficient_evidence,0.4,False,{},ranking,,,,0.0,,,,
frp:firms_viirs_noaa20_nrt_india:firms_viirs_noaa20_nrt_india.csv:1329,frp:firms_viirs_noaa20_nrt_india,1329,6.82885,81.33916,2026-09-03 20:08:00+00:00,322.19,2.22,0.0,,firms_viirs_noaa20_nrt_india.csv,,322.19,,,,2.22,0.0,,,,,,,,,,,,,,,,n,N20,N,2,2,2,2,2026-09-03 20:08:00+00:00,153330.67658754208,153330.67658754208,uncertain,uncertain_review_required,insufficient_evidence,0.4,False,{},ranking,,,,0.0,,,,
frp:firms_viirs_noaa20_nrt_india:firms_viirs_noaa20_nrt_india.csv:1330,frp:firms_viirs_noaa20_nrt_india,1330,6.8327,81.33623,2026-09-03 20:08:00+00:00,310.17,0.89,0.0,,firms_viirs_noaa20_nrt_india.csv,,310.17,,,,0.89,0.0,,,,,,,,,,,,,,,,n,N20,N,1,1,1,1,2026-09-03 20:08:00+00:00,152967.9236026084,152967.9236026084,uncertain,uncertain_review_required,insufficient_evidence,0.4,False,{},ranking,,,,0.0,,,,
frp:firms_viirs_noaa20_nrt_india:firms_viirs_noaa20_nrt_india.csv:1331,frp:firms_viirs_noaa20_nrt_india,1331,7.38341,80.83238,2026-09-03 20:08:00+00:00,302.19,0.95,0.0,,firms_viirs_noaa20_nrt_india.csv,,302.19,,,,0.95,0.0,,,,,,,,,,,,,,,,n,N20,N,2,2,2,2,2026-09-03 20:08:00+00:00,107502.11224056905,107502.11224056905,uncertain,uncertain_review_required,insufficient_evidence,0.4,False,{},ranking,,,,0.0,,,,
frp:firms_viirs_noaa20_nrt_india:firms_viirs_noaa20_nrt_india.csv:1332,frp:firms_viirs_noaa20_nrt_india,1332,8.26514,80.19796,2026-09-03 20:08:00+00:00,315.75,2.41,0.0,,firms_viirs_noaa20_nrt_india.csv,,315.75,,,,2.41,0.0,,,,,,,,,,,,,,,,n,N20,N,11,11,11,11,2026-09-03 20:08:00+00:00,147563.04403921516,147563.04403921516,uncertain,uncertain_review_required,insufficient_evidence,0.4,False,{},ranking,,,,0.0,,,,
frp:firms_viirs_noaa20_nrt_india:firms_viirs_noaa20_nrt_india.csv:1333,frp:firms_viirs_noaa20_nrt_india,1333,8.26856,80.19849,2026-09-03 20:08:00+00:00,324.56,2.07,0.0,,firms_viirs_noaa20_nrt_india.csv,,324.56,,,,2.07,0.0,,,,,,,,,,,,,,,,n,N20,N,10,10,10,10,2026-09-03 20:08:00+00:00,147947.61060321648,147947.61060321648,uncertain,uncertain_review_required,insufficient_evidence,0.4,False,{},ranking,,,,0.0,,,,
frp:firms_viirs_noaa20_nrt_india:firms_viirs_noaa20_nrt_india.csv:1334,frp:firms_viirs_noaa20_nrt_india,1334,8.29983,81.0357,2026-09-03 20:08:00+00:00,306.92,0.73,0.0,,firms_viirs_noaa20_nrt_india.csv,,306.92,,,,0.73,0.0,,,,,,,,,,,,,,,,n,N20,N,10,10,10,10,2026-09-03 20:08:00+00:00,190651.23924172934,190651.23924172934,uncertain,uncertain_review_required,insufficient_evidence,0.4,False,{},ranking,,,,0.0,,,,
frp:firms_viirs_noaa20_nrt_india:firms_viirs_noaa20_nrt_india.csv:1335,frp:firms_viirs_noaa20_nrt_india,1335,8.57341,80.40363,2026-09-03 20:08:00+00:00,308.8,1.53,0.0,,firms_viirs_noaa20_nrt_india.csv,,308.8,,,,1.53,0.0,,,,,,,,,,,,,,,,n,N20,N,7,7,7,7,2026-09-03 20:08:00+00:00,186061.56211165263,186061.56211165263,uncertain,uncertain_review_required,insufficient_evidence,0.4,False,{},ranking,,,,0.0,,,,
frp:firms_viirs_noaa20_nrt_india:firms_viirs_noaa20_nrt_india.csv:1336,frp:firms_viirs_noaa20_nrt_india,1336,8.62789,80.36659,2026-09-03 20:08:00+00:00,306.31,1.72,0.0,,firms_viirs_noaa20_nrt_india.csv,,306.31,,,,1.72,0.0,,,,,,,,,,,,,,,,n,N20,N,3,3,3,3,2026-09-03 20:08:00+00:00,190902.42716776062,190902.42716776062,uncertain,uncertain_review_required,insufficient_evidence,0.4,False,{},ranking,,,,0.0,,,,
frp:firms_viirs_noaa20_nrt_india:firms_viirs_noaa20_nrt_india.csv:1337,frp:firms_viirs_noaa20_nrt_india,1337,8.75604,80.98608,2026-09-03 20:08:00+00:00,313.55,1.08,0.0,,firms_viirs_noaa20_nrt_india.csv,,313.55,,,,1.08,0.0,,,,,,,,,,,,,,,,n,N20,N,3,3,3,3,2026-09-03 20:08:00+00:00,229680.05831784054,229680.05831784054,uncertain,uncertain_review_required,insufficient_evidence,0.4,False,{},ranking,,,,0.0,,,,
frp:firms_viirs_noaa20_nrt_india:firms_viirs_noaa20_nrt_india.csv:1338,frp:firms_viirs_noaa20_nrt_india,1338,32.64611,72.97604,2026-09-03 21:40:00+00:00,305.0,1.06,0.0,,firms_viirs_noaa20_nrt_india.csv,,305.0,,,,1.06,0.0,,,,,,,,,,,,,,,,n,N20,N,0,0,0,0,2026-09-03 21:40:00+00:00,48050.83728037452,48050.83728037452,uncertain,uncertain_review_required,insufficient_evidence,0.4,False,{},ranking,,,,0.0,,,,
frp:firms_viirs_noaa20_nrt_india:firms_viirs_noaa20_nrt_india.csv:1339,frp:firms_viirs_noaa20_nrt_india,1339,32.72236,72.92319,2026-09-03 21:40:00+00:00,303.06,0.9,0.0,,firms_viirs_noaa20_nrt_india.csv,,303.06,,,,0.9,0.0,,,,,,,,,,,,,,,,n,N20,N,1,1,1,1,2026-09-03 21:40:00+00:00,43008.51050728307,43008.51050728307,uncertain,uncertain_review_required,insufficient_evidence,0.4,False,{},ranking,,,,0.0,,,,
frp:firms_viirs_noaa20_nrt_india:firms_viirs_noaa20_nrt_india.csv:1340,frp:firms_viirs_noaa20_nrt_india,1340,32.88735,71.617,2026-09-03 21:40:00+00:00,307.21,3.17,0.0,,firms_viirs_noaa20_nrt_india.csv,,307.21,,,,3.17,0.0,,,,,,,,,,,,,,,,n,N20,N,7,7,7,7,2026-09-03 21:40:00+00:00,24634.78604246471,24634.78604246471,uncertain,uncertain_review_required,insufficient_evidence,0.4,False,{},ranking,,,,0.0,,,,
frp:firms_viirs_noaa20_nrt_india:firms_viirs_noaa20_nrt_india.csv:1341,frp:firms_viirs_noaa20_nrt_india,1341,33.29866,71.1848,2026-09-03 21:40:00+00:00,308.47,1.0,0.0,,firms_viirs_noaa20_nrt_india.csv,,308.47,,,,1.0,0.0,,,,,,,,,,,,,,,,n,N20,N,8,8,8,8,2026-09-03 21:40:00+00:00,440.0747599783831,440.0747599783831,emergency_or_transient_fire,industrial_fire_candidate,industrial_proximity,0.72,True,{},ranking,,,,0.0,,,,
frp:firms_viirs_noaa20_nrt_india:firms_viirs_noaa20_nrt_india.csv:1342,frp:firms_viirs_noaa20_nrt_india,1342,38.05102,67.26772,2026-09-03 21:40:00+00:00,309.46,7.19,0.0,,firms_viirs_noaa20_nrt_india.csv,,309.46,,,,7.19,0.0,,,,,,,,,,,,,,,,n,N20,N,36,36,36,36,2026-09-03 21:40:00+00:00,76470.64341201299,76470.64341201299,uncertain,uncertain_review_required,insufficient_evidence,0.4,False,{},ranking,,,,0.0,,,,
frp:firms_viirs_noaa20_nrt_india:firms_viirs_noaa20_nrt_india.csv:1343,frp:firms_viirs_noaa20_nrt_india,1343,38.0519,67.26297,2026-09-03 21:40:00+00:00,329.78,7.19,0.0,,firms_viirs_noaa20_nrt_india.csv,,329.78,,,,7.19,0.0,,,,,,,,,,,,,,,,n,N20,N,37,37,37,37,2026-09-03 21:40:00+00:00,76084.9150244076,76084.9150244076,uncertain,uncertain_review_required,insufficient_evidence,0.4,False,{},ranking,,,,0.0,,,,
frp:firms_viirs_noaa20_nrt_india:firms_viirs_noaa20_nrt_india.csv:1344,frp:firms_viirs_noaa20_nrt_india,1344,25.94266,72.1937,2026-09-03 21:42:00+00:00,315.55,1.66,0.0,,firms_viirs_noaa20_nrt_india.csv,,315.55,,,,1.66,0.0,,,,,,,,,,,,,,,,n,N20,N,5,5,5,5,2026-09-03 21:42:00+00:00,69440.56303905163,69440.56303905163,uncertain,uncertain_review_required,insufficient_evidence,0.4,False,{},ranking,,,,0.0,,,,
frp:firms_viirs_noaa20_nrt_india:firms_viirs_noaa20_nrt_india.csv:1345,frp:firms_viirs_noaa20_nrt_india,1345,25.94423,72.19559,2026-09-03 21:42:00+00:00,310.82,1.92,0.0,,firms_viirs_noaa20_nrt_india.csv,,310.82,,,,1.92,0.0,,,,,,,,,,,,,,,,n,N20,N,6,6,6,6,2026-09-03 21:42:00+00:00,69632.7933944937,69632.7933944937,uncertain,uncertain_review_required,insufficient_evidence,0.4,False,{},ranking,,,,0.0,,,,
frp:firms_viirs_noaa20_nrt_india:firms_viirs_noaa20_nrt_india.csv:1346,frp:firms_viirs_noaa20_nrt_india,1346,28.42469,69.70127,2026-09-03 21:42:00+00:00,308.89,1.58,0.0,,firms_viirs_noaa20_nrt_india.csv,,308.89,,,,1.58,0.0,,,,,,,,,,,,,,,,n,N20,N,8,8,8,8,2026-09-03 21:42:00+00:00,42805.181419332876,42805.181419332876,uncertain,uncertain_review_required,insufficient_evidence,0.4,False,{},ranking,,,,0.0,,,,
frp:firms_viirs_noaa20_nrt_india:firms_viirs_noaa20_nrt_india.csv:1347,frp:firms_viirs_noaa20_nrt_india,1347,29.47193,76.86103,2026-09-03 21:42:00+00:00,313.99,3.16,0.0,,firms_viirs_noaa20_nrt_india.csv,,313.99,,,,3.16,0.0,,,,,,,,,,,,,,,,n,N20,N,12,12,12,12,2026-09-03 21:42:00+00:00,504.62841662912484,504.62841662912484,persistent_or_non_emergency_heat,persistent_industrial_heat_or_flare,known_flare_and_persistence,0.9,True,{},ranking,,,,0.0,,,,
frp:firms_viirs_noaa20_nrt_india:firms_viirs_noaa20_nrt_india.csv:1348,frp:firms_viirs_noaa20_nrt_india,1348,29.47375,76.85448,2026-09-03 21:42:00+00:00,316.52,3.16,0.0,,firms_viirs_noaa20_nrt_india.csv,,316.52,,,,3.16,0.0,,,,,,,,,,,,,,,,n,N20,N,14,14,14,14,2026-09-03 21:42:00+00:00,394.8255258719721,394.8255258719721,persistent_or_non_emergency_heat,persistent_industrial_heat_or_flare,known_flare_and_persistence,0.9,True,{},ranking,,,,0.0,,,,
frp:firms_viirs_noaa20_nrt_india:firms_viirs_noaa20_nrt_india.csv:1349,frp:firms_viirs_noaa20_nrt_india,1349,29.47733,76.8575,2026-09-03 21:42:00+00:00,334.66,5.4,0.0,,firms_viirs_noaa20_nrt_india.csv,,334.66,,,,5.4,0.0,,,,,,,,,,,,,,,,n,N20,N,13,13,13,13,2026-09-03 21:42:00+00:00,197.60601656679367,197.60601656679367,persistent_or_non_emergency_heat,persistent_industrial_heat_or_flare,known_flare_and_persistence,0.9,True,{},ranking,,,,0.0,,,,
frp:firms_viirs_noaa20_nrt_india:firms_viirs_noaa20_nrt_india.csv:1350,frp:firms_viirs_noaa20_nrt_india,1350,29.90804,74.94972,2026-09-03 21:42:00+00:00,304.42,0.96,0.0,,firms_viirs_noaa20_nrt_india.csv,,304.42,,,,0.96,0.0,,,,,,,,,,,,,,,,n,N20,N,4,4,4,4,2026-09-03 21:42:00+00:00,101.88523404815571,101.88523404815571,emergency_or_transient_fire,industrial_fire_candidate,industrial_proximity,0.72,True,{},ranking,,,,0.0,,,,
frp:firms_viirs_noaa20_nrt_india:firms_viirs_noaa20_nrt_india.csv:1351,frp:firms_viirs_noaa20_nrt_india,1351,20.36032,72.94863,2026-09-03 21:44:00+00:00,300.96,1.27,0.0,,firms_viirs_noaa20_nrt_india.csv,,300.96,,,,1.27,0.0,,,,,,,,,,,,,,,,n,N20,N,2,2,2,2,2026-09-03 21:44:00+00:00,90825.33162264829,90825.33162264829,uncertain,uncertain_review_required,insufficient_evidence,0.4,False,{},ranking,,,,0.0,,,,
frp:firms_viirs_noaa20_nrt_india:firms_viirs_noaa20_nrt_india.csv:1352,frp:firms_viirs_noaa20_nrt_india,1352,21.10505,72.65266,2026-09-03 21:44:00+00:00,303.05,1.48,0.0,,firms_viirs_noaa20_nrt_india.csv,,303.05,,,,1.48,0.0,,,,,,,,,,,,,,,,n,N20,N,27,27,27,27,2026-09-03 21:44:00+00:00,10324.289946507897,10324.289946507897,uncertain,uncertain_review_required,insufficient_evidence,0.4,False,{},ranking,,,,0.0,,,,
frp:firms_viirs_noaa20_nrt_india:firms_viirs_noaa20_nrt_india.csv:1353,frp:firms_viirs_noaa20_nrt_india,1353,21.10634,72.64722,2026-09-03 21:44:00+00:00,303.47,1.48,0.0,,firms_viirs_noaa20_nrt_india.csv,,303.47,,,,1.48,0.0,,,,,,,,,,,,,,,,n,N20,N,29,29,29,29,2026-09-03 21:44:00+00:00,10741.310353890976,10741.310353890976,uncertain,uncertain_review_required,insufficient_evidence,0.4,False,{},ranking,,,,0.0,,,,
frp:firms_viirs_noaa20_nrt_india:firms_viirs_noaa20_nrt_india.csv:1354,frp:firms_viirs_noaa20_nrt_india,1354,21.1091,72.64794,2026-09-03 21:44:00+00:00,303.32,1.64,0.0,,firms_viirs_noaa20_nrt_india.csv,,303.32,,,,1.64,0.0,,,,,,,,,,,,,,,,n,N20,N,28,28,28,28,2026-09-03 21:44:00+00:00,10530.160805629837,10530.160805629837,uncertain,uncertain_review_required,insufficient_evidence,0.4,False,{},ranking,,,,0.0,,,,
frp:firms_viirs_noaa20_nrt_india:firms_viirs_noaa20_nrt_india.csv:1355,frp:firms_viirs_noaa20_nrt_india,1355,21.11042,72.64252,2026-09-03 21:44:00+00:00,302.58,1.64,0.0,,firms_viirs_noaa20_nrt_india.csv,,302.58,,,,1.64,0.0,,,,,,,,,,,,,,,,n,N20,N,30,30,30,30,2026-09-03 21:44:00+00:00,10967.117675564163,10967.117675564163,uncertain,uncertain_review_required,insufficient_evidence,0.4,False,{},ranking,,,,0.0,,,,
frp:firms_viirs_noaa20_nrt_india:firms_viirs_noaa20_nrt_india.csv:1356,frp:firms_viirs_noaa20_nrt_india,1356,21.16396,72.66865,2026-09-03 21:44:00+00:00,320.12,2.07,0.0,,firms_viirs_noaa20_nrt_india.csv,,320.12,,,,2.07,0.0,,,,,,,,,,,,,,,,n,N20,N,9,9,9,9,2026-09-03 21:44:00+00:00,7283.3261851915195,7283.3261851915195,uncertain,uncertain_review_required,insufficient_evidence,0.4,False,{},ranking,,,,0.0,,,,
frp:firms_viirs_noaa20_nrt_india:firms_viirs_noaa20_nrt_india.csv:1357,frp:firms_viirs_noaa20_nrt_india,1357,21.1702,72.67035,2026-09-03 21:44:00+00:00,302.88,2.07,0.0,,firms_viirs_noaa20_nrt_india.csv,,302.88,,,,2.07,0.0,,,,,,,,,,,,,,,,n,N20,N,8,8,8,8,2026-09-03 21:44:00+00:00,7260.575950326882,7260.575950326882,uncertain,uncertain_review_required,insufficient_evidence,0.4,False,{},ranking,,,,0.0,,,,
frp:firms_viirs_noaa20_nrt_india:firms_viirs_noaa20_nrt_india.csv:1358,frp:firms_viirs_noaa20_nrt_india,1358,23.49735,68.57843,2026-09-03 21:44:00+00:00,305.16,1.13,0.0,,firms_viirs_noaa20_nrt_india.csv,,305.16,,,,1.13,0.0,,,,,,,,,,,,,,,,n,N20,N,1,1,1,1,2026-09-03 21:44:00+00:00,119964.20193745593,119964.20193745593,uncertain,uncertain_review_required,insufficient_evidence,0.4,False,{},ranking,,,,0.0,,,,
frp:firms_viirs_noaa20_nrt_india:firms_viirs_noaa20_nrt_india.csv:1359,frp:firms_viirs_noaa20_nrt_india,1359,4.25164,96.12012,2026-09-04 07:09:00+00:00,341.44,4.27,0.0,,firms_viirs_noaa20_nrt_india.csv,,341.44,,,,4.27,0.0,,,,,,,,,,,,,,,,n,N20,D,27,27,27,27,2026-09-04 07:09:00+00:00,150985.54486828315,150985.54486828315,uncertain,uncertain_review_required,insufficient_evidence,0.4,False,{},ranking,,,,0.0,,,,
frp:firms_viirs_noaa20_nrt_india:firms_viirs_noaa20_nrt_india.csv:1360,frp:firms_viirs_noaa20_nrt_india,1360,4.25448,96.11596,2026-09-04 07:09:00+00:00,332.13,6.38,0.0,,firms_viirs_noaa20_nrt_india.csv,,332.13,,,,6.38,0.0,,,,,,,,,,,,,,,,n,N20,D,25,25,25,25,2026-09-04 07:09:00+00:00,151082.12889618677,151082.12889618677,uncertain,uncertain_review_required,insufficient_evidence,0.4,False,{},ranking,,,,0.0,,,,
frp:firms_viirs_noaa20_nrt_india:firms_viirs_noaa20_nrt_india.csv:1361,frp:firms_viirs_noaa20_nrt_india,1361,4.25504,96.11962,2026-09-04 07:09:00+00:00,343.65,4.27,0.0,,firms_viirs_noaa20_nrt_india.csv,,343.65,,,,4.27,0.0,,,,,,,,,,,,,,,,n,N20,D,24,24,24,24,2026-09-04 07:09:00+00:00,150753.67421149713,150753.67421149713,uncertain,uncertain_review_required,insufficient_evidence,0.4,False,{},ranking,,,,0.0,,,,
frp:firms_viirs_noaa20_nrt_india:firms_viirs_noaa20_nrt_india.csv:1362,frp:firms_viirs_noaa20_nrt_india,1362,4.25512,96.11546,2026-09-04 07:09:00+00:00,330.29,3.9,0.0,,firms_viirs_noaa20_nrt_india.csv,,330.29,,,,3.9,0.0,,,,,,,,,,,,,,,,n,N20,D,23,23,23,23,2026-09-04 07:09:00+00:00,151070.17686198576,151070.17686198576,uncertain,uncertain_review_required,insufficient_evidence,0.4,False,{},ranking,,,,0.0,,,,
frp:firms_viirs_noaa20_nrt_india:firms_viirs_noaa20_nrt_india.csv:1363,frp:firms_viirs_noaa20_nrt_india,1363,4.25559,96.12328,2026-09-04 07:09:00+00:00,332.52,4.27,0.0,,firms_viirs_noaa20_nrt_india.csv,,332.52,,,,4.27,0.0,,,,,,,,,,,,,,,,n,N20,D,21,21,21,21,2026-09-04 07:09:00+00:00,150426.41842960223,150426.41842960223,uncertain,uncertain_review_required,insufficient_evidence,0.4,False,{},ranking,,,,0.0,,,,
frp:firms_viirs_noaa20_nrt_india:firms_viirs_noaa20_nrt_india.csv:1364,frp:firms_viirs_noaa20_nrt_india,1364,4.25566,96.11913,2026-09-04 07:09:00+00:00,343.95,4.43,0.0,,firms_viirs_noaa20_nrt_india.csv,,343.95,,,,4.43,0.0,,,,,,,,,,,,,,,,n,N20,D,22,22,22,22,2026-09-04 07:09:00+00:00,150742.39024154344,150742.39024154344,uncertain,uncertain_review_required,insufficient_evidence,0.4,False,{},ranking,,,,0.0,,,,
frp:firms_viirs_noaa20_nrt_india:firms_viirs_noaa20_nrt_india.csv:1365,frp:firms_viirs_noaa20_nrt_india,1365,4.25621,96.12279,2026-09-04 07:09:00+00:00,330.64,4.43,0.0,,firms_viirs_noaa20_nrt_india.csv,,330.64,,,,4.43,0.0,,,,,,,,,,,,,,,,n,N20,D,26,26,26,26,2026-09-04 07:09:00+00:00,150414.99174418632,150414.99174418632,uncertain,uncertain_review_required,insufficient_evidence,0.4,False,{},ranking,,,,0.0,,,,
frp:firms_viirs_noaa20_nrt_india:firms_viirs_noaa20_nrt_india.csv:1366,frp:firms_viirs_noaa20_nrt_india,1366,5.31929,95.81129,2026-09-04 07:09:00+00:00,337.48,3.43,0.0,,firms_viirs_noaa20_nrt_india.csv,,337.48,,,,3.43,0.0,,,,,,,,,,,,,,,,n,N20,D,1,1,1,1,2026-09-04 07:09:00+00:00,139921.2510886741,139921.2510886741,uncertain,uncertain_review_required,insufficient_evidence,0.4,False,{},ranking,emergency_or_transient_fire,wildfire_or_agricultural_burn,day_fire_far_from_flare,0.65,conf=n+D+flare139921m+p90=1+frp=3.4,,,
frp:firms_viirs_noaa20_nrt_india:firms_viirs_noaa20_nrt_india.csv:1367,frp:firms_viirs_noaa20_nrt_india,1367,6.82668,81.33308,2026-09-04 07:12:00+00:00,341.49,2.93,0.0,,firms_viirs_noaa20_nrt_india.csv,,341.49,,,,2.93,0.0,,,,,,,,,,,,,,,,n,N20,D,3,3,3,3,2026-09-04 07:12:00+00:00,152686.1042753204,152686.1042753204,uncertain,uncertain_review_required,insufficient_evidence,0.4,False,{},ranking,,,,0.0,,,,
frp:firms_viirs_noaa20_nrt_india:firms_viirs_noaa20_nrt_india.csv:1368,frp:firms_viirs_noaa20_nrt_india,1368,6.82742,81.33201,2026-09-04 07:12:00+00:00,333.12,0.98,0.0,,firms_viirs_noaa20_nrt_india.csv,,333.12,,,,0.98,0.0,,,,,,,,,,,,,,,,n,N20,D,4,4,4,4,2026-09-04 07:12:00+00:00,152560.46152059996,152560.46152059996,uncertain,uncertain_review_required,insufficient_evidence,0.4,False,{},ranking,,,,0.0,,,,
frp:firms_viirs_noaa20_nrt_india:firms_viirs_noaa20_nrt_india.csv:1369,frp:firms_viirs_noaa20_nrt_india,1369,6.89503,81.66534,2026-09-04 07:12:00+00:00,333.26,15.69,0.0,,firms_viirs_noaa20_nrt_india.csv,,333.26,,,,15.69,0.0,,,,,,,,,,,,,,,,n,N20,D,1,1,1,1,2026-09-04 07:12:00+00:00,188769.02475588798,188769.02475588798,uncertain,uncertain_review_required,insufficient_evidence,0.4,False,{},ranking,emergency_or_transient_fire,wildfire_or_agricultural_burn,day_fire_far_from_flare,0.65,conf=n+D+flare188769m+p90=1+frp=15.7,,,
frp:firms_viirs_noaa20_nrt_india:firms_viirs_noaa20_nrt_india.csv:1370,frp:firms_viirs_noaa20_nrt_india,1370,6.896,81.67058,2026-09-04 07:12:00+00:00,332.33,9.7,0.0,,firms_viirs_noaa20_nrt_india.csv,,332.33,,,,9.7,0.0,,,,,,,,,,,,,,,,n,N20,D,0,0,0,0,2026-09-04 07:12:00+00:00,189342.74333732572,189342.74333732572,uncertain,uncertain_review_required,insufficient_evidence,0.4,False,{},ranking,emergency_or_transient_fire,wildfire_or_agricultural_burn,day_fire_far_from_flare,0.65,conf=n+D+flare189343m+p90=0+frp=9.7,,,
frp:firms_viirs_noaa20_nrt_india:firms_viirs_noaa20_nrt_india.csv:1371,frp:firms_viirs_noaa20_nrt_india,1371,7.16258,81.81094,2026-09-04 07:12:00+00:00,334.7,5.04,0.0,,firms_viirs_noaa20_nrt_india.csv,,334.7,,,,5.04,0.0,,,,,,,,,,,,,,,,n,N20,D,2,2,2,2,2026-09-04 07:12:00+00:00,205882.4122497784,205882.4122497784,uncertain,uncertain_review_required,insufficient_evidence,0.4,False,{},ranking,emergency_or_transient_fire,wildfire_or_agricultural_burn,day_fire_far_from_flare,0.65,conf=n+D+flare205882m+p90=2+frp=5.0,,,
frp:firms_viirs_noaa20_nrt_india:firms_viirs_noaa20_nrt_india.csv:1372,frp:firms_viirs_noaa20_nrt_india,1372,7.29266,81.13496,2026-09-04 07:12:00+00:00,333.31,7.34,0.0,,firms_viirs_noaa20_nrt_india.csv,,333.31,,,,7.34,0.0,,,,,,,,,,,,,,,,n,N20,D,4,4,4,4,2026-09-04 07:12:00+00:00,135194.40320865664,135194.40320865664,uncertain,uncertain_review_required,insufficient_evidence,0.4,False,{},ranking,,,,0.0,,,,
frp:firms_viirs_noaa20_nrt_india:firms_viirs_noaa20_nrt_india.csv:1373,frp:firms_viirs_noaa20_nrt_india,1373,7.29266,81.82796,2026-09-04 07:12:00+00:00,344.67,5.6,0.0,,firms_viirs_noaa20_nrt_india.csv,,344.67,,,,5.6,0.0,,,,,,,,,,,,,,,,n,N20,D,7,7,7,7,2026-09-04 07:12:00+00:00,209783.34582789525,209783.34582789525,uncertain,uncertain_review_required,insufficient_evidence,0.4,False,{},ranking,,,,0.0,,,,
frp:firms_viirs_noaa20_nrt_india:firms_viirs_noaa20_nrt_india.csv:1374,frp:firms_viirs_noaa20_nrt_india,1374,7.43091,81.71309,2026-09-04 07:12:00+00:00,329.71,6.07,0.0,,firms_viirs_noaa20_nrt_india.csv,,329.71,,,,6.07,0.0,,,,,,,,,,,,,,,,n,N20,D,4,4,4,4,2026-09-04 07:12:00+00:00,200743.6970441649,200743.6970441649,uncertain,uncertain_review_required,insufficient_evidence,0.4,False,{},ranking,,,,0.0,,,,
frp:firms_viirs_noaa20_nrt_india:firms_viirs_noaa20_nrt_india.csv:1375,frp:firms_viirs_noaa20_nrt_india,1375,7.43366,81.71141,2026-09-04 07:12:00+00:00,333.44,6.1,0.0,,firms_viirs_noaa20_nrt_india.csv,,333.44,,,,6.1,0.0,,,,,,,,,,,,,,,,n,N20,D,3,3,3,3,2026-09-04 07:12:00+00:00,200644.29312668456,200644.29312668456,uncertain,uncertain_review_required,insufficient_evidence,0.4,False,{},ranking,,,,0.0,,,,
frp:firms_viirs_noaa20_nrt_india:firms_viirs_noaa20_nrt_india.csv:1376,frp:firms_viirs_noaa20_nrt_india,1376,7.4607,81.24904,2026-09-04 07:12:00+00:00,333.01,3.69,0.0,,firms_viirs_noaa20_nrt_india.csv,,333.01,,,,3.69,0.0,,,,,,,,,,,,,,,,n,N20,D,3,3,3,3,2026-09-04 07:12:00+00:00,153081.4842314405,153081.4842314405,uncertain,uncertain_review_required,insufficient_evidence,0.4,False,{},ranking,,,,0.0,,,,
frp:firms_viirs_noaa20_nrt_india:firms_viirs_noaa20_nrt_india.csv:1377,frp:firms_viirs_noaa20_nrt_india,1377,7.49698,81.7366,2026-09-04 07:12:00+00:00,332.32,3.05,0.0,,firms_viirs_noaa20_nrt_india.csv,,332.32,,,,3.05,0.0,,,,,,,,,,,,,,,,n,N20,D,1,1,1,1,2026-09-04 07:12:00+00:00,205250.8292819675,205250.8292819675,uncertain,uncertain_review_required,insufficient_evidence,0.4,False,{},ranking,emergency_or_transient_fire,wildfire_or_agricultural_burn,day_fire_far_from_flare,0.65,conf=n+D+flare205251m+p90=1+frp=3.0,,,
frp:firms_viirs_noaa20_nrt_india:firms_viirs_noaa20_nrt_india.csv:1378,frp:firms_viirs_noaa20_nrt_india,1378,7.707,81.09916,2026-09-04 07:12:00+00:00,334.77,4.47,0.0,,firms_viirs_noaa20_nrt_india.csv,,334.77,,,,4.47,0.0,,,,,,,,,,,,,,,,n,N20,D,2,2,2,2,2026-09-04 07:12:00+00:00,150943.33054611008,150943.33054611008,uncertain,uncertain_review_required,insufficient_evidence,0.4,False,{},ranking,emergency_or_transient_fire,wildfire_or_agricultural_burn,day_fire_far_from_flare,0.65,conf=n+D+flare150943m+p90=2+frp=4.5,,,
frp:firms_viirs_noaa20_nrt_india:firms_viirs_noaa20_nrt_india.csv:1379,frp:firms_viirs_noaa20_nrt_india,1379,7.70815,81.10244,2026-09-04 07:12:00+00:00,330.64,3.81,0.0,,firms_viirs_noaa20_nrt_india.csv,,330.64,,,,3.81,0.0,,,,,,,,,,,,,,,,n,N20,D,1,1,1,1,2026-09-04 07:12:00+00:00,151315.61283170368,151315.61283170368,uncertain,uncertain_review_required,insufficient_evidence,0.4,False,{},ranking,emergency_or_transient_fire,wildfire_or_agricultural_burn,day_fire_far_from_flare,0.65,conf=n+D+flare151316m+p90=1+frp=3.8,,,
frp:firms_viirs_noaa20_nrt_india:firms_viirs_noaa20_nrt_india.csv:1380,frp:firms_viirs_noaa20_nrt_india,1380,8.01449,81.27029,2026-09-04 07:12:00+00:00,338.06,8.57,0.0,,firms_viirs_noaa20_nrt_india.csv,,338.06,,,,8.57,0.0,,,,,,,,,,,,,,,,n,N20,D,5,5,5,5,2026-09-04 07:12:00+00:00,186365.93383773018,186365.93383773018,uncertain,uncertain_review_required,insufficient_evidence,0.4,False,{},ranking,,,,0.0,,,,
frp:firms_viirs_noaa20_nrt_india:firms_viirs_noaa20_nrt_india.csv:1381,frp:firms_viirs_noaa20_nrt_india,1381,8.20375,81.32036,2026-09-04 07:12:00+00:00,343.82,10.19,0.0,,firms_viirs_noaa20_nrt_india.csv,,343.82,,,,10.19,0.0,,,,,,,,,,,,,,,,n,N20,D,2,2,2,2,2026-09-04 07:12:00+00:00,204280.33944901655,204280.33944901655,uncertain,uncertain_review_required,insufficient_evidence,0.4,False,{},ranking,emergency_or_transient_fire,wildfire_or_agricultural_burn,day_fire_far_from_flare,0.65,conf=n+D+flare204280m+p90=2+frp=10.2,,,
frp:firms_viirs_noaa20_nrt_india:firms_viirs_noaa20_nrt_india.csv:1382,frp:firms_viirs_noaa20_nrt_india,1382,8.20534,81.31903,2026-09-04 07:12:00+00:00,340.42,16.61,0.0,,firms_viirs_noaa20_nrt_india.csv,,340.42,,,,16.61,0.0,,,,,,,,,,,,,,,,n,N20,D,1,1,1,1,2026-09-04 07:12:00+00:00,204292.09057719738,204292.09057719738,uncertain,uncertain_review_required,insufficient_evidence,0.4,False,{},ranking,emergency_or_transient_fire,wildfire_or_agricultural_burn,day_fire_far_from_flare,0.65,conf=n+D+flare204292m+p90=1+frp=16.6,,,
frp:firms_viirs_noaa20_nrt_india:firms_viirs_noaa20_nrt_india.csv:1383,frp:firms_viirs_noaa20_nrt_india,1383,8.39582,81.08801,2026-09-04 07:12:00+00:00,331.14,8.45,0.0,,firms_viirs_noaa20_nrt_india.csv,,331.14,,,,8.45,0.0,,,,,,,,,,,,,,,,n,N20,D,4,4,4,4,2026-09-04 07:12:00+00:00,202592.1094193726,202592.1094193726,uncertain,uncertain_review_required,insufficient_evidence,0.4,False,{},ranking,,,,0.0,,,,
frp:firms_viirs_noaa20_nrt_india:firms_viirs_noaa20_nrt_india.csv:1384,frp:firms_viirs_noaa20_nrt_india,1384,8.40456,81.06378,2026-09-04 07:12:00+00:00,334.76,7.44,0.0,,firms_viirs_noaa20_nrt_india.csv,,334.76,,,,7.44,0.0,,,,,,,,,,,,,,,,n,N20,D,10,10,10,10,2026-09-04 07:12:00+00:00,201732.04959368758,201732.04959368758,uncertain,uncertain_review_required,insufficient_evidence,0.4,False,{},ranking,,,,0.0,,,,
frp:firms_viirs_noaa20_nrt_india:firms_viirs_noaa20_nrt_india.csv:1385,frp:firms_viirs_noaa20_nrt_india,1385,8.40722,80.73176,2026-09-04 07:12:00+00:00,337.36,7.11,0.0,,firms_viirs_noaa20_nrt_india.csv,,337.36,,,,7.11,0.0,,,,,,,,,,,,,,,,n,N20,D,8,8,8,8,2026-09-04 07:12:00+00:00,182211.15115364792,182211.15115364792,uncertain,uncertain_review_required,insufficient_evidence,0.4,False,{},ranking,,,,0.0,,,,
frp:firms_viirs_noaa20_nrt_india:firms_viirs_noaa20_nrt_india.csv:1386,frp:firms_viirs_noaa20_nrt_india,1386,8.54235,80.3744,2026-09-04 07:12:00+00:00,337.36,4.67,0.0,,firms_viirs_noaa20_nrt_india.csv,,337.36,,,,4.67,0.0,,,,,,,,,,,,,,,,n,N20,D,3,3,3,3,2026-09-04 07:12:00+00:00,181892.08489599527,181892.08489599527,uncertain,uncertain_review_required,insufficient_evidence,0.4,False,{},ranking,,,,0.0,,,,
frp:firms_viirs_noaa20_nrt_india:firms_viirs_noaa20_nrt_india.csv:1387,frp:firms_viirs_noaa20_nrt_india,1387,8.54459,80.37231,2026-09-04 07:12:00+00:00,347.07,6.86,0.0,,firms_viirs_noaa20_nrt_india.csv,,347.07,,,,6.86,0.0,,,,,,,,,,,,,,,,n,N20,D,4,4,4,4,2026-09-04 07:12:00+00:00,182074.9486089819,182074.9486089819,uncertain,uncertain_review_required,insufficient_evidence,0.4,False,{},ranking,,,,0.0,,,,
frp:firms_viirs_noaa20_nrt_india:firms_viirs_noaa20_nrt_india.csv:1388,frp:firms_viirs_noaa20_nrt_india,1388,8.54552,80.85181,2026-09-04 07:12:00+00:00,330.25,7.65,0.0,,firms_viirs_noaa20_nrt_india.csv,,330.25,,,,7.65,0.0,,,,,,,,,,,,,,,,n,N20,D,12,12,12,12,2026-09-04 07:12:00+00:00,202038.21855423367,202038.21855423367,uncertain,uncertain_review_required,insufficient_evidence,0.4,False,{},ranking,,,,0.0,,,,
frp:firms_viirs_noaa20_nrt_india:firms_viirs_noaa20_nrt_india.csv:1389,frp:firms_viirs_noaa20_nrt_india,1389,16.00763,99.94904,2026-09-04 07:14:00+00:00,339.85,7.39,0.0,,firms_viirs_noaa20_nrt_india.csv,,339.85,,,,7.39,0.0,,,,,,,,,,,,,,,,n,N20,D,0,0,0,0,2026-09-04 07:14:00+00:00,63325.353668167496,63325.353668167496,uncertain,uncertain_review_required,insufficient_evidence,0.4,False,{},ranking,emergency_or_transient_fire,wildfire_or_agricultural_burn,day_fire_far_from_flare,0.65,conf=n+D+flare63325m+p90=0+frp=7.4,,,
frp:firms_viirs_noaa20_nrt_india:firms_viirs_noaa20_nrt_india.csv:1390,frp:firms_viirs_noaa20_nrt_india,1390,16.43611,99.60104,2026-09-04 07:14:00+00:00,331.12,4.56,0.0,,firms_viirs_noaa20_nrt_india.csv,,331.12,,,,4.56,0.0,,,,,,,,,,,,,,,,n,N20,D,3,3,3,3,2026-09-04 07:14:00+00:00,29519.363664976318,29519.363664976318,uncertain,uncertain_review_required,insufficient_evidence,0.4,False,{},ranking,,,,0.0,,,,
frp:firms_viirs_noaa20_nrt_india:firms_viirs_noaa20_nrt_india.csv:1391,frp:firms_viirs_noaa20_nrt_india,1391,16.43974,99.6751,2026-09-04 07:14:00+00:00,331.27,4.18,0.0,,firms_viirs_noaa20_nrt_india.csv,,331.27,,,,4.18,0.0,,,,,,,,,,,,,,,,n,N20,D,0,0,0,0,2026-09-04 07:14:00+00:00,22742.3461134398,22742.3461134398,uncertain,uncertain_review_required,insufficient_evidence,0.4,False,{},ranking,emergency_or_transient_fire,wildfire_or_agricultural_burn,day_fire_far_from_flare,0.65,conf=n+D+flare22742m+p90=0+frp=4.2,,,
frp:firms_viirs_noaa20_nrt_india:firms_viirs_noaa20_nrt_india.csv:1392,frp:firms_viirs_noaa20_nrt_india,1392,16.54797,99.55754,2026-09-04 07:14:00+00:00,330.43,4.29,0.0,,firms_viirs_noaa20_nrt_india.csv,,330.43,,,,4.29,0.0,,,,,,,,,,,,,,,,n,N20,D,3,3,3,3,2026-09-04 07:14:00+00:00,30346.28166792155,30346.28166792155,uncertain,uncertain_review_required,insufficient_evidence,0.4,False,{},ranking,,,,0.0,,,,
frp:firms_viirs_noaa20_nrt_india:firms_viirs_noaa20_nrt_india.csv:1393,frp:firms_viirs_noaa20_nrt_india,1393,16.54833,99.6031,2026-09-04 07:14:00+00:00,336.62,6.86,0.0,,firms_viirs_noaa20_nrt_india.csv,,336.62,,,,6.86,0.0,,,,,,,,,,,,,,,,n,N20,D,0,0,0,0,2026-09-04 07:14:00+00:00,25501.993833523364,25501.993833523364,uncertain,uncertain_review_required,insufficient_evidence,0.4,False,{},ranking,emergency_or_transient_fire,wildfire_or_agricultural_burn,day_fire_far_from_flare,0.65,conf=n+D+flare25502m+p90=0+frp=6.9,,,
frp:firms_viirs_noaa20_nrt_india:firms_viirs_noaa20_nrt_india.csv:1394,frp:firms_viirs_noaa20_nrt_india,1394,17.60935,82.68137,2026-09-04 07:14:00+00:00,336.49,4.0,0.0,,firms_viirs_noaa20_nrt_india.csv,,336.49,,,,4.0,0.0,,,,,,,,,,,,,,,,n,N20,D,0,0,0,0,2026-09-04 07:14:00+00:00,60196.74136322795,60196.74136322795,uncertain,uncertain_review_required,insufficient_evidence,0.4,False,{},ranking,emergency_or_transient_fire,wildfire_or_agricultural_burn,day_fire_far_from_flare,0.65,conf=n+D+flare60197m+p90=0+frp=4.0,,,
frp:firms_viirs_noaa20_nrt_india:firms_viirs_noaa20_nrt_india.csv:1395,frp:firms_viirs_noaa20_nrt_india,1395,20.88834,84.98114,2026-09-04 07:16:00+00:00,329.15,2.35,0.0,,firms_viirs_noaa20_nrt_india.csv,,329.15,,,,2.35,0.0,,,,,,,,,,,,,,,,n,N20,D,0,0,0,0,2026-09-04 07:16:00+00:00,101228.40930069903,101228.40930069903,uncertain,uncertain_review_required,insufficient_evidence,0.4,False,{},ranking,,,,0.0,,,,
frp:firms_viirs_noaa20_nrt_india:firms_viirs_noaa20_nrt_india.csv:1396,frp:firms_viirs_noaa20_nrt_india,1396,21.74705,83.8432,2026-09-04 07:16:00+00:00,333.02,7.19,0.0,,firms_viirs_noaa20_nrt_india.csv,,333.02,,,,7.19,0.0,,,,,,,,,,,,,,,,n,N20,D,0,0,0,0,2026-09-04 07:16:00+00:00,226335.49437674545,226335.49437674545,uncertain,uncertain_review_required,insufficient_evidence,0.4,False,{},ranking,emergency_or_transient_fire,wildfire_or_agricultural_burn,day_fire_far_from_flare,0.65,conf=n+D+flare226335m+p90=0+frp=7.2,,,
frp:firms_viirs_noaa20_nrt_india:firms_viirs_noaa20_nrt_india.csv:1397,frp:firms_viirs_noaa20_nrt_india,1397,23.69273,87.12243,2026-09-04 07:16:00+00:00,331.45,5.66,0.0,,firms_viirs_noaa20_nrt_india.csv,,331.45,,,,5.66,0.0,,,,,,,,,,,,,,,,l,N20,D,19,19,19,19,2026-09-04 07:16:00+00:00,29130.412875130296,29130.412875130296,uncertain,uncertain_review_required,insufficient_evidence,0.4,False,{},ranking,,,,0.0,,,,
frp:firms_viirs_noaa20_nrt_india:firms_viirs_noaa20_nrt_india.csv:1398,frp:firms_viirs_noaa20_nrt_india,1398,23.71243,86.45306,2026-09-04 07:16:00+00:00,334.05,6.0,0.0,,firms_viirs_noaa20_nrt_india.csv,,334.05,,,,6.0,0.0,,,,,,,,,,,,,,,,l,N20,D,24,24,24,24,2026-09-04 07:16:00+00:00,95520.81145372457,95520.81145372457,uncertain,uncertain_review_required,insufficient_evidence,0.4,False,{},ranking,,,,0.0,,,,
frp:firms_viirs_noaa20_nrt_india:firms_viirs_noaa20_nrt_india.csv:1399,frp:firms_viirs_noaa20_nrt_india,1399,26.99477,87.50374,2026-09-04 07:16:00+00:00,337.89,2.81,0.0,,firms_viirs_noaa20_nrt_india.csv,,337.89,,,,2.81,0.0,,,,,,,,,,,,,,,,n,N20,D,0,0,0,0,2026-09-04 07:16:00+00:00,224737.91162316053,224737.91162316053,uncertain,uncertain_review_required,insufficient_evidence,0.4,False,{},ranking,,,,0.0,,,,
frp:firms_viirs_noaa20_nrt_india:firms_viirs_noaa20_nrt_india.csv:1400,frp:firms_viirs_noaa20_nrt_india,1400,28.49703,97.02219,2026-09-04 07:16:00+00:00,341.2,7.02,0.0,,firms_viirs_noaa20_nrt_india.csv,,341.2,,,,7.02,0.0,,,,,,,,,,,,,,,,n,N20,D,7,7,7,7,2026-09-04 07:16:00+00:00,142145.13116039918,142145.13116039918,uncertain,uncertain_review_required,insufficient_evidence,0.4,False,{},ranking,,,,0.0,,,,
frp:firms_viirs_noaa20_nrt_india:firms_viirs_noaa20_nrt_india.csv:1401,frp:firms_viirs_noaa20_nrt_india,1401,28.49755,97.02412,2026-09-04 07:16:00+00:00,338.75,7.47,0.0,,firms_viirs_noaa20_nrt_india.csv,,338.75,,,,7.47,0.0,,,,,,,,,,,,,,,,n,N20,D,6,6,6,6,2026-09-04 07:16:00+00:00,142315.96306827586,142315.96306827586,uncertain,uncertain_review_required,insufficient_evidence,0.4,False,{},ranking,,,,0.0,,,,
frp:firms_viirs_noaa20_nrt_india:firms_viirs_noaa20_nrt_india.csv:1402,frp:firms_viirs_noaa20_nrt_india,1402,6.79195,81.54296,2026-09-04 08:52:00+00:00,336.55,8.57,0.0,,firms_viirs_noaa20_nrt_india.csv,,336.55,,,,8.57,0.0,,,,,,,,,,,,,,,,n,N20,D,8,8,8,8,2026-09-04 08:52:00+00:00,176133.88558904876,176133.88558904876,uncertain,uncertain_review_required,insufficient_evidence,0.4,False,{},ranking,,,,0.0,,,,
frp:firms_viirs_noaa20_nrt_india:firms_viirs_noaa20_nrt_india.csv:1403,frp:firms_viirs_noaa20_nrt_india,1403,6.79202,81.54022,2026-09-04 08:52:00+00:00,340.2,8.68,0.0,,firms_viirs_noaa20_nrt_india.csv,,340.2,,,,8.68,0.0,,,,,,,,,,,,,,,,n,N20,D,9,9,9,9,2026-09-04 08:52:00+00:00,175832.2706744279,175832.2706744279,uncertain,uncertain_review_required,insufficient_evidence,0.4,False,{},ranking,,,,0.0,,,,
frp:firms_viirs_noaa20_nrt_india:firms_viirs_noaa20_nrt_india.csv:1404,frp:firms_viirs_noaa20_nrt_india,1404,7.44237,81.24368,2026-09-04 08:52:00+00:00,367.0,39.68,0.0,,firms_viirs_noaa20_nrt_india.csv,,367.0,,,,39.68,0.0,,,,,,,,,,,,,,,,h,N20,D,8,8,8,8,2026-09-04 08:52:00+00:00,151801.24117578333,151801.24117578333,uncertain,uncertain_review_required,insufficient_evidence,0.4,False,{},ranking,,,,0.0,,,,
frp:firms_viirs_noaa20_nrt_india:firms_viirs_noaa20_nrt_india.csv:1405,frp:firms_viirs_noaa20_nrt_india,1405,7.70602,81.09903,2026-09-04 08:52:00+00:00,330.59,8.43,0.0,,firms_viirs_noaa20_nrt_india.csv,,330.59,,,,8.43,0.0,,,,,,,,,,,,,,,,n,N20,D,3,3,3,3,2026-09-04 08:52:00+00:00,150871.52281162268,150871.52281162268,uncertain,uncertain_review_required,insufficient_evidence,0.4,False,{},ranking,,,,0.0,,,,
frp:firms_viirs_noaa20_nrt_india:firms_viirs_noaa20_nrt_india.csv:1406,frp:firms_viirs_noaa20_nrt_india,1406,7.70872,79.86331,2026-09-04 08:52:00+00:00,330.47,3.61,0.0,,firms_viirs_noaa20_nrt_india.csv,,330.47,,,,3.61,0.0,,,,,,,,,,,,,,,,n,N20,D,2,2,2,2,2026-09-04 08:52:00+00:00,83902.98422842607,83902.98422842607,uncertain,uncertain_review_required,insufficient_evidence,0.4,False,{},ranking,emergency_or_transient_fire,wildfire_or_agricultural_burn,day_fire_far_from_flare,0.65,conf=n+D+flare83903m+p90=2+frp=3.6,,,
frp:firms_viirs_noaa20_nrt_india:firms_viirs_noaa20_nrt_india.csv:1407,frp:firms_viirs_noaa20_nrt_india,1407,7.71155,79.86526,2026-09-04 08:52:00+00:00,331.96,3.33,0.0,,firms_viirs_noaa20_nrt_india.csv,,331.96,,,,3.33,0.0,,,,,,,,,,,,,,,,n,N20,D,1,1,1,1,2026-09-04 08:52:00+00:00,84189.33971871625,84189.33971871625,uncertain,uncertain_review_required,insufficient_evidence,0.4,False,{},ranking,emergency_or_transient_fire,wildfire_or_agricultural_burn,day_fire_far_from_flare,0.65,conf=n+D+flare84189m+p90=1+frp=3.3,,,
frp:firms_viirs_noaa20_nrt_india:firms_viirs_noaa20_nrt_india.csv:1408,frp:firms_viirs_noaa20_nrt_india,1408,7.90929,80.56167,2026-09-04 08:52:00+00:00,348.28,14.95,0.0,,firms_viirs_noaa20_nrt_india.csv,,348.28,,,,14.95,0.0,,,,,,,,,,,,,,,,n,N20,D,4,4,4,4,2026-09-04 08:52:00+00:00,124894.78405755243,124894.78405755243,uncertain,uncertain_review_required,insufficient_evidence,0.4,False,{},ranking,,,,0.0,,,,
frp:firms_viirs_noaa20_nrt_india:firms_viirs_noaa20_nrt_india.csv:1409,frp:firms_viirs_noaa20_nrt_india,1409,7.91409,80.55795,2026-09-04 08:52:00+00:00,353.42,13.66,0.0,,firms_viirs_noaa20_nrt_india.csv,,353.42,,,,13.66,0.0,,,,,,,,,,,,,,,,n,N20,D,5,5,5,5,2026-09-04 08:52:00+00:00,125128.20818983298,125128.20818983298,uncertain,uncertain_review_required,insufficient_evidence,0.4,False,{},ranking,,,,0.0,,,,
frp:firms_viirs_noaa20_nrt_india:firms_viirs_noaa20_nrt_india.csv:1410,frp:firms_viirs_noaa20_nrt_india,1410,8.2301,80.60484,2026-09-04 08:52:00+00:00,344.58,7.86,0.0,,firms_viirs_noaa20_nrt_india.csv,,344.58,,,,7.86,0.0,,,,,,,,,,,,,,,,n,N20,D,9,9,9,9,2026-09-04 08:52:00+00:00,158295.44433288643,158295.44433288643,uncertain,uncertain_review_required,insufficient_evidence,0.4,False,{},ranking,,,,0.0,,,,
frp:firms_viirs_noaa20_nrt_india:firms_viirs_noaa20_nrt_india.csv:1411,frp:firms_viirs_noaa20_nrt_india,1411,8.23217,80.60614,2026-09-04 08:52:00+00:00,334.29,3.61,0.0,,firms_viirs_noaa20_nrt_india.csv,,334.29,,,,3.61,0.0,,,,,,,,,,,,,,,,n,N20,D,8,8,8,8,2026-09-04 08:52:00+00:00,158565.43400858398,158565.43400858398,uncertain,uncertain_review_required,insufficient_evidence,0.4,False,{},ranking,,,,0.0,,,,
frp:firms_viirs_noaa20_nrt_india:firms_viirs_noaa20_nrt_india.csv:1412,frp:firms_viirs_noaa20_nrt_india,1412,8.42327,77.67912,2026-09-04 08:52:00+00:00,342.48,3.6,0.0,,firms_viirs_noaa20_nrt_india.csv,,342.48,,,,3.6,0.0,,,,,,,,,,,,,,,,n,N20,D,1,1,1,1,2026-09-04 08:52:00+00:00,221905.8338265917,221905.8338265917,uncertain,uncertain_review_required,insufficient_evidence,0.4,False,{},ranking,emergency_or_transient_fire,wildfire_or_agricultural_burn,day_fire_far_from_flare,0.65,conf=n+D+flare221906m+p90=1+frp=3.6,,,
frp:firms_viirs_noaa20_nrt_india:firms_viirs_noaa20_nrt_india.csv:1413,frp:firms_viirs_noaa20_nrt_india,1413,8.42943,80.50793,2026-09-04 08:52:00+00:00,335.1,8.06,0.0,,firms_viirs_noaa20_nrt_india.csv,,335.1,,,,8.06,0.0,,,,,,,,,,,,,,,,n,N20,D,10,10,10,10,2026-09-04 08:52:00+00:00,174343.75702447345,174343.75702447345,uncertain,uncertain_review_required,insufficient_evidence,0.4,False,{},ranking,,,,0.0,,,,
frp:firms_viirs_noaa20_nrt_india:firms_viirs_noaa20_nrt_india.csv:1414,frp:firms_viirs_noaa20_nrt_india,1414,8.43013,80.51373,2026-09-04 08:52:00+00:00,335.6,8.06,0.0,,firms_viirs_noaa20_nrt_india.csv,,335.6,,,,8.06,0.0,,,,,,,,,,,,,,,,n,N20,D,11,11,11,11,2026-09-04 08:52:00+00:00,174640.3872364383,174640.3872364383,uncertain,uncertain_review_required,insufficient_evidence,0.4,False,{},ranking,,,,0.0,,,,
frp:firms_viirs_noaa20_nrt_india:firms_viirs_noaa20_nrt_india.csv:1415,frp:firms_viirs_noaa20_nrt_india,1415,8.4311,80.50901,2026-09-04 08:52:00+00:00,344.77,11.13,0.0,,firms_viirs_noaa20_nrt_india.csv,,344.77,,,,11.13,0.0,,,,,,,,,,,,,,,,n,N20,D,12,12,12,12,2026-09-04 08:52:00+00:00,174559.2501345219,174559.2501345219,uncertain,uncertain_review_required,insufficient_evidence,0.4,False,{},ranking,,,,0.0,,,,
frp:firms_viirs_noaa20_nrt_india:firms_viirs_noaa20_nrt_india.csv:1416,frp:firms_viirs_noaa20_nrt_india,1416,8.53678,77.81892,2026-09-04 08:52:00+00:00,339.01,5.15,0.0,,firms_viirs_noaa20_nrt_india.csv,,339.01,,,,5.15,0.0,,,,,,,,,,,,,,,,n,N20,D,0,0,0,0,2026-09-04 08:52:00+00:00,222809.30551050423,222809.30551050423,uncertain,uncertain_review_required,insufficient_evidence,0.4,False,{},ranking,emergency_or_transient_fire,wildfire_or_agricultural_burn,day_fire_far_from_flare,0.65,conf=n+D+flare222809m+p90=0+frp=5.2,,,
frp:firms_viirs_noaa20_nrt_india:firms_viirs_noaa20_nrt_india.csv:1417,frp:firms_viirs_noaa20_nrt_india,1417,8.53726,77.82267,2026-09-04 08:52:00+00:00,367.0,5.15,0.0,,firms_viirs_noaa20_nrt_india.csv,,367.0,,,,5.15,0.0,,,,,,,,,,,,,,,,h,N20,D,1,1,1,1,2026-09-04 08:52:00+00:00,223060.70323174124,223060.70323174124,uncertain,uncertain_review_required,insufficient_evidence,0.4,False,{},ranking,emergency_or_transient_fire,wildfire_or_agricultural_burn,day_fire_far_from_flare,0.65,conf=h+D+flare223061m+p90=1+frp=5.2,,,
frp:firms_viirs_noaa20_nrt_india:firms_viirs_noaa20_nrt_india.csv:1418,frp:firms_viirs_noaa20_nrt_india,1418,8.55636,80.87636,2026-09-04 08:52:00+00:00,348.62,11.72,0.0,,firms_viirs_noaa20_nrt_india.csv,,348.62,,,,11.72,0.0,,,,,,,,,,,,,,,,n,N20,D,15,15,15,15,2026-09-04 08:52:00+00:00,204417.75841619904,204417.75841619904,uncertain,uncertain_review_required,insufficient_evidence,0.4,False,{},ranking,,,,0.0,,,,
frp:firms_viirs_noaa20_nrt_india:firms_viirs_noaa20_nrt_india.csv:1419,frp:firms_viirs_noaa20_nrt_india,1419,8.56839,80.39928,2026-09-04 08:52:00+00:00,336.02,6.46,0.0,,firms_viirs_noaa20_nrt_india.csv,,336.02,,,,6.46,0.0,,,,,,,,,,,,,,,,n,N20,D,12,12,12,12,2026-09-04 08:52:00+00:00,185396.73793751007,185396.73793751007,uncertain,uncertain_review_required,insufficient_evidence,0.4,False,{},ranking,,,,0.0,,,,
frp:firms_viirs_noaa20_nrt_india:firms_viirs_noaa20_nrt_india.csv:1420,frp:firms_viirs_noaa20_nrt_india,1420,8.69493,80.86718,2026-09-04 08:52:00+00:00,335.13,7.3,0.0,,firms_viirs_noaa20_nrt_india.csv,,335.13,,,,7.3,0.0,,,,,,,,,,,,,,,,n,N20,D,14,14,14,14,2026-09-04 08:52:00+00:00,217456.4679014538,217456.4679014538,uncertain,uncertain_review_required,insufficient_evidence,0.4,False,{},ranking,,,,0.0,,,,
frp:firms_viirs_noaa20_nrt_india:firms_viirs_noaa20_nrt_india.csv:1421,frp:firms_viirs_noaa20_nrt_india,1421,8.69732,80.86606,2026-09-04 08:52:00+00:00,339.0,11.01,0.0,,firms_viirs_noaa20_nrt_india.csv,,339.0,,,,11.01,0.0,,,,,,,,,,,,,,,,n,N20,D,13,13,13,13,2026-09-04 08:52:00+00:00,217635.32446080766,217635.32446080766,uncertain,uncertain_review_required,insufficient_evidence,0.4,False,{},ranking,,,,0.0,,,,
frp:firms_viirs_noaa20_nrt_india:firms_viirs_noaa20_nrt_india.csv:1422,frp:firms_viirs_noaa20_nrt_india,1422,8.73432,77.86235,2026-09-04 08:52:00+00:00,336.58,1.87,0.0,,firms_viirs_noaa20_nrt_india.csv,,336.58,,,,1.87,0.0,,,,,,,,,,,,,,,,n,N20,D,1,1,1,1,2026-09-04 08:52:00+00:00,211337.02933699894,211337.02933699894,uncertain,uncertain_review_required,insufficient_evidence,0.4,False,{},ranking,,,,0.0,,,,
frp:firms_viirs_noaa20_nrt_india:firms_viirs_noaa20_nrt_india.csv:1423,frp:firms_viirs_noaa20_nrt_india,1423,8.83588,77.99625,2026-09-04 08:52:00+00:00,330.84,2.09,0.0,,firms_viirs_noaa20_nrt_india.csv,,330.84,,,,2.09,0.0,,,,,,,,,,,,,,,,n,N20,D,0,0,0,0,2026-09-04 08:52:00+00:00,215992.27166192257,215992.27166192257,uncertain,uncertain_review_required,insufficient_evidence,0.4,False,{},ranking,,,,0.0,,,,
frp:firms_viirs_noaa20_nrt_india:firms_viirs_noaa20_nrt_india.csv:1424,frp:firms_viirs_noaa20_nrt_india,1424,8.84148,77.70094,2026-09-04 08:52:00+00:00,352.84,8.48,0.0,,firms_viirs_noaa20_nrt_india.csv,,352.84,,,,8.48,0.0,,,,,,,,,,,,,,,,n,N20,D,3,3,3,3,2026-09-04 08:52:00+00:00,190120.021158479,190120.021158479,uncertain,uncertain_review_required,insufficient_evidence,0.4,False,{},ranking,,,,0.0,,,,
frp:firms_viirs_noaa20_nrt_india:firms_viirs_noaa20_nrt_india.csv:1425,frp:firms_viirs_noaa20_nrt_india,1425,8.84704,77.70026,2026-09-04 08:52:00+00:00,350.85,10.59,0.0,,firms_viirs_noaa20_nrt_india.csv,,350.85,,,,10.59,0.0,,,,,,,,,,,,,,,,n,N20,D,2,2,2,2,2026-09-04 08:52:00+00:00,189657.98248979377,189657.98248979377,uncertain,uncertain_review_required,insufficient_evidence,0.4,False,{},ranking,emergency_or_transient_fire,wildfire_or_agricultural_burn,day_fire_far_from_flare,0.65,conf=n+D+flare189658m+p90=2+frp=10.6,,,
frp:firms_viirs_noaa20_nrt_india:firms_viirs_noaa20_nrt_india.csv:1426,frp:firms_viirs_noaa20_nrt_india,1426,9.227,77.50995,2026-09-04 08:52:00+00:00,333.23,5.08,0.0,,firms_viirs_noaa20_nrt_india.csv,,333.23,,,,5.08,0.0,,,,,,,,,,,,,,,,n,N20,D,1,1,1,1,2026-09-04 08:52:00+00:00,147321.76236001408,147321.76236001408,uncertain,uncertain_review_required,insufficient_evidence,0.4,False,{},ranking,emergency_or_transient_fire,wildfire_or_agricultural_burn,day_fire_far_from_flare,0.65,conf=n+D+flare147322m+p90=1+frp=5.1,,,
frp:firms_viirs_noaa20_nrt_india:firms_viirs_noaa20_nrt_india.csv:1427,frp:firms_viirs_noaa20_nrt_india,1427,9.32813,77.77109,2026-09-04 08:52:00+00:00,344.38,2.23,0.0,,firms_viirs_noaa20_nrt_india.csv,,344.38,,,,2.23,0.0,,,,,,,,,,,,,,,,n,N20,D,0,0,0,0,2026-09-04 08:52:00+00:00,166796.56756881005,166796.56756881005,uncertain,uncertain_review_required,insufficient_evidence,0.4,False,{},ranking,,,,0.0,,,,
frp:firms_viirs_noaa20_nrt_india:firms_viirs_noaa20_nrt_india.csv:1428,frp:firms_viirs_noaa20_nrt_india,1428,9.40713,80.29379,2026-09-04 08:52:00+00:00,340.05,5.73,0.0,,firms_viirs_noaa20_nrt_india.csv,,340.05,,,,5.73,0.0,,,,,,,,,,,,,,,,n,N20,D,3,3,3,3,2026-09-04 08:52:00+00:00,169185.21723898867,169185.21723898867,uncertain,uncertain_review_required,insufficient_evidence,0.4,False,{},ranking,,,,0.0,,,,
frp:firms_viirs_noaa20_nrt_india:firms_viirs_noaa20_nrt_india.csv:1429,frp:firms_viirs_noaa20_nrt_india,1429,9.45251,80.50063,2026-09-04 08:52:00+00:00,331.41,4.9,0.0,,firms_viirs_noaa20_nrt_india.csv,,331.41,,,,4.9,0.0,,,,,,,,,,,,,,,,n,N20,D,6,6,6,6,2026-09-04 08:52:00+00:00,173543.07787930174,173543.07787930174,uncertain,uncertain_review_required,insufficient_evidence,0.4,False,{},ranking,,,,0.0,,,,
frp:firms_viirs_noaa20_nrt_india:firms_viirs_noaa20_nrt_india.csv:1430,frp:firms_viirs_noaa20_nrt_india,1430,9.84708,78.08351,2026-09-04 08:52:00+00:00,330.17,2.27,0.0,,firms_viirs_noaa20_nrt_india.csv,,330.17,,,,2.27,0.0,,,,,,,,,,,,,,,,n,N20,D,0,0,0,0,2026-09-04 08:52:00+00:00,171614.6459747421,171614.6459747421,uncertain,uncertain_review_required,insufficient_evidence,0.4,False,{},ranking,,,,0.0,,,,
frp:firms_viirs_noaa20_nrt_india:firms_viirs_noaa20_nrt_india.csv:1431,frp:firms_viirs_noaa20_nrt_india,1431,13.90252,78.07291,2026-09-04 08:54:00+00:00,330.71,2.74,0.0,,firms_viirs_noaa20_nrt_india.csv,,330.71,,,,2.74,0.0,,,,,,,,,,,,,,,,n,N20,D,1,1,1,1,2026-09-04 08:54:00+00:00,252929.09017615917,252929.09017615917,uncertain,uncertain_review_required,insufficient_evidence,0.4,False,{},ranking,,,,0.0,,,,
frp:firms_viirs_noaa20_nrt_india:firms_viirs_noaa20_nrt_india.csv:1432,frp:firms_viirs_noaa20_nrt_india,1432,22.92564,70.10651,2026-09-04 08:56:00+00:00,330.89,6.03,0.0,,firms_viirs_noaa20_nrt_india.csv,,330.89,,,,6.03,0.0,,,,,,,,,,,,,,,,l,N20,D,2,2,2,2,2026-09-04 08:56:00+00:00,60121.37644562298,60121.37644562298,uncertain,uncertain_review_required,insufficient_evidence,0.4,False,{},ranking,,,,0.0,,,,
frp:firms_viirs_noaa20_nrt_india:firms_viirs_noaa20_nrt_india.csv:1433,frp:firms_viirs_noaa20_nrt_india,1433,23.32104,68.85722,2026-09-04 08:58:00+00:00,336.7,9.54,0.0,,firms_viirs_noaa20_nrt_india.csv,,336.7,,,,9.54,0.0,,,,,,,,,,,,,,,,n,N20,D,0,0,0,0,2026-09-04 08:58:00+00:00,141670.00408739448,141670.00408739448,uncertain,uncertain_review_required,insufficient_evidence,0.4,False,{},ranking,emergency_or_transient_fire,wildfire_or_agricultural_burn,day_fire_far_from_flare,0.65,conf=n+D+flare141670m+p90=0+frp=9.5,,,
frp:firms_viirs_noaa20_nrt_india:firms_viirs_noaa20_nrt_india.csv:1434,frp:firms_viirs_noaa20_nrt_india,1434,24.46648,68.4707,2026-09-04 08:58:00+00:00,332.04,2.73,0.0,,firms_viirs_noaa20_nrt_india.csv,,332.04,,,,2.73,0.0,,,,,,,,,,,,,,,,n,N20,D,0,0,0,0,2026-09-04 08:58:00+00:00,12507.162224325997,12507.162224325997,uncertain,uncertain_review_required,insufficient_evidence,0.4,False,{},ranking,,,,0.0,,,,
frp:firms_viirs_noaa20_nrt_india:firms_viirs_noaa20_nrt_india.csv:1435,frp:firms_viirs_noaa20_nrt_india,1435,24.67282,67.68916,2026-09-04 08:58:00+00:00,335.17,2.77,0.0,,firms_viirs_noaa20_nrt_india.csv,,335.17,,,,2.77,0.0,,,,,,,,,,,,,,,,n,N20,D,0,0,0,0,2026-09-04 08:58:00+00:00,32563.61808922199,32563.61808922199,uncertain,uncertain_review_required,insufficient_evidence,0.4,False,{},ranking,,,,0.0,,,,
frp:firms_viirs_noaa20_nrt_india:firms_viirs_noaa20_nrt_india.csv:1436,frp:firms_viirs_noaa20_nrt_india,1436,25.60187,68.655,2026-09-04 08:58:00+00:00,334.98,5.99,0.0,,firms_viirs_noaa20_nrt_india.csv,,334.98,,,,5.99,0.0,,,,,,,,,,,,,,,,n,N20,D,0,0,0,0,2026-09-04 08:58:00+00:00,19969.02530261933,19969.02530261933,uncertain,uncertain_review_required,insufficient_evidence,0.4,False,{},ranking,emergency_or_transient_fire,wildfire_or_agricultural_burn,day_fire_far_from_flare,0.65,conf=n+D+flare19969m+p90=0+frp=6.0,,,
frp:firms_viirs_noaa20_nrt_india:firms_viirs_noaa20_nrt_india.csv:1437,frp:firms_viirs_noaa20_nrt_india,1437,25.69429,68.37287,2026-09-04 08:58:00+00:00,346.32,9.16,0.0,,firms_viirs_noaa20_nrt_india.csv,,346.32,,,,9.16,0.0,,,,,,,,,,,,,,,,n,N20,D,0,0,0,0,2026-09-04 08:58:00+00:00,32506.1743498648,32506.1743498648,uncertain,uncertain_review_required,insufficient_evidence,0.4,False,{},ranking,emergency_or_transient_fire,wildfire_or_agricultural_burn,day_fire_far_from_flare,0.65,conf=n+D+flare32506m+p90=0+frp=9.2,,,
frp:firms_viirs_noaa20_nrt_india:firms_viirs_noaa20_nrt_india.csv:1438,frp:firms_viirs_noaa20_nrt_india,1438,25.80458,72.25359,2026-09-04 08:58:00+00:00,333.21,3.59,0.0,,firms_viirs_noaa20_nrt_india.csv,,333.21,,,,3.59,0.0,,,,,,,,,,,,,,,,n,N20,D,0,0,0,0,2026-09-04 08:58:00+00:00,74372.53441466768,74372.53441466768,uncertain,uncertain_review_required,insufficient_evidence,0.4,False,{},ranking,emergency_or_transient_fire,wildfire_or_agricultural_burn,day_fire_far_from_flare,0.65,conf=n+D+flare74373m+p90=0+frp=3.6,,,
frp:firms_viirs_noaa20_nrt_india:firms_viirs_noaa20_nrt_india.csv:1439,frp:firms_viirs_noaa20_nrt_india,1439,25.80554,72.25489,2026-09-04 08:58:00+00:00,332.06,2.74,0.0,,firms_viirs_noaa20_nrt_india.csv,,332.06,,,,2.74,0.0,,,,,,,,,,,,,,,,n,N20,D,1,1,1,1,2026-09-04 08:58:00+00:00,74538.45852607266,74538.45852607266,uncertain,uncertain_review_required,insufficient_evidence,0.4,False,{},ranking,,,,0.0,,,,
frp:firms_viirs_noaa20_nrt_india:firms_viirs_noaa20_nrt_india.csv:1440,frp:firms_viirs_noaa20_nrt_india,1440,26.22089,68.72581,2026-09-04 08:58:00+00:00,347.03,7.33,0.0,,firms_viirs_noaa20_nrt_india.csv,,347.03,,,,7.33,0.0,,,,,,,,,,,,,,,,n,N20,D,0,0,0,0,2026-09-04 08:58:00+00:00,9974.496130564501,9974.496130564501,uncertain,uncertain_review_required,insufficient_evidence,0.4,False,{},ranking,emergency_or_transient_fire,wildfire_or_agricultural_burn,day_fire_far_from_flare,0.65,conf=n+D+flare9974m+p90=0+frp=7.3,,,
frp:firms_viirs_noaa20_nrt_india:firms_viirs_noaa20_nrt_india.csv:1441,frp:firms_viirs_noaa20_nrt_india,1441,26.26703,68.71362,2026-09-04 08:58:00+00:00,344.71,6.71,0.0,,firms_viirs_noaa20_nrt_india.csv,,344.71,,,,6.71,0.0,,,,,,,,,,,,,,,,n,N20,D,0,0,0,0,2026-09-04 08:58:00+00:00,14692.942750652903,14692.942750652903,uncertain,uncertain_review_required,insufficient_evidence,0.4,False,{},ranking,emergency_or_transient_fire,wildfire_or_agricultural_burn,day_fire_far_from_flare,0.65,conf=n+D+flare14693m+p90=0+frp=6.7,,,
frp:firms_viirs_noaa20_nrt_india:firms_viirs_noaa20_nrt_india.csv:1442,frp:firms_viirs_noaa20_nrt_india,1442,28.45206,68.1468,2026-09-04 08:58:00+00:00,334.78,7.33,0.0,,firms_viirs_noaa20_nrt_india.csv,,334.78,,,,7.33,0.0,,,,,,,,,,,,,,,,n,N20,D,2,2,2,2,2026-09-04 08:58:00+00:00,50606.00699901061,50606.00699901061,uncertain,uncertain_review_required,insufficient_evidence,0.4,False,{},ranking,emergency_or_transient_fire,wildfire_or_agricultural_burn,day_fire_far_from_flare,0.65,conf=n+D+flare50606m+p90=2+frp=7.3,,,
frp:firms_viirs_noaa20_nrt_india:firms_viirs_noaa20_nrt_india.csv:1443,frp:firms_viirs_noaa20_nrt_india,1443,28.45271,68.15234,2026-09-04 08:58:00+00:00,338.37,7.33,0.0,,firms_viirs_noaa20_nrt_india.csv,,338.37,,,,7.33,0.0,,,,,,,,,,,,,,,,n,N20,D,1,1,1,1,2026-09-04 08:58:00+00:00,50072.930846461364,50072.930846461364,uncertain,uncertain_review_required,insufficient_evidence,0.4,False,{},ranking,emergency_or_transient_fire,wildfire_or_agricultural_burn,day_fire_far_from_flare,0.65,conf=n+D+flare50073m+p90=1+frp=7.3,,,
frp:firms_viirs_noaa20_nrt_india:firms_viirs_noaa20_nrt_india.csv:1444,frp:firms_viirs_noaa20_nrt_india,1444,29.33545,69.01601,2026-09-04 08:58:00+00:00,350.1,4.74,0.0,,firms_viirs_noaa20_nrt_india.csv,,350.1,,,,4.74,0.0,,,,,,,,,,,,,,,,n,N20,D,2,2,2,2,2026-09-04 08:58:00+00:00,79659.92616419951,79659.92616419951,uncertain,uncertain_review_required,insufficient_evidence,0.4,False,{},ranking,emergency_or_transient_fire,wildfire_or_agricultural_burn,day_fire_far_from_flare,0.65,conf=n+D+flare79660m+p90=2+frp=4.7,,,
frp:firms_viirs_noaa20_nrt_india:firms_viirs_noaa20_nrt_india.csv:1445,frp:firms_viirs_noaa20_nrt_india,1445,29.90779,74.95393,2026-09-04 08:58:00+00:00,334.59,3.63,0.0,,firms_viirs_noaa20_nrt_india.csv,,334.59,,,,3.63,0.0,,,,,,,,,,,,,,,,n,N20,D,6,6,6,6,2026-09-04 08:58:00+00:00,330.4037331785369,330.4037331785369,emergency_or_transient_fire,industrial_fire_candidate,industrial_proximity,0.72,True,{},ranking,,,,0.0,,,,
frp:firms_viirs_noaa20_nrt_india:firms_viirs_noaa20_nrt_india.csv:1446,frp:firms_viirs_noaa20_nrt_india,1446,32.43343,71.37107,2026-09-04 09:00:00+00:00,340.84,7.83,0.0,,firms_viirs_noaa20_nrt_india.csv,,340.84,,,,7.83,0.0,,,,,,,,,,,,,,,,n,N20,D,1,1,1,1,2026-09-04 09:00:00+00:00,76001.35828503268,76001.35828503268,uncertain,uncertain_review_required,insufficient_evidence,0.4,False,{},ranking,emergency_or_transient_fire,wildfire_or_agricultural_burn,day_fire_far_from_flare,0.65,conf=n+D+flare76001m+p90=1+frp=7.8,,,
frp:firms_viirs_noaa20_nrt_india:firms_viirs_noaa20_nrt_india.csv:1447,frp:firms_viirs_noaa20_nrt_india,1447,32.4346,71.36937,2026-09-04 09:00:00+00:00,338.7,4.95,0.0,,firms_viirs_noaa20_nrt_india.csv,,338.7,,,,4.95,0.0,,,,,,,,,,,,,,,,n,N20,D,2,2,2,2,2026-09-04 09:00:00+00:00,75908.80584214244,75908.80584214244,uncertain,uncertain_review_required,insufficient_evidence,0.4,False,{},ranking,emergency_or_transient_fire,wildfire_or_agricultural_burn,day_fire_far_from_flare,0.65,conf=n+D+flare75909m+p90=2+frp=5.0,,,
frp:firms_viirs_noaa20_nrt_india:firms_viirs_noaa20_nrt_india.csv:1448,frp:firms_viirs_noaa20_nrt_india,1448,38.05019,67.26635,2026-09-04 09:02:00+00:00,341.93,2.91,0.0,,firms_viirs_noaa20_nrt_india.csv,,341.93,,,,2.91,0.0,,,,,,,,,,,,,,,,n,N20,D,40,40,40,40,2026-09-04 09:02:00+00:00,76434.73188767035,76434.73188767035,uncertain,uncertain_review_required,insufficient_evidence,0.4,False,{},ranking,,,,0.0,,,,
frp:firms_viirs_snpp_nrt_india:firms_viirs_snpp_nrt_india.csv:735,frp:firms_viirs_snpp_nrt_india,735,9.92334,78.1786,2026-09-02 09:11:00+00:00,333.46,8.28,0.0,,firms_viirs_snpp_nrt_india.csv,,333.46,,,,8.28,0.0,,,,,,,,,,,,,,,,n,N,D,1,1,1,1,2026-09-02 09:11:00+00:00,158183.13887836202,158183.13887836202,uncertain,uncertain_review_required,insufficient_evidence,0.4,False,{},ranking,emergency_or_transient_fire,wildfire_or_agricultural_burn,day_fire_far_from_flare,0.65,conf=n+D+flare158183m+p90=1+frp=8.3,,,
frp:firms_viirs_snpp_nrt_india:firms_viirs_snpp_nrt_india.csv:736,frp:firms_viirs_snpp_nrt_india,736,11.34867,77.58162,2026-09-02 09:11:00+00:00,343.48,6.73,0.0,,firms_viirs_snpp_nrt_india.csv,,343.48,,,,6.73,0.0,,,,,,,,,,,,,,,,n,N,D,0,0,0,0,2026-09-02 09:11:00+00:00,197470.45823521577,197470.45823521577,uncertain,uncertain_review_required,insufficient_evidence,0.4,False,{},ranking,emergency_or_transient_fire,wildfire_or_agricultural_burn,day_fire_far_from_flare,0.65,conf=n+D+flare197470m+p90=0+frp=6.7,,,
frp:firms_viirs_snpp_nrt_india:firms_viirs_snpp_nrt_india.csv:737,frp:firms_viirs_snpp_nrt_india,737,18.5739,72.24182,2026-09-02 09:13:00+00:00,327.45,4.18,0.0,,firms_viirs_snpp_nrt_india.csv,,327.45,,,,4.18,0.0,,,,,,,,,,,,,,,,n,N,D,1,1,1,1,2026-09-02 09:13:00+00:00,361.4213709374368,361.4213709374368,emergency_or_transient_fire,industrial_fire_candidate,industrial_proximity,0.72,True,{},ranking,,,,0.0,,,,
frp:firms_viirs_snpp_nrt_india:firms_viirs_snpp_nrt_india.csv:738,frp:firms_viirs_snpp_nrt_india,738,27.85456,72.35793,2026-09-02 09:15:00+00:00,335.36,6.23,0.0,,firms_viirs_snpp_nrt_india.csv,,335.36,,,,6.23,0.0,,,,,,,,,,,,,,,,n,N,D,0,0,0,0,2026-09-02 09:15:00+00:00,229010.4726069759,229010.4726069759,uncertain,uncertain_review_required,insufficient_evidence,0.4,False,{},ranking,emergency_or_transient_fire,wildfire_or_agricultural_burn,day_fire_far_from_flare,0.65,conf=n+D+flare229010m+p90=0+frp=6.2,,,
frp:firms_viirs_snpp_nrt_india:firms_viirs_snpp_nrt_india.csv:739,frp:firms_viirs_snpp_nrt_india,739,28.29682,67.82691,2026-09-02 09:15:00+00:00,339.82,7.3,0.0,,firms_viirs_snpp_nrt_india.csv,,339.82,,,,7.3,0.0,,,,,,,,,,,,,,,,n,N,D,1,1,1,1,2026-09-02 09:15:00+00:00,86112.70935217635,86112.70935217635,uncertain,uncertain_review_required,insufficient_evidence,0.4,False,{},ranking,emergency_or_transient_fire,wildfire_or_agricultural_burn,day_fire_far_from_flare,0.65,conf=n+D+flare86113m+p90=1+frp=7.3,,,
frp:firms_viirs_snpp_nrt_india:firms_viirs_snpp_nrt_india.csv:740,frp:firms_viirs_snpp_nrt_india,740,7.80859,99.84074,2026-09-02 18:26:00+00:00,323.48,2.66,0.0,,firms_viirs_snpp_nrt_india.csv,,323.48,,,,2.66,0.0,,,,,,,,,,,,,,,,n,N,N,0,0,0,0,2026-09-02 18:26:00+00:00,189159.56380393752,189159.56380393752,uncertain,uncertain_review_required,insufficient_evidence,0.4,False,{},ranking,,,,0.0,,,,
frp:firms_viirs_snpp_nrt_india:firms_viirs_snpp_nrt_india.csv:741,frp:firms_viirs_snpp_nrt_india,741,27.37742,95.33333,2026-09-02 20:00:00+00:00,296.12,1.17,0.0,,firms_viirs_snpp_nrt_india.csv,,296.12,,,,1.17,0.0,,,,,,,,,,,,,,,,n,N,N,0,0,0,0,2026-09-02 20:00:00+00:00,3062.0830927977913,3062.0830927977913,uncertain,uncertain_review_required,insufficient_evidence,0.4,False,{},ranking,,,,0.0,,,,
frp:firms_viirs_snpp_nrt_india:firms_viirs_snpp_nrt_india.csv:742,frp:firms_viirs_snpp_nrt_india,742,20.94712,86.04544,2026-09-02 20:02:00+00:00,299.71,2.41,0.0,,firms_viirs_snpp_nrt_india.csv,,299.71,,,,2.41,0.0,,,,,,,,,,,,,,,,n,N,N,0,0,0,0,2026-09-02 20:02:00+00:00,23080.126534376403,23080.126534376403,uncertain,uncertain_review_required,insufficient_evidence,0.4,False,{},ranking,,,,0.0,,,,
frp:firms_viirs_snpp_nrt_india:firms_viirs_snpp_nrt_india.csv:743,frp:firms_viirs_snpp_nrt_india,743,20.94769,86.04173,2026-09-02 20:02:00+00:00,329.92,2.41,0.0,,firms_viirs_snpp_nrt_india.csv,,329.92,,,,2.41,0.0,,,,,,,,,,,,,,,,n,N,N,1,1,1,1,2026-09-02 20:02:00+00:00,22818.46503491443,22818.46503491443,uncertain,uncertain_review_required,insufficient_evidence,0.4,False,{},ranking,,,,0.0,,,,
frp:firms_viirs_snpp_nrt_india:firms_viirs_snpp_nrt_india.csv:744,frp:firms_viirs_snpp_nrt_india,744,20.94987,86.04974,2026-09-02 20:02:00+00:00,317.46,1.99,0.0,,firms_viirs_snpp_nrt_india.csv,,317.46,,,,1.99,0.0,,,,,,,,,,,,,,,,n,N,N,3,3,3,3,2026-09-02 20:02:00+00:00,23074.127548805034,23074.127548805034,uncertain,uncertain_review_required,insufficient_evidence,0.4,False,{},ranking,,,,0.0,,,,
frp:firms_viirs_snpp_nrt_india:firms_viirs_snpp_nrt_india.csv:745,frp:firms_viirs_snpp_nrt_india,745,20.95044,86.04603,2026-09-02 20:02:00+00:00,320.77,2.41,0.0,,firms_viirs_snpp_nrt_india.csv,,320.77,,,,2.41,0.0,,,,,,,,,,,,,,,,n,N,N,2,2,2,2,2026-09-02 20:02:00+00:00,22805.716278433327,22805.716278433327,uncertain,uncertain_review_required,insufficient_evidence,0.4,False,{},ranking,,,,0.0,,,,
frp:firms_viirs_snpp_nrt_india:firms_viirs_snpp_nrt_india.csv:746,frp:firms_viirs_snpp_nrt_india,746,20.96373,86.04834,2026-09-02 20:02:00+00:00,300.88,0.85,0.0,,firms_viirs_snpp_nrt_india.csv,,300.88,,,,0.85,0.0,,,,,,,,,,,,,,,,n,N,N,6,6,6,6,2026-09-02 20:02:00+00:00,21733.881116120247,21733.881116120247,uncertain,uncertain_review_required,insufficient_evidence,0.4,False,{},ranking,,,,0.0,,,,
frp:firms_viirs_snpp_nrt_india:firms_viirs_snpp_nrt_india.csv:747,frp:firms_viirs_snpp_nrt_india,747,20.97057,86.0037,2026-09-02 20:02:00+00:00,307.75,1.07,0.0,,firms_viirs_snpp_nrt_india.csv,,307.75,,,,1.07,0.0,,,,,,,,,,,,,,,,n,N,N,2,2,2,2,2026-09-02 20:02:00+00:00,18659.57698204194,18659.57698204194,uncertain,uncertain_review_required,insufficient_evidence,0.4,False,{},ranking,,,,0.0,,,,
frp:firms_viirs_snpp_nrt_india:firms_viirs_snpp_nrt_india.csv:748,frp:firms_viirs_snpp_nrt_india,748,20.97389,86.00428,2026-09-02 20:02:00+00:00,303.42,0.75,0.0,,firms_viirs_snpp_nrt_india.csv,,303.42,,,,0.75,0.0,,,,,,,,,,,,,,,,n,N,N,2,2,2,2,2026-09-02 20:02:00+00:00,18356.6751145802,18356.6751145802,uncertain,uncertain_review_required,insufficient_evidence,0.4,False,{},ranking,,,,0.0,,,,
frp:firms_viirs_snpp_nrt_india:firms_viirs_snpp_nrt_india.csv:749,frp:firms_viirs_snpp_nrt_india,749,22.24434,87.38933,2026-09-02 20:02:00+00:00,307.58,1.69,0.0,,firms_viirs_snpp_nrt_india.csv,,307.58,,,,1.69,0.0,,,,,,,,,,,,,,,,n,N,N,0,0,0,0,2026-09-02 20:02:00+00:00,76612.09433722556,76612.09433722556,uncertain,uncertain_review_required,insufficient_evidence,0.4,False,{},ranking,,,,0.0,,,,
frp:firms_viirs_snpp_nrt_india:firms_viirs_snpp_nrt_india.csv:750,frp:firms_viirs_snpp_nrt_india,750,23.66686,86.09244,2026-09-02 20:02:00+00:00,303.59,2.0,0.0,,firms_viirs_snpp_nrt_india.csv,,303.59,,,,2.0,0.0,,,,,,,,,,,,,,,,n,N,N,0,0,0,0,2026-09-02 20:02:00+00:00,131465.0191932053,131465.0191932053,uncertain,uncertain_review_required,insufficient_evidence,0.4,False,{},ranking,,,,0.0,,,,
frp:firms_viirs_snpp_nrt_india:firms_viirs_snpp_nrt_india.csv:751,frp:firms_viirs_snpp_nrt_india,751,23.69712,85.35915,2026-09-02 20:02:00+00:00,298.21,0.72,0.0,,firms_viirs_snpp_nrt_india.csv,,298.21,,,,0.72,0.0,,,,,,,,,,,,,,,,n,N,N,0,0,0,0,2026-09-02 20:02:00+00:00,206199.14926956216,206199.14926956216,uncertain,uncertain_review_required,insufficient_evidence,0.4,False,{},ranking,,,,0.0,,,,
frp:firms_viirs_snpp_nrt_india:firms_viirs_snpp_nrt_india.csv:752,frp:firms_viirs_snpp_nrt_india,752,23.75301,86.3995,2026-09-02 20:02:00+00:00,306.1,1.79,0.0,,firms_viirs_snpp_nrt_india.csv,,306.1,,,,1.79,0.0,,,,,,,,,,,,,,,,n,N,N,13,13,13,13,2026-09-02 20:02:00+00:00,101666.60101797273,101666.60101797273,uncertain,uncertain_review_required,insufficient_evidence,0.4,False,{},ranking,,,,0.0,,,,
frp:firms_viirs_snpp_nrt_india:firms_viirs_snpp_nrt_india.csv:753,frp:firms_viirs_snpp_nrt_india,753,23.75577,86.40394,2026-09-02 20:02:00+00:00,306.39,1.05,0.0,,firms_viirs_snpp_nrt_india.csv,,306.39,,,,1.05,0.0,,,,,,,,,,,,,,,,n,N,N,11,11,11,11,2026-09-02 20:02:00+00:00,101281.52041768972,101281.52041768972,uncertain,uncertain_review_required,insufficient_evidence,0.4,False,{},ranking,,,,0.0,,,,
frp:firms_viirs_snpp_nrt_india:firms_viirs_snpp_nrt_india.csv:754,frp:firms_viirs_snpp_nrt_india,754,23.75693,86.39625,2026-09-02 20:02:00+00:00,306.5,1.45,0.0,,firms_viirs_snpp_nrt_india.csv,,306.5,,,,1.45,0.0,,,,,,,,,,,,,,,,n,N,N,9,9,9,9,2026-09-02 20:02:00+00:00,102074.3507620264,102074.3507620264,uncertain,uncertain_review_required,insufficient_evidence,0.4,False,{},ranking,,,,0.0,,,,
frp:firms_viirs_snpp_nrt_india:firms_viirs_snpp_nrt_india.csv:755,frp:firms_viirs_snpp_nrt_india,755,23.75911,86.40453,2026-09-02 20:02:00+00:00,307.12,1.05,0.0,,firms_viirs_snpp_nrt_india.csv,,307.12,,,,1.05,0.0,,,,,,,,,,,,,,,,n,N,N,5,5,5,5,2026-09-02 20:02:00+00:00,101294.80531096696,101294.80531096696,uncertain,uncertain_review_required,insufficient_evidence,0.4,False,{},ranking,,,,0.0,,,,
frp:firms_viirs_snpp_nrt_india:firms_viirs_snpp_nrt_india.csv:756,frp:firms_viirs_snpp_nrt_india,756,23.75969,86.40069,2026-09-02 20:02:00+00:00,312.71,1.45,0.0,,firms_viirs_snpp_nrt_india.csv,,312.71,,,,1.45,0.0,,,,,,,,,,,,,,,,n,N,N,4,4,4,4,2026-09-02 20:02:00+00:00,101690.66430220265,101690.66430220265,uncertain,uncertain_review_required,insufficient_evidence,0.4,False,{},ranking,,,,0.0,,,,
frp:firms_viirs_snpp_nrt_india:firms_viirs_snpp_nrt_india.csv:757,frp:firms_viirs_snpp_nrt_india,757,23.76244,86.40514,2026-09-02 20:02:00+00:00,302.54,1.07,0.0,,firms_viirs_snpp_nrt_india.csv,,302.54,,,,1.07,0.0,,,,,,,,,,,,,,,,n,N,N,3,3,3,3,2026-09-02 20:02:00+00:00,101307.27198728625,101307.27198728625,uncertain,uncertain_review_required,insufficient_evidence,0.4,False,{},ranking,,,,0.0,,,,
frp:firms_viirs_snpp_nrt_india:firms_viirs_snpp_nrt_india.csv:758,frp:firms_viirs_snpp_nrt_india,758,23.76303,86.40129,2026-09-02 20:02:00+00:00,306.39,0.98,0.0,,firms_viirs_snpp_nrt_india.csv,,306.39,,,,0.98,0.0,,,,,,,,,,,,,,,,n,N,N,2,2,2,2,2026-09-02 20:02:00+00:00,101704.28807958007,101704.28807958007,uncertain,uncertain_review_required,insufficient_evidence,0.4,False,{},ranking,,,,0.0,,,,
frp:firms_viirs_snpp_nrt_india:firms_viirs_snpp_nrt_india.csv:759,frp:firms_viirs_snpp_nrt_india,759,23.76419,86.39362,2026-09-02 20:02:00+00:00,305.69,1.77,0.0,,firms_viirs_snpp_nrt_india.csv,,305.69,,,,1.77,0.0,,,,,,,,,,,,,,,,n,N,N,1,1,1,1,2026-09-02 20:02:00+00:00,102494.8868428167,102494.8868428167,uncertain,uncertain_review_required,insufficient_evidence,0.4,False,{},ranking,,,,0.0,,,,
frp:firms_viirs_snpp_nrt_india:firms_viirs_snpp_nrt_india.csv:760,frp:firms_viirs_snpp_nrt_india,760,23.76637,86.40189,2026-09-02 20:02:00+00:00,301.52,0.98,0.0,,firms_viirs_snpp_nrt_india.csv,,301.52,,,,0.98,0.0,,,,,,,,,,,,,,,,n,N,N,6,6,6,6,2026-09-02 20:02:00+00:00,101719.30570300572,101719.30570300572,uncertain,uncertain_review_required,insufficient_evidence,0.4,False,{},ranking,,,,0.0,,,,
frp:firms_viirs_snpp_nrt_india:firms_viirs_snpp_nrt_india.csv:761,frp:firms_viirs_snpp_nrt_india,761,23.7665,86.37826,2026-09-02 20:02:00+00:00,303.1,1.13,0.0,,firms_viirs_snpp_nrt_india.csv,,303.1,,,,1.13,0.0,,,,,,,,,,,,,,,,n,N,N,0,0,0,0,2026-09-02 20:02:00+00:00,104077.8671723385,104077.8671723385,uncertain,uncertain_review_required,insufficient_evidence,0.4,False,{},ranking,,,,0.0,,,,
frp:firms_viirs_snpp_nrt_india:firms_viirs_snpp_nrt_india.csv:762,frp:firms_viirs_snpp_nrt_india,762,23.76929,86.01326,2026-09-02 20:02:00+00:00,303.69,1.06,0.0,,firms_viirs_snpp_nrt_india.csv,,303.69,,,,1.06,0.0,,,,,,,,,,,,,,,,n,N,N,2,2,2,2,2026-09-02 20:02:00+00:00,140727.72325526574,140727.72325526574,uncertain,uncertain_review_required,insufficient_evidence,0.4,False,{},ranking,,,,0.0,,,,
frp:firms_viirs_snpp_nrt_india:firms_viirs_snpp_nrt_india.csv:763,frp:firms_viirs_snpp_nrt_india,763,23.77496,85.99825,2026-09-02 20:02:00+00:00,304.92,0.93,0.0,,firms_viirs_snpp_nrt_india.csv,,304.92,,,,0.93,0.0,,,,,,,,,,,,,,,,n,N,N,0,0,0,0,2026-09-02 20:02:00+00:00,142331.7507777334,142331.7507777334,uncertain,uncertain_review_required,insufficient_evidence,0.4,False,{},ranking,,,,0.0,,,,
frp:firms_viirs_snpp_nrt_india:firms_viirs_snpp_nrt_india.csv:764,frp:firms_viirs_snpp_nrt_india,764,23.77536,86.38774,2026-09-02 20:02:00+00:00,305.74,2.1,0.0,,firms_viirs_snpp_nrt_india.csv,,305.74,,,,2.1,0.0,,,,,,,,,,,,,,,,n,N,N,8,8,8,8,2026-09-02 20:02:00+00:00,103334.62583072291,103334.62583072291,uncertain,uncertain_review_required,insufficient_evidence,0.4,False,{},ranking,,,,0.0,,,,
frp:firms_viirs_snpp_nrt_india:firms_viirs_snpp_nrt_india.csv:765,frp:firms_viirs_snpp_nrt_india,765,23.77554,85.99434,2026-09-02 20:02:00+00:00,303.22,0.93,0.0,,firms_viirs_snpp_nrt_india.csv,,303.22,,,,0.93,0.0,,,,,,,,,,,,,,,,n,N,N,1,1,1,1,2026-09-02 20:02:00+00:00,142734.79680120543,142734.79680120543,uncertain,uncertain_review_required,insufficient_evidence,0.4,False,{},ranking,,,,0.0,,,,
frp:firms_viirs_snpp_nrt_india:firms_viirs_snpp_nrt_india.csv:766,frp:firms_viirs_snpp_nrt_india,766,23.77812,86.39218,2026-09-02 20:02:00+00:00,303.48,1.06,0.0,,firms_viirs_snpp_nrt_india.csv,,303.48,,,,1.06,0.0,,,,,,,,,,,,,,,,n,N,N,7,7,7,7,2026-09-02 20:02:00+00:00,102957.98273615046,102957.98273615046,uncertain,uncertain_review_required,insufficient_evidence,0.4,False,{},ranking,,,,0.0,,,,
frp:firms_viirs_snpp_nrt_india:firms_viirs_snpp_nrt_india.csv:767,frp:firms_viirs_snpp_nrt_india,767,23.7787,86.38834,2026-09-02 20:02:00+00:00,311.58,1.75,0.0,,firms_viirs_snpp_nrt_india.csv,,311.58,,,,1.75,0.0,,,,,,,,,,,,,,,,n,N,N,10,10,10,10,2026-09-02 20:02:00+00:00,103353.48847312217,103353.48847312217,uncertain,uncertain_review_required,insufficient_evidence,0.4,False,{},ranking,,,,0.0,,,,
frp:firms_viirs_snpp_nrt_india:firms_viirs_snpp_nrt_india.csv:768,frp:firms_viirs_snpp_nrt_india,768,23.78102,86.37297,2026-09-02 20:02:00+00:00,301.83,1.41,0.0,,firms_viirs_snpp_nrt_india.csv,,301.83,,,,1.41,0.0,,,,,,,,,,,,,,,,n,N,N,13,13,13,13,2026-09-02 20:02:00+00:00,104936.5336116012,104936.5336116012,uncertain,uncertain_review_required,insufficient_evidence,0.4,False,{},ranking,,,,0.0,,,,
frp:firms_viirs_snpp_nrt_india:firms_viirs_snpp_nrt_india.csv:769,frp:firms_viirs_snpp_nrt_india,769,23.80136,86.32924,2026-09-02 20:02:00+00:00,302.76,0.85,0.0,,firms_viirs_snpp_nrt_india.csv,,302.76,,,,0.85,0.0,,,,,,,,,,,,,,,,n,N,N,0,0,0,0,2026-09-02 20:02:00+00:00,109771.8258042504,109771.8258042504,uncertain,uncertain_review_required,insufficient_evidence,0.4,False,{},ranking,,,,0.0,,,,
frp:firms_viirs_snpp_nrt_india:firms_viirs_snpp_nrt_india.csv:770,frp:firms_viirs_snpp_nrt_india,770,23.80471,86.32983,2026-09-02 20:02:00+00:00,311.61,0.85,0.0,,firms_viirs_snpp_nrt_india.csv,,311.61,,,,0.85,0.0,,,,,,,,,,,,,,,,n,N,N,1,1,1,1,2026-09-02 20:02:00+00:00,109797.15621033695,109797.15621033695,uncertain,uncertain_review_required,insufficient_evidence,0.4,False,{},ranking,,,,0.0,,,,
frp:firms_viirs_snpp_nrt_india:firms_viirs_snpp_nrt_india.csv:771,frp:firms_viirs_snpp_nrt_india,771,23.80529,86.32597,2026-09-02 20:02:00+00:00,299.68,0.85,0.0,,firms_viirs_snpp_nrt_india.csv,,299.68,,,,0.85,0.0,,,,,,,,,,,,,,,,n,N,N,2,2,2,2,2026-09-02 20:02:00+00:00,110194.25430107063,110194.25430107063,uncertain,uncertain_review_required,insufficient_evidence,0.4,False,{},ranking,,,,0.0,,,,
frp:firms_viirs_snpp_nrt_india:firms_viirs_snpp_nrt_india.csv:772,frp:firms_viirs_snpp_nrt_india,772,15.16884,76.38137,2026-09-02 20:04:00+00:00,303.55,1.08,0.0,,firms_viirs_snpp_nrt_india.csv,,303.55,,,,1.08,0.0,,,,,,,,,,,,,,,,n,N,N,4,4,4,4,2026-09-02 20:04:00+00:00,291513.17204357777,291513.17204357777,uncertain,uncertain_review_required,insufficient_evidence,0.4,False,{},ranking,,,,0.0,,,,
frp:firms_viirs_snpp_nrt_india:firms_viirs_snpp_nrt_india.csv:773,frp:firms_viirs_snpp_nrt_india,773,15.17321,76.65722,2026-09-02 20:04:00+00:00,298.31,1.52,0.0,,firms_viirs_snpp_nrt_india.csv,,298.31,,,,1.52,0.0,,,,,,,,,,,,,,,,n,N,N,18,18,18,18,2026-09-02 20:04:00+00:00,309585.1432887117,309585.1432887117,uncertain,uncertain_review_required,insufficient_evidence,0.4,False,{},ranking,,,,0.0,,,,
frp:firms_viirs_snpp_nrt_india:firms_viirs_snpp_nrt_india.csv:774,frp:firms_viirs_snpp_nrt_india,774,15.17359,76.65408,2026-09-02 20:04:00+00:00,300.96,1.23,0.0,,firms_viirs_snpp_nrt_india.csv,,300.96,,,,1.23,0.0,,,,,,,,,,,,,,,,n,N,N,17,17,17,17,2026-09-02 20:04:00+00:00,309406.48273976624,309406.48273976624,uncertain,uncertain_review_required,insufficient_evidence,0.4,False,{},ranking,,,,0.0,,,,
frp:firms_viirs_snpp_nrt_india:firms_viirs_snpp_nrt_india.csv:775,frp:firms_viirs_snpp_nrt_india,775,15.17838,76.65782,2026-09-02 20:04:00+00:00,304.14,1.94,0.0,,firms_viirs_snpp_nrt_india.csv,,304.14,,,,1.94,0.0,,,,,,,,,,,,,,,,n,N,N,16,16,16,16,2026-09-02 20:04:00+00:00,310073.0534902582,310073.0534902582,uncertain,uncertain_review_required,insufficient_evidence,0.4,False,{},ranking,,,,0.0,,,,
frp:firms_viirs_snpp_nrt_india:firms_viirs_snpp_nrt_india.csv:776,frp:firms_viirs_snpp_nrt_india,776,15.17876,76.65467,2026-09-02 20:04:00+00:00,303.64,1.51,0.0,,firms_viirs_snpp_nrt_india.csv,,303.64,,,,1.51,0.0,,,,,,,,,,,,,,,,n,N,N,20,20,20,20,2026-09-02 20:04:00+00:00,309894.0142713146,309894.0142713146,uncertain,uncertain_review_required,insufficient_evidence,0.4,False,{},ranking,,,,0.0,,,,
frp:firms_viirs_snpp_nrt_india:firms_viirs_snpp_nrt_india.csv:777,frp:firms_viirs_snpp_nrt_india,777,15.18241,76.66785,2026-09-02 20:04:00+00:00,303.1,2.21,0.0,,firms_viirs_snpp_nrt_india.csv,,303.1,,,,2.21,0.0,,,,,,,,,,,,,,,,n,N,N,19,19,19,19,2026-09-02 20:04:00+00:00,311097.80699647946,311097.80699647946,uncertain,uncertain_review_required,insufficient_evidence,0.4,False,{},ranking,,,,0.0,,,,
frp:firms_viirs_snpp_nrt_india:firms_viirs_snpp_nrt_india.csv:778,frp:firms_viirs_snpp_nrt_india,778,15.78634,80.24809,2026-09-02 20:04:00+00:00,304.51,1.63,0.0,,firms_viirs_snpp_nrt_india.csv,,304.51,,,,1.63,0.0,,,,,,,,,,,,,,,,n,N,N,0,0,0,0,2026-09-02 20:04:00+00:00,76403.20541817854,76403.20541817854,uncertain,uncertain_review_required,insufficient_evidence,0.4,False,{},ranking,,,,0.0,,,,
frp:firms_viirs_snpp_nrt_india:firms_viirs_snpp_nrt_india.csv:779,frp:firms_viirs_snpp_nrt_india,779,17.60491,83.19991,2026-09-02 20:04:00+00:00,295.25,1.14,0.0,,firms_viirs_snpp_nrt_india.csv,,295.25,,,,1.14,0.0,,,,,,,,,,,,,,,,n,N,N,2,2,2,2,2026-09-02 20:04:00+00:00,10871.041819493446,10871.041819493446,uncertain,uncertain_review_required,insufficient_evidence,0.4,False,{},ranking,,,,0.0,,,,
frp:firms_viirs_snpp_nrt_india:firms_viirs_snpp_nrt_india.csv:780,frp:firms_viirs_snpp_nrt_india,780,17.60785,83.20464,2026-09-02 20:04:00+00:00,298.93,0.82,0.0,,firms_viirs_snpp_nrt_india.csv,,298.93,,,,0.82,0.0,,,,,,,,,,,,,,,,n,N,N,1,1,1,1,2026-09-02 20:04:00+00:00,10370.439647809659,10370.439647809659,uncertain,uncertain_review_required,insufficient_evidence,0.4,False,{},ranking,,,,0.0,,,,
frp:firms_viirs_snpp_nrt_india:firms_viirs_snpp_nrt_india.csv:781,frp:firms_viirs_snpp_nrt_india,781,17.61139,83.20518,2026-09-02 20:04:00+00:00,299.79,1.06,0.0,,firms_viirs_snpp_nrt_india.csv,,299.79,,,,1.06,0.0,,,,,,,,,,,,,,,,n,N,N,0,0,0,0,2026-09-02 20:04:00+00:00,9985.819415212658,9985.819415212658,uncertain,uncertain_review_required,insufficient_evidence,0.4,False,{},ranking,,,,0.0,,,,
frp:firms_viirs_snpp_nrt_india:firms_viirs_snpp_nrt_india.csv:782,frp:firms_viirs_snpp_nrt_india,782,18.68321,73.04121,2026-09-02 20:04:00+00:00,301.76,3.91,0.0,,firms_viirs_snpp_nrt_india.csv,,301.76,,,,3.91,0.0,,,,,,,,,,,,,,,,n,N,N,10,10,10,10,2026-09-02 20:04:00+00:00,22824.227649195014,22824.227649195014,uncertain,uncertain_review_required,insufficient_evidence,0.4,False,{},ranking,,,,0.0,,,,
frp:firms_viirs_snpp_nrt_india:firms_viirs_snpp_nrt_india.csv:783,frp:firms_viirs_snpp_nrt_india,783,18.68376,73.03494,2026-09-02 20:04:00+00:00,307.43,2.69,0.0,,firms_viirs_snpp_nrt_india.csv,,307.43,,,,2.69,0.0,,,,,,,,,,,,,,,,n,N,N,11,11,11,11,2026-09-02 20:04:00+00:00,22431.485003632115,22431.485003632115,uncertain,uncertain_review_required,insufficient_evidence,0.4,False,{},ranking,,,,0.0,,,,
frp:firms_viirs_snpp_nrt_india:firms_viirs_snpp_nrt_india.csv:784,frp:firms_viirs_snpp_nrt_india,784,18.6843,73.02866,2026-09-02 20:04:00+00:00,303.48,2.69,0.0,,firms_viirs_snpp_nrt_india.csv,,303.48,,,,2.69,0.0,,,,,,,,,,,,,,,,n,N,N,9,9,9,9,2026-09-02 20:04:00+00:00,22052.14689617196,22052.14689617196,uncertain,uncertain_review_required,insufficient_evidence,0.4,False,{},ranking,,,,0.0,,,,
frp:firms_viirs_snpp_nrt_india:firms_viirs_snpp_nrt_india.csv:785,frp:firms_viirs_snpp_nrt_india,785,21.16249,72.6673,2026-09-02 20:04:00+00:00,304.69,1.98,0.0,,firms_viirs_snpp_nrt_india.csv,,304.69,,,,1.98,0.0,,,,,,,,,,,,,,,,n,N,N,0,0,0,0,2026-09-02 20:04:00+00:00,7396.348775622798,7396.348775622798,uncertain,uncertain_review_required,insufficient_evidence,0.4,False,{},ranking,,,,0.0,,,,
frp:firms_viirs_snpp_nrt_india:firms_viirs_snpp_nrt_india.csv:786,frp:firms_viirs_snpp_nrt_india,786,21.1658,72.66228,2026-09-02 20:04:00+00:00,301.64,1.54,0.0,,firms_viirs_snpp_nrt_india.csv,,301.64,,,,1.54,0.0,,,,,,,,,,,,,,,,n,N,N,1,1,1,1,2026-09-02 20:04:00+00:00,7969.277594305238,7969.277594305238,uncertain,uncertain_review_required,insufficient_evidence,0.4,False,{},ranking,,,,0.0,,,,
frp:firms_viirs_snpp_nrt_india:firms_viirs_snpp_nrt_india.csv:787,frp:firms_viirs_snpp_nrt_india,787,7.47998,81.08479,2026-09-02 20:06:00+00:00,311.65,2.11,0.0,,firms_viirs_snpp_nrt_india.csv,,311.65,,,,2.11,0.0,,,,,,,,,,,,,,,,n,N,N,0,0,0,0,2026-09-02 20:06:00+00:00,137250.40025946297,137250.40025946297,uncertain,uncertain_review_required,insufficient_evidence,0.4,False,{},ranking,,,,0.0,,,,
frp:firms_viirs_snpp_nrt_india:firms_viirs_snpp_nrt_india.csv:788,frp:firms_viirs_snpp_nrt_india,788,7.5548,81.30308,2026-09-02 20:06:00+00:00,323.29,3.47,0.0,,firms_viirs_snpp_nrt_india.csv,,323.29,,,,3.47,0.0,,,,,,,,,,,,,,,,n,N,N,3,3,3,3,2026-09-02 20:06:00+00:00,162603.45263572488,162603.45263572488,uncertain,uncertain_review_required,insufficient_evidence,0.4,False,{},ranking,,,,0.0,,,,
frp:firms_viirs_snpp_nrt_india:firms_viirs_snpp_nrt_india.csv:789,frp:firms_viirs_snpp_nrt_india,789,7.55889,81.2997,2026-09-02 20:06:00+00:00,309.37,1.3,0.0,,firms_viirs_snpp_nrt_india.csv,,309.37,,,,1.3,0.0,,,,,,,,,,,,,,,,n,N,N,4,4,4,4,2026-09-02 20:06:00+00:00,162448.27993982442,162448.27993982442,uncertain,uncertain_review_required,insufficient_evidence,0.4,False,{},ranking,,,,0.0,,,,
frp:firms_viirs_snpp_nrt_india:firms_viirs_snpp_nrt_india.csv:790,frp:firms_viirs_snpp_nrt_india,790,7.76356,80.32153,2026-09-02 20:06:00+00:00,306.91,1.7,0.0,,firms_viirs_snpp_nrt_india.csv,,306.91,,,,1.7,0.0,,,,,,,,,,,,,,,,n,N,N,0,0,0,0,2026-09-02 20:06:00+00:00,98018.81276540914,98018.81276540914,uncertain,uncertain_review_required,insufficient_evidence,0.4,False,{},ranking,,,,0.0,,,,
frp:firms_viirs_snpp_nrt_india:firms_viirs_snpp_nrt_india.csv:791,frp:firms_viirs_snpp_nrt_india,791,7.96894,79.79425,2026-09-02 20:06:00+00:00,308.78,3.02,0.0,,firms_viirs_snpp_nrt_india.csv,,308.78,,,,3.02,0.0,,,,,,,,,,,,,,,,n,N,N,0,0,0,0,2026-09-02 20:06:00+00:00,113623.15014275043,113623.15014275043,uncertain,uncertain_review_required,insufficient_evidence,0.4,False,{},ranking,,,,0.0,,,,
frp:firms_viirs_snpp_nrt_india:firms_viirs_snpp_nrt_india.csv:792,frp:firms_viirs_snpp_nrt_india,792,7.97252,80.73882,2026-09-02 20:06:00+00:00,321.51,2.91,0.0,,firms_viirs_snpp_nrt_india.csv,,321.51,,,,2.91,0.0,,,,,,,,,,,,,,,,n,N,N,4,4,4,4,2026-09-02 20:06:00+00:00,141844.5605967588,141844.5605967588,uncertain,uncertain_review_required,insufficient_evidence,0.4,False,{},ranking,,,,0.0,,,,
frp:firms_viirs_snpp_nrt_india:firms_viirs_snpp_nrt_india.csv:793,frp:firms_viirs_snpp_nrt_india,793,8.01085,81.28994,2026-09-02 20:06:00+00:00,306.92,1.23,0.0,,firms_viirs_snpp_nrt_india.csv,,306.92,,,,1.23,0.0,,,,,,,,,,,,,,,,n,N,N,4,4,4,4,2026-09-02 20:06:00+00:00,187802.8895665891,187802.8895665891,uncertain,uncertain_review_required,insufficient_evidence,0.4,False,{},ranking,,,,0.0,,,,
frp:firms_viirs_snpp_nrt_india:firms_viirs_snpp_nrt_india.csv:794,frp:firms_viirs_snpp_nrt_india,794,8.08357,80.79222,2026-09-02 20:06:00+00:00,328.17,6.49,0.0,,firms_viirs_snpp_nrt_india.csv,,328.17,,,,6.49,0.0,,,,,,,,,,,,,,,,n,N,N,8,8,8,8,2026-09-02 20:06:00+00:00,155246.19102486174,155246.19102486174,uncertain,uncertain_review_required,insufficient_evidence,0.4,False,{},ranking,,,,0.0,,,,
frp:firms_viirs_snpp_nrt_india:firms_viirs_snpp_nrt_india.csv:795,frp:firms_viirs_snpp_nrt_india,795,8.08421,80.78805,2026-09-02 20:06:00+00:00,330.49,6.49,0.0,,firms_viirs_snpp_nrt_india.csv,,330.49,,,,6.49,0.0,,,,,,,,,,,,,,,,n,N,N,7,7,7,7,2026-09-02 20:06:00+00:00,155031.17609331603,155031.17609331603,uncertain,uncertain_review_required,insufficient_evidence,0.4,False,{},ranking,,,,0.0,,,,
frp:firms_viirs_snpp_nrt_india:firms_viirs_snpp_nrt_india.csv:796,frp:firms_viirs_snpp_nrt_india,796,8.35069,80.99633,2026-09-02 20:06:00+00:00,308.39,0.44,0.0,,firms_viirs_snpp_nrt_india.csv,,308.39,,,,0.44,0.0,,,,,,,,,,,,,,,,n,N,N,4,4,4,4,2026-09-02 20:06:00+00:00,192484.43752793974,192484.43752793974,uncertain,uncertain_review_required,insufficient_evidence,0.4,False,{},ranking,,,,0.0,,,,
frp:firms_viirs_snpp_nrt_india:firms_viirs_snpp_nrt_india.csv:797,frp:firms_viirs_snpp_nrt_india,797,9.55174,77.51925,2026-09-02 20:06:00+00:00,300.72,0.75,0.0,,firms_viirs_snpp_nrt_india.csv,,300.72,,,,0.75,0.0,,,,,,,,,,,,,,,,n,N,N,17,17,17,17,2026-09-02 20:06:00+00:00,131675.14553993935,131675.14553993935,uncertain,uncertain_review_required,insufficient_evidence,0.4,False,{},ranking,,,,0.0,,,,
frp:firms_viirs_snpp_nrt_india:firms_viirs_snpp_nrt_india.csv:798,frp:firms_viirs_snpp_nrt_india,798,9.55315,77.52262,2026-09-02 20:06:00+00:00,321.0,2.59,0.0,,firms_viirs_snpp_nrt_india.csv,,321.0,,,,2.59,0.0,,,,,,,,,,,,,,,,n,N,N,16,16,16,16,2026-09-02 20:06:00+00:00,131967.20332570988,131967.20332570988,uncertain,uncertain_review_required,insufficient_evidence,0.4,False,{},ranking,,,,0.0,,,,
frp:firms_viirs_snpp_nrt_india:firms_viirs_snpp_nrt_india.csv:799,frp:firms_viirs_snpp_nrt_india,799,9.55481,77.51051,2026-09-02 20:06:00+00:00,305.7,0.75,0.0,,firms_viirs_snpp_nrt_india.csv,,305.7,,,,0.75,0.0,,,,,,,,,,,,,,,,n,N,N,11,11,11,11,2026-09-02 20:06:00+00:00,130657.890761929,130657.890761929,uncertain,uncertain_review_required,insufficient_evidence,0.4,False,{},ranking,,,,0.0,,,,
frp:firms_viirs_snpp_nrt_india:firms_viirs_snpp_nrt_india.csv:800,frp:firms_viirs_snpp_nrt_india,800,9.55874,77.51527,2026-09-02 20:06:00+00:00,299.36,2.55,0.0,,firms_viirs_snpp_nrt_india.csv,,299.36,,,,2.55,0.0,,,,,,,,,,,,,,,,n,N,N,13,13,13,13,2026-09-02 20:06:00+00:00,130996.20044228305,130996.20044228305,uncertain,uncertain_review_required,insufficient_evidence,0.4,False,{},ranking,,,,0.0,,,,
frp:firms_viirs_snpp_nrt_india:firms_viirs_snpp_nrt_india.csv:801,frp:firms_viirs_snpp_nrt_india,801,9.55933,77.5109,2026-09-02 20:06:00+00:00,299.08,0.75,0.0,,firms_viirs_snpp_nrt_india.csv,,299.08,,,,0.75,0.0,,,,,,,,,,,,,,,,n,N,N,12,12,12,12,2026-09-02 20:06:00+00:00,130523.76308176812,130523.76308176812,uncertain,uncertain_review_required,insufficient_evidence,0.4,False,{},ranking,,,,0.0,,,,
frp:firms_viirs_snpp_nrt_india:firms_viirs_snpp_nrt_india.csv:802,frp:firms_viirs_snpp_nrt_india,802,9.56071,77.53418,2026-09-02 20:06:00+00:00,314.02,2.32,0.0,,firms_viirs_snpp_nrt_india.csv,,314.02,,,,2.32,0.0,,,,,,,,,,,,,,,,n,N,N,11,11,11,11,2026-09-02 20:06:00+00:00,132870.75979829958,132870.75979829958,uncertain,uncertain_review_required,insufficient_evidence,0.4,False,{},ranking,,,,0.0,,,,
frp:firms_viirs_snpp_nrt_india:firms_viirs_snpp_nrt_india.csv:803,frp:firms_viirs_snpp_nrt_india,803,9.56267,77.52,2026-09-02 20:06:00+00:00,312.46,2.11,0.0,,firms_viirs_snpp_nrt_india.csv,,312.46,,,,2.11,0.0,,,,,,,,,,,,,,,,n,N,N,15,15,15,15,2026-09-02 20:06:00+00:00,131334.05925729408,131334.05925729408,uncertain,uncertain_review_required,insufficient_evidence,0.4,False,{},ranking,,,,0.0,,,,
frp:firms_viirs_snpp_nrt_india:firms_viirs_snpp_nrt_india.csv:804,frp:firms_viirs_snpp_nrt_india,804,11.17563,79.08776,2026-09-02 20:06:00+00:00,304.65,0.63,0.0,,firms_viirs_snpp_nrt_india.csv,,304.65,,,,0.63,0.0,,,,,,,,,,,,,,,,n,N,N,2,2,2,2,2026-09-02 20:06:00+00:00,46879.55893175418,46879.55893175418,uncertain,uncertain_review_required,insufficient_evidence,0.4,False,{},ranking,,,,0.0,,,,
frp:firms_viirs_snpp_nrt_india:firms_viirs_snpp_nrt_india.csv:805,frp:firms_viirs_snpp_nrt_india,805,11.59482,77.264,2026-09-02 20:06:00+00:00,308.29,1.73,0.0,,firms_viirs_snpp_nrt_india.csv,,308.29,,,,1.73,0.0,,,,,,,,,,,,,,,,n,N,N,10,10,10,10,2026-09-02 20:06:00+00:00,204699.71417311308,204699.71417311308,uncertain,uncertain_review_required,insufficient_evidence,0.4,False,{},ranking,,,,0.0,,,,
frp:firms_viirs_snpp_nrt_india:firms_viirs_snpp_nrt_india.csv:806,frp:firms_viirs_snpp_nrt_india,806,11.59569,77.25757,2026-09-02 20:06:00+00:00,301.79,1.73,0.0,,firms_viirs_snpp_nrt_india.csv,,301.79,,,,1.73,0.0,,,,,,,,,,,,,,,,n,N,N,9,9,9,9,2026-09-02 20:06:00+00:00,204452.12547297313,204452.12547297313,uncertain,uncertain_review_required,insufficient_evidence,0.4,False,{},ranking,,,,0.0,,,,
frp:firms_viirs_snpp_nrt_india:firms_viirs_snpp_nrt_india.csv:807,frp:firms_viirs_snpp_nrt_india,807,11.80807,77.92142,2026-09-02 20:06:00+00:00,313.58,2.3,0.0,,firms_viirs_snpp_nrt_india.csv,,313.58,,,,2.3,0.0,,,,,,,,,,,,,,,,n,N,N,7,7,7,7,2026-09-02 20:06:00+00:00,187253.98074292202,187253.98074292202,uncertain,uncertain_review_required,insufficient_evidence,0.4,False,{},ranking,,,,0.0,,,,
frp:firms_viirs_snpp_nrt_india:firms_viirs_snpp_nrt_india.csv:808,frp:firms_viirs_snpp_nrt_india,808,12.84852,79.90374,2026-09-02 20:06:00+00:00,334.6,4.0,0.0,,firms_viirs_snpp_nrt_india.csv,,334.6,,,,4.0,0.0,,,,,,,,,,,,,,,,n,N,N,1,1,1,1,2026-09-02 20:06:00+00:00,53850.45868309022,53850.45868309022,uncertain,uncertain_review_required,insufficient_evidence,0.4,False,{},ranking,,,,0.0,,,,
frp:firms_viirs_snpp_nrt_india:firms_viirs_snpp_nrt_india.csv:809,frp:firms_viirs_snpp_nrt_india,809,12.85253,79.90434,2026-09-02 20:06:00+00:00,343.13,5.36,0.0,,firms_viirs_snpp_nrt_india.csv,,343.13,,,,5.36,0.0,,,,,,,,,,,,,,,,n,N,N,0,0,0,0,2026-09-02 20:06:00+00:00,53514.498300763255,53514.498300763255,uncertain,uncertain_review_required,insufficient_evidence,0.4,False,{},ranking,,,,0.0,,,,
frp:firms_viirs_snpp_nrt_india:firms_viirs_snpp_nrt_india.csv:810,frp:firms_viirs_snpp_nrt_india,810,13.09088,79.98233,2026-09-02 20:06:00+00:00,304.44,0.52,0.0,,firms_viirs_snpp_nrt_india.csv,,304.44,,,,0.52,0.0,,,,,,,,,,,,,,,,n,N,N,0,0,0,0,2026-09-02 20:06:00+00:00,33596.1899718567,33596.1899718567,uncertain,uncertain_review_required,insufficient_evidence,0.4,False,{},ranking,,,,0.0,,,,
frp:firms_viirs_snpp_nrt_india:firms_viirs_snpp_nrt_india.csv:811,frp:firms_viirs_snpp_nrt_india,811,6.3556,80.89746,2026-09-02 20:08:00+00:00,304.67,2.06,0.0,,firms_viirs_snpp_nrt_india.csv,,304.67,,,,2.06,0.0,,,,,,,,,,,,,,,,n,N,N,0,0,0,0,2026-09-02 20:08:00+00:00,123755.26183595748,123755.26183595748,uncertain,uncertain_review_required,insufficient_evidence,0.4,False,{},ranking,,,,0.0,,,,
frp:firms_viirs_snpp_nrt_india:firms_viirs_snpp_nrt_india.csv:812,frp:firms_viirs_snpp_nrt_india,812,6.35586,80.89634,2026-09-02 20:08:00+00:00,309.53,1.69,0.0,,firms_viirs_snpp_nrt_india.csv,,309.53,,,,1.69,0.0,,,,,,,,,,,,,,,,n,N,N,1,1,1,1,2026-09-02 20:08:00+00:00,123635.6704414455,123635.6704414455,uncertain,uncertain_review_required,insufficient_evidence,0.4,False,{},ranking,,,,0.0,,,,
frp:firms_viirs_snpp_nrt_india:firms_viirs_snpp_nrt_india.csv:813,frp:firms_viirs_snpp_nrt_india,813,6.35938,80.89688,2026-09-02 20:08:00+00:00,309.14,1.33,0.0,,firms_viirs_snpp_nrt_india.csv,,309.14,,,,1.33,0.0,,,,,,,,,,,,,,,,n,N,N,2,2,2,2,2026-09-02 20:08:00+00:00,123473.34886379288,123473.34886379288,uncertain,uncertain_review_required,insufficient_evidence,0.4,False,{},ranking,,,,0.0,,,,
frp:firms_viirs_snpp_nrt_india:firms_viirs_snpp_nrt_india.csv:814,frp:firms_viirs_snpp_nrt_india,814,6.60946,81.25787,2026-09-02 20:08:00+00:00,336.98,4.13,0.0,,firms_viirs_snpp_nrt_india.csv,,336.98,,,,4.13,0.0,,,,,,,,,,,,,,,,n,N,N,0,0,0,0,2026-09-02 20:08:00+00:00,148884.47824921238,148884.47824921238,uncertain,uncertain_review_required,insufficient_evidence,0.4,False,{},ranking,,,,0.0,,,,
frp:firms_viirs_snpp_nrt_india:firms_viirs_snpp_nrt_india.csv:815,frp:firms_viirs_snpp_nrt_india,815,6.73874,80.70068,2026-09-02 20:08:00+00:00,300.53,0.37,0.0,,firms_viirs_snpp_nrt_india.csv,,300.53,,,,0.37,0.0,,,,,,,,,,,,,,,,n,N,N,0,0,0,0,2026-09-02 20:08:00+00:00,85762.08575810204,85762.08575810204,uncertain,uncertain_review_required,insufficient_evidence,0.4,False,{},ranking,,,,0.0,,,,
frp:firms_viirs_snpp_nrt_india:firms_viirs_snpp_nrt_india.csv:816,frp:firms_viirs_snpp_nrt_india,816,6.77251,80.99814,2026-09-02 20:08:00+00:00,303.55,1.18,0.0,,firms_viirs_snpp_nrt_india.csv,,303.55,,,,1.18,0.0,,,,,,,,,,,,,,,,n,N,N,4,4,4,4,2026-09-02 20:08:00+00:00,116869.88709689108,116869.88709689108,uncertain,uncertain_review_required,insufficient_evidence,0.4,False,{},ranking,,,,0.0,,,,
frp:firms_viirs_snpp_nrt_india:firms_viirs_snpp_nrt_india.csv:817,frp:firms_viirs_snpp_nrt_india,817,6.79936,81.55991,2026-09-02 20:08:00+00:00,306.69,0.61,0.0,,firms_viirs_snpp_nrt_india.csv,,306.69,,,,0.61,0.0,,,,,,,,,,,,,,,,n,N,N,9,9,9,9,2026-09-02 20:08:00+00:00,177908.75329234474,177908.75329234474,uncertain,uncertain_review_required,insufficient_evidence,0.4,False,{},ranking,,,,0.0,,,,
frp:firms_viirs_snpp_nrt_india:firms_viirs_snpp_nrt_india.csv:818,frp:firms_viirs_snpp_nrt_india,818,6.85798,80.95795,2026-09-02 20:08:00+00:00,299.78,0.78,0.0,,firms_viirs_snpp_nrt_india.csv,,299.78,,,,0.78,0.0,,,,,,,,,,,,,,,,n,N,N,0,0,0,0,2026-09-02 20:08:00+00:00,111130.46785641463,111130.46785641463,uncertain,uncertain_review_required,insufficient_evidence,0.4,False,{},ranking,,,,0.0,,,,
frp:firms_viirs_snpp_nrt_india:firms_viirs_snpp_nrt_india.csv:819,frp:firms_viirs_snpp_nrt_india,819,6.97714,80.86381,2026-09-02 20:08:00+00:00,302.77,0.61,0.0,,firms_viirs_snpp_nrt_india.csv,,302.77,,,,0.61,0.0,,,,,,,,,,,,,,,,n,N,N,0,0,0,0,2026-09-02 20:08:00+00:00,100165.68749998622,100165.68749998622,uncertain,uncertain_review_required,insufficient_evidence,0.4,False,{},ranking,,,,0.0,,,,
frp:firms_viirs_snpp_nrt_india:firms_viirs_snpp_nrt_india.csv:820,frp:firms_viirs_snpp_nrt_india,820,31.3686,76.35826,2026-09-02 21:40:00+00:00,302.36,0.62,0.0,,firms_viirs_snpp_nrt_india.csv,,302.36,,,,0.62,0.0,,,,,,,,,,,,,,,,n,N,N,0,0,0,0,2026-09-02 21:40:00+00:00,210933.10449978744,210933.10449978744,uncertain,uncertain_review_required,insufficient_evidence,0.4,False,{},ranking,,,,0.0,,,,
frp:firms_viirs_snpp_nrt_india:firms_viirs_snpp_nrt_india.csv:821,frp:firms_viirs_snpp_nrt_india,821,33.29454,71.18691,2026-09-02 21:40:00+00:00,307.08,1.12,0.0,,firms_viirs_snpp_nrt_india.csv,,307.08,,,,1.12,0.0,,,,,,,,,,,,,,,,n,N,N,3,3,3,3,2026-09-02 21:40:00+00:00,166.44874280880134,166.44874280880134,emergency_or_transient_fire,industrial_fire_candidate,industrial_proximity,0.72,True,{},ranking,,,,0.0,,,,
frp:firms_viirs_snpp_nrt_india:firms_viirs_snpp_nrt_india.csv:822,frp:firms_viirs_snpp_nrt_india,822,33.29733,71.18526,2026-09-02 21:40:00+00:00,306.32,0.66,0.0,,firms_viirs_snpp_nrt_india.csv,,306.32,,,,0.66,0.0,,,,,,,,,,,,,,,,n,N,N,4,4,4,4,2026-09-02 21:40:00+00:00,291.35551331933027,291.35551331933027,emergency_or_transient_fire,industrial_fire_candidate,industrial_proximity,0.72,True,{},ranking,,,,0.0,,,,
frp:firms_viirs_snpp_nrt_india:firms_viirs_snpp_nrt_india.csv:823,frp:firms_viirs_snpp_nrt_india,823,35.70838,73.66257,2026-09-02 21:40:00+00:00,297.97,0.87,0.0,,firms_viirs_snpp_nrt_india.csv,,297.97,,,,0.87,0.0,,,,,,,,,,,,,,,,n,N,N,2,2,2,2,2026-09-02 21:40:00+00:00,252857.57180538014,252857.57180538014,uncertain,uncertain_review_required,insufficient_evidence,0.4,False,{},ranking,,,,0.0,,,,
frp:firms_viirs_snpp_nrt_india:firms_viirs_snpp_nrt_india.csv:824,frp:firms_viirs_snpp_nrt_india,824,38.05121,67.26681,2026-09-02 21:40:00+00:00,322.01,5.78,0.0,,firms_viirs_snpp_nrt_india.csv,,322.01,,,,5.78,0.0,,,,,,,,,,,,,,,,n,N,N,29,29,29,29,2026-09-02 21:40:00+00:00,76395.2245229195,76395.2245229195,uncertain,uncertain_review_required,insufficient_evidence,0.4,False,{},ranking,,,,0.0,,,,
frp:firms_viirs_snpp_nrt_india:firms_viirs_snpp_nrt_india.csv:825,frp:firms_viirs_snpp_nrt_india,825,38.05194,67.26241,2026-09-02 21:40:00+00:00,310.73,4.63,0.0,,firms_viirs_snpp_nrt_india.csv,,310.73,,,,4.63,0.0,,,,,,,,,,,,,,,,n,N,N,30,30,30,30,2026-09-02 21:40:00+00:00,76043.91022491016,76043.91022491016,uncertain,uncertain_review_required,insufficient_evidence,0.4,False,{},ranking,,,,0.0,,,,
frp:firms_viirs_snpp_nrt_india:firms_viirs_snpp_nrt_india.csv:826,frp:firms_viirs_snpp_nrt_india,826,38.32614,68.98837,2026-09-02 21:40:00+00:00,306.21,0.9,0.0,,firms_viirs_snpp_nrt_india.csv,,306.21,,,,0.9,0.0,,,,,,,,,,,,,,,,n,N,N,1,1,1,1,2026-09-02 21:40:00+00:00,209462.02338742453,209462.02338742453,uncertain,uncertain_review_required,insufficient_evidence,0.4,False,{},ranking,,,,0.0,,,,
frp:firms_viirs_snpp_nrt_india:firms_viirs_snpp_nrt_india.csv:827,frp:firms_viirs_snpp_nrt_india,827,38.39471,69.11421,2026-09-02 21:40:00+00:00,301.67,0.73,0.0,,firms_viirs_snpp_nrt_india.csv,,301.67,,,,0.73,0.0,,,,,,,,,,,,,,,,n,N,N,2,2,2,2,2026-09-02 21:40:00+00:00,219767.39270070553,219767.39270070553,uncertain,uncertain_review_required,insufficient_evidence,0.4,False,{},ranking,,,,0.0,,,,
frp:firms_viirs_snpp_nrt_india:firms_viirs_snpp_nrt_india.csv:828,frp:firms_viirs_snpp_nrt_india,828,24.82198,73.09294,2026-09-02 21:42:00+00:00,304.11,0.64,0.0,,firms_viirs_snpp_nrt_india.csv,,304.11,,,,0.64,0.0,,,,,,,,,,,,,,,,n,N,N,0,0,0,0,2026-09-02 21:42:00+00:00,142155.3278846499,142155.3278846499,uncertain,uncertain_review_required,insufficient_evidence,0.4,False,{},ranking,,,,0.0,,,,
frp:firms_viirs_snpp_nrt_india:firms_viirs_snpp_nrt_india.csv:829,frp:firms_viirs_snpp_nrt_india,829,25.38768,68.58337,2026-09-02 21:42:00+00:00,321.46,2.03,0.0,,firms_viirs_snpp_nrt_india.csv,,321.46,,,,2.03,0.0,,,,,,,,,,,,,,,,n,N,N,6,6,6,6,2026-09-02 21:42:00+00:00,364.86687745972574,364.86687745972574,emergency_or_transient_fire,industrial_fire_candidate,industrial_proximity,0.72,True,{},ranking,,,,0.0,,,,
frp:firms_viirs_snpp_nrt_india:firms_viirs_snpp_nrt_india.csv:830,frp:firms_viirs_snpp_nrt_india,830,25.38928,68.58535,2026-09-02 21:42:00+00:00,314.02,1.52,0.0,,firms_viirs_snpp_nrt_india.csv,,314.02,,,,1.52,0.0,,,,,,,,,,,,,,,,n,N,N,5,5,5,5,2026-09-02 21:42:00+00:00,610.3664694997567,610.3664694997567,emergency_or_transient_fire,industrial_fire_candidate,industrial_proximity,0.72,True,{},ranking,,,,0.0,,,,
frp:firms_viirs_snpp_nrt_india:firms_viirs_snpp_nrt_india.csv:831,frp:firms_viirs_snpp_nrt_india,831,27.28717,73.83898,2026-09-02 21:42:00+00:00,303.91,0.55,0.0,,firms_viirs_snpp_nrt_india.csv,,303.91,,,,0.55,0.0,,,,,,,,,,,,,,,,n,N,N,1,1,1,1,2026-09-02 21:42:00+00:00,277251.2014286999,277251.2014286999,uncertain,uncertain_review_required,insufficient_evidence,0.4,False,{},ranking,,,,0.0,,,,
frp:firms_viirs_snpp_nrt_india:firms_viirs_snpp_nrt_india.csv:832,frp:firms_viirs_snpp_nrt_india,832,28.42361,69.70264,2026-09-02 21:42:00+00:00,310.88,1.7,0.0,,firms_viirs_snpp_nrt_india.csv,,310.88,,,,1.7,0.0,,,,,,,,,,,,,,,,n,N,N,6,6,6,6,2026-09-02 21:42:00+00:00,42694.626941756964,42694.626941756964,uncertain,uncertain_review_required,insufficient_evidence,0.4,False,{},ranking,,,,0.0,,,,
frp:firms_viirs_snpp_nrt_india:firms_viirs_snpp_nrt_india.csv:833,frp:firms_viirs_snpp_nrt_india,833,21.10142,72.64466,2026-09-02 21:44:00+00:00,307.16,2.25,0.0,,firms_viirs_snpp_nrt_india.csv,,307.16,,,,2.25,0.0,,,,,,,,,,,,,,,,n,N,N,17,17,17,17,2026-09-02 21:44:00+00:00,11243.687596995931,11243.687596995931,uncertain,uncertain_review_required,insufficient_evidence,0.4,False,{},ranking,,,,0.0,,,,
frp:firms_viirs_snpp_nrt_india:firms_viirs_snpp_nrt_india.csv:834,frp:firms_viirs_snpp_nrt_india,834,21.10334,72.63613,2026-09-02 21:44:00+00:00,318.44,2.34,0.0,,firms_viirs_snpp_nrt_india.csv,,318.44,,,,2.34,0.0,,,,,,,,,,,,,,,,n,N,N,18,18,18,18,2026-09-02 21:44:00+00:00,11912.596438835793,11912.596438835793,uncertain,uncertain_review_required,insufficient_evidence,0.4,False,{},ranking,,,,0.0,,,,
frp:firms_viirs_snpp_nrt_india:firms_viirs_snpp_nrt_india.csv:835,frp:firms_viirs_snpp_nrt_india,835,21.1071,72.64617,2026-09-02 21:44:00+00:00,347.86,7.05,0.0,,firms_viirs_snpp_nrt_india.csv,,347.86,,,,7.05,0.0,,,,,,,,,,,,,,,,n,N,N,19,19,19,19,2026-09-02 21:44:00+00:00,10796.561525592071,10796.561525592071,uncertain,uncertain_review_required,insufficient_evidence,0.4,False,{},ranking,,,,0.0,,,,
frp:firms_viirs_snpp_nrt_india:firms_viirs_snpp_nrt_india.csv:836,frp:firms_viirs_snpp_nrt_india,836,21.10903,72.63763,2026-09-02 21:44:00+00:00,307.73,2.25,0.0,,firms_viirs_snpp_nrt_india.csv,,307.73,,,,2.25,0.0,,,,,,,,,,,,,,,,n,N,N,20,20,20,20,2026-09-02 21:44:00+00:00,11491.639928231325,11491.639928231325,uncertain,uncertain_review_required,insufficient_evidence,0.4,False,{},ranking,,,,0.0,,,,
frp:firms_viirs_snpp_nrt_india:firms_viirs_snpp_nrt_india.csv:837,frp:firms_viirs_snpp_nrt_india,837,24.91473,67.44391,2026-09-02 21:44:00+00:00,315.88,6.02,0.0,,firms_viirs_snpp_nrt_india.csv,,315.88,,,,6.02,0.0,,,,,,,,,,,,,,,,n,N,N,0,0,0,0,2026-09-02 21:44:00+00:00,4739.440575193624,4739.440575193624,uncertain,uncertain_review_required,insufficient_evidence,0.4,False,{},ranking,,,,0.0,,,,
frp:firms_viirs_snpp_nrt_india:firms_viirs_snpp_nrt_india.csv:838,frp:firms_viirs_snpp_nrt_india,838,6.8226,81.4782,2026-09-03 07:12:00+00:00,340.95,8.35,0.0,,firms_viirs_snpp_nrt_india.csv,,340.95,,,,8.35,0.0,,,,,,,,,,,,,,,,n,N,D,9,9,9,9,2026-09-03 07:12:00+00:00,168678.87478123282,168678.87478123282,uncertain,uncertain_review_required,insufficient_evidence,0.4,False,{},ranking,,,,0.0,,,,
frp:firms_viirs_snpp_nrt_india:firms_viirs_snpp_nrt_india.csv:839,frp:firms_viirs_snpp_nrt_india,839,6.82737,81.47894,2026-09-03 07:12:00+00:00,330.42,4.66,0.0,,firms_viirs_snpp_nrt_india.csv,,330.42,,,,4.66,0.0,,,,,,,,,,,,,,,,n,N,D,8,8,8,8,2026-09-03 07:12:00+00:00,168712.25435159254,168712.25435159254,uncertain,uncertain_review_required,insufficient_evidence,0.4,False,{},ranking,,,,0.0,,,,
frp:firms_viirs_snpp_nrt_india:firms_viirs_snpp_nrt_india.csv:840,frp:firms_viirs_snpp_nrt_india,840,8.94729,80.78709,2026-09-03 07:12:00+00:00,333.81,6.04,0.0,,firms_viirs_snpp_nrt_india.csv,,333.81,,,,6.04,0.0,,,,,,,,,,,,,,,,n,N,D,3,3,3,3,2026-09-03 07:12:00+00:00,237889.26042638242,237889.26042638242,uncertain,uncertain_review_required,insufficient_evidence,0.4,False,{},ranking,,,,0.0,,,,
frp:firms_viirs_snpp_nrt_india:firms_viirs_snpp_nrt_india.csv:841,frp:firms_viirs_snpp_nrt_india,841,8.94969,80.79314,2026-09-03 07:12:00+00:00,336.01,11.49,0.0,,firms_viirs_snpp_nrt_india.csv,,336.01,,,,11.49,0.0,,,,,,,,,,,,,,,,n,N,D,2,2,2,2,2026-09-03 07:12:00+00:00,237962.38205128865,237962.38205128865,uncertain,uncertain_review_required,insufficient_evidence,0.4,False,{},ranking,emergency_or_transient_fire,wildfire_or_agricultural_burn,day_fire_far_from_flare,0.65,conf=n+D+flare237962m+p90=2+frp=11.5,,,
frp:firms_viirs_snpp_nrt_india:firms_viirs_snpp_nrt_india.csv:842,frp:firms_viirs_snpp_nrt_india,842,11.78242,99.55051,2026-09-03 07:12:00+00:00,342.61,3.89,0.0,,firms_viirs_snpp_nrt_india.csv,,342.61,,,,3.89,0.0,,,,,,,,,,,,,,,,n,N,D,2,2,2,2,2026-09-03 07:12:00+00:00,198210.39339243984,198210.39339243984,uncertain,uncertain_review_required,insufficient_evidence,0.4,False,{},ranking,emergency_or_transient_fire,wildfire_or_agricultural_burn,day_fire_far_from_flare,0.65,conf=n+D+flare198210m+p90=2+frp=3.9,,,
frp:firms_viirs_snpp_nrt_india:firms_viirs_snpp_nrt_india.csv:843,frp:firms_viirs_snpp_nrt_india,843,14.43034,99.94632,2026-09-03 07:12:00+00:00,333.81,3.59,0.0,,firms_viirs_snpp_nrt_india.csv,,333.81,,,,3.59,0.0,,,,,,,,,,,,,,,,n,N,D,0,0,0,0,2026-09-03 07:12:00+00:00,179764.2465424874,179764.2465424874,uncertain,uncertain_review_required,insufficient_evidence,0.4,False,{},ranking,emergency_or_transient_fire,wildfire_or_agricultural_burn,day_fire_far_from_flare,0.65,conf=n+D+flare179764m+p90=0+frp=3.6,,,
frp:firms_viirs_snpp_nrt_india:firms_viirs_snpp_nrt_india.csv:844,frp:firms_viirs_snpp_nrt_india,844,14.98567,99.96444,2026-09-03 07:12:00+00:00,340.62,8.75,0.0,,firms_viirs_snpp_nrt_india.csv,,340.62,,,,8.75,0.0,,,,,,,,,,,,,,,,n,N,D,0,0,0,0,2026-09-03 07:12:00+00:00,176404.69691996087,176404.69691996087,uncertain,uncertain_review_required,insufficient_evidence,0.4,False,{},ranking,emergency_or_transient_fire,wildfire_or_agricultural_burn,day_fire_far_from_flare,0.65,conf=n+D+flare176405m+p90=0+frp=8.8,,,
frp:firms_viirs_snpp_nrt_india:firms_viirs_snpp_nrt_india.csv:845,frp:firms_viirs_snpp_nrt_india,845,15.70281,99.74473,2026-09-03 07:12:00+00:00,333.79,3.04,0.0,,firms_viirs_snpp_nrt_india.csv,,333.79,,,,3.04,0.0,,,,,,,,,,,,,,,,n,N,D,0,0,0,0,2026-09-03 07:12:00+00:00,96725.19070326319,96725.19070326319,uncertain,uncertain_review_required,insufficient_evidence,0.4,False,{},ranking,emergency_or_transient_fire,wildfire_or_agricultural_burn,day_fire_far_from_flare,0.65,conf=n+D+flare96725m+p90=0+frp=3.0,,,
frp:firms_viirs_snpp_nrt_india:firms_viirs_snpp_nrt_india.csv:846,frp:firms_viirs_snpp_nrt_india,846,15.75,99.76556,2026-09-03 07:12:00+00:00,340.99,7.0,0.0,,firms_viirs_snpp_nrt_india.csv,,340.99,,,,7.0,0.0,,,,,,,,,,,,,,,,n,N,D,0,0,0,0,2026-09-03 07:12:00+00:00,91285.0104854408,91285.0104854408,uncertain,uncertain_review_required,insufficient_evidence,0.4,False,{},ranking,emergency_or_transient_fire,wildfire_or_agricultural_burn,day_fire_far_from_flare,0.65,conf=n+D+flare91285m+p90=0+frp=7.0,,,
frp:firms_viirs_snpp_nrt_india:firms_viirs_snpp_nrt_india.csv:847,frp:firms_viirs_snpp_nrt_india,847,15.9558,99.91003,2026-09-03 07:12:00+00:00,335.24,3.61,0.0,,firms_viirs_snpp_nrt_india.csv,,335.24,,,,3.61,0.0,,,,,,,,,,,,,,,,n,N,D,0,0,0,0,2026-09-03 07:12:00+00:00,68431.9195743319,68431.9195743319,uncertain,uncertain_review_required,insufficient_evidence,0.4,False,{},ranking,emergency_or_transient_fire,wildfire_or_agricultural_burn,day_fire_far_from_flare,0.65,conf=n+D+flare68432m+p90=0+frp=3.6,,,
frp:firms_viirs_snpp_nrt_india:firms_viirs_snpp_nrt_india.csv:848,frp:firms_viirs_snpp_nrt_india,848,16.15343,99.92398,2026-09-03 07:14:00+00:00,342.34,8.07,0.0,,firms_viirs_snpp_nrt_india.csv,,342.34,,,,8.07,0.0,,,,,,,,,,,,,,,,n,N,D,0,0,0,0,2026-09-03 07:14:00+00:00,46897.237406048574,46897.237406048574,uncertain,uncertain_review_required,insufficient_evidence,0.4,False,{},ranking,emergency_or_transient_fire,wildfire_or_agricultural_burn,day_fire_far_from_flare,0.65,conf=n+D+flare46897m+p90=0+frp=8.1,,,
frp:firms_viirs_snpp_nrt_india:firms_viirs_snpp_nrt_india.csv:849,frp:firms_viirs_snpp_nrt_india,849,16.37197,99.9254,2026-09-03 07:14:00+00:00,337.59,4.38,0.0,,firms_viirs_snpp_nrt_india.csv,,337.59,,,,4.38,0.0,,,,,,,,,,,,,,,,n,N,D,0,0,0,0,2026-09-03 07:14:00+00:00,23530.468522241157,23530.468522241157,uncertain,uncertain_review_required,insufficient_evidence,0.4,False,{},ranking,emergency_or_transient_fire,wildfire_or_agricultural_burn,day_fire_far_from_flare,0.65,conf=n+D+flare23530m+p90=0+frp=4.4,,,
frp:firms_viirs_snpp_nrt_india:firms_viirs_snpp_nrt_india.csv:850,frp:firms_viirs_snpp_nrt_india,850,16.39378,99.60253,2026-09-03 07:14:00+00:00,331.59,2.76,0.0,,firms_viirs_snpp_nrt_india.csv,,331.59,,,,2.76,0.0,,,,,,,,,,,,,,,,n,N,D,1,1,1,1,2026-09-03 07:14:00+00:00,31989.21449782479,31989.21449782479,uncertain,uncertain_review_required,insufficient_evidence,0.4,False,{},ranking,,,,0.0,,,,
frp:firms_viirs_snpp_nrt_india:firms_viirs_snpp_nrt_india.csv:851,frp:firms_viirs_snpp_nrt_india,851,16.438,99.60117,2026-09-03 07:14:00+00:00,337.64,3.92,0.0,,firms_viirs_snpp_nrt_india.csv,,337.64,,,,3.92,0.0,,,,,,,,,,,,,,,,n,N,D,0,0,0,0,2026-09-03 07:14:00+00:00,29403.572781278108,29403.572781278108,uncertain,uncertain_review_required,insufficient_evidence,0.4,False,{},ranking,emergency_or_transient_fire,wildfire_or_agricultural_burn,day_fire_far_from_flare,0.65,conf=n+D+flare29404m+p90=0+frp=3.9,,,
frp:firms_viirs_snpp_nrt_india:firms_viirs_snpp_nrt_india.csv:852,frp:firms_viirs_snpp_nrt_india,852,16.65174,99.63386,2026-09-03 07:14:00+00:00,332.82,3.66,0.0,,firms_viirs_snpp_nrt_india.csv,,332.82,,,,3.66,0.0,,,,,,,,,,,,,,,,n,N,D,0,0,0,0,2026-09-03 07:14:00+00:00,20279.570438182458,20279.570438182458,uncertain,uncertain_review_required,insufficient_evidence,0.4,False,{},ranking,emergency_or_transient_fire,wildfire_or_agricultural_burn,day_fire_far_from_flare,0.65,conf=n+D+flare20280m+p90=0+frp=3.7,,,
frp:firms_viirs_snpp_nrt_india:firms_viirs_snpp_nrt_india.csv:853,frp:firms_viirs_snpp_nrt_india,853,23.80334,86.3283,2026-09-03 07:16:00+00:00,329.9,4.25,0.0,,firms_viirs_snpp_nrt_india.csv,,329.9,,,,4.25,0.0,,,,,,,,,,,,,,,,n,N,D,4,4,4,4,2026-09-03 07:16:00+00:00,109914.38307210855,109914.38307210855,uncertain,uncertain_review_required,insufficient_evidence,0.4,False,{},ranking,,,,0.0,,,,
frp:firms_viirs_snpp_nrt_india:firms_viirs_snpp_nrt_india.csv:854,frp:firms_viirs_snpp_nrt_india,854,26.52341,90.53152,2026-09-03 07:16:00+00:00,337.85,3.17,0.0,,firms_viirs_snpp_nrt_india.csv,,337.85,,,,3.17,0.0,,,,,,,,,,,,,,,,n,N,D,0,0,0,0,2026-09-03 07:16:00+00:00,179.0148029267578,179.0148029267578,emergency_or_transient_fire,industrial_fire_candidate,industrial_proximity,0.72,True,{},ranking,,,,0.0,,,,
frp:firms_viirs_snpp_nrt_india:firms_viirs_snpp_nrt_india.csv:855,frp:firms_viirs_snpp_nrt_india,855,26.80206,90.32026,2026-09-03 07:16:00+00:00,331.09,4.05,0.0,,firms_viirs_snpp_nrt_india.csv,,331.09,,,,4.05,0.0,,,,,,,,,,,,,,,,n,N,D,0,0,0,0,2026-09-03 07:16:00+00:00,37588.10506294215,37588.10506294215,uncertain,uncertain_review_required,insufficient_evidence,0.4,False,{},ranking,emergency_or_transient_fire,wildfire_or_agricultural_burn,day_fire_far_from_flare,0.65,conf=n+D+flare37588m+p90=0+frp=4.0,,,
frp:firms_viirs_snpp_nrt_india:firms_viirs_snpp_nrt_india.csv:856,frp:firms_viirs_snpp_nrt_india,856,26.88079,92.32764,2026-09-03 07:16:00+00:00,335.88,6.54,0.0,,firms_viirs_snpp_nrt_india.csv,,335.88,,,,6.54,0.0,,,,,,,,,,,,,,,,n,N,D,0,0,0,0,2026-09-03 07:16:00+00:00,179261.44239256065,179261.44239256065,uncertain,uncertain_review_required,insufficient_evidence,0.4,False,{},ranking,emergency_or_transient_fire,wildfire_or_agricultural_burn,day_fire_far_from_flare,0.65,conf=n+D+flare179261m+p90=0+frp=6.5,,,
frp:firms_viirs_snpp_nrt_india:firms_viirs_snpp_nrt_india.csv:857,frp:firms_viirs_snpp_nrt_india,857,27.37946,95.33263,2026-09-03 07:16:00+00:00,333.29,1.57,0.0,,firms_viirs_snpp_nrt_india.csv,,333.29,,,,1.57,0.0,,,,,,,,,,,,,,,,n,N,D,2,2,2,2,2026-09-03 07:16:00+00:00,3235.7611833798946,3235.7611833798946,uncertain,uncertain_review_required,insufficient_evidence,0.4,False,{},ranking,,,,0.0,,,,
frp:firms_viirs_snpp_nrt_india:firms_viirs_snpp_nrt_india.csv:858,frp:firms_viirs_snpp_nrt_india,858,27.44875,97.90619,2026-09-03 07:16:00+00:00,335.84,2.94,0.0,,firms_viirs_snpp_nrt_india.csv,,335.84,,,,2.94,0.0,,,,,,,,,,,,,,,,n,N,D,0,0,0,0,2026-09-03 07:16:00+00:00,184444.51225071368,184444.51225071368,uncertain,uncertain_review_required,insufficient_evidence,0.4,False,{},ranking,,,,0.0,,,,
frp:firms_viirs_snpp_nrt_india:firms_viirs_snpp_nrt_india.csv:859,frp:firms_viirs_snpp_nrt_india,859,27.98586,95.93726,2026-09-03 07:16:00+00:00,334.3,5.03,0.0,,firms_viirs_snpp_nrt_india.csv,,334.3,,,,5.03,0.0,,,,,,,,,,,,,,,,n,N,D,0,0,0,0,2026-09-03 07:16:00+00:00,42270.57537427634,42270.57537427634,uncertain,uncertain_review_required,insufficient_evidence,0.4,False,{},ranking,emergency_or_transient_fire,wildfire_or_agricultural_burn,day_fire_far_from_flare,0.65,conf=n+D+flare42271m+p90=0+frp=5.0,,,
frp:firms_viirs_snpp_nrt_india:firms_viirs_snpp_nrt_india.csv:860,frp:firms_viirs_snpp_nrt_india,860,27.99035,95.94063,2026-09-03 07:16:00+00:00,340.52,6.05,0.0,,firms_viirs_snpp_nrt_india.csv,,340.52,,,,6.05,0.0,,,,,,,,,,,,,,,,n,N,D,1,1,1,1,2026-09-03 07:16:00+00:00,42851.85347300144,42851.85347300144,uncertain,uncertain_review_required,insufficient_evidence,0.4,False,{},ranking,emergency_or_transient_fire,wildfire_or_agricultural_burn,day_fire_far_from_flare,0.65,conf=n+D+flare42852m+p90=1+frp=6.0,,,
frp:firms_viirs_snpp_nrt_india:firms_viirs_snpp_nrt_india.csv:861,frp:firms_viirs_snpp_nrt_india,861,28.181,95.66731,2026-09-03 07:16:00+00:00,333.32,5.65,0.0,,firms_viirs_snpp_nrt_india.csv,,333.32,,,,5.65,0.0,,,,,,,,,,,,,,,,n,N,D,0,0,0,0,2026-09-03 07:16:00+00:00,50459.69410367391,50459.69410367391,uncertain,uncertain_review_required,insufficient_evidence,0.4,False,{},ranking,emergency_or_transient_fire,wildfire_or_agricultural_burn,day_fire_far_from_flare,0.65,conf=n+D+flare50460m+p90=0+frp=5.7,,,
frp:firms_viirs_snpp_nrt_india:firms_viirs_snpp_nrt_india.csv:862,frp:firms_viirs_snpp_nrt_india,862,28.4979,97.02413,2026-09-03 07:16:00+00:00,337.33,6.62,0.0,,firms_viirs_snpp_nrt_india.csv,,337.33,,,,6.62,0.0,,,,,,,,,,,,,,,,n,N,D,1,1,1,1,2026-09-03 07:16:00+00:00,142345.10777496718,142345.10777496718,uncertain,uncertain_review_required,insufficient_evidence,0.4,False,{},ranking,emergency_or_transient_fire,wildfire_or_agricultural_burn,day_fire_far_from_flare,0.65,conf=n+D+flare142345m+p90=1+frp=6.6,,,
frp:firms_viirs_snpp_nrt_india:firms_viirs_snpp_nrt_india.csv:863,frp:firms_viirs_snpp_nrt_india,863,37.98243,94.34124,2026-09-03 07:20:00+00:00,340.44,2.46,0.0,,firms_viirs_snpp_nrt_india.csv,,340.44,,,,2.46,0.0,,,,,,,,,,,,,,,,n,N,D,0,0,0,0,2026-09-03 07:20:00+00:00,295677.58077752247,295677.58077752247,uncertain,uncertain_review_required,insufficient_evidence,0.4,False,{},ranking,,,,0.0,,,,
frp:firms_viirs_snpp_nrt_india:firms_viirs_snpp_nrt_india.csv:864,frp:firms_viirs_snpp_nrt_india,864,6.44193,81.0908,2026-09-03 08:52:00+00:00,348.26,6.84,0.0,,firms_viirs_snpp_nrt_india.csv,,348.26,,,,6.84,0.0,,,,,,,,,,,,,,,,n,N,D,5,5,5,5,2026-09-03 08:52:00+00:00,137873.96958894134,137873.96958894134,uncertain,uncertain_review_required,insufficient_evidence,0.4,False,{},ranking,,,,0.0,,,,
frp:firms_viirs_snpp_nrt_india:firms_viirs_snpp_nrt_india.csv:865,frp:firms_viirs_snpp_nrt_india,865,6.74363,81.52365,2026-09-03 08:52:00+00:00,330.37,4.18,0.0,,firms_viirs_snpp_nrt_india.csv,,330.37,,,,4.18,0.0,,,,,,,,,,,,,,,,n,N,D,3,3,3,3,2026-09-03 08:52:00+00:00,174681.0927051796,174681.0927051796,uncertain,uncertain_review_required,insufficient_evidence,0.4,False,{},ranking,,,,0.0,,,,
frp:firms_viirs_snpp_nrt_india:firms_viirs_snpp_nrt_india.csv:866,frp:firms_viirs_snpp_nrt_india,866,6.82773,81.55322,2026-09-03 08:52:00+00:00,330.62,4.08,0.0,,firms_viirs_snpp_nrt_india.csv,,330.62,,,,4.08,0.0,,,,,,,,,,,,,,,,n,N,D,12,12,12,12,2026-09-03 08:52:00+00:00,176878.8417175026,176878.8417175026,uncertain,uncertain_review_required,insufficient_evidence,0.4,False,{},ranking,,,,0.0,,,,
frp:firms_viirs_snpp_nrt_india:firms_viirs_snpp_nrt_india.csv:867,frp:firms_viirs_snpp_nrt_india,867,6.82839,81.55818,2026-09-03 08:52:00+00:00,337.28,4.08,0.0,,firms_viirs_snpp_nrt_india.csv,,337.28,,,,4.08,0.0,,,,,,,,,,,,,,,,n,N,D,13,13,13,13,2026-09-03 08:52:00+00:00,177418.31173189226,177418.31173189226,uncertain,uncertain_review_required,insufficient_evidence,0.4,False,{},ranking,,,,0.0,,,,
frp:firms_viirs_snpp_nrt_india:firms_viirs_snpp_nrt_india.csv:868,frp:firms_viirs_snpp_nrt_india,868,7.13617,80.9217,2026-09-03 08:52:00+00:00,341.43,10.53,0.0,,firms_viirs_snpp_nrt_india.csv,,341.43,,,,10.53,0.0,,,,,,,,,,,,,,,,n,N,D,3,3,3,3,2026-09-03 08:52:00+00:00,108308.02322816837,108308.02322816837,uncertain,uncertain_review_required,insufficient_evidence,0.4,False,{},ranking,,,,0.0,,,,
frp:firms_viirs_snpp_nrt_india:firms_viirs_snpp_nrt_india.csv:869,frp:firms_viirs_snpp_nrt_india,869,7.22182,80.83134,2026-09-03 08:52:00+00:00,334.52,4.3,0.0,,firms_viirs_snpp_nrt_india.csv,,334.52,,,,4.3,0.0,,,,,,,,,,,,,,,,n,N,D,0,0,0,0,2026-09-03 08:52:00+00:00,100837.31109899019,100837.31109899019,uncertain,uncertain_review_required,insufficient_evidence,0.4,False,{},ranking,emergency_or_transient_fire,wildfire_or_agricultural_burn,day_fire_far_from_flare,0.65,conf=n+D+flare100837m+p90=0+frp=4.3,,,
frp:firms_viirs_snpp_nrt_india:firms_viirs_snpp_nrt_india.csv:870,frp:firms_viirs_snpp_nrt_india,870,7.22432,80.83115,2026-09-03 08:52:00+00:00,333.28,3.97,0.0,,firms_viirs_snpp_nrt_india.csv,,333.28,,,,3.97,0.0,,,,,,,,,,,,,,,,n,N,D,1,1,1,1,2026-09-03 08:52:00+00:00,100897.66205348141,100897.66205348141,uncertain,uncertain_review_required,insufficient_evidence,0.4,False,{},ranking,emergency_or_transient_fire,wildfire_or_agricultural_burn,day_fire_far_from_flare,0.65,conf=n+D+flare100898m+p90=1+frp=4.0,,,
frp:firms_viirs_snpp_nrt_india:firms_viirs_snpp_nrt_india.csv:871,frp:firms_viirs_snpp_nrt_india,871,7.32894,81.20289,2026-09-03 08:52:00+00:00,339.3,9.62,0.0,,firms_viirs_snpp_nrt_india.csv,,339.3,,,,9.62,0.0,,,,,,,,,,,,,,,,n,N,D,7,7,7,7,2026-09-03 08:52:00+00:00,143513.91841781064,143513.91841781064,uncertain,uncertain_review_required,insufficient_evidence,0.4,False,{},ranking,,,,0.0,,,,
frp:firms_viirs_snpp_nrt_india:firms_viirs_snpp_nrt_india.csv:872,frp:firms_viirs_snpp_nrt_india,872,7.36543,81.77074,2026-09-03 08:52:00+00:00,334.51,4.81,0.0,,firms_viirs_snpp_nrt_india.csv,,334.51,,,,4.81,0.0,,,,,,,,,,,,,,,,n,N,D,7,7,7,7,2026-09-03 08:52:00+00:00,205181.6415559031,205181.6415559031,uncertain,uncertain_review_required,insufficient_evidence,0.4,False,{},ranking,,,,0.0,,,,
frp:firms_viirs_snpp_nrt_india:firms_viirs_snpp_nrt_india.csv:873,frp:firms_viirs_snpp_nrt_india,873,7.36605,81.10909,2026-09-03 08:52:00+00:00,331.16,4.69,0.0,,firms_viirs_snpp_nrt_india.csv,,331.16,,,,4.69,0.0,,,,,,,,,,,,,,,,n,N,D,8,8,8,8,2026-09-03 08:52:00+00:00,134949.42337369255,134949.42337369255,uncertain,uncertain_review_required,insufficient_evidence,0.4,False,{},ranking,,,,0.0,,,,
frp:firms_viirs_snpp_nrt_india:firms_viirs_snpp_nrt_india.csv:874,frp:firms_viirs_snpp_nrt_india,874,7.36618,81.10924,2026-09-03 08:52:00+00:00,330.55,4.5,0.0,,firms_viirs_snpp_nrt_india.csv,,330.55,,,,4.5,0.0,,,,,,,,,,,,,,,,n,N,D,9,9,9,9,2026-09-03 08:52:00+00:00,134969.83919469718,134969.83919469718,uncertain,uncertain_review_required,insufficient_evidence,0.4,False,{},ranking,,,,0.0,,,,
frp:firms_viirs_snpp_nrt_india:firms_viirs_snpp_nrt_india.csv:875,frp:firms_viirs_snpp_nrt_india,875,7.52924,81.65376,2026-09-03 08:52:00+00:00,337.63,4.86,0.0,,firms_viirs_snpp_nrt_india.csv,,337.63,,,,4.86,0.0,,,,,,,,,,,,,,,,n,N,D,0,0,0,0,2026-09-03 08:52:00+00:00,197639.45248738283,197639.45248738283,uncertain,uncertain_review_required,insufficient_evidence,0.4,False,{},ranking,emergency_or_transient_fire,wildfire_or_agricultural_burn,day_fire_far_from_flare,0.65,conf=n+D+flare197639m+p90=0+frp=4.9,,,
frp:firms_viirs_snpp_nrt_india:firms_viirs_snpp_nrt_india.csv:876,frp:firms_viirs_snpp_nrt_india,876,7.55661,80.95155,2026-09-03 08:52:00+00:00,334.53,5.75,0.0,,firms_viirs_snpp_nrt_india.csv,,334.53,,,,5.75,0.0,,,,,,,,,,,,,,,,n,N,D,0,0,0,0,2026-09-03 08:52:00+00:00,128261.29882850063,128261.29882850063,uncertain,uncertain_review_required,insufficient_evidence,0.4,False,{},ranking,emergency_or_transient_fire,wildfire_or_agricultural_burn,day_fire_far_from_flare,0.65,conf=n+D+flare128261m+p90=0+frp=5.8,,,
frp:firms_viirs_snpp_nrt_india:firms_viirs_snpp_nrt_india.csv:877,frp:firms_viirs_snpp_nrt_india,877,7.55712,80.94936,2026-09-03 08:52:00+00:00,331.3,4.55,0.0,,firms_viirs_snpp_nrt_india.csv,,331.3,,,,4.55,0.0,,,,,,,,,,,,,,,,n,N,D,1,1,1,1,2026-09-03 08:52:00+00:00,128083.97932186046,128083.97932186046,uncertain,uncertain_review_required,insufficient_evidence,0.4,False,{},ranking,emergency_or_transient_fire,wildfire_or_agricultural_burn,day_fire_far_from_flare,0.65,conf=n+D+flare128084m+p90=1+frp=4.5,,,
frp:firms_viirs_snpp_nrt_india:firms_viirs_snpp_nrt_india.csv:878,frp:firms_viirs_snpp_nrt_india,878,7.72298,81.26734,2026-09-03 08:52:00+00:00,336.62,5.61,0.0,,firms_viirs_snpp_nrt_india.csv,,336.62,,,,5.61,0.0,,,,,,,,,,,,,,,,n,N,D,4,4,4,4,2026-09-03 08:52:00+00:00,167631.66427565948,167631.66427565948,uncertain,uncertain_review_required,insufficient_evidence,0.4,False,{},ranking,,,,0.0,,,,
frp:firms_viirs_snpp_nrt_india:firms_viirs_snpp_nrt_india.csv:879,frp:firms_viirs_snpp_nrt_india,879,7.75647,81.23419,2026-09-03 08:52:00+00:00,331.0,4.19,0.0,,firms_viirs_snpp_nrt_india.csv,,331.0,,,,4.19,0.0,,,,,,,,,,,,,,,,n,N,D,2,2,2,2,2026-09-03 08:52:00+00:00,166436.32975042728,166436.32975042728,uncertain,uncertain_review_required,insufficient_evidence,0.4,False,{},ranking,emergency_or_transient_fire,wildfire_or_agricultural_burn,day_fire_far_from_flare,0.65,conf=n+D+flare166436m+p90=2+frp=4.2,,,
frp:firms_viirs_snpp_nrt_india:firms_viirs_snpp_nrt_india.csv:880,frp:firms_viirs_snpp_nrt_india,880,7.92578,81.39906,2026-09-03 08:52:00+00:00,335.63,7.19,0.0,,firms_viirs_snpp_nrt_india.csv,,335.63,,,,7.19,0.0,,,,,,,,,,,,,,,,n,N,D,9,9,9,9,2026-09-03 08:52:00+00:00,191925.13963698182,191925.13963698182,uncertain,uncertain_review_required,insufficient_evidence,0.4,False,{},ranking,,,,0.0,,,,
frp:firms_viirs_snpp_nrt_india:firms_viirs_snpp_nrt_india.csv:881,frp:firms_viirs_snpp_nrt_india,881,7.9395,81.25786,2026-09-03 08:52:00+00:00,336.74,3.46,0.0,,firms_viirs_snpp_nrt_india.csv,,336.74,,,,3.46,0.0,,,,,,,,,,,,,,,,n,N,D,10,10,10,10,2026-09-03 08:52:00+00:00,180151.51595155965,180151.51595155965,uncertain,uncertain_review_required,insufficient_evidence,0.4,False,{},ranking,,,,0.0,,,,
frp:firms_viirs_snpp_nrt_india:firms_viirs_snpp_nrt_india.csv:882,frp:firms_viirs_snpp_nrt_india,882,8.05081,81.30357,2026-09-03 08:52:00+00:00,337.97,7.7,0.0,,firms_viirs_snpp_nrt_india.csv,,337.97,,,,7.7,0.0,,,,,,,,,,,,,,,,n,N,D,7,7,7,7,2026-09-03 08:52:00+00:00,191755.6402452728,191755.6402452728,uncertain,uncertain_review_required,insufficient_evidence,0.4,False,{},ranking,,,,0.0,,,,
frp:firms_viirs_snpp_nrt_india:firms_viirs_snpp_nrt_india.csv:883,frp:firms_viirs_snpp_nrt_india,883,8.05333,80.59547,2026-09-03 08:52:00+00:00,333.4,3.63,0.0,,firms_viirs_snpp_nrt_india.csv,,333.4,,,,3.63,0.0,,,,,,,,,,,,,,,,n,N,D,8,8,8,8,2026-09-03 08:52:00+00:00,140522.88309840322,140522.88309840322,uncertain,uncertain_review_required,insufficient_evidence,0.4,False,{},ranking,,,,0.0,,,,
frp:firms_viirs_snpp_nrt_india:firms_viirs_snpp_nrt_india.csv:884,frp:firms_viirs_snpp_nrt_india,884,8.05642,81.2979,2026-09-03 08:52:00+00:00,338.69,6.6,0.0,,firms_viirs_snpp_nrt_india.csv,,338.69,,,,6.6,0.0,,,,,,,,,,,,,,,,n,N,D,4,4,4,4,2026-09-03 08:52:00+00:00,191667.45293451354,191667.45293451354,uncertain,uncertain_review_required,insufficient_evidence,0.4,False,{},ranking,,,,0.0,,,,
frp:firms_viirs_snpp_nrt_india:firms_viirs_snpp_nrt_india.csv:885,frp:firms_viirs_snpp_nrt_india,885,8.05706,81.30285,2026-09-03 08:52:00+00:00,344.06,6.6,0.0,,firms_viirs_snpp_nrt_india.csv,,344.06,,,,6.6,0.0,,,,,,,,,,,,,,,,n,N,D,5,5,5,5,2026-09-03 08:52:00+00:00,192133.8837265377,192133.8837265377,uncertain,uncertain_review_required,insufficient_evidence,0.4,False,{},ranking,,,,0.0,,,,
frp:firms_viirs_snpp_nrt_india:firms_viirs_snpp_nrt_india.csv:886,frp:firms_viirs_snpp_nrt_india,886,8.14806,81.33616,2026-09-03 08:52:00+00:00,367.0,11.6,0.0,,firms_viirs_snpp_nrt_india.csv,,367.0,,,,11.6,0.0,,,,,,,,,,,,,,,,h,N,D,3,3,3,3,2026-09-03 08:52:00+00:00,201458.33936608193,201458.33936608193,uncertain,uncertain_review_required,insufficient_evidence,0.4,False,{},ranking,,,,0.0,,,,
frp:firms_viirs_snpp_nrt_india:firms_viirs_snpp_nrt_india.csv:887,frp:firms_viirs_snpp_nrt_india,887,8.1625,81.34946,2026-09-03 08:52:00+00:00,367.0,19.64,0.0,,firms_viirs_snpp_nrt_india.csv,,367.0,,,,19.64,0.0,,,,,,,,,,,,,,,,h,N,D,1,1,1,1,2026-09-03 08:52:00+00:00,203616.26389404063,203616.26389404063,uncertain,uncertain_review_required,insufficient_evidence,0.4,False,{},ranking,emergency_or_transient_fire,wildfire_or_agricultural_burn,day_fire_far_from_flare,0.65,conf=h+D+flare203616m+p90=1+frp=19.6,,,
frp:firms_viirs_snpp_nrt_india:firms_viirs_snpp_nrt_india.csv:888,frp:firms_viirs_snpp_nrt_india,888,8.20065,81.06894,2026-09-03 08:52:00+00:00,330.69,3.11,0.0,,firms_viirs_snpp_nrt_india.csv,,330.69,,,,3.11,0.0,,,,,,,,,,,,,,,,n,N,D,1,1,1,1,2026-09-03 08:52:00+00:00,184584.67669559212,184584.67669559212,uncertain,uncertain_review_required,insufficient_evidence,0.4,False,{},ranking,emergency_or_transient_fire,wildfire_or_agricultural_burn,day_fire_far_from_flare,0.65,conf=n+D+flare184585m+p90=1+frp=3.1,,,
frp:firms_viirs_snpp_nrt_india:firms_viirs_snpp_nrt_india.csv:889,frp:firms_viirs_snpp_nrt_india,889,8.20337,80.99162,2026-09-03 08:52:00+00:00,336.41,5.13,0.0,,firms_viirs_snpp_nrt_india.csv,,336.41,,,,5.13,0.0,,,,,,,,,,,,,,,,n,N,D,1,1,1,1,2026-09-03 08:52:00+00:00,179269.68513952362,179269.68513952362,uncertain,uncertain_review_required,insufficient_evidence,0.4,False,{},ranking,emergency_or_transient_fire,wildfire_or_agricultural_burn,day_fire_far_from_flare,0.65,conf=n+D+flare179270m+p90=1+frp=5.1,,,
frp:firms_viirs_snpp_nrt_india:firms_viirs_snpp_nrt_india.csv:890,frp:firms_viirs_snpp_nrt_india,890,8.20392,80.99172,2026-09-03 08:52:00+00:00,332.07,6.22,0.0,,firms_viirs_snpp_nrt_india.csv,,332.07,,,,6.22,0.0,,,,,,,,,,,,,,,,n,N,D,0,0,0,0,2026-09-03 08:52:00+00:00,179323.8268130687,179323.8268130687,uncertain,uncertain_review_required,insufficient_evidence,0.4,False,{},ranking,emergency_or_transient_fire,wildfire_or_agricultural_burn,day_fire_far_from_flare,0.65,conf=n+D+flare179324m+p90=0+frp=6.2,,,
frp:firms_viirs_snpp_nrt_india:firms_viirs_snpp_nrt_india.csv:891,frp:firms_viirs_snpp_nrt_india,891,8.21999,80.57515,2026-09-03 08:52:00+00:00,330.34,1.81,0.0,,firms_viirs_snpp_nrt_india.csv,,330.34,,,,1.81,0.0,,,,,,,,,,,,,,,,n,N,D,5,5,5,5,2026-09-03 08:52:00+00:00,155834.07712869282,155834.07712869282,uncertain,uncertain_review_required,insufficient_evidence,0.4,False,{},ranking,,,,0.0,,,,
frp:firms_viirs_snpp_nrt_india:firms_viirs_snpp_nrt_india.csv:892,frp:firms_viirs_snpp_nrt_india,892,8.284,80.23323,2026-09-03 08:52:00+00:00,330.92,8.64,0.0,,firms_viirs_snpp_nrt_india.csv,,330.92,,,,8.64,0.0,,,,,,,,,,,,,,,,n,N,D,6,6,6,6,2026-09-03 08:52:00+00:00,150366.25556897942,150366.25556897942,uncertain,uncertain_review_required,insufficient_evidence,0.4,False,{},ranking,,,,0.0,,,,
frp:firms_viirs_snpp_nrt_india:firms_viirs_snpp_nrt_india.csv:893,frp:firms_viirs_snpp_nrt_india,893,8.28842,80.23164,2026-09-03 08:52:00+00:00,331.07,7.83,0.0,,firms_viirs_snpp_nrt_india.csv,,331.07,,,,7.83,0.0,,,,,,,,,,,,,,,,n,N,D,5,5,5,5,2026-09-03 08:52:00+00:00,150812.18384689224,150812.18384689224,uncertain,uncertain_review_required,insufficient_evidence,0.4,False,{},ranking,,,,0.0,,,,
frp:firms_viirs_snpp_nrt_india:firms_viirs_snpp_nrt_india.csv:894,frp:firms_viirs_snpp_nrt_india,894,8.39178,80.16251,2026-09-03 08:52:00+00:00,340.35,46.39,0.0,,firms_viirs_snpp_nrt_india.csv,,340.35,,,,46.39,0.0,,,,,,,,,,,,,,,,n,N,D,19,19,19,19,2026-09-03 08:52:00+00:00,160835.33151085355,160835.33151085355,uncertain,uncertain_review_required,insufficient_evidence,0.4,False,{},ranking,,,,0.0,,,,
frp:firms_viirs_snpp_nrt_india:firms_viirs_snpp_nrt_india.csv:895,frp:firms_viirs_snpp_nrt_india,895,8.39199,80.16026,2026-09-03 08:52:00+00:00,334.57,23.58,0.0,,firms_viirs_snpp_nrt_india.csv,,334.57,,,,23.58,0.0,,,,,,,,,,,,,,,,n,N,D,20,20,20,20,2026-09-03 08:52:00+00:00,160823.63788664367,160823.63788664367,uncertain,uncertain_review_required,insufficient_evidence,0.4,False,{},ranking,,,,0.0,,,,
frp:firms_viirs_snpp_nrt_india:firms_viirs_snpp_nrt_india.csv:896,frp:firms_viirs_snpp_nrt_india,896,8.3923,80.16667,2026-09-03 08:52:00+00:00,351.18,41.89,0.0,,firms_viirs_snpp_nrt_india.csv,,351.18,,,,41.89,0.0,,,,,,,,,,,,,,,,n,N,D,19,19,19,19,2026-09-03 08:52:00+00:00,160957.90412669693,160957.90412669693,uncertain,uncertain_review_required,insufficient_evidence,0.4,False,{},ranking,,,,0.0,,,,
frp:firms_viirs_snpp_nrt_india:firms_viirs_snpp_nrt_india.csv:897,frp:firms_viirs_snpp_nrt_india,897,8.39254,80.16441,2026-09-03 08:52:00+00:00,367.0,62.8,0.0,,firms_viirs_snpp_nrt_india.csv,,367.0,,,,62.8,0.0,,,,,,,,,,,,,,,,h,N,D,21,21,21,21,2026-09-03 08:52:00+00:00,160948.66646683036,160948.66646683036,uncertain,uncertain_review_required,insufficient_evidence,0.4,False,{},ranking,,,,0.0,,,,
frp:firms_viirs_snpp_nrt_india:firms_viirs_snpp_nrt_india.csv:898,frp:firms_viirs_snpp_nrt_india,898,8.4028,80.65507,2026-09-03 08:52:00+00:00,332.44,5.58,0.0,,firms_viirs_snpp_nrt_india.csv,,332.44,,,,5.58,0.0,,,,,,,,,,,,,,,,n,N,D,8,8,8,8,2026-09-03 08:52:00+00:00,177962.02523031348,177962.02523031348,uncertain,uncertain_review_required,insufficient_evidence,0.4,False,{},ranking,,,,0.0,,,,
frp:firms_viirs_snpp_nrt_india:firms_viirs_snpp_nrt_india.csv:899,frp:firms_viirs_snpp_nrt_india,899,8.4287,80.5266,2026-09-03 08:52:00+00:00,330.2,6.28,0.0,,firms_viirs_snpp_nrt_india.csv,,330.2,,,,6.28,0.0,,,,,,,,,,,,,,,,n,N,D,5,5,5,5,2026-09-03 08:52:00+00:00,174995.67862267906,174995.67862267906,uncertain,uncertain_review_required,insufficient_evidence,0.4,False,{},ranking,,,,0.0,,,,
frp:firms_viirs_snpp_nrt_india:firms_viirs_snpp_nrt_india.csv:900,frp:firms_viirs_snpp_nrt_india,900,8.43132,80.52473,2026-09-03 08:52:00+00:00,346.03,7.77,0.0,,firms_viirs_snpp_nrt_india.csv,,346.03,,,,7.77,0.0,,,,,,,,,,,,,,,,n,N,D,4,4,4,4,2026-09-03 08:52:00+00:00,175193.7939873166,175193.7939873166,uncertain,uncertain_review_required,insufficient_evidence,0.4,False,{},ranking,,,,0.0,,,,
frp:firms_viirs_snpp_nrt_india:firms_viirs_snpp_nrt_india.csv:901,frp:firms_viirs_snpp_nrt_india,901,8.55929,80.3675,2026-09-03 08:52:00+00:00,367.0,17.44,0.0,,firms_viirs_snpp_nrt_india.csv,,367.0,,,,17.44,0.0,,,,,,,,,,,,,,,,h,N,D,0,0,0,0,2026-09-03 08:52:00+00:00,183525.69454616754,183525.69454616754,uncertain,uncertain_review_required,insufficient_evidence,0.4,False,{},ranking,emergency_or_transient_fire,wildfire_or_agricultural_burn,day_fire_far_from_flare,0.65,conf=h+D+flare183526m+p90=0+frp=17.4,,,
frp:firms_viirs_snpp_nrt_india:firms_viirs_snpp_nrt_india.csv:902,frp:firms_viirs_snpp_nrt_india,902,8.564,80.79541,2026-09-03 08:52:00+00:00,333.78,6.69,0.0,,firms_viirs_snpp_nrt_india.csv,,333.78,,,,6.69,0.0,,,,,,,,,,,,,,,,n,N,D,19,19,19,19,2026-09-03 08:52:00+00:00,200899.45051890958,200899.45051890958,uncertain,uncertain_review_required,insufficient_evidence,0.4,False,{},ranking,,,,0.0,,,,
frp:firms_viirs_snpp_nrt_india:firms_viirs_snpp_nrt_india.csv:903,frp:firms_viirs_snpp_nrt_india,903,8.56422,80.79527,2026-09-03 08:52:00+00:00,332.99,3.8,0.0,,firms_viirs_snpp_nrt_india.csv,,332.99,,,,3.8,0.0,,,,,,,,,,,,,,,,n,N,D,18,18,18,18,2026-09-03 08:52:00+00:00,200914.0644075392,200914.0644075392,uncertain,uncertain_review_required,insufficient_evidence,0.4,False,{},ranking,,,,0.0,,,,
frp:firms_viirs_snpp_nrt_india:firms_viirs_snpp_nrt_india.csv:904,frp:firms_viirs_snpp_nrt_india,904,8.60062,80.454,2026-09-03 08:52:00+00:00,335.49,2.76,0.0,,firms_viirs_snpp_nrt_india.csv,,335.49,,,,2.76,0.0,,,,,,,,,,,,,,,,n,N,D,2,2,2,2,2026-09-03 08:52:00+00:00,190502.3484806253,190502.3484806253,uncertain,uncertain_review_required,insufficient_evidence,0.4,False,{},ranking,,,,0.0,,,,
frp:firms_viirs_snpp_nrt_india:firms_viirs_snpp_nrt_india.csv:905,frp:firms_viirs_snpp_nrt_india,905,8.60401,80.48016,2026-09-03 08:52:00+00:00,334.16,6.33,0.0,,firms_viirs_snpp_nrt_india.csv,,334.16,,,,6.33,0.0,,,,,,,,,,,,,,,,n,N,D,13,13,13,13,2026-09-03 08:52:00+00:00,191710.84585842735,191710.84585842735,uncertain,uncertain_review_required,insufficient_evidence,0.4,False,{},ranking,,,,0.0,,,,
frp:firms_viirs_snpp_nrt_india:firms_viirs_snpp_nrt_india.csv:906,frp:firms_viirs_snpp_nrt_india,906,8.60457,80.48453,2026-09-03 08:52:00+00:00,331.25,5.78,0.0,,firms_viirs_snpp_nrt_india.csv,,331.25,,,,5.78,0.0,,,,,,,,,,,,,,,,n,N,D,11,11,11,11,2026-09-03 08:52:00+00:00,191915.60469220323,191915.60469220323,uncertain,uncertain_review_required,insufficient_evidence,0.4,False,{},ranking,,,,0.0,,,,
frp:firms_viirs_snpp_nrt_india:firms_viirs_snpp_nrt_india.csv:907,frp:firms_viirs_snpp_nrt_india,907,8.62868,80.4115,2026-09-03 08:52:00+00:00,334.84,4.52,0.0,,firms_viirs_snpp_nrt_india.csv,,334.84,,,,4.52,0.0,,,,,,,,,,,,,,,,n,N,D,2,2,2,2,2026-09-03 08:52:00+00:00,192218.27858982814,192218.27858982814,uncertain,uncertain_review_required,insufficient_evidence,0.4,False,{},ranking,emergency_or_transient_fire,wildfire_or_agricultural_burn,day_fire_far_from_flare,0.65,conf=n+D+flare192218m+p90=2+frp=4.5,,,
frp:firms_viirs_snpp_nrt_india:firms_viirs_snpp_nrt_india.csv:908,frp:firms_viirs_snpp_nrt_india,908,8.62922,80.41586,2026-09-03 08:52:00+00:00,339.61,4.52,0.0,,firms_viirs_snpp_nrt_india.csv,,339.61,,,,4.52,0.0,,,,,,,,,,,,,,,,n,N,D,3,3,3,3,2026-09-03 08:52:00+00:00,192402.01968744624,192402.01968744624,uncertain,uncertain_review_required,insufficient_evidence,0.4,False,{},ranking,,,,0.0,,,,
frp:firms_viirs_snpp_nrt_india:firms_viirs_snpp_nrt_india.csv:909,frp:firms_viirs_snpp_nrt_india,909,8.63185,80.41512,2026-09-03 08:52:00+00:00,342.85,7.79,0.0,,firms_viirs_snpp_nrt_india.csv,,342.85,,,,7.79,0.0,,,,,,,,,,,,,,,,n,N,D,4,4,4,4,2026-09-03 08:52:00+00:00,192662.7411543475,192662.7411543475,uncertain,uncertain_review_required,insufficient_evidence,0.4,False,{},ranking,,,,0.0,,,,
frp:firms_viirs_snpp_nrt_india:firms_viirs_snpp_nrt_india.csv:910,frp:firms_viirs_snpp_nrt_india,910,8.6559,80.50523,2026-09-03 08:52:00+00:00,349.78,8.48,0.0,,firms_viirs_snpp_nrt_india.csv,,349.78,,,,8.48,0.0,,,,,,,,,,,,,,,,n,N,D,6,6,6,6,2026-09-03 08:52:00+00:00,198045.29519938884,198045.29519938884,uncertain,uncertain_review_required,insufficient_evidence,0.4,False,{},ranking,,,,0.0,,,,
frp:firms_viirs_snpp_nrt_india:firms_viirs_snpp_nrt_india.csv:911,frp:firms_viirs_snpp_nrt_india,911,8.65861,80.50542,2026-09-03 08:52:00+00:00,356.68,11.33,0.0,,firms_viirs_snpp_nrt_india.csv,,356.68,,,,11.33,0.0,,,,,,,,,,,,,,,,n,N,D,7,7,7,7,2026-09-03 08:52:00+00:00,198338.59210264942,198338.59210264942,uncertain,uncertain_review_required,insufficient_evidence,0.4,False,{},ranking,,,,0.0,,,,
frp:firms_viirs_snpp_nrt_india:firms_viirs_snpp_nrt_india.csv:912,frp:firms_viirs_snpp_nrt_india,912,8.66189,80.50454,2026-09-03 08:52:00+00:00,333.14,5.56,0.0,,firms_viirs_snpp_nrt_india.csv,,333.14,,,,5.56,0.0,,,,,,,,,,,,,,,,n,N,D,8,8,8,8,2026-09-03 08:52:00+00:00,198656.41852787507,198656.41852787507,uncertain,uncertain_review_required,insufficient_evidence,0.4,False,{},ranking,,,,0.0,,,,
frp:firms_viirs_snpp_nrt_india:firms_viirs_snpp_nrt_india.csv:913,frp:firms_viirs_snpp_nrt_india,913,8.81097,78.0528,2026-09-03 08:52:00+00:00,333.07,0.97,0.0,,firms_viirs_snpp_nrt_india.csv,,333.07,,,,0.97,0.0,,,,,,,,,,,,,,,,n,N,D,0,0,0,0,2026-09-03 08:52:00+00:00,222661.6697036819,222661.6697036819,uncertain,uncertain_review_required,insufficient_evidence,0.4,False,{},ranking,,,,0.0,,,,
frp:firms_viirs_snpp_nrt_india:firms_viirs_snpp_nrt_india.csv:914,frp:firms_viirs_snpp_nrt_india,914,8.82872,80.53358,2026-09-03 08:52:00+00:00,335.37,7.51,0.0,,firms_viirs_snpp_nrt_india.csv,,335.37,,,,7.51,0.0,,,,,,,,,,,,,,,,n,N,D,1,1,1,1,2026-09-03 08:52:00+00:00,217313.40138145408,217313.40138145408,uncertain,uncertain_review_required,insufficient_evidence,0.4,False,{},ranking,emergency_or_transient_fire,wildfire_or_agricultural_burn,day_fire_far_from_flare,0.65,conf=n+D+flare217313m+p90=1+frp=7.5,,,
frp:firms_viirs_snpp_nrt_india:firms_viirs_snpp_nrt_india.csv:915,frp:firms_viirs_snpp_nrt_india,915,8.86421,78.08301,2026-09-03 08:52:00+00:00,337.52,2.55,0.0,,firms_viirs_snpp_nrt_india.csv,,337.52,,,,2.55,0.0,,,,,,,,,,,,,,,,n,N,D,1,1,1,1,2026-09-03 08:52:00+00:00,222059.92886491193,222059.92886491193,uncertain,uncertain_review_required,insufficient_evidence,0.4,False,{},ranking,,,,0.0,,,,
frp:firms_viirs_snpp_nrt_india:firms_viirs_snpp_nrt_india.csv:916,frp:firms_viirs_snpp_nrt_india,916,8.86688,78.08226,2026-09-03 08:52:00+00:00,334.12,1.34,0.0,,firms_viirs_snpp_nrt_india.csv,,334.12,,,,1.34,0.0,,,,,,,,,,,,,,,,n,N,D,3,3,3,3,2026-09-03 08:52:00+00:00,221827.45567969716,221827.45567969716,uncertain,uncertain_review_required,insufficient_evidence,0.4,False,{},ranking,,,,0.0,,,,
frp:firms_viirs_snpp_nrt_india:firms_viirs_snpp_nrt_india.csv:917,frp:firms_viirs_snpp_nrt_india,917,8.8697,80.70795,2026-09-03 08:52:00+00:00,331.08,2.61,0.0,,firms_viirs_snpp_nrt_india.csv,,331.08,,,,2.61,0.0,,,,,,,,,,,,,,,,n,N,D,3,3,3,3,2026-09-03 08:52:00+00:00,227923.65038641117,227923.65038641117,uncertain,uncertain_review_required,insufficient_evidence,0.4,False,{},ranking,,,,0.0,,,,
frp:firms_viirs_snpp_nrt_india:firms_viirs_snpp_nrt_india.csv:918,frp:firms_viirs_snpp_nrt_india,918,8.99572,78.11298,2026-09-03 08:52:00+00:00,337.77,1.58,0.0,,firms_viirs_snpp_nrt_india.csv,,337.77,,,,1.58,0.0,,,,,,,,,,,,,,,,n,N,D,1,1,1,1,2026-09-03 08:52:00+00:00,217186.55053837944,217186.55053837944,uncertain,uncertain_review_required,insufficient_evidence,0.4,False,{},ranking,,,,0.0,,,,
frp:firms_viirs_snpp_nrt_india:firms_viirs_snpp_nrt_india.csv:919,frp:firms_viirs_snpp_nrt_india,919,8.99612,78.11604,2026-09-03 08:52:00+00:00,340.09,1.58,0.0,,firms_viirs_snpp_nrt_india.csv,,340.09,,,,1.58,0.0,,,,,,,,,,,,,,,,n,N,D,2,2,2,2,2026-09-03 08:52:00+00:00,217456.1596873844,217456.1596873844,uncertain,uncertain_review_required,insufficient_evidence,0.4,False,{},ranking,,,,0.0,,,,
frp:firms_viirs_snpp_nrt_india:firms_viirs_snpp_nrt_india.csv:920,frp:firms_viirs_snpp_nrt_india,920,9.09281,79.79891,2026-09-03 08:52:00+00:00,331.83,4.75,0.0,,firms_viirs_snpp_nrt_india.csv,,331.83,,,,4.75,0.0,,,,,,,,,,,,,,,,n,N,D,0,0,0,0,2026-09-03 08:52:00+00:00,194385.51073522275,194385.51073522275,uncertain,uncertain_review_required,insufficient_evidence,0.4,False,{},ranking,emergency_or_transient_fire,wildfire_or_agricultural_burn,day_fire_far_from_flare,0.65,conf=n+D+flare194386m+p90=0+frp=4.8,,,
frp:firms_viirs_snpp_nrt_india:firms_viirs_snpp_nrt_india.csv:921,frp:firms_viirs_snpp_nrt_india,921,9.2081,80.67667,2026-09-03 08:52:00+00:00,332.64,4.85,0.0,,firms_viirs_snpp_nrt_india.csv,,332.64,,,,4.85,0.0,,,,,,,,,,,,,,,,n,N,D,4,4,4,4,2026-09-03 08:52:00+00:00,206592.46121571457,206592.46121571457,uncertain,uncertain_review_required,insufficient_evidence,0.4,False,{},ranking,,,,0.0,,,,
frp:firms_viirs_snpp_nrt_india:firms_viirs_snpp_nrt_india.csv:922,frp:firms_viirs_snpp_nrt_india,922,9.20827,80.67661,2026-09-03 08:52:00+00:00,333.84,6.18,0.0,,firms_viirs_snpp_nrt_india.csv,,333.84,,,,6.18,0.0,,,,,,,,,,,,,,,,n,N,D,5,5,5,5,2026-09-03 08:52:00+00:00,206572.70232696467,206572.70232696467,uncertain,uncertain_review_required,insufficient_evidence,0.4,False,{},ranking,,,,0.0,,,,
frp:firms_viirs_snpp_nrt_india:firms_viirs_snpp_nrt_india.csv:923,frp:firms_viirs_snpp_nrt_india,923,9.3942,80.43369,2026-09-03 08:52:00+00:00,335.74,7.95,0.0,,firms_viirs_snpp_nrt_india.csv,,335.74,,,,7.95,0.0,,,,,,,,,,,,,,,,n,N,D,37,37,37,37,2026-09-03 08:52:00+00:00,176221.05279348866,176221.05279348866,uncertain,uncertain_review_required,insufficient_evidence,0.4,False,{},ranking,,,,0.0,,,,
frp:firms_viirs_snpp_nrt_india:firms_viirs_snpp_nrt_india.csv:924,frp:firms_viirs_snpp_nrt_india,924,9.39609,80.43563,2026-09-03 08:52:00+00:00,331.09,6.93,0.0,,firms_viirs_snpp_nrt_india.csv,,331.09,,,,6.93,0.0,,,,,,,,,,,,,,,,n,N,D,35,35,35,35,2026-09-03 08:52:00+00:00,176116.07767923642,176116.07767923642,uncertain,uncertain_review_required,insufficient_evidence,0.4,False,{},ranking,,,,0.0,,,,
frp:firms_viirs_snpp_nrt_india:firms_viirs_snpp_nrt_india.csv:925,frp:firms_viirs_snpp_nrt_india,925,9.40996,78.80921,2026-09-03 08:52:00+00:00,341.22,0.73,0.0,,firms_viirs_snpp_nrt_india.csv,,341.22,,,,0.73,0.0,,,,,,,,,,,,,,,,n,N,D,0,0,0,0,2026-09-03 08:52:00+00:00,165264.8210371068,165264.8210371068,uncertain,uncertain_review_required,insufficient_evidence,0.4,False,{},ranking,,,,0.0,,,,
frp:firms_viirs_snpp_nrt_india:firms_viirs_snpp_nrt_india.csv:926,frp:firms_viirs_snpp_nrt_india,926,10.23653,79.19613,2026-09-03 08:52:00+00:00,367.0,11.42,0.0,,firms_viirs_snpp_nrt_india.csv,,367.0,,,,11.42,0.0,,,,,,,,,,,,,,,,h,N,D,0,0,0,0,2026-09-03 08:52:00+00:00,65248.23655564054,65248.23655564054,uncertain,uncertain_review_required,insufficient_evidence,0.4,False,{},ranking,emergency_or_transient_fire,wildfire_or_agricultural_burn,day_fire_far_from_flare,0.65,conf=h+D+flare65248m+p90=0+frp=11.4,,,
frp:firms_viirs_snpp_nrt_india:firms_viirs_snpp_nrt_india.csv:927,frp:firms_viirs_snpp_nrt_india,927,10.9525,78.43614,2026-09-03 08:52:00+00:00,334.3,2.9,0.0,,firms_viirs_snpp_nrt_india.csv,,334.3,,,,2.9,0.0,,,,,,,,,,,,,,,,n,N,D,0,0,0,0,2026-09-03 08:52:00+00:00,96349.43532979756,96349.43532979756,uncertain,uncertain_review_required,insufficient_evidence,0.4,False,{},ranking,,,,0.0,,,,
frp:firms_viirs_snpp_nrt_india:firms_viirs_snpp_nrt_india.csv:928,frp:firms_viirs_snpp_nrt_india,928,11.5078,79.52651,2026-09-03 08:52:00+00:00,346.56,4.34,0.0,,firms_viirs_snpp_nrt_india.csv,,346.56,,,,4.34,0.0,,,,,,,,,,,,,,,,n,N,D,1,1,1,1,2026-09-03 08:52:00+00:00,79010.62750349136,79010.62750349136,uncertain,uncertain_review_required,insufficient_evidence,0.4,False,{},ranking,emergency_or_transient_fire,wildfire_or_agricultural_burn,day_fire_far_from_flare,0.65,conf=n+D+flare79011m+p90=1+frp=4.3,,,
frp:firms_viirs_snpp_nrt_india:firms_viirs_snpp_nrt_india.csv:929,frp:firms_viirs_snpp_nrt_india,929,11.50817,79.52599,2026-09-03 08:52:00+00:00,344.98,2.7,0.0,,firms_viirs_snpp_nrt_india.csv,,344.98,,,,2.7,0.0,,,,,,,,,,,,,,,,n,N,D,0,0,0,0,2026-09-03 08:52:00+00:00,79068.80908334855,79068.80908334855,uncertain,uncertain_review_required,insufficient_evidence,0.4,False,{},ranking,,,,0.0,,,,
frp:firms_viirs_snpp_nrt_india:firms_viirs_snpp_nrt_india.csv:930,frp:firms_viirs_snpp_nrt_india,930,18.51854,74.3471,2026-09-03 08:56:00+00:00,334.46,4.86,0.0,,firms_viirs_snpp_nrt_india.csv,,334.46,,,,4.86,0.0,,,,,,,,,,,,,,,,n,N,D,0,0,0,0,2026-09-03 08:56:00+00:00,154239.5272382014,154239.5272382014,uncertain,uncertain_review_required,insufficient_evidence,0.4,False,{},ranking,emergency_or_transient_fire,wildfire_or_agricultural_burn,day_fire_far_from_flare,0.65,conf=n+D+flare154240m+p90=0+frp=4.9,,,
frp:firms_viirs_snpp_nrt_india:firms_viirs_snpp_nrt_india.csv:931,frp:firms_viirs_snpp_nrt_india,931,18.51911,74.35187,2026-09-03 08:56:00+00:00,330.29,4.86,0.0,,firms_viirs_snpp_nrt_india.csv,,330.29,,,,4.86,0.0,,,,,,,,,,,,,,,,n,N,D,1,1,1,1,2026-09-03 08:56:00+00:00,154711.05819141387,154711.05819141387,uncertain,uncertain_review_required,insufficient_evidence,0.4,False,{},ranking,emergency_or_transient_fire,wildfire_or_agricultural_burn,day_fire_far_from_flare,0.65,conf=n+D+flare154711m+p90=1+frp=4.9,,,
frp:firms_viirs_snpp_nrt_india:firms_viirs_snpp_nrt_india.csv:932,frp:firms_viirs_snpp_nrt_india,932,18.56307,74.36423,2026-09-03 08:56:00+00:00,332.55,7.46,0.0,,firms_viirs_snpp_nrt_india.csv,,332.55,,,,7.46,0.0,,,,,,,,,,,,,,,,n,N,D,0,0,0,0,2026-09-03 08:56:00+00:00,154847.24826574075,154847.24826574075,uncertain,uncertain_review_required,insufficient_evidence,0.4,False,{},ranking,emergency_or_transient_fire,wildfire_or_agricultural_burn,day_fire_far_from_flare,0.65,conf=n+D+flare154847m+p90=0+frp=7.5,,,
frp:firms_viirs_snpp_nrt_india:firms_viirs_snpp_nrt_india.csv:933,frp:firms_viirs_snpp_nrt_india,933,18.69169,73.04173,2026-09-03 08:56:00+00:00,334.81,5.14,0.0,,firms_viirs_snpp_nrt_india.csv,,334.81,,,,5.14,0.0,,,,,,,,,,,,,,,,n,N,D,12,12,12,12,2026-09-03 08:56:00+00:00,22057.315719124912,22057.315719124912,uncertain,uncertain_review_required,insufficient_evidence,0.4,False,{},ranking,,,,0.0,,,,
frp:firms_viirs_snpp_nrt_india:firms_viirs_snpp_nrt_india.csv:934,frp:firms_viirs_snpp_nrt_india,934,21.10661,72.64839,2026-09-03 08:56:00+00:00,332.65,4.4,0.0,,firms_viirs_snpp_nrt_india.csv,,332.65,,,,4.4,0.0,,,,,,,,,,,,,,,,n,N,D,22,22,22,22,2026-09-03 08:56:00+00:00,10620.596518271339,10620.596518271339,uncertain,uncertain_review_required,insufficient_evidence,0.4,False,{},ranking,,,,0.0,,,,
frp:firms_viirs_snpp_nrt_india:firms_viirs_snpp_nrt_india.csv:935,frp:firms_viirs_snpp_nrt_india,935,22.4173,69.04085,2026-09-03 08:56:00+00:00,340.77,5.33,0.0,,firms_viirs_snpp_nrt_india.csv,,340.77,,,,5.33,0.0,,,,,,,,,,,,,,,,n,N,D,0,0,0,0,2026-09-03 08:56:00+00:00,72209.96821565162,72209.96821565162,uncertain,uncertain_review_required,insufficient_evidence,0.4,False,{},ranking,emergency_or_transient_fire,wildfire_or_agricultural_burn,day_fire_far_from_flare,0.65,conf=n+D+flare72210m+p90=0+frp=5.3,,,
frp:firms_viirs_snpp_nrt_india:firms_viirs_snpp_nrt_india.csv:936,frp:firms_viirs_snpp_nrt_india,936,22.92752,70.11013,2026-09-03 08:56:00+00:00,330.19,3.07,0.0,,firms_viirs_snpp_nrt_india.csv,,330.19,,,,3.07,0.0,,,,,,,,,,,,,,,,n,N,D,0,0,0,0,2026-09-03 08:56:00+00:00,60470.536081394384,60470.536081394384,uncertain,uncertain_review_required,insufficient_evidence,0.4,False,{},ranking,emergency_or_transient_fire,wildfire_or_agricultural_burn,day_fire_far_from_flare,0.65,conf=n+D+flare60471m+p90=0+frp=3.1,,,
frp:firms_viirs_snpp_nrt_india:firms_viirs_snpp_nrt_india.csv:937,frp:firms_viirs_snpp_nrt_india,937,22.93244,69.69634,2026-09-03 08:56:00+00:00,330.89,4.13,0.0,,firms_viirs_snpp_nrt_india.csv,,330.89,,,,4.13,0.0,,,,,,,,,,,,,,,,l,N,D,2,2,2,2,2026-09-03 08:56:00+00:00,57327.627301853274,57327.627301853274,uncertain,uncertain_review_required,insufficient_evidence,0.4,False,{},ranking,,,,0.0,,,,
frp:firms_viirs_snpp_nrt_india:firms_viirs_snpp_nrt_india.csv:938,frp:firms_viirs_snpp_nrt_india,938,24.57491,67.98416,2026-09-03 08:56:00+00:00,336.67,3.45,0.0,,firms_viirs_snpp_nrt_india.csv,,336.67,,,,3.45,0.0,,,,,,,,,,,,,,,,n,N,D,0,0,0,0,2026-09-03 08:56:00+00:00,43273.254834702726,43273.254834702726,uncertain,uncertain_review_required,insufficient_evidence,0.4,False,{},ranking,emergency_or_transient_fire,wildfire_or_agricultural_burn,day_fire_far_from_flare,0.65,conf=n+D+flare43273m+p90=0+frp=3.5,,,
frp:firms_viirs_snpp_nrt_india:firms_viirs_snpp_nrt_india.csv:939,frp:firms_viirs_snpp_nrt_india,939,25.3869,68.5815,2026-09-03 08:58:00+00:00,331.52,2.61,0.0,,firms_viirs_snpp_nrt_india.csv,,331.52,,,,2.61,0.0,,,,,,,,,,,,,,,,l,N,D,8,8,8,8,2026-09-03 08:58:00+00:00,271.15491288247966,271.15491288247966,emergency_or_transient_fire,industrial_fire_candidate,industrial_proximity,0.72,True,{},ranking,,,,0.0,,,,
frp:firms_viirs_snpp_nrt_india:firms_viirs_snpp_nrt_india.csv:940,frp:firms_viirs_snpp_nrt_india,940,27.69303,67.67126,2026-09-03 08:58:00+00:00,343.74,8.24,0.0,,firms_viirs_snpp_nrt_india.csv,,343.74,,,,8.24,0.0,,,,,,,,,,,,,,,,n,N,D,0,0,0,0,2026-09-03 08:58:00+00:00,32721.497791156908,32721.497791156908,uncertain,uncertain_review_required,insufficient_evidence,0.4,False,{},ranking,emergency_or_transient_fire,wildfire_or_agricultural_burn,day_fire_far_from_flare,0.65,conf=n+D+flare32721m+p90=0+frp=8.2,,,
frp:firms_viirs_snpp_nrt_india:firms_viirs_snpp_nrt_india.csv:941,frp:firms_viirs_snpp_nrt_india,941,28.1973,67.73838,2026-09-03 08:58:00+00:00,335.73,5.62,0.0,,firms_viirs_snpp_nrt_india.csv,,335.73,,,,5.62,0.0,,,,,,,,,,,,,,,,n,N,D,0,0,0,0,2026-09-03 08:58:00+00:00,88449.07318144267,88449.07318144267,uncertain,uncertain_review_required,insufficient_evidence,0.4,False,{},ranking,emergency_or_transient_fire,wildfire_or_agricultural_burn,day_fire_far_from_flare,0.65,conf=n+D+flare88449m+p90=0+frp=5.6,,,
frp:firms_viirs_snpp_nrt_india:firms_viirs_snpp_nrt_india.csv:942,frp:firms_viirs_snpp_nrt_india,942,28.31371,67.91131,2026-09-03 08:58:00+00:00,344.31,9.15,0.0,,firms_viirs_snpp_nrt_india.csv,,344.31,,,,9.15,0.0,,,,,,,,,,,,,,,,n,N,D,2,2,2,2,2026-09-03 08:58:00+00:00,77814.75829993108,77814.75829993108,uncertain,uncertain_review_required,insufficient_evidence,0.4,False,{},ranking,emergency_or_transient_fire,wildfire_or_agricultural_burn,day_fire_far_from_flare,0.65,conf=n+D+flare77815m+p90=2+frp=9.2,,,
frp:firms_viirs_snpp_nrt_india:firms_viirs_snpp_nrt_india.csv:943,frp:firms_viirs_snpp_nrt_india,943,29.88983,73.90404,2026-09-03 08:58:00+00:00,333.23,1.81,0.0,,firms_viirs_snpp_nrt_india.csv,,333.23,,,,1.81,0.0,,,,,,,,,,,,,,,,n,N,D,0,0,0,0,2026-09-03 08:58:00+00:00,100905.76181116163,100905.76181116163,uncertain,uncertain_review_required,insufficient_evidence,0.4,False,{},ranking,,,,0.0,,,,
frp:firms_viirs_snpp_nrt_india:firms_viirs_snpp_nrt_india.csv:944,frp:firms_viirs_snpp_nrt_india,944,38.05075,67.2674,2026-09-03 09:00:00+00:00,344.43,12.43,0.0,,firms_viirs_snpp_nrt_india.csv,,344.43,,,,12.43,0.0,,,,,,,,,,,,,,,,n,N,D,34,34,34,34,2026-09-03 09:00:00+00:00,76467.52037921359,76467.52037921359,uncertain,uncertain_review_required,insufficient_evidence,0.4,False,{},ranking,,,,0.0,,,,
frp:firms_viirs_snpp_nrt_india:firms_viirs_snpp_nrt_india.csv:945,frp:firms_viirs_snpp_nrt_india,945,38.0525,67.26641,2026-09-03 09:00:00+00:00,349.31,8.56,0.0,,firms_viirs_snpp_nrt_india.csv,,349.31,,,,8.56,0.0,,,,,,,,,,,,,,,,n,N,D,35,35,35,35,2026-09-03 09:00:00+00:00,76278.30287797975,76278.30287797975,uncertain,uncertain_review_required,insufficient_evidence,0.4,False,{},ranking,,,,0.0,,,,
frp:firms_viirs_snpp_nrt_india:firms_viirs_snpp_nrt_india.csv:946,frp:firms_viirs_snpp_nrt_india,946,32.51342,82.42087,2026-09-03 19:40:00+00:00,311.6,0.12,0.0,,firms_viirs_snpp_nrt_india.csv,,311.6,,,,0.12,0.0,,,,,,,,,,,,,,,,n,N,N,0,0,0,0,2026-09-03 19:40:00+00:00,626969.9262937215,626969.9262937215,uncertain,uncertain_review_required,insufficient_evidence,0.4,False,{},ranking,,,,0.0,,,,
frp:firms_viirs_snpp_nrt_india:firms_viirs_snpp_nrt_india.csv:947,frp:firms_viirs_snpp_nrt_india,947,35.99179,94.82908,2026-09-03 19:40:00+00:00,299.89,0.74,0.0,,firms_viirs_snpp_nrt_india.csv,,299.89,,,,0.74,0.0,,,,,,,,,,,,,,,,n,N,N,1,1,1,1,2026-09-03 19:40:00+00:00,421280.32947145775,421280.32947145775,uncertain,uncertain_review_required,insufficient_evidence,0.4,False,{},ranking,,,,0.0,,,,
frp:firms_viirs_snpp_nrt_india:firms_viirs_snpp_nrt_india.csv:948,frp:firms_viirs_snpp_nrt_india,948,37.34675,97.40954,2026-09-03 19:40:00+00:00,298.59,0.8,0.0,,firms_viirs_snpp_nrt_india.csv,,298.59,,,,0.8,0.0,,,,,,,,,,,,,,,,n,N,N,1,1,1,1,2026-09-03 19:40:00+00:00,277236.6757011932,277236.6757011932,uncertain,uncertain_review_required,insufficient_evidence,0.4,False,{},ranking,,,,0.0,,,,
frp:firms_viirs_snpp_nrt_india:firms_viirs_snpp_nrt_india.csv:949,frp:firms_viirs_snpp_nrt_india,949,26.75918,83.19909,2026-09-03 19:42:00+00:00,306.85,1.16,0.0,,firms_viirs_snpp_nrt_india.csv,,306.85,,,,1.16,0.0,,,,,,,,,,,,,,,,n,N,N,0,0,0,0,2026-09-03 19:42:00+00:00,322043.0916885234,322043.0916885234,uncertain,uncertain_review_required,insufficient_evidence,0.4,False,{},ranking,,,,0.0,,,,
frp:firms_viirs_snpp_nrt_india:firms_viirs_snpp_nrt_india.csv:950,frp:firms_viirs_snpp_nrt_india,950,23.56118,87.08237,2026-09-03 19:45:00+00:00,307.04,2.48,0.0,,firms_viirs_snpp_nrt_india.csv,,307.04,,,,2.48,0.0,,,,,,,,,,,,,,,,n,N,N,0,0,0,0,2026-09-03 19:45:00+00:00,30301.606603163742,30301.606603163742,uncertain,uncertain_review_required,insufficient_evidence,0.4,False,{},ranking,,,,0.0,,,,
frp:firms_viirs_snpp_nrt_india:firms_viirs_snpp_nrt_india.csv:951,frp:firms_viirs_snpp_nrt_india,951,23.58044,86.72423,2026-09-03 19:45:00+00:00,309.01,1.24,0.0,,firms_viirs_snpp_nrt_india.csv,,309.01,,,,1.24,0.0,,,,,,,,,,,,,,,,n,N,N,0,0,0,0,2026-09-03 19:45:00+00:00,66745.4782724797,66745.4782724797,uncertain,uncertain_review_required,insufficient_evidence,0.4,False,{},ranking,,,,0.0,,,,
frp:firms_viirs_snpp_nrt_india:firms_viirs_snpp_nrt_india.csv:952,frp:firms_viirs_snpp_nrt_india,952,23.6091,85.67449,2026-09-03 19:45:00+00:00,308.9,0.98,0.0,,firms_viirs_snpp_nrt_india.csv,,308.9,,,,0.98,0.0,,,,,,,,,,,,,,,,n,N,N,0,0,0,0,2026-09-03 19:45:00+00:00,173741.04572696605,173741.04572696605,uncertain,uncertain_review_required,insufficient_evidence,0.4,False,{},ranking,,,,0.0,,,,
frp:firms_viirs_snpp_nrt_india:firms_viirs_snpp_nrt_india.csv:953,frp:firms_viirs_snpp_nrt_india,953,23.61394,86.78859,2026-09-03 19:45:00+00:00,309.63,1.7,0.0,,firms_viirs_snpp_nrt_india.csv,,309.63,,,,1.7,0.0,,,,,,,,,,,,,,,,n,N,N,0,0,0,0,2026-09-03 19:45:00+00:00,60315.37994180054,60315.37994180054,uncertain,uncertain_review_required,insufficient_evidence,0.4,False,{},ranking,,,,0.0,,,,
frp:firms_viirs_snpp_nrt_india:firms_viirs_snpp_nrt_india.csv:954,frp:firms_viirs_snpp_nrt_india,954,23.63301,86.83422,2026-09-03 19:45:00+00:00,306.94,0.84,0.0,,firms_viirs_snpp_nrt_india.csv,,306.94,,,,0.84,0.0,,,,,,,,,,,,,,,,n,N,N,0,0,0,0,2026-09-03 19:45:00+00:00,55868.281042563816,55868.281042563816,uncertain,uncertain_review_required,insufficient_evidence,0.4,False,{},ranking,,,,0.0,,,,
frp:firms_viirs_snpp_nrt_india:firms_viirs_snpp_nrt_india.csv:955,frp:firms_viirs_snpp_nrt_india,955,23.64893,85.44199,2026-09-03 19:45:00+00:00,304.53,1.15,0.0,,firms_viirs_snpp_nrt_india.csv,,304.53,,,,1.15,0.0,,,,,,,,,,,,,,,,n,N,N,1,1,1,1,2026-09-03 19:45:00+00:00,197526.96911408418,197526.96911408418,uncertain,uncertain_review_required,insufficient_evidence,0.4,False,{},ranking,,,,0.0,,,,
frp:firms_viirs_snpp_nrt_india:firms_viirs_snpp_nrt_india.csv:956,frp:firms_viirs_snpp_nrt_india,956,23.64945,85.43736,2026-09-03 19:45:00+00:00,328.16,4.0,0.0,,firms_viirs_snpp_nrt_india.csv,,328.16,,,,4.0,0.0,,,,,,,,,,,,,,,,n,N,N,0,0,0,0,2026-09-03 19:45:00+00:00,198000.24334437656,198000.24334437656,uncertain,uncertain_review_required,insufficient_evidence,0.4,False,{},ranking,,,,0.0,,,,
frp:firms_viirs_snpp_nrt_india:firms_viirs_snpp_nrt_india.csv:957,frp:firms_viirs_snpp_nrt_india,957,23.66326,87.15506,2026-09-03 19:45:00+00:00,315.58,2.72,0.0,,firms_viirs_snpp_nrt_india.csv,,315.58,,,,2.72,0.0,,,,,,,,,,,,,,,,n,N,N,3,3,3,3,2026-09-03 19:45:00+00:00,24749.432392988685,24749.432392988685,uncertain,uncertain_review_required,insufficient_evidence,0.4,False,{},ranking,,,,0.0,,,,
frp:firms_viirs_snpp_nrt_india:firms_viirs_snpp_nrt_india.csv:958,frp:firms_viirs_snpp_nrt_india,958,23.6662,84.99924,2026-09-03 19:45:00+00:00,305.61,1.64,0.0,,firms_viirs_snpp_nrt_india.csv,,305.61,,,,1.64,0.0,,,,,,,,,,,,,,,,n,N,N,0,0,0,0,2026-09-03 19:45:00+00:00,224629.05798364506,224629.05798364506,uncertain,uncertain_review_required,insufficient_evidence,0.4,False,{},ranking,,,,0.0,,,,
frp:firms_viirs_snpp_nrt_india:firms_viirs_snpp_nrt_india.csv:959,frp:firms_viirs_snpp_nrt_india,959,23.66999,86.93584,2026-09-03 19:45:00+00:00,305.31,0.5,0.0,,firms_viirs_snpp_nrt_india.csv,,305.31,,,,0.5,0.0,,,,,,,,,,,,,,,,n,N,N,0,0,0,0,2026-09-03 19:45:00+00:00,46323.90565628552,46323.90565628552,uncertain,uncertain_review_required,insufficient_evidence,0.4,False,{},ranking,,,,0.0,,,,
frp:firms_viirs_snpp_nrt_india:firms_viirs_snpp_nrt_india.csv:960,frp:firms_viirs_snpp_nrt_india,960,23.67128,84.99492,2026-09-03 19:45:00+00:00,302.0,0.81,0.0,,firms_viirs_snpp_nrt_india.csv,,302.0,,,,0.81,0.0,,,,,,,,,,,,,,,,n,N,N,1,1,1,1,2026-09-03 19:45:00+00:00,224344.19164762177,224344.19164762177,uncertain,uncertain_review_required,insufficient_evidence,0.4,False,{},ranking,,,,0.0,,,,
frp:firms_viirs_snpp_nrt_india:firms_viirs_snpp_nrt_india.csv:961,frp:firms_viirs_snpp_nrt_india,961,23.67558,85.32627,2026-09-03 19:45:00+00:00,302.56,0.87,0.0,,firms_viirs_snpp_nrt_india.csv,,302.56,,,,0.87,0.0,,,,,,,,,,,,,,,,n,N,N,1,1,1,1,2026-09-03 19:45:00+00:00,209420.1331992385,209420.1331992385,uncertain,uncertain_review_required,insufficient_evidence,0.4,False,{},ranking,,,,0.0,,,,
frp:firms_viirs_snpp_nrt_india:firms_viirs_snpp_nrt_india.csv:962,frp:firms_viirs_snpp_nrt_india,962,23.68263,87.12968,2026-09-03 19:45:00+00:00,304.46,1.02,0.0,,firms_viirs_snpp_nrt_india.csv,,304.46,,,,1.02,0.0,,,,,,,,,,,,,,,,n,N,N,1,1,1,1,2026-09-03 19:45:00+00:00,27981.921567617672,27981.921567617672,uncertain,uncertain_review_required,insufficient_evidence,0.4,False,{},ranking,,,,0.0,,,,
frp:firms_viirs_snpp_nrt_india:firms_viirs_snpp_nrt_india.csv:963,frp:firms_viirs_snpp_nrt_india,963,23.68801,87.11914,2026-09-03 19:45:00+00:00,310.76,1.93,0.0,,firms_viirs_snpp_nrt_india.csv,,310.76,,,,1.93,0.0,,,,,,,,,,,,,,,,n,N,N,2,2,2,2,2026-09-03 19:45:00+00:00,29207.106461974774,29207.106461974774,uncertain,uncertain_review_required,insufficient_evidence,0.4,False,{},ranking,,,,0.0,,,,
frp:firms_viirs_snpp_nrt_india:firms_viirs_snpp_nrt_india.csv:964,frp:firms_viirs_snpp_nrt_india,964,23.69199,87.11974,2026-09-03 19:45:00+00:00,307.04,1.93,0.0,,firms_viirs_snpp_nrt_india.csv,,307.04,,,,1.93,0.0,,,,,,,,,,,,,,,,n,N,N,5,5,5,5,2026-09-03 19:45:00+00:00,29340.891071991828,29340.891071991828,uncertain,uncertain_review_required,insufficient_evidence,0.4,False,{},ranking,,,,0.0,,,,
frp:firms_viirs_snpp_nrt_india:firms_viirs_snpp_nrt_india.csv:965,frp:firms_viirs_snpp_nrt_india,965,23.69338,87.10863,2026-09-03 19:45:00+00:00,305.36,1.71,0.0,,firms_viirs_snpp_nrt_india.csv,,305.36,,,,1.71,0.0,,,,,,,,,,,,,,,,n,N,N,2,2,2,2,2026-09-03 19:45:00+00:00,30429.29302288538,30429.29302288538,uncertain,uncertain_review_required,insufficient_evidence,0.4,False,{},ranking,,,,0.0,,,,
frp:firms_viirs_snpp_nrt_india:firms_viirs_snpp_nrt_india.csv:966,frp:firms_viirs_snpp_nrt_india,966,23.69777,85.2904,2026-09-03 19:45:00+00:00,303.8,1.48,0.0,,firms_viirs_snpp_nrt_india.csv,,303.8,,,,1.48,0.0,,,,,,,,,,,,,,,,n,N,N,2,2,2,2,2026-09-03 19:45:00+00:00,208770.63835641224,208770.63835641224,uncertain,uncertain_review_required,insufficient_evidence,0.4,False,{},ranking,,,,0.0,,,,
frp:firms_viirs_snpp_nrt_india:firms_viirs_snpp_nrt_india.csv:967,frp:firms_viirs_snpp_nrt_india,967,23.69792,85.36774,2026-09-03 19:45:00+00:00,302.62,0.93,0.0,,firms_viirs_snpp_nrt_india.csv,,302.62,,,,0.93,0.0,,,,,,,,,,,,,,,,n,N,N,2,2,2,2,2026-09-03 19:45:00+00:00,205331.14091183344,205331.14091183344,uncertain,uncertain_review_required,insufficient_evidence,0.4,False,{},ranking,,,,0.0,,,,
frp:firms_viirs_snpp_nrt_india:firms_viirs_snpp_nrt_india.csv:968,frp:firms_viirs_snpp_nrt_india,968,23.70747,86.44939,2026-09-03 19:45:00+00:00,305.52,0.94,0.0,,firms_viirs_snpp_nrt_india.csv,,305.52,,,,0.94,0.0,,,,,,,,,,,,,,,,n,N,N,10,10,10,10,2026-09-03 19:45:00+00:00,95806.92797615833,95806.92797615833,uncertain,uncertain_review_required,insufficient_evidence,0.4,False,{},ranking,,,,0.0,,,,
frp:firms_viirs_snpp_nrt_india:firms_viirs_snpp_nrt_india.csv:969,frp:firms_viirs_snpp_nrt_india,969,23.71034,86.42485,2026-09-03 19:45:00+00:00,309.97,1.8,0.0,,firms_viirs_snpp_nrt_india.csv,,309.97,,,,1.8,0.0,,,,,,,,,,,,,,,,n,N,N,18,18,18,18,2026-09-03 19:45:00+00:00,98325.09726393135,98325.09726393135,uncertain,uncertain_review_required,insufficient_evidence,0.4,False,{},ranking,,,,0.0,,,,
frp:firms_viirs_snpp_nrt_india:firms_viirs_snpp_nrt_india.csv:970,frp:firms_viirs_snpp_nrt_india,970,23.71161,86.45001,2026-09-03 19:45:00+00:00,317.27,1.59,0.0,,firms_viirs_snpp_nrt_india.csv,,317.27,,,,1.59,0.0,,,,,,,,,,,,,,,,n,N,N,8,8,8,8,2026-09-03 19:45:00+00:00,95813.67238717538,95813.67238717538,uncertain,uncertain_review_required,insufficient_evidence,0.4,False,{},ranking,,,,0.0,,,,
frp:firms_viirs_snpp_nrt_india:firms_viirs_snpp_nrt_india.csv:971,frp:firms_viirs_snpp_nrt_india,971,23.7117,85.28757,2026-09-03 19:45:00+00:00,301.95,0.73,0.0,,firms_viirs_snpp_nrt_india.csv,,301.95,,,,0.73,0.0,,,,,,,,,,,,,,,,n,N,N,0,0,0,0,2026-09-03 19:45:00+00:00,207443.8633357792,207443.8633357792,uncertain,uncertain_review_required,insufficient_evidence,0.4,False,{},ranking,,,,0.0,,,,
frp:firms_viirs_snpp_nrt_india:firms_viirs_snpp_nrt_india.csv:972,frp:firms_viirs_snpp_nrt_india,972,23.71498,86.42139,2026-09-03 19:45:00+00:00,307.53,1.61,0.0,,firms_viirs_snpp_nrt_india.csv,,307.53,,,,1.61,0.0,,,,,,,,,,,,,,,,n,N,N,22,22,22,22,2026-09-03 19:45:00+00:00,98750.475497457,98750.475497457,uncertain,uncertain_review_required,insufficient_evidence,0.4,False,{},ranking,,,,0.0,,,,
frp:firms_viirs_snpp_nrt_india:firms_viirs_snpp_nrt_india.csv:973,frp:firms_viirs_snpp_nrt_india,973,23.71576,86.45063,2026-09-03 19:45:00+00:00,309.84,1.59,0.0,,firms_viirs_snpp_nrt_india.csv,,309.84,,,,1.59,0.0,,,,,,,,,,,,,,,,n,N,N,7,7,7,7,2026-09-03 19:45:00+00:00,95822.8483787573,95822.8483787573,uncertain,uncertain_review_required,insufficient_evidence,0.4,False,{},ranking,,,,0.0,,,,
frp:firms_viirs_snpp_nrt_india:firms_viirs_snpp_nrt_india.csv:974,frp:firms_viirs_snpp_nrt_india,974,23.71672,86.44246,2026-09-03 19:45:00+00:00,305.75,0.91,0.0,,firms_viirs_snpp_nrt_india.csv,,305.75,,,,0.91,0.0,,,,,,,,,,,,,,,,n,N,N,7,7,7,7,2026-09-03 19:45:00+00:00,96661.02911843859,96661.02911843859,uncertain,uncertain_review_required,insufficient_evidence,0.4,False,{},ranking,,,,0.0,,,,
frp:firms_viirs_snpp_nrt_india:firms_viirs_snpp_nrt_india.csv:975,frp:firms_viirs_snpp_nrt_india,975,23.71913,86.422,2026-09-03 19:45:00+00:00,311.36,1.61,0.0,,firms_viirs_snpp_nrt_india.csv,,311.36,,,,1.61,0.0,,,,,,,,,,,,,,,,n,N,N,18,18,18,18,2026-09-03 19:45:00+00:00,98760.18233999325,98760.18233999325,uncertain,uncertain_review_required,insufficient_evidence,0.4,False,{},ranking,,,,0.0,,,,
frp:firms_viirs_snpp_nrt_india:firms_viirs_snpp_nrt_india.csv:976,frp:firms_viirs_snpp_nrt_india,976,23.72328,86.4226,2026-09-03 19:45:00+00:00,307.96,2.1,0.0,,firms_viirs_snpp_nrt_india.csv,,307.96,,,,2.1,0.0,,,,,,,,,,,,,,,,n,N,N,19,19,19,19,2026-09-03 19:45:00+00:00,98773.09169883237,98773.09169883237,uncertain,uncertain_review_required,insufficient_evidence,0.4,False,{},ranking,,,,0.0,,,,
frp:firms_viirs_snpp_nrt_india:firms_viirs_snpp_nrt_india.csv:977,frp:firms_viirs_snpp_nrt_india,977,23.7255,86.43961,2026-09-03 19:45:00+00:00,312.66,2.79,0.0,,firms_viirs_snpp_nrt_india.csv,,312.66,,,,2.79,0.0,,,,,,,,,,,,,,,,n,N,N,6,6,6,6,2026-09-03 19:45:00+00:00,97105.26922506574,97105.26922506574,uncertain,uncertain_review_required,insufficient_evidence,0.4,False,{},ranking,,,,0.0,,,,
frp:firms_viirs_snpp_nrt_india:firms_viirs_snpp_nrt_india.csv:978,frp:firms_viirs_snpp_nrt_india,978,23.73892,86.43327,2026-09-03 19:45:00+00:00,332.15,4.27,0.0,,firms_viirs_snpp_nrt_india.csv,,332.15,,,,4.27,0.0,,,,,,,,,,,,,,,,n,N,N,29,29,29,29,2026-09-03 19:45:00+00:00,97999.42430195276,97999.42430195276,uncertain,uncertain_review_required,insufficient_evidence,0.4,False,{},ranking,,,,0.0,,,,
frp:firms_viirs_snpp_nrt_india:firms_viirs_snpp_nrt_india.csv:979,frp:firms_viirs_snpp_nrt_india,979,23.73894,85.0092,2026-09-03 19:45:00+00:00,308.95,1.68,0.0,,firms_viirs_snpp_nrt_india.csv,,308.95,,,,1.68,0.0,,,,,,,,,,,,,,,,n,N,N,0,0,0,0,2026-09-03 19:45:00+00:00,217060.56853173068,217060.56853173068,uncertain,uncertain_review_required,insufficient_evidence,0.4,False,{},ranking,,,,0.0,,,,
frp:firms_viirs_snpp_nrt_india:firms_viirs_snpp_nrt_india.csv:980,frp:firms_viirs_snpp_nrt_india,980,23.73955,85.01097,2026-09-03 19:45:00+00:00,308.09,1.92,0.0,,firms_viirs_snpp_nrt_india.csv,,308.09,,,,1.92,0.0,,,,,,,,,,,,,,,,n,N,N,1,1,1,1,2026-09-03 19:45:00+00:00,216913.17928994528,216913.17928994528,uncertain,uncertain_review_required,insufficient_evidence,0.4,False,{},ranking,,,,0.0,,,,
frp:firms_viirs_snpp_nrt_india:firms_viirs_snpp_nrt_india.csv:981,frp:firms_viirs_snpp_nrt_india,981,23.75333,86.41881,2026-09-03 19:45:00+00:00,306.57,2.21,0.0,,firms_viirs_snpp_nrt_india.csv,,306.57,,,,2.21,0.0,,,,,,,,,,,,,,,,n,N,N,38,38,38,38,2026-09-03 19:45:00+00:00,99744.21465062787,99744.21465062787,uncertain,uncertain_review_required,insufficient_evidence,0.4,False,{},ranking,,,,0.0,,,,
frp:firms_viirs_snpp_nrt_india:firms_viirs_snpp_nrt_india.csv:982,frp:firms_viirs_snpp_nrt_india,982,23.75436,85.85263,2026-09-03 19:45:00+00:00,310.98,1.3,0.0,,firms_viirs_snpp_nrt_india.csv,,310.98,,,,1.3,0.0,,,,,,,,,,,,,,,,n,N,N,3,3,3,3,2026-09-03 19:45:00+00:00,156707.7467830871,156707.7467830871,uncertain,uncertain_review_required,insufficient_evidence,0.4,False,{},ranking,,,,0.0,,,,
frp:firms_viirs_snpp_nrt_india:firms_viirs_snpp_nrt_india.csv:983,frp:firms_viirs_snpp_nrt_india,983,23.75678,85.85565,2026-09-03 19:45:00+00:00,310.42,1.56,0.0,,firms_viirs_snpp_nrt_india.csv,,310.42,,,,1.56,0.0,,,,,,,,,,,,,,,,n,N,N,0,0,0,0,2026-09-03 19:45:00+00:00,156435.29119897552,156435.29119897552,uncertain,uncertain_review_required,insufficient_evidence,0.4,False,{},ranking,,,,0.0,,,,
frp:firms_viirs_snpp_nrt_india:firms_viirs_snpp_nrt_india.csv:984,frp:firms_viirs_snpp_nrt_india,984,23.75731,85.85121,2026-09-03 19:45:00+00:00,303.97,1.56,0.0,,firms_viirs_snpp_nrt_india.csv,,303.97,,,,1.56,0.0,,,,,,,,,,,,,,,,n,N,N,1,1,1,1,2026-09-03 19:45:00+00:00,156890.97690724104,156890.97690724104,uncertain,uncertain_review_required,insufficient_evidence,0.4,False,{},ranking,,,,0.0,,,,
frp:firms_viirs_snpp_nrt_india:firms_viirs_snpp_nrt_india.csv:985,frp:firms_viirs_snpp_nrt_india,985,23.75867,85.85327,2026-09-03 19:45:00+00:00,305.82,1.3,0.0,,firms_viirs_snpp_nrt_india.csv,,305.82,,,,1.3,0.0,,,,,,,,,,,,,,,,n,N,N,2,2,2,2,2026-09-03 19:45:00+00:00,156701.4837795721,156701.4837795721,uncertain,uncertain_review_required,insufficient_evidence,0.4,False,{},ranking,,,,0.0,,,,
frp:firms_viirs_snpp_nrt_india:firms_viirs_snpp_nrt_india.csv:986,frp:firms_viirs_snpp_nrt_india,986,23.75945,86.403,2026-09-03 19:45:00+00:00,311.53,1.9,0.0,,firms_viirs_snpp_nrt_india.csv,,311.53,,,,1.9,0.0,,,,,,,,,,,,,,,,n,N,N,34,34,34,34,2026-09-03 19:45:00+00:00,101454.90605957391,101454.90605957391,uncertain,uncertain_review_required,insufficient_evidence,0.4,False,{},ranking,,,,0.0,,,,
frp:firms_viirs_snpp_nrt_india:firms_viirs_snpp_nrt_india.csv:987,frp:firms_viirs_snpp_nrt_india,987,23.75995,86.39886,2026-09-03 19:45:00+00:00,303.16,1.13,0.0,,firms_viirs_snpp_nrt_india.csv,,303.16,,,,1.13,0.0,,,,,,,,,,,,,,,,n,N,N,36,36,36,36,2026-09-03 19:45:00+00:00,101878.95853094237,101878.95853094237,uncertain,uncertain_review_required,insufficient_evidence,0.4,False,{},ranking,,,,0.0,,,,
frp:firms_viirs_snpp_nrt_india:firms_viirs_snpp_nrt_india.csv:988,frp:firms_viirs_snpp_nrt_india,988,23.76361,86.40362,2026-09-03 19:45:00+00:00,319.57,1.9,0.0,,firms_viirs_snpp_nrt_india.csv,,319.57,,,,1.9,0.0,,,,,,,,,,,,,,,,n,N,N,37,37,37,37,2026-09-03 19:45:00+00:00,101484.88145107882,101484.88145107882,uncertain,uncertain_review_required,insufficient_evidence,0.4,False,{},ranking,,,,0.0,,,,
frp:firms_viirs_snpp_nrt_india:firms_viirs_snpp_nrt_india.csv:989,frp:firms_viirs_snpp_nrt_india,989,23.76411,86.39948,2026-09-03 19:45:00+00:00,301.48,1.13,0.0,,firms_viirs_snpp_nrt_india.csv,,301.48,,,,1.13,0.0,,,,,,,,,,,,,,,,n,N,N,37,37,37,37,2026-09-03 19:45:00+00:00,101908.78740554272,101908.78740554272,uncertain,uncertain_review_required,insufficient_evidence,0.4,False,{},ranking,,,,0.0,,,,
frp:firms_viirs_snpp_nrt_india:firms_viirs_snpp_nrt_india.csv:990,frp:firms_viirs_snpp_nrt_india,990,23.76777,86.40421,2026-09-03 19:45:00+00:00,320.79,2.0,0.0,,firms_viirs_snpp_nrt_india.csv,,320.79,,,,2.0,0.0,,,,,,,,,,,,,,,,n,N,N,38,38,38,38,2026-09-03 19:45:00+00:00,101519.98674225532,101519.98674225532,uncertain,uncertain_review_required,insufficient_evidence,0.4,False,{},ranking,,,,0.0,,,,
frp:firms_viirs_snpp_nrt_india:firms_viirs_snpp_nrt_india.csv:991,frp:firms_viirs_snpp_nrt_india,991,23.76827,86.40009,2026-09-03 19:45:00+00:00,301.49,1.42,0.0,,firms_viirs_snpp_nrt_india.csv,,301.49,,,,1.42,0.0,,,,,,,,,,,,,,,,n,N,N,39,39,39,39,2026-09-03 19:45:00+00:00,101941.74548614016,101941.74548614016,uncertain,uncertain_review_required,insufficient_evidence,0.4,False,{},ranking,,,,0.0,,,,
frp:firms_viirs_snpp_nrt_india:firms_viirs_snpp_nrt_india.csv:992,frp:firms_viirs_snpp_nrt_india,992,23.77272,86.36308,2026-09-03 19:45:00+00:00,311.0,1.88,0.0,,firms_viirs_snpp_nrt_india.csv,,311.0,,,,1.88,0.0,,,,,,,,,,,,,,,,n,N,N,45,45,45,45,2026-09-03 19:45:00+00:00,105729.86715330678,105729.86715330678,uncertain,uncertain_review_required,insufficient_evidence,0.4,False,{},ranking,,,,0.0,,,,
frp:firms_viirs_snpp_nrt_india:firms_viirs_snpp_nrt_india.csv:993,frp:firms_viirs_snpp_nrt_india,993,23.7769,86.36366,2026-09-03 19:45:00+00:00,309.48,1.88,0.0,,firms_viirs_snpp_nrt_india.csv,,309.48,,,,1.88,0.0,,,,,,,,,,,,,,,,n,N,N,40,40,40,40,2026-09-03 19:45:00+00:00,105766.9804420457,105766.9804420457,uncertain,uncertain_review_required,insufficient_evidence,0.4,False,{},ranking,,,,0.0,,,,
frp:firms_viirs_snpp_nrt_india:firms_viirs_snpp_nrt_india.csv:994,frp:firms_viirs_snpp_nrt_india,994,23.77807,86.38908,2026-09-03 19:45:00+00:00,317.93,1.38,0.0,,firms_viirs_snpp_nrt_india.csv,,317.93,,,,1.38,0.0,,,,,,,,,,,,,,,,n,N,N,41,41,41,41,2026-09-03 19:45:00+00:00,103264.99585637989,103264.99585637989,uncertain,uncertain_review_required,insufficient_evidence,0.4,False,{},ranking,,,,0.0,,,,
frp:firms_viirs_snpp_nrt_india:firms_viirs_snpp_nrt_india.csv:995,frp:firms_viirs_snpp_nrt_india,995,23.77853,86.20712,2026-09-03 19:45:00+00:00,305.87,1.4,0.0,,firms_viirs_snpp_nrt_india.csv,,305.87,,,,1.4,0.0,,,,,,,,,,,,,,,,n,N,N,7,7,7,7,2026-09-03 19:45:00+00:00,121431.91358797369,121431.91358797369,uncertain,uncertain_review_required,insufficient_evidence,0.4,False,{},ranking,,,,0.0,,,,
frp:firms_viirs_snpp_nrt_india:firms_viirs_snpp_nrt_india.csv:996,frp:firms_viirs_snpp_nrt_india,996,23.78174,86.39377,2026-09-03 19:45:00+00:00,300.97,1.38,0.0,,firms_viirs_snpp_nrt_india.csv,,300.97,,,,1.38,0.0,,,,,,,,,,,,,,,,n,N,N,42,42,42,42,2026-09-03 19:45:00+00:00,102886.737786246,102886.737786246,uncertain,uncertain_review_required,insufficient_evidence,0.4,False,{},ranking,,,,0.0,,,,
frp:firms_viirs_snpp_nrt_india:firms_viirs_snpp_nrt_india.csv:997,frp:firms_viirs_snpp_nrt_india,997,23.78223,86.3897,2026-09-03 19:45:00+00:00,305.21,1.38,0.0,,firms_viirs_snpp_nrt_india.csv,,305.21,,,,1.38,0.0,,,,,,,,,,,,,,,,n,N,N,43,43,43,43,2026-09-03 19:45:00+00:00,103302.81517973378,103302.81517973378,uncertain,uncertain_review_required,insufficient_evidence,0.4,False,{},ranking,,,,0.0,,,,
frp:firms_viirs_snpp_nrt_india:firms_viirs_snpp_nrt_india.csv:998,frp:firms_viirs_snpp_nrt_india,998,23.78732,85.55491,2026-09-03 19:45:00+00:00,301.71,1.46,0.0,,firms_viirs_snpp_nrt_india.csv,,301.71,,,,1.46,0.0,,,,,,,,,,,,,,,,n,N,N,2,2,2,2,2026-09-03 19:45:00+00:00,187225.13870226967,187225.13870226967,uncertain,uncertain_review_required,insufficient_evidence,0.4,False,{},ranking,,,,0.0,,,,
frp:firms_viirs_snpp_nrt_india:firms_viirs_snpp_nrt_india.csv:999,frp:firms_viirs_snpp_nrt_india,999,23.78801,85.55334,2026-09-03 19:45:00+00:00,308.69,0.87,0.0,,firms_viirs_snpp_nrt_india.csv,,308.69,,,,0.87,0.0,,,,,,,,,,,,,,,,n,N,N,3,3,3,3,2026-09-03 19:45:00+00:00,187392.85035023745,187392.85035023745,uncertain,uncertain_review_required,insufficient_evidence,0.4,False,{},ranking,,,,0.0,,,,
frp:firms_viirs_snpp_nrt_india:firms_viirs_snpp_nrt_india.csv:1000,frp:firms_viirs_snpp_nrt_india,1000,23.79508,86.35372,2026-09-03 19:45:00+00:00,302.73,0.83,0.0,,firms_viirs_snpp_nrt_india.csv,,302.73,,,,0.83,0.0,,,,,,,,,,,,,,,,n,N,N,25,25,25,25,2026-09-03 19:45:00+00:00,107188.23436493453,107188.23436493453,uncertain,uncertain_review_required,insufficient_evidence,0.4,False,{},ranking,,,,0.0,,,,
frp:firms_viirs_snpp_nrt_india:firms_viirs_snpp_nrt_india.csv:1001,frp:firms_viirs_snpp_nrt_india,1001,23.79559,86.34954,2026-09-03 19:45:00+00:00,297.82,0.83,0.0,,firms_viirs_snpp_nrt_india.csv,,297.82,,,,0.83,0.0,,,,,,,,,,,,,,,,n,N,N,26,26,26,26,2026-09-03 19:45:00+00:00,107615.48872547942,107615.48872547942,uncertain,uncertain_review_required,insufficient_evidence,0.4,False,{},ranking,,,,0.0,,,,
frp:firms_viirs_snpp_nrt_india:firms_viirs_snpp_nrt_india.csv:1002,frp:firms_viirs_snpp_nrt_india,1002,23.79659,86.2353,2026-09-03 19:45:00+00:00,298.0,0.51,0.0,,firms_viirs_snpp_nrt_india.csv,,298.0,,,,0.51,0.0,,,,,,,,,,,,,,,,n,N,N,6,6,6,6,2026-09-03 19:45:00+00:00,118999.75518612802,118999.75518612802,uncertain,uncertain_review_required,insufficient_evidence,0.4,False,{},ranking,,,,0.0,,,,
frp:firms_viirs_snpp_nrt_india:firms_viirs_snpp_nrt_india.csv:1003,frp:firms_viirs_snpp_nrt_india,1003,23.79976,86.35018,2026-09-03 19:45:00+00:00,300.15,0.74,0.0,,firms_viirs_snpp_nrt_india.csv,,300.15,,,,0.74,0.0,,,,,,,,,,,,,,,,n,N,N,27,27,27,27,2026-09-03 19:45:00+00:00,107655.94337325695,107655.94337325695,uncertain,uncertain_review_required,insufficient_evidence,0.4,False,{},ranking,,,,0.0,,,,
frp:firms_viirs_snpp_nrt_india:firms_viirs_snpp_nrt_india.csv:1004,frp:firms_viirs_snpp_nrt_india,1004,23.80228,86.32954,2026-09-03 19:45:00+00:00,314.47,1.77,0.0,,firms_viirs_snpp_nrt_india.csv,,314.47,,,,1.77,0.0,,,,,,,,,,,,,,,,n,N,N,12,12,12,12,2026-09-03 19:45:00+00:00,109764.97418379514,109764.97418379514,uncertain,uncertain_review_required,insufficient_evidence,0.4,False,{},ranking,,,,0.0,,,,
frp:firms_viirs_snpp_nrt_india:firms_viirs_snpp_nrt_india.csv:1005,frp:firms_viirs_snpp_nrt_india,1005,23.80646,86.33013,2026-09-03 19:45:00+00:00,307.16,1.77,0.0,,firms_viirs_snpp_nrt_india.csv,,307.16,,,,1.77,0.0,,,,,,,,,,,,,,,,n,N,N,13,13,13,13,2026-09-03 19:45:00+00:00,109811.71592009498,109811.71592009498,uncertain,uncertain_review_required,insufficient_evidence,0.4,False,{},ranking,,,,0.0,,,,
frp:firms_viirs_snpp_nrt_india:firms_viirs_snpp_nrt_india.csv:1006,frp:firms_viirs_snpp_nrt_india,1006,23.80754,86.32885,2026-09-03 19:45:00+00:00,303.74,0.61,0.0,,firms_viirs_snpp_nrt_india.csv,,303.74,,,,0.61,0.0,,,,,,,,,,,,,,,,n,N,N,13,13,13,13,2026-09-03 19:45:00+00:00,109965.95770876526,109965.95770876526,uncertain,uncertain_review_required,insufficient_evidence,0.4,False,{},ranking,,,,0.0,,,,
frp:firms_viirs_snpp_nrt_india:firms_viirs_snpp_nrt_india.csv:1007,frp:firms_viirs_snpp_nrt_india,1007,24.11606,86.86103,2026-09-03 19:45:00+00:00,316.46,2.21,0.0,,firms_viirs_snpp_nrt_india.csv,,316.46,,,,2.21,0.0,,,,,,,,,,,,,,,,n,N,N,0,0,0,0,2026-09-03 19:45:00+00:00,79781.72873549646,79781.72873549646,uncertain,uncertain_review_required,insufficient_evidence,0.4,False,{},ranking,,,,0.0,,,,
frp:firms_viirs_snpp_nrt_india:firms_viirs_snpp_nrt_india.csv:1008,frp:firms_viirs_snpp_nrt_india,1008,24.11965,86.86556,2026-09-03 19:45:00+00:00,305.15,0.4,0.0,,firms_viirs_snpp_nrt_india.csv,,305.15,,,,0.4,0.0,,,,,,,,,,,,,,,,n,N,N,1,1,1,1,2026-09-03 19:45:00+00:00,79779.01914335386,79779.01914335386,uncertain,uncertain_review_required,insufficient_evidence,0.4,False,{},ranking,,,,0.0,,,,
frp:firms_viirs_snpp_nrt_india:firms_viirs_snpp_nrt_india.csv:1009,frp:firms_viirs_snpp_nrt_india,1009,6.81018,81.6179,2026-09-03 19:47:00+00:00,309.69,2.04,0.0,,firms_viirs_snpp_nrt_india.csv,,309.69,,,,2.04,0.0,,,,,,,,,,,,,,,,n,N,N,5,5,5,5,2026-09-03 19:47:00+00:00,184164.66640834315,184164.66640834315,uncertain,uncertain_review_required,insufficient_evidence,0.4,False,{},ranking,,,,0.0,,,,
frp:firms_viirs_snpp_nrt_india:firms_viirs_snpp_nrt_india.csv:1010,frp:firms_viirs_snpp_nrt_india,1010,6.81469,81.61859,2026-09-03 19:47:00+00:00,319.84,2.04,0.0,,firms_viirs_snpp_nrt_india.csv,,319.84,,,,2.04,0.0,,,,,,,,,,,,,,,,n,N,N,6,6,6,6,2026-09-03 19:47:00+00:00,184195.0404143553,184195.0404143553,uncertain,uncertain_review_required,insufficient_evidence,0.4,False,{},ranking,,,,0.0,,,,
frp:firms_viirs_snpp_nrt_india:firms_viirs_snpp_nrt_india.csv:1011,frp:firms_viirs_snpp_nrt_india,1011,6.83187,81.33813,2026-09-03 19:47:00+00:00,315.79,2.09,0.0,,firms_viirs_snpp_nrt_india.csv,,315.79,,,,2.09,0.0,,,,,,,,,,,,,,,,n,N,N,0,0,0,0,2026-09-03 19:47:00+00:00,153185.44728047968,153185.44728047968,uncertain,uncertain_review_required,insufficient_evidence,0.4,False,{},ranking,,,,0.0,,,,
frp:firms_viirs_snpp_nrt_india:firms_viirs_snpp_nrt_india.csv:1012,frp:firms_viirs_snpp_nrt_india,1012,6.96157,79.96043,2026-09-03 19:47:00+00:00,307.13,0.88,0.0,,firms_viirs_snpp_nrt_india.csv,,307.13,,,,0.88,0.0,,,,,,,,,,,,,,,,n,N,N,2,2,2,2,2026-09-03 19:47:00+00:00,478.2087173088417,478.2087173088417,emergency_or_transient_fire,industrial_fire_candidate,industrial_proximity,0.72,True,{},ranking,,,,0.0,,,,
frp:firms_viirs_snpp_nrt_india:firms_viirs_snpp_nrt_india.csv:1013,frp:firms_viirs_snpp_nrt_india,1013,7.38557,80.83266,2026-09-03 19:47:00+00:00,304.7,1.68,0.0,,firms_viirs_snpp_nrt_india.csv,,304.7,,,,1.68,0.0,,,,,,,,,,,,,,,,n,N,N,1,1,1,1,2026-09-03 19:47:00+00:00,107635.0910145114,107635.0910145114,uncertain,uncertain_review_required,insufficient_evidence,0.4,False,{},ranking,,,,0.0,,,,
frp:firms_viirs_snpp_nrt_india:firms_viirs_snpp_nrt_india.csv:1014,frp:firms_viirs_snpp_nrt_india,1014,7.38579,80.83545,2026-09-03 19:47:00+00:00,301.64,1.2,0.0,,firms_viirs_snpp_nrt_india.csv,,301.64,,,,1.2,0.0,,,,,,,,,,,,,,,,n,N,N,0,0,0,0,2026-09-03 19:47:00+00:00,107922.3257678658,107922.3257678658,uncertain,uncertain_review_required,insufficient_evidence,0.4,False,{},ranking,,,,0.0,,,,
frp:firms_viirs_snpp_nrt_india:firms_viirs_snpp_nrt_india.csv:1015,frp:firms_viirs_snpp_nrt_india,1015,15.02242,78.01557,2026-09-03 19:47:00+00:00,301.82,2.54,0.0,,firms_viirs_snpp_nrt_india.csv,,301.82,,,,2.54,0.0,,,,,,,,,,,,,,,,n,N,N,0,0,0,0,2026-09-03 19:47:00+00:00,316435.2747134921,316435.2747134921,uncertain,uncertain_review_required,insufficient_evidence,0.4,False,{},ranking,,,,0.0,,,,
frp:firms_viirs_snpp_nrt_india:firms_viirs_snpp_nrt_india.csv:1016,frp:firms_viirs_snpp_nrt_india,1016,15.18083,76.6638,2026-09-03 19:47:00+00:00,298.03,2.73,0.0,,firms_viirs_snpp_nrt_india.csv,,298.03,,,,2.73,0.0,,,,,,,,,,,,,,,,n,N,N,35,35,35,35,2026-09-03 19:47:00+00:00,310687.99127798533,310687.99127798533,uncertain,uncertain_review_required,insufficient_evidence,0.4,False,{},ranking,,,,0.0,,,,
frp:firms_viirs_snpp_nrt_india:firms_viirs_snpp_nrt_india.csv:1017,frp:firms_viirs_snpp_nrt_india,1017,15.18106,76.67557,2026-09-03 19:47:00+00:00,302.03,1.25,0.0,,firms_viirs_snpp_nrt_india.csv,,302.03,,,,1.25,0.0,,,,,,,,,,,,,,,,n,N,N,34,34,34,34,2026-09-03 19:47:00+00:00,311502.91311876144,311502.91311876144,uncertain,uncertain_review_required,insufficient_evidence,0.4,False,{},ranking,,,,0.0,,,,
frp:firms_viirs_snpp_nrt_india:firms_viirs_snpp_nrt_india.csv:1018,frp:firms_viirs_snpp_nrt_india,1018,15.18172,76.66895,2026-09-03 19:47:00+00:00,299.3,1.25,0.0,,firms_viirs_snpp_nrt_india.csv,,299.3,,,,1.25,0.0,,,,,,,,,,,,,,,,n,N,N,33,33,33,33,2026-09-03 19:47:00+00:00,311112.4076638793,311112.4076638793,uncertain,uncertain_review_required,insufficient_evidence,0.4,False,{},ranking,,,,0.0,,,,
frp:firms_viirs_snpp_nrt_india:firms_viirs_snpp_nrt_india.csv:1019,frp:firms_viirs_snpp_nrt_india,1019,17.3574,76.87903,2026-09-03 19:47:00+00:00,295.01,0.63,0.0,,firms_viirs_snpp_nrt_india.csv,,295.01,,,,0.63,0.0,,,,,,,,,,,,,,,,n,N,N,0,0,0,0,2026-09-03 19:47:00+00:00,449723.64748114464,449723.64748114464,uncertain,uncertain_review_required,insufficient_evidence,0.4,False,{},ranking,,,,0.0,,,,
frp:firms_viirs_snpp_nrt_india:firms_viirs_snpp_nrt_india.csv:1020,frp:firms_viirs_snpp_nrt_india,1020,8.57317,80.40264,2026-09-03 19:49:00+00:00,311.9,1.68,0.0,,firms_viirs_snpp_nrt_india.csv,,311.9,,,,1.68,0.0,,,,,,,,,,,,,,,,n,N,N,6,6,6,6,2026-09-03 19:49:00+00:00,186006.97832525586,186006.97832525586,uncertain,uncertain_review_required,insufficient_evidence,0.4,False,{},ranking,,,,0.0,,,,
frp:firms_viirs_snpp_nrt_india:firms_viirs_snpp_nrt_india.csv:1021,frp:firms_viirs_snpp_nrt_india,1021,9.54534,77.51893,2026-09-03 19:49:00+00:00,301.06,2.19,0.0,,firms_viirs_snpp_nrt_india.csv,,301.06,,,,2.19,0.0,,,,,,,,,,,,,,,,n,N,N,26,26,26,26,2026-09-03 19:49:00+00:00,131891.9016366841,131891.9016366841,uncertain,uncertain_review_required,insufficient_evidence,0.4,False,{},ranking,,,,0.0,,,,
frp:firms_viirs_snpp_nrt_india:firms_viirs_snpp_nrt_india.csv:1022,frp:firms_viirs_snpp_nrt_india,1022,9.54608,77.51984,2026-09-03 19:49:00+00:00,305.2,1.59,0.0,,firms_viirs_snpp_nrt_india.csv,,305.2,,,,1.59,0.0,,,,,,,,,,,,,,,,n,N,N,27,27,27,27,2026-09-03 19:49:00+00:00,131956.24539305185,131956.24539305185,uncertain,uncertain_review_required,insufficient_evidence,0.4,False,{},ranking,,,,0.0,,,,
frp:firms_viirs_snpp_nrt_india:firms_viirs_snpp_nrt_india.csv:1023,frp:firms_viirs_snpp_nrt_india,1023,22.33898,69.85583,2026-09-03 21:23:00+00:00,307.29,2.56,0.0,,firms_viirs_snpp_nrt_india.csv,,307.29,,,,2.56,0.0,,,,,,,,,,,,,,,,n,N,N,0,0,0,0,2026-09-03 21:23:00+00:00,2684.8180816353065,2684.8180816353065,uncertain,uncertain_review_required,insufficient_evidence,0.4,False,{},ranking,,,,0.0,,,,
frp:firms_viirs_snpp_nrt_india:firms_viirs_snpp_nrt_india.csv:1024,frp:firms_viirs_snpp_nrt_india,1024,22.38261,73.12849,2026-09-03 21:23:00+00:00,303.37,0.81,0.0,,firms_viirs_snpp_nrt_india.csv,,303.37,,,,0.81,0.0,,,,,,,,,,,,,,,,n,N,N,3,3,3,3,2026-09-03 21:23:00+00:00,2387.854296346408,2387.854296346408,uncertain,uncertain_review_required,insufficient_evidence,0.4,False,{},ranking,,,,0.0,,,,
frp:firms_viirs_snpp_nrt_india:firms_viirs_snpp_nrt_india.csv:1025,frp:firms_viirs_snpp_nrt_india,1025,22.92733,69.82601,2026-09-03 21:23:00+00:00,305.45,2.2,0.0,,firms_viirs_snpp_nrt_india.csv,,305.45,,,,2.2,0.0,,,,,,,,,,,,,,,,n,N,N,0,0,0,0,2026-09-03 21:23:00+00:00,54509.481861525026,54509.481861525026,uncertain,uncertain_review_required,insufficient_evidence,0.4,False,{},ranking,,,,0.0,,,,
frp:firms_viirs_snpp_nrt_india:firms_viirs_snpp_nrt_india.csv:1026,frp:firms_viirs_snpp_nrt_india,1026,22.93135,69.70153,2026-09-03 21:23:00+00:00,306.91,1.43,0.0,,firms_viirs_snpp_nrt_india.csv,,306.91,,,,1.43,0.0,,,,,,,,,,,,,,,,n,N,N,3,3,3,3,2026-09-03 21:23:00+00:00,57063.25316199765,57063.25316199765,uncertain,uncertain_review_required,insufficient_evidence,0.4,False,{},ranking,,,,0.0,,,,
frp:firms_viirs_snpp_nrt_india:firms_viirs_snpp_nrt_india.csv:1027,frp:firms_viirs_snpp_nrt_india,1027,22.93212,69.69724,2026-09-03 21:23:00+00:00,321.98,1.43,0.0,,firms_viirs_snpp_nrt_india.csv,,321.98,,,,1.43,0.0,,,,,,,,,,,,,,,,n,N,N,4,4,4,4,2026-09-03 21:23:00+00:00,57267.51902437773,57267.51902437773,uncertain,uncertain_review_required,insufficient_evidence,0.4,False,{},ranking,,,,0.0,,,,
frp:firms_viirs_snpp_nrt_india:firms_viirs_snpp_nrt_india.csv:1028,frp:firms_viirs_snpp_nrt_india,1028,22.93487,69.70225,2026-09-03 21:23:00+00:00,311.79,1.43,0.0,,firms_viirs_snpp_nrt_india.csv,,311.79,,,,1.43,0.0,,,,,,,,,,,,,,,,n,N,N,5,5,5,5,2026-09-03 21:23:00+00:00,57419.68763166842,57419.68763166842,uncertain,uncertain_review_required,insufficient_evidence,0.4,False,{},ranking,,,,0.0,,,,
frp:firms_viirs_snpp_nrt_india:firms_viirs_snpp_nrt_india.csv:1029,frp:firms_viirs_snpp_nrt_india,1029,22.93564,69.69796,2026-09-03 21:23:00+00:00,316.67,1.43,0.0,,firms_viirs_snpp_nrt_india.csv,,316.67,,,,1.43,0.0,,,,,,,,,,,,,,,,n,N,N,6,6,6,6,2026-09-03 21:23:00+00:00,57622.70437953628,57622.70437953628,uncertain,uncertain_review_required,insufficient_evidence,0.4,False,{},ranking,,,,0.0,,,,
frp:firms_viirs_snpp_nrt_india:firms_viirs_snpp_nrt_india.csv:1030,frp:firms_viirs_snpp_nrt_india,1030,22.97782,72.56509,2026-09-03 21:23:00+00:00,308.61,1.43,0.0,,firms_viirs_snpp_nrt_india.csv,,308.61,,,,1.43,0.0,,,,,,,,,,,,,,,,n,N,N,0,0,0,0,2026-09-03 21:23:00+00:00,49557.26087162825,49557.26087162825,uncertain,uncertain_review_required,insufficient_evidence,0.4,False,{},ranking,,,,0.0,,,,
frp:firms_viirs_snpp_nrt_india:firms_viirs_snpp_nrt_india.csv:1031,frp:firms_viirs_snpp_nrt_india,1031,23.12061,70.08583,2026-09-03 21:23:00+00:00,325.11,3.65,0.0,,firms_viirs_snpp_nrt_india.csv,,325.11,,,,3.65,0.0,,,,,,,,,,,,,,,,n,N,N,1,1,1,1,2026-09-03 21:23:00+00:00,79563.75434729282,79563.75434729282,uncertain,uncertain_review_required,insufficient_evidence,0.4,False,{},ranking,,,,0.0,,,,
frp:firms_viirs_snpp_nrt_india:firms_viirs_snpp_nrt_india.csv:1032,frp:firms_viirs_snpp_nrt_india,1032,23.4967,68.57797,2026-09-03 21:23:00+00:00,310.58,1.65,0.0,,firms_viirs_snpp_nrt_india.csv,,310.58,,,,1.65,0.0,,,,,,,,,,,,,,,,n,N,N,0,0,0,0,2026-09-03 21:23:00+00:00,120029.1926529984,120029.1926529984,uncertain,uncertain_review_required,insufficient_evidence,0.4,False,{},ranking,,,,0.0,,,,
frp:firms_viirs_snpp_nrt_india:firms_viirs_snpp_nrt_india.csv:1033,frp:firms_viirs_snpp_nrt_india,1033,24.68892,73.00289,2026-09-03 21:23:00+00:00,302.62,2.05,0.0,,firms_viirs_snpp_nrt_india.csv,,302.62,,,,2.05,0.0,,,,,,,,,,,,,,,,n,N,N,1,1,1,1,2026-09-03 21:23:00+00:00,139834.53357591532,139834.53357591532,uncertain,uncertain_review_required,insufficient_evidence,0.4,False,{},ranking,,,,0.0,,,,
frp:firms_viirs_snpp_nrt_india:firms_viirs_snpp_nrt_india.csv:1034,frp:firms_viirs_snpp_nrt_india,1034,24.98972,66.93284,2026-09-03 21:23:00+00:00,309.78,1.95,0.0,,firms_viirs_snpp_nrt_india.csv,,309.78,,,,1.95,0.0,,,,,,,,,,,,,,,,n,N,N,0,0,0,0,2026-09-03 21:23:00+00:00,24517.193721581556,24517.193721581556,uncertain,uncertain_review_required,insufficient_evidence,0.4,False,{},ranking,,,,0.0,,,,
frp:firms_viirs_snpp_nrt_india:firms_viirs_snpp_nrt_india.csv:1035,frp:firms_viirs_snpp_nrt_india,1035,28.42567,69.70049,2026-09-03 21:23:00+00:00,319.9,1.59,0.0,,firms_viirs_snpp_nrt_india.csv,,319.9,,,,1.59,0.0,,,,,,,,,,,,,,,,n,N,N,7,7,7,7,2026-09-03 21:23:00+00:00,42908.846864710285,42908.846864710285,uncertain,uncertain_review_required,insufficient_evidence,0.4,False,{},ranking,,,,0.0,,,,
frp:firms_viirs_snpp_nrt_india:firms_viirs_snpp_nrt_india.csv:1036,frp:firms_viirs_snpp_nrt_india,1036,29.47329,76.85825,2026-09-03 21:23:00+00:00,320.78,5.35,0.0,,firms_viirs_snpp_nrt_india.csv,,320.78,,,,5.35,0.0,,,,,,,,,,,,,,,,n,N,N,8,8,8,8,2026-09-03 21:23:00+00:00,258.2586676569892,258.2586676569892,emergency_or_transient_fire,industrial_fire_candidate,industrial_proximity,0.72,True,{},ranking,,,,0.0,,,,
frp:firms_viirs_snpp_nrt_india:firms_viirs_snpp_nrt_india.csv:1037,frp:firms_viirs_snpp_nrt_india,1037,29.47491,76.86111,2026-09-03 21:23:00+00:00,321.58,4.53,0.0,,firms_viirs_snpp_nrt_india.csv,,321.58,,,,4.53,0.0,,,,,,,,,,,,,,,,n,N,N,9,9,9,9,2026-09-03 21:23:00+00:00,314.21867821617036,314.21867821617036,emergency_or_transient_fire,industrial_fire_candidate,industrial_proximity,0.72,True,{},ranking,,,,0.0,,,,
frp:firms_viirs_snpp_nrt_india:firms_viirs_snpp_nrt_india.csv:1038,frp:firms_viirs_snpp_nrt_india,1038,29.47618,76.85554,2026-09-03 21:23:00+00:00,311.96,4.41,0.0,,firms_viirs_snpp_nrt_india.csv,,311.96,,,,4.41,0.0,,,,,,,,,,,,,,,,n,N,N,11,11,11,11,2026-09-03 21:23:00+00:00,243.19324162571942,243.19324162571942,persistent_or_non_emergency_heat,persistent_industrial_heat_or_flare,known_flare_and_persistence,0.9,True,{},ranking,,,,0.0,,,,
frp:firms_viirs_snpp_nrt_india:firms_viirs_snpp_nrt_india.csv:1039,frp:firms_viirs_snpp_nrt_india,1039,29.4779,76.85962,2026-09-03 21:23:00+00:00,322.24,5.5,0.0,,firms_viirs_snpp_nrt_india.csv,,322.24,,,,5.5,0.0,,,,,,,,,,,,,,,,n,N,N,10,10,10,10,2026-09-03 21:23:00+00:00,302.03231558809705,302.03231558809705,persistent_or_non_emergency_heat,persistent_industrial_heat_or_flare,known_flare_and_persistence,0.9,True,{},ranking,,,,0.0,,,,
frp:firms_viirs_snpp_nrt_india:firms_viirs_snpp_nrt_india.csv:1040,frp:firms_viirs_snpp_nrt_india,1040,31.26022,76.92496,2026-09-03 21:23:00+00:00,303.07,2.04,0.0,,firms_viirs_snpp_nrt_india.csv,,303.07,,,,2.04,0.0,,,,,,,,,,,,,,,,n,N,N,0,0,0,0,2026-09-03 21:23:00+00:00,198545.13084733053,198545.13084733053,uncertain,uncertain_review_required,insufficient_evidence,0.4,False,{},ranking,,,,0.0,,,,
frp:firms_viirs_snpp_nrt_india:firms_viirs_snpp_nrt_india.csv:1041,frp:firms_viirs_snpp_nrt_india,1041,31.42277,72.99947,2026-09-03 21:23:00+00:00,312.39,0.81,0.0,,firms_viirs_snpp_nrt_india.csv,,312.39,,,,0.81,0.0,,,,,,,,,,,,,,,,n,N,N,0,0,0,0,2026-09-03 21:23:00+00:00,180842.2580352299,180842.2580352299,uncertain,uncertain_review_required,insufficient_evidence,0.4,False,{},ranking,,,,0.0,,,,
frp:firms_viirs_snpp_nrt_india:firms_viirs_snpp_nrt_india.csv:1042,frp:firms_viirs_snpp_nrt_india,1042,32.72092,72.92194,2026-09-03 21:23:00+00:00,304.86,1.17,0.0,,firms_viirs_snpp_nrt_india.csv,,304.86,,,,1.17,0.0,,,,,,,,,,,,,,,,n,N,N,0,0,0,0,2026-09-03 21:23:00+00:00,43206.681069233455,43206.681069233455,uncertain,uncertain_review_required,insufficient_evidence,0.4,False,{},ranking,,,,0.0,,,,
frp:firms_viirs_snpp_nrt_india:firms_viirs_snpp_nrt_india.csv:1043,frp:firms_viirs_snpp_nrt_india,1043,32.88893,71.61838,2026-09-03 21:23:00+00:00,314.87,2.91,0.0,,firms_viirs_snpp_nrt_india.csv,,314.87,,,,2.91,0.0,,,,,,,,,,,,,,,,n,N,N,6,6,6,6,2026-09-03 21:23:00+00:00,24500.467885003283,24500.467885003283,uncertain,uncertain_review_required,insufficient_evidence,0.4,False,{},ranking,,,,0.0,,,,
frp:firms_viirs_snpp_nrt_india:firms_viirs_snpp_nrt_india.csv:1044,frp:firms_viirs_snpp_nrt_india,1044,33.2953,71.1847,2026-09-03 21:23:00+00:00,313.43,1.2,0.0,,firms_viirs_snpp_nrt_india.csv,,313.43,,,,1.2,0.0,,,,,,,,,,,,,,,,n,N,N,7,7,7,7,2026-09-03 21:23:00+00:00,76.67839340859958,76.67839340859958,emergency_or_transient_fire,industrial_fire_candidate,industrial_proximity,0.72,True,{},ranking,,,,0.0,,,,
frp:firms_viirs_snpp_nrt_india:firms_viirs_snpp_nrt_india.csv:1045,frp:firms_viirs_snpp_nrt_india,1045,33.40643,71.93991,2026-09-03 21:23:00+00:00,307.17,0.6,0.0,,firms_viirs_snpp_nrt_india.csv,,307.17,,,,0.6,0.0,,,,,,,,,,,,,,,,n,N,N,0,0,0,0,2026-09-03 21:23:00+00:00,102.0920515532396,102.0920515532396,emergency_or_transient_fire,industrial_fire_candidate,industrial_proximity,0.72,True,{},ranking,,,,0.0,,,,
frp:firms_viirs_snpp_nrt_india:firms_viirs_snpp_nrt_india.csv:1046,frp:firms_viirs_snpp_nrt_india,1046,33.54525,71.54886,2026-09-03 21:23:00+00:00,307.45,1.19,0.0,,firms_viirs_snpp_nrt_india.csv,,307.45,,,,1.19,0.0,,,,,,,,,,,,,,,,n,N,N,0,0,0,0,2026-09-03 21:23:00+00:00,33802.31300589265,33802.31300589265,uncertain,uncertain_review_required,insufficient_evidence,0.4,False,{},ranking,,,,0.0,,,,
frp:firms_viirs_snpp_nrt_india:firms_viirs_snpp_nrt_india.csv:1047,frp:firms_viirs_snpp_nrt_india,1047,33.90302,71.91702,2026-09-03 21:23:00+00:00,306.15,3.14,0.0,,firms_viirs_snpp_nrt_india.csv,,306.15,,,,3.14,0.0,,,,,,,,,,,,,,,,n,N,N,0,0,0,0,2026-09-03 21:23:00+00:00,55180.85318211993,55180.85318211993,uncertain,uncertain_review_required,insufficient_evidence,0.4,False,{},ranking,,,,0.0,,,,
frp:firms_viirs_snpp_nrt_india:firms_viirs_snpp_nrt_india.csv:1048,frp:firms_viirs_snpp_nrt_india,1048,15.01009,77.61835,2026-09-03 21:25:00+00:00,303.55,0.98,0.0,,firms_viirs_snpp_nrt_india.csv,,303.55,,,,0.98,0.0,,,,,,,,,,,,,,,,n,N,N,1,1,1,1,2026-09-03 21:25:00+00:00,350633.29468380514,350633.29468380514,uncertain,uncertain_review_required,insufficient_evidence,0.4,False,{},ranking,,,,0.0,,,,
frp:firms_viirs_snpp_nrt_india:firms_viirs_snpp_nrt_india.csv:1049,frp:firms_viirs_snpp_nrt_india,1049,15.07013,76.86538,2026-09-03 21:25:00+00:00,303.5,1.56,0.0,,firms_viirs_snpp_nrt_india.csv,,303.5,,,,1.56,0.0,,,,,,,,,,,,,,,,n,N,N,1,1,1,1,2026-09-03 21:25:00+00:00,315672.2852296078,315672.2852296078,uncertain,uncertain_review_required,insufficient_evidence,0.4,False,{},ranking,,,,0.0,,,,
frp:firms_viirs_snpp_nrt_india:firms_viirs_snpp_nrt_india.csv:1050,frp:firms_viirs_snpp_nrt_india,1050,15.17637,77.09987,2026-09-03 21:25:00+00:00,300.85,1.68,0.0,,firms_viirs_snpp_nrt_india.csv,,300.85,,,,1.68,0.0,,,,,,,,,,,,,,,,n,N,N,1,1,1,1,2026-09-03 21:25:00+00:00,341711.7505354337,341711.7505354337,uncertain,uncertain_review_required,insufficient_evidence,0.4,False,{},ranking,,,,0.0,,,,
frp:firms_viirs_snpp_nrt_india:firms_viirs_snpp_nrt_india.csv:1051,frp:firms_viirs_snpp_nrt_india,1051,15.17781,76.65665,2026-09-03 21:25:00+00:00,313.84,3.05,0.0,,firms_viirs_snpp_nrt_india.csv,,313.84,,,,3.05,0.0,,,,,,,,,,,,,,,,n,N,N,42,42,42,42,2026-09-03 21:25:00+00:00,309944.9299474777,309944.9299474777,uncertain,uncertain_review_required,insufficient_evidence,0.4,False,{},ranking,,,,0.0,,,,
frp:firms_viirs_snpp_nrt_india:firms_viirs_snpp_nrt_india.csv:1052,frp:firms_viirs_snpp_nrt_india,1052,15.18179,76.66799,2026-09-03 21:25:00+00:00,306.52,2.6,0.0,,firms_viirs_snpp_nrt_india.csv,,306.52,,,,2.6,0.0,,,,,,,,,,,,,,,,n,N,N,43,43,43,43,2026-09-03 21:25:00+00:00,311053.6528513565,311053.6528513565,uncertain,uncertain_review_required,insufficient_evidence,0.4,False,{},ranking,,,,0.0,,,,
frp:firms_viirs_snpp_nrt_india:firms_viirs_snpp_nrt_india.csv:1053,frp:firms_viirs_snpp_nrt_india,1053,15.19833,76.37807,2026-09-03 21:25:00+00:00,297.68,1.14,0.0,,firms_viirs_snpp_nrt_india.csv,,297.68,,,,1.14,0.0,,,,,,,,,,,,,,,,n,N,N,7,7,7,7,2026-09-03 21:25:00+00:00,294027.6788943285,294027.6788943285,uncertain,uncertain_review_required,insufficient_evidence,0.4,False,{},ranking,,,,0.0,,,,
frp:firms_viirs_snpp_nrt_india:firms_viirs_snpp_nrt_india.csv:1054,frp:firms_viirs_snpp_nrt_india,1054,15.19921,76.37984,2026-09-03 21:25:00+00:00,298.37,1.48,0.0,,firms_viirs_snpp_nrt_india.csv,,298.37,,,,1.48,0.0,,,,,,,,,,,,,,,,n,N,N,6,6,6,6,2026-09-03 21:25:00+00:00,294214.9429845318,294214.9429845318,uncertain,uncertain_review_required,insufficient_evidence,0.4,False,{},ranking,,,,0.0,,,,
frp:firms_viirs_snpp_nrt_india:firms_viirs_snpp_nrt_india.csv:1055,frp:firms_viirs_snpp_nrt_india,1055,16.18613,78.91606,2026-09-03 21:25:00+00:00,303.5,3.56,0.0,,firms_viirs_snpp_nrt_india.csv,,303.5,,,,3.56,0.0,,,,,,,,,,,,,,,,n,N,N,1,1,1,1,2026-09-03 21:25:00+00:00,217526.16749494598,217526.16749494598,uncertain,uncertain_review_required,insufficient_evidence,0.4,False,{},ranking,,,,0.0,,,,
frp:firms_viirs_snpp_nrt_india:firms_viirs_snpp_nrt_india.csv:1056,frp:firms_viirs_snpp_nrt_india,1056,16.18728,78.91104,2026-09-03 21:25:00+00:00,307.9,6.01,0.0,,firms_viirs_snpp_nrt_india.csv,,307.9,,,,6.01,0.0,,,,,,,,,,,,,,,,n,N,N,0,0,0,0,2026-09-03 21:25:00+00:00,218073.02458553237,218073.02458553237,uncertain,uncertain_review_required,insufficient_evidence,0.4,False,{},ranking,,,,0.0,,,,
frp:firms_viirs_snpp_nrt_india:firms_viirs_snpp_nrt_india.csv:1057,frp:firms_viirs_snpp_nrt_india,1057,18.68138,73.03857,2026-09-03 21:25:00+00:00,306.06,1.63,0.0,,firms_viirs_snpp_nrt_india.csv,,306.06,,,,1.63,0.0,,,,,,,,,,,,,,,,n,N,N,14,14,14,14,2026-09-03 21:25:00+00:00,22853.8678247709,22853.8678247709,uncertain,uncertain_review_required,insufficient_evidence,0.4,False,{},ranking,,,,0.0,,,,
frp:firms_viirs_snpp_nrt_india:firms_viirs_snpp_nrt_india.csv:1058,frp:firms_viirs_snpp_nrt_india,1058,18.68235,73.03365,2026-09-03 21:25:00+00:00,304.96,1.63,0.0,,firms_viirs_snpp_nrt_india.csv,,304.96,,,,1.63,0.0,,,,,,,,,,,,,,,,n,N,N,13,13,13,13,2026-09-03 21:25:00+00:00,22499.020185319743,22499.020185319743,uncertain,uncertain_review_required,insufficient_evidence,0.4,False,{},ranking,,,,0.0,,,,
frp:firms_viirs_snpp_nrt_india:firms_viirs_snpp_nrt_india.csv:1059,frp:firms_viirs_snpp_nrt_india,1059,18.68331,73.0287,2026-09-03 21:25:00+00:00,301.11,2.72,0.0,,firms_viirs_snpp_nrt_india.csv,,301.11,,,,2.72,0.0,,,,,,,,,,,,,,,,n,N,N,15,15,15,15,2026-09-03 21:25:00+00:00,22150.58133387206,22150.58133387206,uncertain,uncertain_review_required,insufficient_evidence,0.4,False,{},ranking,,,,0.0,,,,
frp:firms_viirs_snpp_nrt_india:firms_viirs_snpp_nrt_india.csv:1060,frp:firms_viirs_snpp_nrt_india,1060,18.68517,73.04121,2026-09-03 21:25:00+00:00,303.66,2.63,0.0,,firms_viirs_snpp_nrt_india.csv,,303.66,,,,2.63,0.0,,,,,,,,,,,,,,,,n,N,N,19,19,19,19,2026-09-03 21:25:00+00:00,22639.069760935934,22639.069760935934,uncertain,uncertain_review_required,insufficient_evidence,0.4,False,{},ranking,,,,0.0,,,,
frp:firms_viirs_snpp_nrt_india:firms_viirs_snpp_nrt_india.csv:1061,frp:firms_viirs_snpp_nrt_india,1061,18.68594,73.03958,2026-09-03 21:25:00+00:00,303.16,1.63,0.0,,firms_viirs_snpp_nrt_india.csv,,303.16,,,,1.63,0.0,,,,,,,,,,,,,,,,n,N,N,16,16,16,16,2026-09-03 21:25:00+00:00,22475.733823611714,22475.733823611714,uncertain,uncertain_review_required,insufficient_evidence,0.4,False,{},ranking,,,,0.0,,,,
frp:firms_viirs_snpp_nrt_india:firms_viirs_snpp_nrt_india.csv:1062,frp:firms_viirs_snpp_nrt_india,1062,18.68717,73.03136,2026-09-03 21:25:00+00:00,303.75,3.48,0.0,,firms_viirs_snpp_nrt_india.csv,,303.75,,,,3.48,0.0,,,,,,,,,,,,,,,,n,N,N,17,17,17,17,2026-09-03 21:25:00+00:00,21914.16857631388,21914.16857631388,uncertain,uncertain_review_required,insufficient_evidence,0.4,False,{},ranking,,,,0.0,,,,
frp:firms_viirs_snpp_nrt_india:firms_viirs_snpp_nrt_india.csv:1063,frp:firms_viirs_snpp_nrt_india,1063,18.69051,73.04059,2026-09-03 21:25:00+00:00,303.23,2.42,0.0,,firms_viirs_snpp_nrt_india.csv,,303.23,,,,2.42,0.0,,,,,,,,,,,,,,,,n,N,N,18,18,18,18,2026-09-03 21:25:00+00:00,22102.335536292223,22102.335536292223,uncertain,uncertain_review_required,insufficient_evidence,0.4,False,{},ranking,,,,0.0,,,,
frp:firms_viirs_snpp_nrt_india:firms_viirs_snpp_nrt_india.csv:1064,frp:firms_viirs_snpp_nrt_india,1064,19.67624,71.67017,2026-09-03 21:25:00+00:00,324.65,2.7,0.0,,firms_viirs_snpp_nrt_india.csv,,324.65,,,,2.7,0.0,,,,,,,,,,,,,,,,n,N,N,0,0,0,0,2026-09-03 21:25:00+00:00,34596.68536413792,34596.68536413792,uncertain,uncertain_review_required,insufficient_evidence,0.4,False,{},ranking,,,,0.0,,,,
frp:firms_viirs_snpp_nrt_india:firms_viirs_snpp_nrt_india.csv:1065,frp:firms_viirs_snpp_nrt_india,1065,20.35351,72.95026,2026-09-03 21:25:00+00:00,295.9,0.44,0.0,,firms_viirs_snpp_nrt_india.csv,,295.9,,,,0.44,0.0,,,,,,,,,,,,,,,,n,N,N,0,0,0,0,2026-09-03 21:25:00+00:00,91601.2117673206,91601.2117673206,uncertain,uncertain_review_required,insufficient_evidence,0.4,False,{},ranking,,,,0.0,,,,
frp:firms_viirs_snpp_nrt_india:firms_viirs_snpp_nrt_india.csv:1066,frp:firms_viirs_snpp_nrt_india,1066,20.35693,72.94828,2026-09-03 21:25:00+00:00,312.62,1.12,0.0,,firms_viirs_snpp_nrt_india.csv,,312.62,,,,1.12,0.0,,,,,,,,,,,,,,,,n,N,N,1,1,1,1,2026-09-03 21:25:00+00:00,91182.5154216413,91182.5154216413,uncertain,uncertain_review_required,insufficient_evidence,0.4,False,{},ranking,,,,0.0,,,,
frp:firms_viirs_snpp_nrt_india:firms_viirs_snpp_nrt_india.csv:1067,frp:firms_viirs_snpp_nrt_india,1067,20.86657,70.56716,2026-09-03 21:25:00+00:00,305.32,1.43,0.0,,firms_viirs_snpp_nrt_india.csv,,305.32,,,,1.43,0.0,,,,,,,,,,,,,,,,n,N,N,0,0,0,0,2026-09-03 21:25:00+00:00,155619.0260030995,155619.0260030995,uncertain,uncertain_review_required,insufficient_evidence,0.4,False,{},ranking,,,,0.0,,,,
frp:firms_viirs_snpp_nrt_india:firms_viirs_snpp_nrt_india.csv:1068,frp:firms_viirs_snpp_nrt_india,1068,20.90932,71.46124,2026-09-03 21:25:00+00:00,307.63,0.99,0.0,,firms_viirs_snpp_nrt_india.csv,,307.63,,,,0.99,0.0,,,,,,,,,,,,,,,,n,N,N,5,5,5,5,2026-09-03 21:25:00+00:00,68994.55991384322,68994.55991384322,uncertain,uncertain_review_required,insufficient_evidence,0.4,False,{},ranking,,,,0.0,,,,
frp:firms_viirs_snpp_nrt_india:firms_viirs_snpp_nrt_india.csv:1069,frp:firms_viirs_snpp_nrt_india,1069,20.91002,71.45757,2026-09-03 21:25:00+00:00,304.58,0.89,0.0,,firms_viirs_snpp_nrt_india.csv,,304.58,,,,0.89,0.0,,,,,,,,,,,,,,,,n,N,N,4,4,4,4,2026-09-03 21:25:00+00:00,69364.00998834205,69364.00998834205,uncertain,uncertain_review_required,insufficient_evidence,0.4,False,{},ranking,,,,0.0,,,,
frp:firms_viirs_snpp_nrt_india:firms_viirs_snpp_nrt_india.csv:1070,frp:firms_viirs_snpp_nrt_india,1070,21.10058,72.63622,2026-09-03 21:25:00+00:00,307.03,1.6,0.0,,firms_viirs_snpp_nrt_india.csv,,307.03,,,,1.6,0.0,,,,,,,,,,,,,,,,n,N,N,23,23,23,23,2026-09-03 21:25:00+00:00,12049.851896629465,12049.851896629465,uncertain,uncertain_review_required,insufficient_evidence,0.4,False,{},ranking,,,,0.0,,,,
frp:firms_viirs_snpp_nrt_india:firms_viirs_snpp_nrt_india.csv:1071,frp:firms_viirs_snpp_nrt_india,1071,21.10314,72.64573,2026-09-03 21:25:00+00:00,307.67,2.61,0.0,,firms_viirs_snpp_nrt_india.csv,,307.67,,,,2.61,0.0,,,,,,,,,,,,,,,,n,N,N,24,24,24,24,2026-09-03 21:25:00+00:00,11051.143481091289,11051.143481091289,uncertain,uncertain_review_required,insufficient_evidence,0.4,False,{},ranking,,,,0.0,,,,
frp:firms_viirs_snpp_nrt_india:firms_viirs_snpp_nrt_india.csv:1072,frp:firms_viirs_snpp_nrt_india,1072,21.10483,72.63718,2026-09-03 21:25:00+00:00,307.78,1.6,0.0,,firms_viirs_snpp_nrt_india.csv,,307.78,,,,1.6,0.0,,,,,,,,,,,,,,,,n,N,N,25,25,25,25,2026-09-03 21:25:00+00:00,11739.641199963662,11739.641199963662,uncertain,uncertain_review_required,insufficient_evidence,0.4,False,{},ranking,,,,0.0,,,,
frp:firms_viirs_snpp_nrt_india:firms_viirs_snpp_nrt_india.csv:1073,frp:firms_viirs_snpp_nrt_india,1073,21.10739,72.64669,2026-09-03 21:25:00+00:00,342.3,7.81,0.0,,firms_viirs_snpp_nrt_india.csv,,342.3,,,,7.81,0.0,,,,,,,,,,,,,,,,n,N,N,26,26,26,26,2026-09-03 21:25:00+00:00,10733.78283045359,10733.78283045359,uncertain,uncertain_review_required,insufficient_evidence,0.4,False,{},ranking,,,,0.0,,,,
frp:firms_viirs_snpp_nrt_india:firms_viirs_snpp_nrt_india.csv:1074,frp:firms_viirs_snpp_nrt_india,1074,21.16286,72.67182,2026-09-03 21:25:00+00:00,331.87,4.97,0.0,,firms_viirs_snpp_nrt_india.csv,,331.87,,,,4.97,0.0,,,,,,,,,,,,,,,,n,N,N,4,4,4,4,2026-09-03 21:25:00+00:00,6939.109018462791,6939.109018462791,uncertain,uncertain_review_required,insufficient_evidence,0.4,False,{},ranking,,,,0.0,,,,
frp:firms_viirs_snpp_nrt_india:firms_viirs_snpp_nrt_india.csv:1075,frp:firms_viirs_snpp_nrt_india,1075,21.1644,72.67298,2026-09-03 21:25:00+00:00,336.65,4.37,0.0,,firms_viirs_snpp_nrt_india.csv,,336.65,,,,4.37,0.0,,,,,,,,,,,,,,,,n,N,N,5,5,5,5,2026-09-03 21:25:00+00:00,6849.917985369901,6849.917985369901,uncertain,uncertain_review_required,insufficient_evidence,0.4,False,{},ranking,,,,0.0,,,,
frp:firms_viirs_snpp_nrt_india:firms_viirs_snpp_nrt_india.csv:1076,frp:firms_viirs_snpp_nrt_india,1076,21.16523,72.66869,2026-09-03 21:25:00+00:00,321.34,4.37,0.0,,firms_viirs_snpp_nrt_india.csv,,321.34,,,,4.37,0.0,,,,,,,,,,,,,,,,n,N,N,6,6,6,6,2026-09-03 21:25:00+00:00,7304.1655154539185,7304.1655154539185,uncertain,uncertain_review_required,insufficient_evidence,0.4,False,{},ranking,,,,0.0,,,,
frp:firms_viirs_snpp_nrt_india:firms_viirs_snpp_nrt_india.csv:1077,frp:firms_viirs_snpp_nrt_india,1077,21.16711,72.67277,2026-09-03 21:25:00+00:00,339.36,7.63,0.0,,firms_viirs_snpp_nrt_india.csv,,339.36,,,,7.63,0.0,,,,,,,,,,,,,,,,n,N,N,7,7,7,7,2026-09-03 21:25:00+00:00,6933.155347622048,6933.155347622048,uncertain,uncertain_review_required,insufficient_evidence,0.4,False,{},ranking,,,,0.0,,,,
frp:firms_viirs_snpp_nrt_india:firms_viirs_snpp_nrt_india.csv:1078,frp:firms_viirs_snpp_nrt_india,1078,25.94198,72.19152,2026-09-03 21:25:00+00:00,328.97,4.61,0.0,,firms_viirs_snpp_nrt_india.csv,,328.97,,,,4.61,0.0,,,,,,,,,,,,,,,,n,N,N,2,2,2,2,2026-09-03 21:25:00+00:00,69221.32435788221,69221.32435788221,uncertain,uncertain_review_required,insufficient_evidence,0.4,False,{},ranking,,,,0.0,,,,
frp:firms_viirs_snpp_nrt_india:firms_viirs_snpp_nrt_india.csv:1079,frp:firms_viirs_snpp_nrt_india,1079,25.94338,72.19575,2026-09-03 21:25:00+00:00,311.07,2.18,0.0,,firms_viirs_snpp_nrt_india.csv,,311.07,,,,2.18,0.0,,,,,,,,,,,,,,,,n,N,N,3,3,3,3,2026-09-03 21:25:00+00:00,69646.95992232744,69646.95992232744,uncertain,uncertain_review_required,insufficient_evidence,0.4,False,{},ranking,,,,0.0,,,,
frp:firms_viirs_snpp_nrt_india:firms_viirs_snpp_nrt_india.csv:1080,frp:firms_viirs_snpp_nrt_india,1080,25.94437,72.19054,2026-09-03 21:25:00+00:00,317.01,2.7,0.0,,firms_viirs_snpp_nrt_india.csv,,317.01,,,,2.7,0.0,,,,,,,,,,,,,,,,n,N,N,4,4,4,4,2026-09-03 21:25:00+00:00,69128.26825321844,69128.26825321844,uncertain,uncertain_review_required,insufficient_evidence,0.4,False,{},ranking,,,,0.0,,,,
frp:firms_viirs_snpp_nrt_india:firms_viirs_snpp_nrt_india.csv:1081,frp:firms_viirs_snpp_nrt_india,1081,26.87735,73.51431,2026-09-03 21:25:00+00:00,305.85,1.4,0.0,,firms_viirs_snpp_nrt_india.csv,,305.85,,,,1.4,0.0,,,,,,,,,,,,,,,,n,N,N,3,3,3,3,2026-09-03 21:25:00+00:00,226637.13715158345,226637.13715158345,uncertain,uncertain_review_required,insufficient_evidence,0.4,False,{},ranking,,,,0.0,,,,
frp:firms_viirs_snpp_nrt_india:firms_viirs_snpp_nrt_india.csv:1082,frp:firms_viirs_snpp_nrt_india,1082,27.081,73.81882,2026-09-03 21:25:00+00:00,306.77,0.77,0.0,,firms_viirs_snpp_nrt_india.csv,,306.77,,,,0.77,0.0,,,,,,,,,,,,,,,,n,N,N,0,0,0,0,2026-09-03 21:25:00+00:00,263900.28064709617,263900.28064709617,uncertain,uncertain_review_required,insufficient_evidence,0.4,False,{},ranking,,,,0.0,,,,
frp:firms_viirs_snpp_nrt_india:firms_viirs_snpp_nrt_india.csv:1083,frp:firms_viirs_snpp_nrt_india,1083,27.28717,73.83929,2026-09-03 21:25:00+00:00,306.83,0.98,0.0,,firms_viirs_snpp_nrt_india.csv,,306.83,,,,0.98,0.0,,,,,,,,,,,,,,,,n,N,N,2,2,2,2,2026-09-03 21:25:00+00:00,277277.05405600107,277277.05405600107,uncertain,uncertain_review_required,insufficient_evidence,0.4,False,{},ranking,,,,0.0,,,,
frp:firms_viirs_snpp_nrt_india:firms_viirs_snpp_nrt_india.csv:1084,frp:firms_viirs_snpp_nrt_india,1084,4.25555,96.1206,2026-09-04 06:50:00+00:00,336.47,7.83,0.0,,firms_viirs_snpp_nrt_india.csv,,336.47,,,,7.83,0.0,,,,,,,,,,,,,,,,n,N,D,20,20,20,20,2026-09-04 06:50:00+00:00,150637.15883285092,150637.15883285092,uncertain,uncertain_review_required,insufficient_evidence,0.4,False,{},ranking,,,,0.0,,,,
frp:firms_viirs_snpp_nrt_india:firms_viirs_snpp_nrt_india.csv:1085,frp:firms_viirs_snpp_nrt_india,1085,5.32268,95.81181,2026-09-04 06:52:00+00:00,332.53,4.83,0.0,,firms_viirs_snpp_nrt_india.csv,,332.53,,,,4.83,0.0,,,,,,,,,,,,,,,,n,N,D,0,0,0,0,2026-09-04 06:52:00+00:00,139892.57630518038,139892.57630518038,uncertain,uncertain_review_required,insufficient_evidence,0.4,False,{},ranking,emergency_or_transient_fire,wildfire_or_agricultural_burn,day_fire_far_from_flare,0.65,conf=n+D+flare139893m+p90=0+frp=4.8,,,
frp:firms_viirs_snpp_nrt_india:firms_viirs_snpp_nrt_india.csv:1086,frp:firms_viirs_snpp_nrt_india,1086,8.04414,99.48122,2026-09-04 06:52:00+00:00,332.41,2.16,0.0,,firms_viirs_snpp_nrt_india.csv,,332.41,,,,2.16,0.0,,,,,,,,,,,,,,,,n,N,D,0,0,0,0,2026-09-04 06:52:00+00:00,215249.90151464366,215249.90151464366,uncertain,uncertain_review_required,insufficient_evidence,0.4,False,{},ranking,,,,0.0,,,,
frp:firms_viirs_snpp_nrt_india:firms_viirs_snpp_nrt_india.csv:1087,frp:firms_viirs_snpp_nrt_india,1087,11.15891,99.39375,2026-09-04 06:52:00+00:00,331.05,1.45,0.0,,firms_viirs_snpp_nrt_india.csv,,331.05,,,,1.45,0.0,,,,,,,,,,,,,,,,n,N,D,0,0,0,0,2026-09-04 06:52:00+00:00,217667.94619898024,217667.94619898024,uncertain,uncertain_review_required,insufficient_evidence,0.4,False,{},ranking,,,,0.0,,,,
frp:firms_viirs_snpp_nrt_india:firms_viirs_snpp_nrt_india.csv:1088,frp:firms_viirs_snpp_nrt_india,1088,12.75382,92.88086,2026-09-04 06:54:00+00:00,332.85,2.49,0.0,,firms_viirs_snpp_nrt_india.csv,,332.85,,,,2.49,0.0,,,,,,,,,,,,,,,,n,N,D,0,0,0,0,2026-09-04 06:54:00+00:00,334109.27843805565,334109.27843805565,uncertain,uncertain_review_required,insufficient_evidence,0.4,False,{},ranking,,,,0.0,,,,
frp:firms_viirs_snpp_nrt_india:firms_viirs_snpp_nrt_india.csv:1089,frp:firms_viirs_snpp_nrt_india,1089,14.70363,99.98467,2026-09-04 06:54:00+00:00,335.42,2.5,0.0,,firms_viirs_snpp_nrt_india.csv,,335.42,,,,2.5,0.0,,,,,,,,,,,,,,,,n,N,D,0,0,0,0,2026-09-04 06:54:00+00:00,203516.66576422224,203516.66576422224,uncertain,uncertain_review_required,insufficient_evidence,0.4,False,{},ranking,,,,0.0,,,,
frp:firms_viirs_snpp_nrt_india:firms_viirs_snpp_nrt_india.csv:1090,frp:firms_viirs_snpp_nrt_india,1090,15.03571,99.99015,2026-09-04 06:54:00+00:00,335.72,4.87,0.0,,firms_viirs_snpp_nrt_india.csv,,335.72,,,,4.87,0.0,,,,,,,,,,,,,,,,n,N,D,1,1,1,1,2026-09-04 06:54:00+00:00,171090.0871396601,171090.0871396601,uncertain,uncertain_review_required,insufficient_evidence,0.4,False,{},ranking,emergency_or_transient_fire,wildfire_or_agricultural_burn,day_fire_far_from_flare,0.65,conf=n+D+flare171090m+p90=1+frp=4.9,,,
frp:firms_viirs_snpp_nrt_india:firms_viirs_snpp_nrt_india.csv:1091,frp:firms_viirs_snpp_nrt_india,1091,15.04753,99.99985,2026-09-04 06:54:00+00:00,347.31,5.09,0.0,,firms_viirs_snpp_nrt_india.csv,,347.31,,,,5.09,0.0,,,,,,,,,,,,,,,,n,N,D,2,2,2,2,2026-09-04 06:54:00+00:00,169881.79415114634,169881.79415114634,uncertain,uncertain_review_required,insufficient_evidence,0.4,False,{},ranking,emergency_or_transient_fire,wildfire_or_agricultural_burn,day_fire_far_from_flare,0.65,conf=n+D+flare169882m+p90=2+frp=5.1,,,
frp:firms_viirs_snpp_nrt_india:firms_viirs_snpp_nrt_india.csv:1092,frp:firms_viirs_snpp_nrt_india,1092,15.04929,99.98805,2026-09-04 06:54:00+00:00,334.55,9.35,0.0,,firms_viirs_snpp_nrt_india.csv,,334.55,,,,9.35,0.0,,,,,,,,,,,,,,,,n,N,D,3,3,3,3,2026-09-04 06:54:00+00:00,169565.68436097188,169565.68436097188,uncertain,uncertain_review_required,insufficient_evidence,0.4,False,{},ranking,,,,0.0,,,,
frp:firms_viirs_snpp_nrt_india:firms_viirs_snpp_nrt_india.csv:1093,frp:firms_viirs_snpp_nrt_india,1093,15.05093,99.99932,2026-09-04 06:54:00+00:00,341.6,5.09,0.0,,firms_viirs_snpp_nrt_india.csv,,341.6,,,,5.09,0.0,,,,,,,,,,,,,,,,n,N,D,0,0,0,0,2026-09-04 06:54:00+00:00,169499.9481910537,169499.9481910537,uncertain,uncertain_review_required,insufficient_evidence,0.4,False,{},ranking,emergency_or_transient_fire,wildfire_or_agricultural_burn,day_fire_far_from_flare,0.65,conf=n+D+flare169500m+p90=0+frp=5.1,,,
frp:firms_viirs_snpp_nrt_india:firms_viirs_snpp_nrt_india.csv:1094,frp:firms_viirs_snpp_nrt_india,1094,15.75637,99.84379,2026-09-04 06:54:00+00:00,334.36,3.1,0.0,,firms_viirs_snpp_nrt_india.csv,,334.36,,,,3.1,0.0,,,,,,,,,,,,,,,,n,N,D,1,1,1,1,2026-09-04 06:54:00+00:00,90215.89890483493,90215.89890483493,uncertain,uncertain_review_required,insufficient_evidence,0.4,False,{},ranking,emergency_or_transient_fire,wildfire_or_agricultural_burn,day_fire_far_from_flare,0.65,conf=n+D+flare90216m+p90=1+frp=3.1,,,
frp:firms_viirs_snpp_nrt_india:firms_viirs_snpp_nrt_india.csv:1095,frp:firms_viirs_snpp_nrt_india,1095,15.76589,99.86161,2026-09-04 06:54:00+00:00,330.52,2.49,0.0,,firms_viirs_snpp_nrt_india.csv,,330.52,,,,2.49,0.0,,,,,,,,,,,,,,,,n,N,D,0,0,0,0,2026-09-04 06:54:00+00:00,89182.8266388201,89182.8266388201,uncertain,uncertain_review_required,insufficient_evidence,0.4,False,{},ranking,,,,0.0,,,,
frp:firms_viirs_snpp_nrt_india:firms_viirs_snpp_nrt_india.csv:1096,frp:firms_viirs_snpp_nrt_india,1096,15.86407,99.98608,2026-09-04 06:54:00+00:00,343.11,4.91,0.0,,firms_viirs_snpp_nrt_india.csv,,343.11,,,,4.91,0.0,,,,,,,,,,,,,,,,n,N,D,0,0,0,0,2026-09-04 06:54:00+00:00,79747.936757717,79747.936757717,uncertain,uncertain_review_required,insufficient_evidence,0.4,False,{},ranking,emergency_or_transient_fire,wildfire_or_agricultural_burn,day_fire_far_from_flare,0.65,conf=n+D+flare79748m+p90=0+frp=4.9,,,
frp:firms_viirs_snpp_nrt_india:firms_viirs_snpp_nrt_india.csv:1097,frp:firms_viirs_snpp_nrt_india,1097,15.86748,99.98557,2026-09-04 06:54:00+00:00,334.84,4.91,0.0,,firms_viirs_snpp_nrt_india.csv,,334.84,,,,4.91,0.0,,,,,,,,,,,,,,,,n,N,D,1,1,1,1,2026-09-04 06:54:00+00:00,79365.36925007481,79365.36925007481,uncertain,uncertain_review_required,insufficient_evidence,0.4,False,{},ranking,emergency_or_transient_fire,wildfire_or_agricultural_burn,day_fire_far_from_flare,0.65,conf=n+D+flare79365m+p90=1+frp=4.9,,,
frp:firms_viirs_snpp_nrt_india:firms_viirs_snpp_nrt_india.csv:1098,frp:firms_viirs_snpp_nrt_india,1098,15.8953,99.98515,2026-09-04 06:54:00+00:00,335.01,1.9,0.0,,firms_viirs_snpp_nrt_india.csv,,335.01,,,,1.9,0.0,,,,,,,,,,,,,,,,n,N,D,2,2,2,2,2026-09-04 06:54:00+00:00,76323.685847075,76323.685847075,uncertain,uncertain_review_required,insufficient_evidence,0.4,False,{},ranking,,,,0.0,,,,
frp:firms_viirs_snpp_nrt_india:firms_viirs_snpp_nrt_india.csv:1099,frp:firms_viirs_snpp_nrt_india,1099,15.96726,99.85712,2026-09-04 06:54:00+00:00,333.96,1.27,0.0,,firms_viirs_snpp_nrt_india.csv,,333.96,,,,1.27,0.0,,,,,,,,,,,,,,,,n,N,D,0,0,0,0,2026-09-04 06:54:00+00:00,66786.42397025513,66786.42397025513,uncertain,uncertain_review_required,insufficient_evidence,0.4,False,{},ranking,,,,0.0,,,,
frp:firms_viirs_snpp_nrt_india:firms_viirs_snpp_nrt_india.csv:1100,frp:firms_viirs_snpp_nrt_india,1100,15.99054,99.84965,2026-09-04 06:54:00+00:00,344.23,4.0,0.0,,firms_viirs_snpp_nrt_india.csv,,344.23,,,,4.0,0.0,,,,,,,,,,,,,,,,n,N,D,1,1,1,1,2026-09-04 06:54:00+00:00,64182.89694514202,64182.89694514202,uncertain,uncertain_review_required,insufficient_evidence,0.4,False,{},ranking,emergency_or_transient_fire,wildfire_or_agricultural_burn,day_fire_far_from_flare,0.65,conf=n+D+flare64183m+p90=1+frp=4.0,,,
frp:firms_viirs_snpp_nrt_india:firms_viirs_snpp_nrt_india.csv:1101,frp:firms_viirs_snpp_nrt_india,1101,16.06623,99.93899,2026-09-04 06:54:00+00:00,332.69,3.67,0.0,,firms_viirs_snpp_nrt_india.csv,,332.69,,,,3.67,0.0,,,,,,,,,,,,,,,,n,N,D,0,0,0,0,2026-09-04 06:54:00+00:00,56722.68237973179,56722.68237973179,uncertain,uncertain_review_required,insufficient_evidence,0.4,False,{},ranking,emergency_or_transient_fire,wildfire_or_agricultural_burn,day_fire_far_from_flare,0.65,conf=n+D+flare56723m+p90=0+frp=3.7,,,
frp:firms_viirs_snpp_nrt_india:firms_viirs_snpp_nrt_india.csv:1102,frp:firms_viirs_snpp_nrt_india,1102,16.06789,99.95044,2026-09-04 06:54:00+00:00,342.49,12.7,0.0,,firms_viirs_snpp_nrt_india.csv,,342.49,,,,12.7,0.0,,,,,,,,,,,,,,,,n,N,D,1,1,1,1,2026-09-04 06:54:00+00:00,56778.73814310461,56778.73814310461,uncertain,uncertain_review_required,insufficient_evidence,0.4,False,{},ranking,emergency_or_transient_fire,wildfire_or_agricultural_burn,day_fire_far_from_flare,0.65,conf=n+D+flare56779m+p90=1+frp=12.7,,,
frp:firms_viirs_snpp_nrt_india:firms_viirs_snpp_nrt_india.csv:1103,frp:firms_viirs_snpp_nrt_india,1103,16.08764,99.79653,2026-09-04 06:54:00+00:00,338.29,4.29,0.0,,firms_viirs_snpp_nrt_india.csv,,338.29,,,,4.29,0.0,,,,,,,,,,,,,,,,n,N,D,0,0,0,0,2026-09-04 06:54:00+00:00,53595.35661466685,53595.35661466685,uncertain,uncertain_review_required,insufficient_evidence,0.4,False,{},ranking,emergency_or_transient_fire,wildfire_or_agricultural_burn,day_fire_far_from_flare,0.65,conf=n+D+flare53595m+p90=0+frp=4.3,,,
frp:firms_viirs_snpp_nrt_india:firms_viirs_snpp_nrt_india.csv:1104,frp:firms_viirs_snpp_nrt_india,1104,16.20318,99.99667,2026-09-04 06:54:00+00:00,346.24,7.74,0.0,,firms_viirs_snpp_nrt_india.csv,,346.24,,,,7.74,0.0,,,,,,,,,,,,,,,,n,N,D,0,0,0,0,2026-09-04 06:54:00+00:00,43781.89134497153,43781.89134497153,uncertain,uncertain_review_required,insufficient_evidence,0.4,False,{},ranking,emergency_or_transient_fire,wildfire_or_agricultural_burn,day_fire_far_from_flare,0.65,conf=n+D+flare43782m+p90=0+frp=7.7,,,
frp:firms_viirs_snpp_nrt_india:firms_viirs_snpp_nrt_india.csv:1105,frp:firms_viirs_snpp_nrt_india,1105,16.41041,99.54922,2026-09-04 06:54:00+00:00,330.2,1.25,0.0,,firms_viirs_snpp_nrt_india.csv,,330.2,,,,1.25,0.0,,,,,,,,,,,,,,,,n,N,D,0,0,0,0,2026-09-04 06:54:00+00:00,35736.90621288864,35736.90621288864,uncertain,uncertain_review_required,insufficient_evidence,0.4,False,{},ranking,,,,0.0,,,,
frp:firms_viirs_snpp_nrt_india:firms_viirs_snpp_nrt_india.csv:1106,frp:firms_viirs_snpp_nrt_india,1106,16.45645,99.60351,2026-09-04 06:54:00+00:00,334.55,3.15,0.0,,firms_viirs_snpp_nrt_india.csv,,334.55,,,,3.15,0.0,,,,,,,,,,,,,,,,n,N,D,1,1,1,1,2026-09-04 06:54:00+00:00,28228.019995504656,28228.019995504656,uncertain,uncertain_review_required,insufficient_evidence,0.4,False,{},ranking,emergency_or_transient_fire,wildfire_or_agricultural_burn,day_fire_far_from_flare,0.65,conf=n+D+flare28228m+p90=1+frp=3.1,,,
frp:firms_viirs_snpp_nrt_india:firms_viirs_snpp_nrt_india.csv:1107,frp:firms_viirs_snpp_nrt_india,1107,16.54704,99.74399,2026-09-04 06:54:00+00:00,332.95,2.07,0.0,,firms_viirs_snpp_nrt_india.csv,,332.95,,,,2.07,0.0,,,,,,,,,,,,,,,,n,N,D,0,0,0,0,2026-09-04 06:54:00+00:00,10645.088053716378,10645.088053716378,uncertain,uncertain_review_required,insufficient_evidence,0.4,False,{},ranking,,,,0.0,,,,
frp:firms_viirs_snpp_nrt_india:firms_viirs_snpp_nrt_india.csv:1108,frp:firms_viirs_snpp_nrt_india,1108,16.55059,99.55396,2026-09-04 06:54:00+00:00,334.32,3.87,0.0,,firms_viirs_snpp_nrt_india.csv,,334.32,,,,3.87,0.0,,,,,,,,,,,,,,,,n,N,D,0,0,0,0,2026-09-04 06:54:00+00:00,30707.23626363578,30707.23626363578,uncertain,uncertain_review_required,insufficient_evidence,0.4,False,{},ranking,emergency_or_transient_fire,wildfire_or_agricultural_burn,day_fire_far_from_flare,0.65,conf=n+D+flare30707m+p90=0+frp=3.9,,,
frp:firms_viirs_snpp_nrt_india:firms_viirs_snpp_nrt_india.csv:1109,frp:firms_viirs_snpp_nrt_india,1109,16.56131,99.55614,2026-09-04 06:54:00+00:00,340.69,2.97,0.0,,firms_viirs_snpp_nrt_india.csv,,340.69,,,,2.97,0.0,,,,,,,,,,,,,,,,n,N,D,1,1,1,1,2026-09-04 06:54:00+00:00,30423.354471548315,30423.354471548315,uncertain,uncertain_review_required,insufficient_evidence,0.4,False,{},ranking,,,,0.0,,,,
frp:firms_viirs_snpp_nrt_india:firms_viirs_snpp_nrt_india.csv:1110,frp:firms_viirs_snpp_nrt_india,1110,16.73681,99.70715,2026-09-04 06:54:00+00:00,331.27,1.86,0.0,,firms_viirs_snpp_nrt_india.csv,,331.27,,,,1.86,0.0,,,,,,,,,,,,,,,,n,N,D,0,0,0,0,2026-09-04 06:54:00+00:00,11006.538692017695,11006.538692017695,uncertain,uncertain_review_required,insufficient_evidence,0.4,False,{},ranking,,,,0.0,,,,
frp:firms_viirs_snpp_nrt_india:firms_viirs_snpp_nrt_india.csv:1111,frp:firms_viirs_snpp_nrt_india,1111,23.10249,98.62788,2026-09-04 06:57:00+00:00,331.28,2.41,0.0,,firms_viirs_snpp_nrt_india.csv,,331.28,,,,2.41,0.0,,,,,,,,,,,,,,,,n,N,D,0,0,0,0,2026-09-04 06:57:00+00:00,511629.90699546074,511629.90699546074,uncertain,uncertain_review_required,insufficient_evidence,0.4,False,{},ranking,,,,0.0,,,,
frp:firms_viirs_snpp_nrt_india:firms_viirs_snpp_nrt_india.csv:1112,frp:firms_viirs_snpp_nrt_india,1112,23.90077,97.88943,2026-09-04 06:57:00+00:00,332.03,2.14,0.0,,firms_viirs_snpp_nrt_india.csv,,332.03,,,,2.14,0.0,,,,,,,,,,,,,,,,n,N,D,0,0,0,0,2026-09-04 06:57:00+00:00,430988.38794916205,430988.38794916205,uncertain,uncertain_review_required,insufficient_evidence,0.4,False,{},ranking,,,,0.0,,,,
frp:firms_viirs_snpp_nrt_india:firms_viirs_snpp_nrt_india.csv:1113,frp:firms_viirs_snpp_nrt_india,1113,24.00891,96.12032,2026-09-04 06:57:00+00:00,332.91,2.33,0.0,,firms_viirs_snpp_nrt_india.csv,,332.91,,,,2.33,0.0,,,,,,,,,,,,,,,,n,N,D,0,0,0,0,2026-09-04 06:57:00+00:00,317637.83535341476,317637.83535341476,uncertain,uncertain_review_required,insufficient_evidence,0.4,False,{},ranking,,,,0.0,,,,
frp:firms_viirs_snpp_nrt_india:firms_viirs_snpp_nrt_india.csv:1114,frp:firms_viirs_snpp_nrt_india,1114,24.25894,96.54393,2026-09-04 06:57:00+00:00,347.19,9.92,0.0,,firms_viirs_snpp_nrt_india.csv,,347.19,,,,9.92,0.0,,,,,,,,,,,,,,,,n,N,D,0,0,0,0,2026-09-04 06:57:00+00:00,330872.6590350156,330872.6590350156,uncertain,uncertain_review_required,insufficient_evidence,0.4,False,{},ranking,emergency_or_transient_fire,wildfire_or_agricultural_burn,day_fire_far_from_flare,0.65,conf=n+D+flare330873m+p90=0+frp=9.9,,,
frp:firms_viirs_snpp_nrt_india:firms_viirs_snpp_nrt_india.csv:1115,frp:firms_viirs_snpp_nrt_india,1115,24.64905,97.89011,2026-09-04 06:57:00+00:00,332.12,3.67,0.0,,firms_viirs_snpp_nrt_india.csv,,332.12,,,,3.67,0.0,,,,,,,,,,,,,,,,n,N,D,0,0,0,0,2026-09-04 06:57:00+00:00,357473.4604679182,357473.4604679182,uncertain,uncertain_review_required,insufficient_evidence,0.4,False,{},ranking,emergency_or_transient_fire,wildfire_or_agricultural_burn,day_fire_far_from_flare,0.65,conf=n+D+flare357473m+p90=0+frp=3.7,,,
frp:firms_viirs_snpp_nrt_india:firms_viirs_snpp_nrt_india.csv:1116,frp:firms_viirs_snpp_nrt_india,1116,24.71857,96.31367,2026-09-04 06:57:00+00:00,334.03,1.73,0.0,,firms_viirs_snpp_nrt_india.csv,,334.03,,,,1.73,0.0,,,,,,,,,,,,,,,,n,N,D,0,0,0,0,2026-09-04 06:57:00+00:00,282223.5613949255,282223.5613949255,uncertain,uncertain_review_required,insufficient_evidence,0.4,False,{},ranking,,,,0.0,,,,
frp:firms_viirs_snpp_nrt_india:firms_viirs_snpp_nrt_india.csv:1117,frp:firms_viirs_snpp_nrt_india,1117,28.48777,97.02752,2026-09-04 06:59:00+00:00,336.61,4.09,0.0,,firms_viirs_snpp_nrt_india.csv,,336.61,,,,4.09,0.0,,,,,,,,,,,,,,,,n,N,D,2,2,2,2,2026-09-04 06:59:00+00:00,141750.17398153624,141750.17398153624,uncertain,uncertain_review_required,insufficient_evidence,0.4,False,{},ranking,emergency_or_transient_fire,wildfire_or_agricultural_burn,day_fire_far_from_flare,0.65,conf=n+D+flare141750m+p90=2+frp=4.1,,,
frp:firms_viirs_snpp_nrt_india:firms_viirs_snpp_nrt_india.csv:1118,frp:firms_viirs_snpp_nrt_india,1118,28.49742,97.02155,2026-09-04 06:59:00+00:00,333.49,4.7,0.0,,firms_viirs_snpp_nrt_india.csv,,333.49,,,,4.7,0.0,,,,,,,,,,,,,,,,n,N,D,3,3,3,3,2026-09-04 06:59:00+00:00,142134.30436710274,142134.30436710274,uncertain,uncertain_review_required,insufficient_evidence,0.4,False,{},ranking,,,,0.0,,,,
frp:firms_viirs_snpp_nrt_india:firms_viirs_snpp_nrt_india.csv:1119,frp:firms_viirs_snpp_nrt_india,1119,28.49797,97.02557,2026-09-04 06:59:00+00:00,333.53,4.68,0.0,,firms_viirs_snpp_nrt_india.csv,,333.53,,,,4.68,0.0,,,,,,,,,,,,,,,,n,N,D,5,5,5,5,2026-09-04 06:59:00+00:00,142446.73869975164,142446.73869975164,uncertain,uncertain_review_required,insufficient_evidence,0.4,False,{},ranking,,,,0.0,,,,
frp:firms_viirs_snpp_nrt_india:firms_viirs_snpp_nrt_india.csv:1120,frp:firms_viirs_snpp_nrt_india,1120,28.50761,97.01961,2026-09-04 06:59:00+00:00,334.19,4.56,0.0,,firms_viirs_snpp_nrt_india.csv,,334.19,,,,4.56,0.0,,,,,,,,,,,,,,,,n,N,D,4,4,4,4,2026-09-04 06:59:00+00:00,142838.19158906347,142838.19158906347,uncertain,uncertain_review_required,insufficient_evidence,0.4,False,{},ranking,,,,0.0,,,,
frp:firms_viirs_snpp_nrt_india:firms_viirs_snpp_nrt_india.csv:1121,frp:firms_viirs_snpp_nrt_india,1121,28.57115,96.95303,2026-09-04 06:59:00+00:00,325.85,3.32,0.0,,firms_viirs_snpp_nrt_india.csv,,325.85,,,,3.32,0.0,,,,,,,,,,,,,,,,l,N,D,0,0,0,0,2026-09-04 06:59:00+00:00,143968.64691013686,143968.64691013686,uncertain,uncertain_review_required,insufficient_evidence,0.4,False,{},ranking,uncertain,other_or_uncertain,low_confidence_isolated_day,0.6,conf=l+p90=0+D,,,
frp:firms_viirs_snpp_nrt_india:firms_viirs_snpp_nrt_india.csv:1122,frp:firms_viirs_snpp_nrt_india,1122,29.18748,88.53117,2026-09-04 06:59:00+00:00,326.49,2.61,0.0,,firms_viirs_snpp_nrt_india.csv,,326.49,,,,2.61,0.0,,,,,,,,,,,,,,,,n,N,D,0,0,0,0,2026-09-04 06:59:00+00:00,355706.2373714296,355706.2373714296,uncertain,uncertain_review_required,insufficient_evidence,0.4,False,{},ranking,,,,0.0,,,,
frp:firms_viirs_snpp_nrt_india:firms_viirs_snpp_nrt_india.csv:1123,frp:firms_viirs_snpp_nrt_india,1123,29.24429,91.86042,2026-09-04 06:59:00+00:00,330.81,3.18,0.0,,firms_viirs_snpp_nrt_india.csv,,330.81,,,,3.18,0.0,,,,,,,,,,,,,,,,l,N,D,2,2,2,2,2026-09-04 06:59:00+00:00,329550.82327834563,329550.82327834563,uncertain,uncertain_review_required,insufficient_evidence,0.4,False,{},ranking,,,,0.0,,,,
frp:firms_viirs_snpp_nrt_india:firms_viirs_snpp_nrt_india.csv:1124,frp:firms_viirs_snpp_nrt_india,1124,29.2485,91.86387,2026-09-04 06:59:00+00:00,328.58,2.42,0.0,,firms_viirs_snpp_nrt_india.csv,,328.58,,,,2.42,0.0,,,,,,,,,,,,,,,,l,N,D,1,1,1,1,2026-09-04 06:59:00+00:00,330113.89819190605,330113.89819190605,uncertain,uncertain_review_required,insufficient_evidence,0.4,False,{},ranking,,,,0.0,,,,
frp:firms_viirs_snpp_nrt_india:firms_viirs_snpp_nrt_india.csv:1125,frp:firms_viirs_snpp_nrt_india,1125,29.29299,88.90841,2026-09-04 06:59:00+00:00,325.44,2.5,0.0,,firms_viirs_snpp_nrt_india.csv,,325.44,,,,2.5,0.0,,,,,,,,,,,,,,,,n,N,D,0,0,0,0,2026-09-04 06:59:00+00:00,346949.9144712636,346949.9144712636,uncertain,uncertain_review_required,insufficient_evidence,0.4,False,{},ranking,,,,0.0,,,,
frp:firms_viirs_snpp_nrt_india:firms_viirs_snpp_nrt_india.csv:1126,frp:firms_viirs_snpp_nrt_india,1126,36.3825,95.11243,2026-09-04 06:59:00+00:00,353.38,12.39,0.0,,firms_viirs_snpp_nrt_india.csv,,353.38,,,,12.39,0.0,,,,,,,,,,,,,,,,n,N,D,0,0,0,0,2026-09-04 06:59:00+00:00,418434.1388824335,418434.1388824335,uncertain,uncertain_review_required,insufficient_evidence,0.4,False,{},ranking,emergency_or_transient_fire,wildfire_or_agricultural_burn,day_fire_far_from_flare,0.65,conf=n+D+flare418434m+p90=0+frp=12.4,,,
frp:firms_viirs_snpp_nrt_india:firms_viirs_snpp_nrt_india.csv:1127,frp:firms_viirs_snpp_nrt_india,1127,36.35168,95.24467,2026-09-04 07:01:00+00:00,341.05,8.54,0.0,,firms_viirs_snpp_nrt_india.csv,,341.05,,,,8.54,0.0,,,,,,,,,,,,,,,,l,N,D,4,4,4,4,2026-09-04 07:01:00+00:00,430398.141326385,430398.141326385,uncertain,uncertain_review_required,insufficient_evidence,0.4,False,{},ranking,,,,0.0,,,,
frp:firms_viirs_snpp_nrt_india:firms_viirs_snpp_nrt_india.csv:1128,frp:firms_viirs_snpp_nrt_india,1128,36.35387,95.23476,2026-09-04 07:01:00+00:00,345.86,7.5,0.0,,firms_viirs_snpp_nrt_india.csv,,345.86,,,,7.5,0.0,,,,,,,,,,,,,,,,n,N,D,3,3,3,3,2026-09-04 07:01:00+00:00,429507.49234011467,429507.49234011467,uncertain,uncertain_review_required,insufficient_evidence,0.4,False,{},ranking,,,,0.0,,,,
frp:firms_viirs_snpp_nrt_india:firms_viirs_snpp_nrt_india.csv:1129,frp:firms_viirs_snpp_nrt_india,1129,36.3573,95.23409,2026-09-04 07:01:00+00:00,348.6,4.67,0.0,,firms_viirs_snpp_nrt_india.csv,,348.6,,,,4.67,0.0,,,,,,,,,,,,,,,,n,N,D,2,2,2,2,2026-09-04 07:01:00+00:00,429265.26691343484,429265.26691343484,uncertain,uncertain_review_required,insufficient_evidence,0.4,False,{},ranking,emergency_or_transient_fire,wildfire_or_agricultural_burn,day_fire_far_from_flare,0.65,conf=n+D+flare429265m+p90=2+frp=4.7,,,
frp:firms_viirs_snpp_nrt_india:firms_viirs_snpp_nrt_india.csv:1130,frp:firms_viirs_snpp_nrt_india,1130,36.35792,95.2387,2026-09-04 07:01:00+00:00,348.36,8.53,0.0,,firms_viirs_snpp_nrt_india.csv,,348.36,,,,8.53,0.0,,,,,,,,,,,,,,,,n,N,D,1,1,1,1,2026-09-04 07:01:00+00:00,429588.8643472647,429588.8643472647,uncertain,uncertain_review_required,insufficient_evidence,0.4,False,{},ranking,emergency_or_transient_fire,wildfire_or_agricultural_burn,day_fire_far_from_flare,0.65,conf=n+D+flare429589m+p90=1+frp=8.5,,,
frp:firms_viirs_snpp_nrt_india:firms_viirs_snpp_nrt_india.csv:1131,frp:firms_viirs_snpp_nrt_india,1131,36.36073,95.23341,2026-09-04 07:01:00+00:00,344.01,4.67,0.0,,firms_viirs_snpp_nrt_india.csv,,344.01,,,,4.67,0.0,,,,,,,,,,,,,,,,l,N,D,0,0,0,0,2026-09-04 07:01:00+00:00,429022.47963286977,429022.47963286977,uncertain,uncertain_review_required,insufficient_evidence,0.4,False,{},ranking,uncertain,other_or_uncertain,low_confidence_isolated_day,0.6,conf=l+p90=0+D,,,
frp:firms_viirs_snpp_nrt_india:firms_viirs_snpp_nrt_india.csv:1132,frp:firms_viirs_snpp_nrt_india,1132,6.34224,81.12547,2026-09-04 08:33:00+00:00,337.03,3.7,0.0,,firms_viirs_snpp_nrt_india.csv,,337.03,,,,3.7,0.0,,,,,,,,,,,,,,,,n,N,D,2,2,2,2,2026-09-04 08:33:00+00:00,146239.9997475348,146239.9997475348,uncertain,uncertain_review_required,insufficient_evidence,0.4,False,{},ranking,emergency_or_transient_fire,wildfire_or_agricultural_burn,day_fire_far_from_flare,0.65,conf=n+D+flare146240m+p90=2+frp=3.7,,,
frp:firms_viirs_snpp_nrt_india:firms_viirs_snpp_nrt_india.csv:1133,frp:firms_viirs_snpp_nrt_india,1133,6.42538,81.01639,2026-09-04 08:33:00+00:00,342.32,5.43,0.0,,firms_viirs_snpp_nrt_india.csv,,342.32,,,,5.43,0.0,,,,,,,,,,,,,,,,n,N,D,2,2,2,2,2026-09-04 08:33:00+00:00,131277.37342506886,131277.37342506886,uncertain,uncertain_review_required,insufficient_evidence,0.4,False,{},ranking,emergency_or_transient_fire,wildfire_or_agricultural_burn,day_fire_far_from_flare,0.65,conf=n+D+flare131277m+p90=2+frp=5.4,,,
frp:firms_viirs_snpp_nrt_india:firms_viirs_snpp_nrt_india.csv:1134,frp:firms_viirs_snpp_nrt_india,1134,6.42972,81.01575,2026-09-04 08:33:00+00:00,342.18,5.43,0.0,,firms_viirs_snpp_nrt_india.csv,,342.18,,,,5.43,0.0,,,,,,,,,,,,,,,,n,N,D,3,3,3,3,2026-09-04 08:33:00+00:00,130996.03104299663,130996.03104299663,uncertain,uncertain_review_required,insufficient_evidence,0.4,False,{},ranking,,,,0.0,,,,
frp:firms_viirs_snpp_nrt_india:firms_viirs_snpp_nrt_india.csv:1135,frp:firms_viirs_snpp_nrt_india,1135,6.47065,81.08218,2026-09-04 08:33:00+00:00,333.3,3.72,0.0,,firms_viirs_snpp_nrt_india.csv,,333.3,,,,3.72,0.0,,,,,,,,,,,,,,,,n,N,D,4,4,4,4,2026-09-04 08:33:00+00:00,135694.91408949942,135694.91408949942,uncertain,uncertain_review_required,insufficient_evidence,0.4,False,{},ranking,,,,0.0,,,,
frp:firms_viirs_snpp_nrt_india:firms_viirs_snpp_nrt_india.csv:1136,frp:firms_viirs_snpp_nrt_india,1136,6.5269,80.76523,2026-09-04 08:33:00+00:00,332.45,4.39,0.0,,firms_viirs_snpp_nrt_india.csv,,332.45,,,,4.39,0.0,,,,,,,,,,,,,,,,n,N,D,0,0,0,0,2026-09-04 08:33:00+00:00,101457.1972419799,101457.1972419799,uncertain,uncertain_review_required,insufficient_evidence,0.4,False,{},ranking,emergency_or_transient_fire,wildfire_or_agricultural_burn,day_fire_far_from_flare,0.65,conf=n+D+flare101457m+p90=0+frp=4.4,,,
frp:firms_viirs_snpp_nrt_india:firms_viirs_snpp_nrt_india.csv:1137,frp:firms_viirs_snpp_nrt_india,1137,6.66989,80.91605,2026-09-04 08:33:00+00:00,331.85,0.71,0.0,,firms_viirs_snpp_nrt_india.csv,,331.85,,,,0.71,0.0,,,,,,,,,,,,,,,,n,N,D,1,1,1,1,2026-09-04 08:33:00+00:00,110744.43747386218,110744.43747386218,uncertain,uncertain_review_required,insufficient_evidence,0.4,False,{},ranking,,,,0.0,,,,
frp:firms_viirs_snpp_nrt_india:firms_viirs_snpp_nrt_india.csv:1138,frp:firms_viirs_snpp_nrt_india,1138,6.71661,81.32898,2026-09-04 08:33:00+00:00,331.0,2.4,0.0,,firms_viirs_snpp_nrt_india.csv,,331.0,,,,2.4,0.0,,,,,,,,,,,,,,,,n,N,D,4,4,4,4,2026-09-04 08:33:00+00:00,153926.03464522323,153926.03464522323,uncertain,uncertain_review_required,insufficient_evidence,0.4,False,{},ranking,,,,0.0,,,,
frp:firms_viirs_snpp_nrt_india:firms_viirs_snpp_nrt_india.csv:1139,frp:firms_viirs_snpp_nrt_india,1139,6.73734,81.53592,2026-09-04 08:33:00+00:00,331.56,6.56,0.0,,firms_viirs_snpp_nrt_india.csv,,331.56,,,,6.56,0.0,,,,,,,,,,,,,,,,n,N,D,6,6,6,6,2026-09-04 08:33:00+00:00,176120.94021231748,176120.94021231748,uncertain,uncertain_review_required,insufficient_evidence,0.4,False,{},ranking,,,,0.0,,,,
frp:firms_viirs_snpp_nrt_india:firms_viirs_snpp_nrt_india.csv:1140,frp:firms_viirs_snpp_nrt_india,1140,6.75082,81.39299,2026-09-04 08:33:00+00:00,339.34,6.91,0.0,,firms_viirs_snpp_nrt_india.csv,,339.34,,,,6.91,0.0,,,,,,,,,,,,,,,,n,N,D,4,4,4,4,2026-09-04 08:33:00+00:00,160286.63719902505,160286.63719902505,uncertain,uncertain_review_required,insufficient_evidence,0.4,False,{},ranking,,,,0.0,,,,
frp:firms_viirs_snpp_nrt_india:firms_viirs_snpp_nrt_india.csv:1141,frp:firms_viirs_snpp_nrt_india,1141,6.79404,81.53845,2026-09-04 08:33:00+00:00,348.92,7.82,0.0,,firms_viirs_snpp_nrt_india.csv,,348.92,,,,7.82,0.0,,,,,,,,,,,,,,,,n,N,D,7,7,7,7,2026-09-04 08:33:00+00:00,175613.88597741383,175613.88597741383,uncertain,uncertain_review_required,insufficient_evidence,0.4,False,{},ranking,,,,0.0,,,,
frp:firms_viirs_snpp_nrt_india:firms_viirs_snpp_nrt_india.csv:1142,frp:firms_viirs_snpp_nrt_india,1142,6.79797,81.46822,2026-09-04 08:33:00+00:00,337.38,4.24,0.0,,firms_viirs_snpp_nrt_india.csv,,337.38,,,,4.24,0.0,,,,,,,,,,,,,,,,n,N,D,8,8,8,8,2026-09-04 08:33:00+00:00,167857.5615468511,167857.5615468511,uncertain,uncertain_review_required,insufficient_evidence,0.4,False,{},ranking,,,,0.0,,,,
frp:firms_viirs_snpp_nrt_india:firms_viirs_snpp_nrt_india.csv:1143,frp:firms_viirs_snpp_nrt_india,1143,6.82711,81.33308,2026-09-04 08:33:00+00:00,341.55,7.18,0.0,,firms_viirs_snpp_nrt_india.csv,,341.55,,,,7.18,0.0,,,,,,,,,,,,,,,,n,N,D,5,5,5,5,2026-09-04 08:33:00+00:00,152681.40651282313,152681.40651282313,uncertain,uncertain_review_required,insufficient_evidence,0.4,False,{},ranking,,,,0.0,,,,
frp:firms_viirs_snpp_nrt_india:firms_viirs_snpp_nrt_india.csv:1144,frp:firms_viirs_snpp_nrt_india,1144,6.82874,81.33171,2026-09-04 08:33:00+00:00,343.08,6.6,0.0,,firms_viirs_snpp_nrt_india.csv,,343.08,,,,6.6,0.0,,,,,,,,,,,,,,,,n,N,D,6,6,6,6,2026-09-04 08:33:00+00:00,152513.18955216886,152513.18955216886,uncertain,uncertain_review_required,insufficient_evidence,0.4,False,{},ranking,,,,0.0,,,,
frp:firms_viirs_snpp_nrt_india:firms_viirs_snpp_nrt_india.csv:1145,frp:firms_viirs_snpp_nrt_india,1145,6.83144,81.47736,2026-09-04 08:33:00+00:00,335.68,2.68,0.0,,firms_viirs_snpp_nrt_india.csv,,335.68,,,,2.68,0.0,,,,,,,,,,,,,,,,n,N,D,12,12,12,12,2026-09-04 08:33:00+00:00,168498.83648487035,168498.83648487035,uncertain,uncertain_review_required,insufficient_evidence,0.4,False,{},ranking,,,,0.0,,,,
frp:firms_viirs_snpp_nrt_india:firms_viirs_snpp_nrt_india.csv:1146,frp:firms_viirs_snpp_nrt_india,1146,6.90904,81.66004,2026-09-04 08:33:00+00:00,336.95,8.05,0.0,,firms_viirs_snpp_nrt_india.csv,,336.95,,,,8.05,0.0,,,,,,,,,,,,,,,,n,N,D,5,5,5,5,2026-09-04 08:33:00+00:00,188128.41411642125,188128.41411642125,uncertain,uncertain_review_required,insufficient_evidence,0.4,False,{},ranking,,,,0.0,,,,
frp:firms_viirs_snpp_nrt_india:firms_viirs_snpp_nrt_india.csv:1147,frp:firms_viirs_snpp_nrt_india,1147,6.97485,81.5989,2026-09-04 08:33:00+00:00,342.62,9.27,0.0,,firms_viirs_snpp_nrt_india.csv,,342.62,,,,9.27,0.0,,,,,,,,,,,,,,,,n,N,D,19,19,19,19,2026-09-04 08:33:00+00:00,181289.85660244935,181289.85660244935,uncertain,uncertain_review_required,insufficient_evidence,0.4,False,{},ranking,,,,0.0,,,,
frp:firms_viirs_snpp_nrt_india:firms_viirs_snpp_nrt_india.csv:1148,frp:firms_viirs_snpp_nrt_india,1148,7.20339,81.01457,2026-09-04 08:33:00+00:00,333.96,6.32,0.0,,firms_viirs_snpp_nrt_india.csv,,333.96,,,,6.32,0.0,,,,,,,,,,,,,,,,n,N,D,2,2,2,2,2026-09-04 08:33:00+00:00,119858.18700458003,119858.18700458003,uncertain,uncertain_review_required,insufficient_evidence,0.4,False,{},ranking,emergency_or_transient_fire,wildfire_or_agricultural_burn,day_fire_far_from_flare,0.65,conf=n+D+flare119858m+p90=2+frp=6.3,,,
frp:firms_viirs_snpp_nrt_india:firms_viirs_snpp_nrt_india.csv:1149,frp:firms_viirs_snpp_nrt_india,1149,7.30575,81.13636,2026-09-04 08:33:00+00:00,334.07,5.23,0.0,,firms_viirs_snpp_nrt_india.csv,,334.07,,,,5.23,0.0,,,,,,,,,,,,,,,,n,N,D,5,5,5,5,2026-09-04 08:33:00+00:00,135746.4015412306,135746.4015412306,uncertain,uncertain_review_required,insufficient_evidence,0.4,False,{},ranking,,,,0.0,,,,
frp:firms_viirs_snpp_nrt_india:firms_viirs_snpp_nrt_india.csv:1150,frp:firms_viirs_snpp_nrt_india,1150,7.3628,81.3008,2026-09-04 08:33:00+00:00,344.12,7.25,0.0,,firms_viirs_snpp_nrt_india.csv,,344.12,,,,7.25,0.0,,,,,,,,,,,,,,,,n,N,D,7,7,7,7,2026-09-04 08:33:00+00:00,154937.59345360775,154937.59345360775,uncertain,uncertain_review_required,insufficient_evidence,0.4,False,{},ranking,,,,0.0,,,,
frp:firms_viirs_snpp_nrt_india:firms_viirs_snpp_nrt_india.csv:1151,frp:firms_viirs_snpp_nrt_india,1151,7.36553,81.29984,2026-09-04 08:33:00+00:00,340.27,6.37,0.0,,firms_viirs_snpp_nrt_india.csv,,340.27,,,,6.37,0.0,,,,,,,,,,,,,,,,n,N,D,7,7,7,7,2026-09-04 08:33:00+00:00,154923.89782468512,154923.89782468512,uncertain,uncertain_review_required,insufficient_evidence,0.4,False,{},ranking,,,,0.0,,,,
frp:firms_viirs_snpp_nrt_india:firms_viirs_snpp_nrt_india.csv:1152,frp:firms_viirs_snpp_nrt_india,1152,7.38462,79.87064,2026-09-04 08:33:00+00:00,333.64,2.9,0.0,,firms_viirs_snpp_nrt_india.csv,,333.64,,,,2.9,0.0,,,,,,,,,,,,,,,,n,N,D,0,0,0,0,2026-09-04 08:33:00+00:00,48173.006474270915,48173.006474270915,uncertain,uncertain_review_required,insufficient_evidence,0.4,False,{},ranking,,,,0.0,,,,
frp:firms_viirs_snpp_nrt_india:firms_viirs_snpp_nrt_india.csv:1153,frp:firms_viirs_snpp_nrt_india,1153,7.38789,81.28361,2026-09-04 08:33:00+00:00,332.09,2.35,0.0,,firms_viirs_snpp_nrt_india.csv,,332.09,,,,2.35,0.0,,,,,,,,,,,,,,,,n,N,D,6,6,6,6,2026-09-04 08:33:00+00:00,153958.70801901017,153958.70801901017,uncertain,uncertain_review_required,insufficient_evidence,0.4,False,{},ranking,,,,0.0,,,,
frp:firms_viirs_snpp_nrt_india:firms_viirs_snpp_nrt_india.csv:1154,frp:firms_viirs_snpp_nrt_india,1154,7.38853,81.28822,2026-09-04 08:33:00+00:00,331.69,5.15,0.0,,firms_viirs_snpp_nrt_india.csv,,331.69,,,,5.15,0.0,,,,,,,,,,,,,,,,n,N,D,4,4,4,4,2026-09-04 08:33:00+00:00,154464.31529209955,154464.31529209955,uncertain,uncertain_review_required,insufficient_evidence,0.4,False,{},ranking,,,,0.0,,,,
frp:firms_viirs_snpp_nrt_india:firms_viirs_snpp_nrt_india.csv:1155,frp:firms_viirs_snpp_nrt_india,1155,7.39238,81.28298,2026-09-04 08:33:00+00:00,336.26,5.24,0.0,,firms_viirs_snpp_nrt_india.csv,,336.26,,,,5.24,0.0,,,,,,,,,,,,,,,,n,N,D,4,4,4,4,2026-09-04 08:33:00+00:00,154047.06515457938,154047.06515457938,uncertain,uncertain_review_required,insufficient_evidence,0.4,False,{},ranking,,,,0.0,,,,
frp:firms_viirs_snpp_nrt_india:firms_viirs_snpp_nrt_india.csv:1156,frp:firms_viirs_snpp_nrt_india,1156,7.39301,81.28756,2026-09-04 08:33:00+00:00,330.06,5.67,0.0,,firms_viirs_snpp_nrt_india.csv,,330.06,,,,5.67,0.0,,,,,,,,,,,,,,,,n,N,D,2,2,2,2,2026-09-04 08:33:00+00:00,154548.88992220114,154548.88992220114,uncertain,uncertain_review_required,insufficient_evidence,0.4,False,{},ranking,emergency_or_transient_fire,wildfire_or_agricultural_burn,day_fire_far_from_flare,0.65,conf=n+D+flare154549m+p90=2+frp=5.7,,,
frp:firms_viirs_snpp_nrt_india:firms_viirs_snpp_nrt_india.csv:1157,frp:firms_viirs_snpp_nrt_india,1157,7.44182,81.24464,2026-09-04 08:33:00+00:00,339.51,10.35,0.0,,firms_viirs_snpp_nrt_india.csv,,339.51,,,,10.35,0.0,,,,,,,,,,,,,,,,n,N,D,7,7,7,7,2026-09-04 08:33:00+00:00,151878.8047823562,151878.8047823562,uncertain,uncertain_review_required,insufficient_evidence,0.4,False,{},ranking,,,,0.0,,,,
frp:firms_viirs_snpp_nrt_india:firms_viirs_snpp_nrt_india.csv:1158,frp:firms_viirs_snpp_nrt_india,1158,7.4431,81.25359,2026-09-04 08:33:00+00:00,339.75,11.29,0.0,,firms_viirs_snpp_nrt_india.csv,,339.75,,,,11.29,0.0,,,,,,,,,,,,,,,,n,N,D,6,6,6,6,2026-09-04 08:33:00+00:00,152852.81786357245,152852.81786357245,uncertain,uncertain_review_required,insufficient_evidence,0.4,False,{},ranking,,,,0.0,,,,
frp:firms_viirs_snpp_nrt_india:firms_viirs_snpp_nrt_india.csv:1159,frp:firms_viirs_snpp_nrt_india,1159,7.44566,81.23956,2026-09-04 08:33:00+00:00,342.28,7.04,0.0,,firms_viirs_snpp_nrt_india.csv,,342.28,,,,7.04,0.0,,,,,,,,,,,,,,,,n,N,D,5,5,5,5,2026-09-04 08:33:00+00:00,151505.7246762006,151505.7246762006,uncertain,uncertain_review_required,insufficient_evidence,0.4,False,{},ranking,,,,0.0,,,,
frp:firms_viirs_snpp_nrt_india:firms_viirs_snpp_nrt_india.csv:1160,frp:firms_viirs_snpp_nrt_india,1160,7.44629,81.24397,2026-09-04 08:33:00+00:00,349.63,10.35,0.0,,firms_viirs_snpp_nrt_india.csv,,349.63,,,,10.35,0.0,,,,,,,,,,,,,,,,n,N,D,4,4,4,4,2026-09-04 08:33:00+00:00,151985.1702146965,151985.1702146965,uncertain,uncertain_review_required,insufficient_evidence,0.4,False,{},ranking,,,,0.0,,,,
frp:firms_viirs_snpp_nrt_india:firms_viirs_snpp_nrt_india.csv:1161,frp:firms_viirs_snpp_nrt_india,1161,7.51962,81.10014,2026-09-04 08:33:00+00:00,336.58,13.33,0.0,,firms_viirs_snpp_nrt_india.csv,,336.58,,,,13.33,0.0,,,,,,,,,,,,,,,,l,N,D,3,3,3,3,2026-09-04 08:33:00+00:00,140676.73901673753,140676.73901673753,uncertain,uncertain_review_required,insufficient_evidence,0.4,False,{},ranking,,,,0.0,,,,
frp:firms_viirs_snpp_nrt_india:firms_viirs_snpp_nrt_india.csv:1162,frp:firms_viirs_snpp_nrt_india,1162,7.61087,80.83186,2026-09-04 08:33:00+00:00,332.6,3.4,0.0,,firms_viirs_snpp_nrt_india.csv,,332.6,,,,3.4,0.0,,,,,,,,,,,,,,,,n,N,D,2,2,2,2,2026-09-04 08:33:00+00:00,120677.48997037203,120677.48997037203,uncertain,uncertain_review_required,insufficient_evidence,0.4,False,{},ranking,emergency_or_transient_fire,wildfire_or_agricultural_burn,day_fire_far_from_flare,0.65,conf=n+D+flare120677m+p90=2+frp=3.4,,,
frp:firms_viirs_snpp_nrt_india:firms_viirs_snpp_nrt_india.csv:1163,frp:firms_viirs_snpp_nrt_india,1163,7.65727,80.49637,2026-09-04 08:33:00+00:00,331.97,1.91,0.0,,firms_viirs_snpp_nrt_india.csv,,331.97,,,,1.91,0.0,,,,,,,,,,,,,,,,n,N,D,0,0,0,0,2026-09-04 08:33:00+00:00,97774.9202593188,97774.9202593188,uncertain,uncertain_review_required,insufficient_evidence,0.4,False,{},ranking,,,,0.0,,,,
frp:firms_viirs_snpp_nrt_india:firms_viirs_snpp_nrt_india.csv:1164,frp:firms_viirs_snpp_nrt_india,1164,7.66027,79.91571,2026-09-04 08:35:00+00:00,330.12,4.3,0.0,,firms_viirs_snpp_nrt_india.csv,,330.12,,,,4.3,0.0,,,,,,,,,,,,,,,,n,N,D,0,0,0,0,2026-09-04 08:35:00+00:00,78013.84398638784,78013.84398638784,uncertain,uncertain_review_required,insufficient_evidence,0.4,False,{},ranking,emergency_or_transient_fire,wildfire_or_agricultural_burn,day_fire_far_from_flare,0.65,conf=n+D+flare78014m+p90=0+frp=4.3,,,
frp:firms_viirs_snpp_nrt_india:firms_viirs_snpp_nrt_india.csv:1165,frp:firms_viirs_snpp_nrt_india,1165,7.69514,80.13086,2026-09-04 08:35:00+00:00,343.92,5.45,0.0,,firms_viirs_snpp_nrt_india.csv,,343.92,,,,5.45,0.0,,,,,,,,,,,,,,,,n,N,D,2,2,2,2,2026-09-04 08:35:00+00:00,83993.42244563252,83993.42244563252,uncertain,uncertain_review_required,insufficient_evidence,0.4,False,{},ranking,emergency_or_transient_fire,wildfire_or_agricultural_burn,day_fire_far_from_flare,0.65,conf=n+D+flare83993m+p90=2+frp=5.5,,,
frp:firms_viirs_snpp_nrt_india:firms_viirs_snpp_nrt_india.csv:1166,frp:firms_viirs_snpp_nrt_india,1166,7.71052,79.86343,2026-09-04 08:35:00+00:00,340.21,3.6,0.0,,firms_viirs_snpp_nrt_india.csv,,340.21,,,,3.6,0.0,,,,,,,,,,,,,,,,n,N,D,0,0,0,0,2026-09-04 08:35:00+00:00,84100.01476643496,84100.01476643496,uncertain,uncertain_review_required,insufficient_evidence,0.4,False,{},ranking,emergency_or_transient_fire,wildfire_or_agricultural_burn,day_fire_far_from_flare,0.65,conf=n+D+flare84100m+p90=0+frp=3.6,,,
frp:firms_viirs_snpp_nrt_india:firms_viirs_snpp_nrt_india.csv:1167,frp:firms_viirs_snpp_nrt_india,1167,7.81016,79.9166,2026-09-04 08:35:00+00:00,332.62,1.78,0.0,,firms_viirs_snpp_nrt_india.csv,,332.62,,,,1.78,0.0,,,,,,,,,,,,,,,,n,N,D,0,0,0,0,2026-09-04 08:35:00+00:00,94653.41527589147,94653.41527589147,uncertain,uncertain_review_required,insufficient_evidence,0.4,False,{},ranking,,,,0.0,,,,
frp:firms_viirs_snpp_nrt_india:firms_viirs_snpp_nrt_india.csv:1168,frp:firms_viirs_snpp_nrt_india,1168,7.81069,79.92027,2026-09-04 08:35:00+00:00,342.74,3.19,0.0,,firms_viirs_snpp_nrt_india.csv,,342.74,,,,3.19,0.0,,,,,,,,,,,,,,,,n,N,D,1,1,1,1,2026-09-04 08:35:00+00:00,94694.36526849151,94694.36526849151,uncertain,uncertain_review_required,insufficient_evidence,0.4,False,{},ranking,emergency_or_transient_fire,wildfire_or_agricultural_burn,day_fire_far_from_flare,0.65,conf=n+D+flare94694m+p90=1+frp=3.2,,,
frp:firms_viirs_snpp_nrt_india:firms_viirs_snpp_nrt_india.csv:1169,frp:firms_viirs_snpp_nrt_india,1169,7.81293,79.91923,2026-09-04 08:35:00+00:00,345.57,6.83,0.0,,firms_viirs_snpp_nrt_india.csv,,345.57,,,,6.83,0.0,,,,,,,,,,,,,,,,n,N,D,2,2,2,2,2026-09-04 08:35:00+00:00,94948.1110061967,94948.1110061967,uncertain,uncertain_review_required,insufficient_evidence,0.4,False,{},ranking,emergency_or_transient_fire,wildfire_or_agricultural_burn,day_fire_far_from_flare,0.65,conf=n+D+flare94948m+p90=2+frp=6.8,,,
frp:firms_viirs_snpp_nrt_india:firms_viirs_snpp_nrt_india.csv:1170,frp:firms_viirs_snpp_nrt_india,1170,7.87883,79.93985,2026-09-04 08:35:00+00:00,335.54,2.72,0.0,,firms_viirs_snpp_nrt_india.csv,,335.54,,,,2.72,0.0,,,,,,,,,,,,,,,,n,N,D,0,0,0,0,2026-09-04 08:35:00+00:00,102203.47259534759,102203.47259534759,uncertain,uncertain_review_required,insufficient_evidence,0.4,False,{},ranking,,,,0.0,,,,
frp:firms_viirs_snpp_nrt_india:firms_viirs_snpp_nrt_india.csv:1171,frp:firms_viirs_snpp_nrt_india,1171,7.87908,80.031,2026-09-04 08:35:00+00:00,338.52,3.08,0.0,,firms_viirs_snpp_nrt_india.csv,,338.52,,,,3.08,0.0,,,,,,,,,,,,,,,,n,N,D,2,2,2,2,2026-09-04 08:35:00+00:00,102544.73582970515,102544.73582970515,uncertain,uncertain_review_required,insufficient_evidence,0.4,False,{},ranking,emergency_or_transient_fire,wildfire_or_agricultural_burn,day_fire_far_from_flare,0.65,conf=n+D+flare102545m+p90=2+frp=3.1,,,
frp:firms_viirs_snpp_nrt_india:firms_viirs_snpp_nrt_india.csv:1172,frp:firms_viirs_snpp_nrt_india,1172,7.91133,80.55552,2026-09-04 08:35:00+00:00,335.04,7.07,0.0,,firms_viirs_snpp_nrt_india.csv,,335.04,,,,7.07,0.0,,,,,,,,,,,,,,,,n,N,D,2,2,2,2,2026-09-04 08:35:00+00:00,124726.08586285643,124726.08586285643,uncertain,uncertain_review_required,insufficient_evidence,0.4,False,{},ranking,emergency_or_transient_fire,wildfire_or_agricultural_burn,day_fire_far_from_flare,0.65,conf=n+D+flare124726m+p90=2+frp=7.1,,,
frp:firms_viirs_snpp_nrt_india:firms_viirs_snpp_nrt_india.csv:1173,frp:firms_viirs_snpp_nrt_india,1173,7.91191,80.55957,2026-09-04 08:35:00+00:00,342.84,7.48,0.0,,firms_viirs_snpp_nrt_india.csv,,342.84,,,,7.48,0.0,,,,,,,,,,,,,,,,n,N,D,3,3,3,3,2026-09-04 08:35:00+00:00,125017.72277965322,125017.72277965322,uncertain,uncertain_review_required,insufficient_evidence,0.4,False,{},ranking,,,,0.0,,,,
frp:firms_viirs_snpp_nrt_india:firms_viirs_snpp_nrt_india.csv:1174,frp:firms_viirs_snpp_nrt_india,1174,7.91323,80.55524,2026-09-04 08:35:00+00:00,342.53,8.63,0.0,,firms_viirs_snpp_nrt_india.csv,,342.53,,,,8.63,0.0,,,,,,,,,,,,,,,,n,N,D,0,0,0,0,2026-09-04 08:35:00+00:00,124888.94954837004,124888.94954837004,uncertain,uncertain_review_required,insufficient_evidence,0.4,False,{},ranking,emergency_or_transient_fire,wildfire_or_agricultural_burn,day_fire_far_from_flare,0.65,conf=n+D+flare124889m+p90=0+frp=8.6,,,
frp:firms_viirs_snpp_nrt_india:firms_viirs_snpp_nrt_india.csv:1175,frp:firms_viirs_snpp_nrt_india,1175,7.91379,80.5593,2026-09-04 08:35:00+00:00,342.55,10.66,0.0,,firms_viirs_snpp_nrt_india.csv,,342.55,,,,10.66,0.0,,,,,,,,,,,,,,,,n,N,D,1,1,1,1,2026-09-04 08:35:00+00:00,125178.90648797381,125178.90648797381,uncertain,uncertain_review_required,insufficient_evidence,0.4,False,{},ranking,emergency_or_transient_fire,wildfire_or_agricultural_burn,day_fire_far_from_flare,0.65,conf=n+D+flare125179m+p90=1+frp=10.7,,,
frp:firms_viirs_snpp_nrt_india:firms_viirs_snpp_nrt_india.csv:1176,frp:firms_viirs_snpp_nrt_india,1176,7.94364,80.12633,2026-09-04 08:35:00+00:00,338.53,5.19,0.0,,firms_viirs_snpp_nrt_india.csv,,338.53,,,,5.19,0.0,,,,,,,,,,,,,,,,n,N,D,4,4,4,4,2026-09-04 08:35:00+00:00,110985.23534610782,110985.23534610782,uncertain,uncertain_review_required,insufficient_evidence,0.4,False,{},ranking,,,,0.0,,,,
frp:firms_viirs_snpp_nrt_india:firms_viirs_snpp_nrt_india.csv:1177,frp:firms_viirs_snpp_nrt_india,1177,7.94419,80.13013,2026-09-04 08:35:00+00:00,341.27,7.55,0.0,,firms_viirs_snpp_nrt_india.csv,,341.27,,,,7.55,0.0,,,,,,,,,,,,,,,,n,N,D,5,5,5,5,2026-09-04 08:35:00+00:00,111116.94313613157,111116.94313613157,uncertain,uncertain_review_required,insufficient_evidence,0.4,False,{},ranking,,,,0.0,,,,
frp:firms_viirs_snpp_nrt_india:firms_viirs_snpp_nrt_india.csv:1178,frp:firms_viirs_snpp_nrt_india,1178,7.94493,80.62585,2026-09-04 08:35:00+00:00,332.78,3.01,0.0,,firms_viirs_snpp_nrt_india.csv,,332.78,,,,3.01,0.0,,,,,,,,,,,,,,,,n,N,D,10,10,10,10,2026-09-04 08:35:00+00:00,132080.3751039109,132080.3751039109,uncertain,uncertain_review_required,insufficient_evidence,0.4,False,{},ranking,,,,0.0,,,,
frp:firms_viirs_snpp_nrt_india:firms_viirs_snpp_nrt_india.csv:1179,frp:firms_viirs_snpp_nrt_india,1179,7.94517,80.04884,2026-09-04 08:35:00+00:00,338.79,4.21,0.0,,firms_viirs_snpp_nrt_india.csv,,338.79,,,,4.21,0.0,,,,,,,,,,,,,,,,n,N,D,1,1,1,1,2026-09-04 08:35:00+00:00,110036.11250993144,110036.11250993144,uncertain,uncertain_review_required,insufficient_evidence,0.4,False,{},ranking,emergency_or_transient_fire,wildfire_or_agricultural_burn,day_fire_far_from_flare,0.65,conf=n+D+flare110036m+p90=1+frp=4.2,,,
frp:firms_viirs_snpp_nrt_india:firms_viirs_snpp_nrt_india.csv:1180,frp:firms_viirs_snpp_nrt_india,1180,7.94696,80.04915,2026-09-04 08:35:00+00:00,331.12,2.16,0.0,,firms_viirs_snpp_nrt_india.csv,,331.12,,,,2.16,0.0,,,,,,,,,,,,,,,,n,N,D,0,0,0,0,2026-09-04 08:35:00+00:00,110237.45997219782,110237.45997219782,uncertain,uncertain_review_required,insufficient_evidence,0.4,False,{},ranking,,,,0.0,,,,
frp:firms_viirs_snpp_nrt_india:firms_viirs_snpp_nrt_india.csv:1181,frp:firms_viirs_snpp_nrt_india,1181,7.94782,80.12575,2026-09-04 08:35:00+00:00,342.94,5.19,0.0,,firms_viirs_snpp_nrt_india.csv,,342.94,,,,5.19,0.0,,,,,,,,,,,,,,,,n,N,D,2,2,2,2,2026-09-04 08:35:00+00:00,111432.64865646315,111432.64865646315,uncertain,uncertain_review_required,insufficient_evidence,0.4,False,{},ranking,emergency_or_transient_fire,wildfire_or_agricultural_burn,day_fire_far_from_flare,0.65,conf=n+D+flare111433m+p90=2+frp=5.2,,,
frp:firms_viirs_snpp_nrt_india:firms_viirs_snpp_nrt_india.csv:1182,frp:firms_viirs_snpp_nrt_india,1182,7.94837,80.12955,2026-09-04 08:35:00+00:00,345.31,7.55,0.0,,firms_viirs_snpp_nrt_india.csv,,345.31,,,,7.55,0.0,,,,,,,,,,,,,,,,n,N,D,3,3,3,3,2026-09-04 08:35:00+00:00,111563.8422140187,111563.8422140187,uncertain,uncertain_review_required,insufficient_evidence,0.4,False,{},ranking,,,,0.0,,,,
frp:firms_viirs_snpp_nrt_india:firms_viirs_snpp_nrt_india.csv:1183,frp:firms_viirs_snpp_nrt_india,1183,7.9495,79.85543,2026-09-04 08:35:00+00:00,339.74,3.96,0.0,,firms_viirs_snpp_nrt_india.csv,,339.74,,,,3.96,0.0,,,,,,,,,,,,,,,,n,N,D,0,0,0,0,2026-09-04 08:35:00+00:00,110607.55870935072,110607.55870935072,uncertain,uncertain_review_required,insufficient_evidence,0.4,False,{},ranking,emergency_or_transient_fire,wildfire_or_agricultural_burn,day_fire_far_from_flare,0.65,conf=n+D+flare110608m+p90=0+frp=4.0,,,
frp:firms_viirs_snpp_nrt_india:firms_viirs_snpp_nrt_india.csv:1184,frp:firms_viirs_snpp_nrt_india,1184,7.96289,81.33191,2026-09-04 08:35:00+00:00,344.81,8.43,0.0,,firms_viirs_snpp_nrt_india.csv,,344.81,,,,8.43,0.0,,,,,,,,,,,,,,,,n,N,D,22,22,22,22,2026-09-04 08:35:00+00:00,188245.35439209742,188245.35439209742,uncertain,uncertain_review_required,insufficient_evidence,0.4,False,{},ranking,,,,0.0,,,,
frp:firms_viirs_snpp_nrt_india:firms_viirs_snpp_nrt_india.csv:1185,frp:firms_viirs_snpp_nrt_india,1185,7.99274,80.41392,2026-09-04 08:35:00+00:00,330.55,6.58,0.0,,firms_viirs_snpp_nrt_india.csv,,330.55,,,,6.58,0.0,,,,,,,,,,,,,,,,n,N,D,5,5,5,5,2026-09-04 08:35:00+00:00,125438.62013929333,125438.62013929333,uncertain,uncertain_review_required,insufficient_evidence,0.4,False,{},ranking,,,,0.0,,,,
frp:firms_viirs_snpp_nrt_india:firms_viirs_snpp_nrt_india.csv:1186,frp:firms_viirs_snpp_nrt_india,1186,7.9936,80.4128,2026-09-04 08:35:00+00:00,334.52,3.91,0.0,,firms_viirs_snpp_nrt_india.csv,,334.52,,,,3.91,0.0,,,,,,,,,,,,,,,,n,N,D,6,6,6,6,2026-09-04 08:35:00+00:00,125476.60380524083,125476.60380524083,uncertain,uncertain_review_required,insufficient_evidence,0.4,False,{},ranking,,,,0.0,,,,
frp:firms_viirs_snpp_nrt_india:firms_viirs_snpp_nrt_india.csv:1187,frp:firms_viirs_snpp_nrt_india,1187,7.99599,81.46941,2026-09-04 08:35:00+00:00,337.55,5.83,0.0,,firms_viirs_snpp_nrt_india.csv,,337.55,,,,5.83,0.0,,,,,,,,,,,,,,,,n,N,D,2,2,2,2,2026-09-04 08:35:00+00:00,202722.28314775688,202722.28314775688,uncertain,uncertain_review_required,insufficient_evidence,0.4,False,{},ranking,emergency_or_transient_fire,wildfire_or_agricultural_burn,day_fire_far_from_flare,0.65,conf=n+D+flare202722m+p90=2+frp=5.8,,,
frp:firms_viirs_snpp_nrt_india:firms_viirs_snpp_nrt_india.csv:1188,frp:firms_viirs_snpp_nrt_india,1188,8.00805,80.60468,2026-09-04 08:35:00+00:00,330.09,1.61,0.0,,firms_viirs_snpp_nrt_india.csv,,330.09,,,,1.61,0.0,,,,,,,,,,,,,,,,n,N,D,15,15,15,15,2026-09-04 08:35:00+00:00,136719.6260292448,136719.6260292448,uncertain,uncertain_review_required,insufficient_evidence,0.4,False,{},ranking,,,,0.0,,,,
frp:firms_viirs_snpp_nrt_india:firms_viirs_snpp_nrt_india.csv:1189,frp:firms_viirs_snpp_nrt_india,1189,8.01845,80.61577,2026-09-04 08:35:00+00:00,330.07,2.8,0.0,,firms_viirs_snpp_nrt_india.csv,,330.07,,,,2.8,0.0,,,,,,,,,,,,,,,,n,N,D,11,11,11,11,2026-09-04 08:35:00+00:00,138344.79650786312,138344.79650786312,uncertain,uncertain_review_required,insufficient_evidence,0.4,False,{},ranking,,,,0.0,,,,
frp:firms_viirs_snpp_nrt_india:firms_viirs_snpp_nrt_india.csv:1190,frp:firms_viirs_snpp_nrt_india,1190,8.02105,80.30539,2026-09-04 08:35:00+00:00,335.51,3.0,0.0,,firms_viirs_snpp_nrt_india.csv,,335.51,,,,3.0,0.0,,,,,,,,,,,,,,,,n,N,D,0,0,0,0,2026-09-04 08:35:00+00:00,124112.93668665444,124112.93668665444,uncertain,uncertain_review_required,insufficient_evidence,0.4,False,{},ranking,emergency_or_transient_fire,wildfire_or_agricultural_burn,day_fire_far_from_flare,0.65,conf=n+D+flare124113m+p90=0+frp=3.0,,,
frp:firms_viirs_snpp_nrt_india:firms_viirs_snpp_nrt_india.csv:1191,frp:firms_viirs_snpp_nrt_india,1191,8.02395,80.62332,2026-09-04 08:35:00+00:00,343.11,9.3,0.0,,firms_viirs_snpp_nrt_india.csv,,343.11,,,,9.3,0.0,,,,,,,,,,,,,,,,n,N,D,10,10,10,10,2026-09-04 08:35:00+00:00,139302.7552402091,139302.7552402091,uncertain,uncertain_review_required,insufficient_evidence,0.4,False,{},ranking,,,,0.0,,,,
frp:firms_viirs_snpp_nrt_india:firms_viirs_snpp_nrt_india.csv:1192,frp:firms_viirs_snpp_nrt_india,1192,8.02528,80.62028,2026-09-04 08:35:00+00:00,342.88,6.82,0.0,,firms_viirs_snpp_nrt_india.csv,,342.88,,,,6.82,0.0,,,,,,,,,,,,,,,,n,N,D,9,9,9,9,2026-09-04 08:35:00+00:00,139251.91324751053,139251.91324751053,uncertain,uncertain_review_required,insufficient_evidence,0.4,False,{},ranking,,,,0.0,,,,
frp:firms_viirs_snpp_nrt_india:firms_viirs_snpp_nrt_india.csv:1193,frp:firms_viirs_snpp_nrt_india,1193,8.05665,80.10335,2026-09-04 08:35:00+00:00,334.82,2.21,0.0,,firms_viirs_snpp_nrt_india.csv,,334.82,,,,2.21,0.0,,,,,,,,,,,,,,,,n,N,D,0,0,0,0,2026-09-04 08:35:00+00:00,123030.04266001804,123030.04266001804,uncertain,uncertain_review_required,insufficient_evidence,0.4,False,{},ranking,,,,0.0,,,,
frp:firms_viirs_snpp_nrt_india:firms_viirs_snpp_nrt_india.csv:1194,frp:firms_viirs_snpp_nrt_india,1194,8.12243,80.51514,2026-09-04 08:35:00+00:00,334.58,6.02,0.0,,firms_viirs_snpp_nrt_india.csv,,334.58,,,,6.02,0.0,,,,,,,,,,,,,,,,n,N,D,0,0,0,0,2026-09-04 08:35:00+00:00,143193.46016639553,143193.46016639553,uncertain,uncertain_review_required,insufficient_evidence,0.4,False,{},ranking,emergency_or_transient_fire,wildfire_or_agricultural_burn,day_fire_far_from_flare,0.65,conf=n+D+flare143193m+p90=0+frp=6.0,,,
frp:firms_viirs_snpp_nrt_india:firms_viirs_snpp_nrt_india.csv:1195,frp:firms_viirs_snpp_nrt_india,1195,8.14543,80.06309,2026-09-04 08:35:00+00:00,331.23,2.4,0.0,,firms_viirs_snpp_nrt_india.csv,,331.23,,,,2.4,0.0,,,,,,,,,,,,,,,,n,N,D,0,0,0,0,2026-09-04 08:35:00+00:00,132354.55448888836,132354.55448888836,uncertain,uncertain_review_required,insufficient_evidence,0.4,False,{},ranking,,,,0.0,,,,
frp:firms_viirs_snpp_nrt_india:firms_viirs_snpp_nrt_india.csv:1196,frp:firms_viirs_snpp_nrt_india,1196,8.17443,81.31121,2026-09-04 08:35:00+00:00,351.92,14.58,0.0,,firms_viirs_snpp_nrt_india.csv,,351.92,,,,14.58,0.0,,,,,,,,,,,,,,,,n,N,D,5,5,5,5,2026-09-04 08:35:00+00:00,201341.88180845504,201341.88180845504,uncertain,uncertain_review_required,insufficient_evidence,0.4,False,{},ranking,,,,0.0,,,,
frp:firms_viirs_snpp_nrt_india:firms_viirs_snpp_nrt_india.csv:1197,frp:firms_viirs_snpp_nrt_india,1197,8.20822,80.68834,2026-09-04 08:35:00+00:00,330.26,4.09,0.0,,firms_viirs_snpp_nrt_india.csv,,330.26,,,,4.09,0.0,,,,,,,,,,,,,,,,n,N,D,3,3,3,3,2026-09-04 08:35:00+00:00,160550.51627828265,160550.51627828265,uncertain,uncertain_review_required,insufficient_evidence,0.4,False,{},ranking,,,,0.0,,,,
frp:firms_viirs_snpp_nrt_india:firms_viirs_snpp_nrt_india.csv:1198,frp:firms_viirs_snpp_nrt_india,1198,8.22253,81.08371,2026-09-04 08:35:00+00:00,336.55,5.88,0.0,,firms_viirs_snpp_nrt_india.csv,,336.55,,,,5.88,0.0,,,,,,,,,,,,,,,,n,N,D,2,2,2,2,2026-09-04 08:35:00+00:00,187482.95406813244,187482.95406813244,uncertain,uncertain_review_required,insufficient_evidence,0.4,False,{},ranking,emergency_or_transient_fire,wildfire_or_agricultural_burn,day_fire_far_from_flare,0.65,conf=n+D+flare187483m+p90=2+frp=5.9,,,
frp:firms_viirs_snpp_nrt_india:firms_viirs_snpp_nrt_india.csv:1199,frp:firms_viirs_snpp_nrt_india,1199,8.23714,80.64191,2026-09-04 08:35:00+00:00,331.67,2.94,0.0,,firms_viirs_snpp_nrt_india.csv,,331.67,,,,2.94,0.0,,,,,,,,,,,,,,,,n,N,D,3,3,3,3,2026-09-04 08:35:00+00:00,160871.8470031478,160871.8470031478,uncertain,uncertain_review_required,insufficient_evidence,0.4,False,{},ranking,,,,0.0,,,,
frp:firms_viirs_snpp_nrt_india:firms_viirs_snpp_nrt_india.csv:1200,frp:firms_viirs_snpp_nrt_india,1200,8.23842,80.64211,2026-09-04 08:35:00+00:00,339.6,7.04,0.0,,firms_viirs_snpp_nrt_india.csv,,339.6,,,,7.04,0.0,,,,,,,,,,,,,,,,n,N,D,2,2,2,2,2026-09-04 08:35:00+00:00,161007.810353711,161007.810353711,uncertain,uncertain_review_required,insufficient_evidence,0.4,False,{},ranking,emergency_or_transient_fire,wildfire_or_agricultural_burn,day_fire_far_from_flare,0.65,conf=n+D+flare161008m+p90=2+frp=7.0,,,
frp:firms_viirs_snpp_nrt_india:firms_viirs_snpp_nrt_india.csv:1201,frp:firms_viirs_snpp_nrt_india,1201,8.24209,80.64552,2026-09-04 08:35:00+00:00,337.12,6.02,0.0,,firms_viirs_snpp_nrt_india.csv,,337.12,,,,6.02,0.0,,,,,,,,,,,,,,,,n,N,D,1,1,1,1,2026-09-04 08:35:00+00:00,161544.45842009084,161544.45842009084,uncertain,uncertain_review_required,insufficient_evidence,0.4,False,{},ranking,emergency_or_transient_fire,wildfire_or_agricultural_burn,day_fire_far_from_flare,0.65,conf=n+D+flare161544m+p90=1+frp=6.0,,,
frp:firms_viirs_snpp_nrt_india:firms_viirs_snpp_nrt_india.csv:1202,frp:firms_viirs_snpp_nrt_india,1202,8.2431,80.11183,2026-09-04 08:35:00+00:00,330.25,1.97,0.0,,firms_viirs_snpp_nrt_india.csv,,330.25,,,,1.97,0.0,,,,,,,,,,,,,,,,n,N,D,2,2,2,2,2026-09-04 08:35:00+00:00,143715.89350983957,143715.89350983957,uncertain,uncertain_review_required,insufficient_evidence,0.4,False,{},ranking,,,,0.0,,,,
frp:firms_viirs_snpp_nrt_india:firms_viirs_snpp_nrt_india.csv:1203,frp:firms_viirs_snpp_nrt_india,1203,8.25259,80.78128,2026-09-04 08:35:00+00:00,338.93,5.12,0.0,,firms_viirs_snpp_nrt_india.csv,,338.93,,,,5.12,0.0,,,,,,,,,,,,,,,,n,N,D,1,1,1,1,2026-09-04 08:35:00+00:00,170080.26628049635,170080.26628049635,uncertain,uncertain_review_required,insufficient_evidence,0.4,False,{},ranking,emergency_or_transient_fire,wildfire_or_agricultural_burn,day_fire_far_from_flare,0.65,conf=n+D+flare170080m+p90=1+frp=5.1,,,
frp:firms_viirs_snpp_nrt_india:firms_viirs_snpp_nrt_india.csv:1204,frp:firms_viirs_snpp_nrt_india,1204,8.25285,80.78179,2026-09-04 08:35:00+00:00,331.85,6.36,0.0,,firms_viirs_snpp_nrt_india.csv,,331.85,,,,6.36,0.0,,,,,,,,,,,,,,,,n,N,D,0,0,0,0,2026-09-04 08:35:00+00:00,170134.73209044166,170134.73209044166,uncertain,uncertain_review_required,insufficient_evidence,0.4,False,{},ranking,emergency_or_transient_fire,wildfire_or_agricultural_burn,day_fire_far_from_flare,0.65,conf=n+D+flare170135m+p90=0+frp=6.4,,,
frp:firms_viirs_snpp_nrt_india:firms_viirs_snpp_nrt_india.csv:1205,frp:firms_viirs_snpp_nrt_india,1205,8.25512,80.10616,2026-09-04 08:35:00+00:00,343.26,4.31,0.0,,firms_viirs_snpp_nrt_india.csv,,343.26,,,,4.31,0.0,,,,,,,,,,,,,,,,n,N,D,3,3,3,3,2026-09-04 08:35:00+00:00,144970.5468592092,144970.5468592092,uncertain,uncertain_review_required,insufficient_evidence,0.4,False,{},ranking,,,,0.0,,,,
frp:firms_viirs_snpp_nrt_india:firms_viirs_snpp_nrt_india.csv:1206,frp:firms_viirs_snpp_nrt_india,1206,8.27044,80.33495,2026-09-04 08:35:00+00:00,332.14,3.03,0.0,,firms_viirs_snpp_nrt_india.csv,,332.14,,,,3.03,0.0,,,,,,,,,,,,,,,,n,N,D,1,1,1,1,2026-09-04 08:35:00+00:00,151584.63113700622,151584.63113700622,uncertain,uncertain_review_required,insufficient_evidence,0.4,False,{},ranking,emergency_or_transient_fire,wildfire_or_agricultural_burn,day_fire_far_from_flare,0.65,conf=n+D+flare151585m+p90=1+frp=3.0,,,
frp:firms_viirs_snpp_nrt_india:firms_viirs_snpp_nrt_india.csv:1207,frp:firms_viirs_snpp_nrt_india,1207,8.31202,80.59825,2026-09-04 08:35:00+00:00,332.09,5.69,0.0,,firms_viirs_snpp_nrt_india.csv,,332.09,,,,5.69,0.0,,,,,,,,,,,,,,,,n,N,D,2,2,2,2,2026-09-04 08:35:00+00:00,166160.80550953883,166160.80550953883,uncertain,uncertain_review_required,insufficient_evidence,0.4,False,{},ranking,emergency_or_transient_fire,wildfire_or_agricultural_burn,day_fire_far_from_flare,0.65,conf=n+D+flare166161m+p90=2+frp=5.7,,,
frp:firms_viirs_snpp_nrt_india:firms_viirs_snpp_nrt_india.csv:1208,frp:firms_viirs_snpp_nrt_india,1208,8.31947,80.29152,2026-09-04 08:35:00+00:00,342.47,8.9,0.0,,firms_viirs_snpp_nrt_india.csv,,342.47,,,,8.9,0.0,,,,,,,,,,,,,,,,n,N,D,7,7,7,7,2026-09-04 08:35:00+00:00,155628.01806144704,155628.01806144704,uncertain,uncertain_review_required,insufficient_evidence,0.4,False,{},ranking,,,,0.0,,,,
frp:firms_viirs_snpp_nrt_india:firms_viirs_snpp_nrt_india.csv:1209,frp:firms_viirs_snpp_nrt_india,1209,8.324,80.23045,2026-09-04 08:35:00+00:00,345.94,7.54,0.0,,firms_viirs_snpp_nrt_india.csv,,345.94,,,,7.54,0.0,,,,,,,,,,,,,,,,n,N,D,15,15,15,15,2026-09-04 08:35:00+00:00,154663.82103857593,154663.82103857593,uncertain,uncertain_review_required,insufficient_evidence,0.4,False,{},ranking,,,,0.0,,,,
frp:firms_viirs_snpp_nrt_india:firms_viirs_snpp_nrt_india.csv:1210,frp:firms_viirs_snpp_nrt_india,1210,8.33193,80.77122,2026-09-04 08:35:00+00:00,333.02,1.65,0.0,,firms_viirs_snpp_nrt_india.csv,,333.02,,,,1.65,0.0,,,,,,,,,,,,,,,,n,N,D,8,8,8,8,2026-09-04 08:35:00+00:00,177029.86021154944,177029.86021154944,uncertain,uncertain_review_required,insufficient_evidence,0.4,False,{},ranking,,,,0.0,,,,
frp:firms_viirs_snpp_nrt_india:firms_viirs_snpp_nrt_india.csv:1211,frp:firms_viirs_snpp_nrt_india,1211,8.35027,80.74276,2026-09-04 08:35:00+00:00,336.8,14.51,0.0,,firms_viirs_snpp_nrt_india.csv,,336.8,,,,14.51,0.0,,,,,,,,,,,,,,,,n,N,D,4,4,4,4,2026-09-04 08:35:00+00:00,177235.09970457872,177235.09970457872,uncertain,uncertain_review_required,insufficient_evidence,0.4,False,{},ranking,,,,0.0,,,,
frp:firms_viirs_snpp_nrt_india:firms_viirs_snpp_nrt_india.csv:1212,frp:firms_viirs_snpp_nrt_india,1212,8.35087,80.747,2026-09-04 08:35:00+00:00,343.16,19.72,0.0,,firms_viirs_snpp_nrt_india.csv,,343.16,,,,19.72,0.0,,,,,,,,,,,,,,,,n,N,D,3,3,3,3,2026-09-04 08:35:00+00:00,177522.10631758286,177522.10631758286,uncertain,uncertain_review_required,insufficient_evidence,0.4,False,{},ranking,,,,0.0,,,,
frp:firms_viirs_snpp_nrt_india:firms_viirs_snpp_nrt_india.csv:1213,frp:firms_viirs_snpp_nrt_india,1213,8.35448,80.74238,2026-09-04 08:35:00+00:00,340.73,7.01,0.0,,firms_viirs_snpp_nrt_india.csv,,340.73,,,,7.01,0.0,,,,,,,,,,,,,,,,n,N,D,2,2,2,2,2026-09-04 08:35:00+00:00,177622.97778622387,177622.97778622387,uncertain,uncertain_review_required,insufficient_evidence,0.4,False,{},ranking,emergency_or_transient_fire,wildfire_or_agricultural_burn,day_fire_far_from_flare,0.65,conf=n+D+flare177623m+p90=2+frp=7.0,,,
frp:firms_viirs_snpp_nrt_india:firms_viirs_snpp_nrt_india.csv:1214,frp:firms_viirs_snpp_nrt_india,1214,8.35466,80.74216,2026-09-04 08:35:00+00:00,336.97,8.59,0.0,,firms_viirs_snpp_nrt_india.csv,,336.97,,,,8.59,0.0,,,,,,,,,,,,,,,,n,N,D,1,1,1,1,2026-09-04 08:35:00+00:00,177628.62444961318,177628.62444961318,uncertain,uncertain_review_required,insufficient_evidence,0.4,False,{},ranking,emergency_or_transient_fire,wildfire_or_agricultural_burn,day_fire_far_from_flare,0.65,conf=n+D+flare177629m+p90=1+frp=8.6,,,
frp:firms_viirs_snpp_nrt_india:firms_viirs_snpp_nrt_india.csv:1215,frp:firms_viirs_snpp_nrt_india,1215,8.35526,80.7464,2026-09-04 08:35:00+00:00,333.87,5.61,0.0,,firms_viirs_snpp_nrt_india.csv,,333.87,,,,5.61,0.0,,,,,,,,,,,,,,,,n,N,D,6,6,6,6,2026-09-04 08:35:00+00:00,177915.00325580672,177915.00325580672,uncertain,uncertain_review_required,insufficient_evidence,0.4,False,{},ranking,,,,0.0,,,,
frp:firms_viirs_snpp_nrt_india:firms_viirs_snpp_nrt_india.csv:1216,frp:firms_viirs_snpp_nrt_india,1216,8.38549,80.29862,2026-09-04 08:35:00+00:00,330.45,2.31,0.0,,firms_viirs_snpp_nrt_india.csv,,330.45,,,,2.31,0.0,,,,,,,,,,,,,,,,n,N,D,14,14,14,14,2026-09-04 08:35:00+00:00,162947.4015636797,162947.4015636797,uncertain,uncertain_review_required,insufficient_evidence,0.4,False,{},ranking,,,,0.0,,,,
frp:firms_viirs_snpp_nrt_india:firms_viirs_snpp_nrt_india.csv:1217,frp:firms_viirs_snpp_nrt_india,1217,8.38778,80.78993,2026-09-04 08:35:00+00:00,330.12,6.16,0.0,,firms_viirs_snpp_nrt_india.csv,,330.12,,,,6.16,0.0,,,,,,,,,,,,,,,,n,N,D,10,10,10,10,2026-09-04 08:35:00+00:00,183429.85535925865,183429.85535925865,uncertain,uncertain_review_required,insufficient_evidence,0.4,False,{},ranking,,,,0.0,,,,
frp:firms_viirs_snpp_nrt_india:firms_viirs_snpp_nrt_india.csv:1218,frp:firms_viirs_snpp_nrt_india,1218,8.40374,81.05544,2026-09-04 08:35:00+00:00,341.59,8.74,0.0,,firms_viirs_snpp_nrt_india.csv,,341.59,,,,8.74,0.0,,,,,,,,,,,,,,,,n,N,D,14,14,14,14,2026-09-04 08:35:00+00:00,201104.7745079948,201104.7745079948,uncertain,uncertain_review_required,insufficient_evidence,0.4,False,{},ranking,,,,0.0,,,,
frp:firms_viirs_snpp_nrt_india:firms_viirs_snpp_nrt_india.csv:1219,frp:firms_viirs_snpp_nrt_india,1219,8.40438,81.05991,2026-09-04 08:35:00+00:00,341.87,4.67,0.0,,firms_viirs_snpp_nrt_india.csv,,341.87,,,,4.67,0.0,,,,,,,,,,,,,,,,n,N,D,13,13,13,13,2026-09-04 08:35:00+00:00,201458.4503437635,201458.4503437635,uncertain,uncertain_review_required,insufficient_evidence,0.4,False,{},ranking,,,,0.0,,,,
frp:firms_viirs_snpp_nrt_india:firms_viirs_snpp_nrt_india.csv:1220,frp:firms_viirs_snpp_nrt_india,1220,8.40441,80.68349,2026-09-04 08:35:00+00:00,332.62,1.64,0.0,,firms_viirs_snpp_nrt_india.csv,,332.62,,,,1.64,0.0,,,,,,,,,,,,,,,,n,N,D,6,6,6,6,2026-09-04 08:35:00+00:00,179499.08266376116,179499.08266376116,uncertain,uncertain_review_required,insufficient_evidence,0.4,False,{},ranking,,,,0.0,,,,
frp:firms_viirs_snpp_nrt_india:firms_viirs_snpp_nrt_india.csv:1221,frp:firms_viirs_snpp_nrt_india,1221,8.40566,81.0557,2026-09-04 08:35:00+00:00,342.53,9.69,0.0,,firms_viirs_snpp_nrt_india.csv,,342.53,,,,9.69,0.0,,,,,,,,,,,,,,,,n,N,D,12,12,12,12,2026-09-04 08:35:00+00:00,201292.33071776002,201292.33071776002,uncertain,uncertain_review_required,insufficient_evidence,0.4,False,{},ranking,,,,0.0,,,,
frp:firms_viirs_snpp_nrt_india:firms_viirs_snpp_nrt_india.csv:1222,frp:firms_viirs_snpp_nrt_india,1222,8.40626,81.06018,2026-09-04 08:35:00+00:00,334.05,8.49,0.0,,firms_viirs_snpp_nrt_india.csv,,334.05,,,,8.49,0.0,,,,,,,,,,,,,,,,n,N,D,12,12,12,12,2026-09-04 08:35:00+00:00,201642.9420194971,201642.9420194971,uncertain,uncertain_review_required,insufficient_evidence,0.4,False,{},ranking,,,,0.0,,,,
frp:firms_viirs_snpp_nrt_india:firms_viirs_snpp_nrt_india.csv:1223,frp:firms_viirs_snpp_nrt_india,1223,8.41519,80.446,2026-09-04 08:35:00+00:00,331.74,2.86,0.0,,firms_viirs_snpp_nrt_india.csv,,331.74,,,,2.86,0.0,,,,,,,,,,,,,,,,n,N,D,9,9,9,9,2026-09-04 08:35:00+00:00,170581.56950321584,170581.56950321584,uncertain,uncertain_review_required,insufficient_evidence,0.4,False,{},ranking,,,,0.0,,,,
frp:firms_viirs_snpp_nrt_india:firms_viirs_snpp_nrt_india.csv:1224,frp:firms_viirs_snpp_nrt_india,1224,8.41545,80.41713,2026-09-04 08:35:00+00:00,330.78,4.37,0.0,,firms_viirs_snpp_nrt_india.csv,,330.78,,,,4.37,0.0,,,,,,,,,,,,,,,,n,N,D,9,9,9,9,2026-09-04 08:35:00+00:00,169629.9887602129,169629.9887602129,uncertain,uncertain_review_required,insufficient_evidence,0.4,False,{},ranking,,,,0.0,,,,
frp:firms_viirs_snpp_nrt_india:firms_viirs_snpp_nrt_india.csv:1225,frp:firms_viirs_snpp_nrt_india,1225,8.42824,80.5067,2026-09-04 08:35:00+00:00,341.31,6.04,0.0,,firms_viirs_snpp_nrt_india.csv,,341.31,,,,6.04,0.0,,,,,,,,,,,,,,,,n,N,D,4,4,4,4,2026-09-04 08:35:00+00:00,174172.54212834276,174172.54212834276,uncertain,uncertain_review_required,insufficient_evidence,0.4,False,{},ranking,,,,0.0,,,,
frp:firms_viirs_snpp_nrt_india:firms_viirs_snpp_nrt_india.csv:1226,frp:firms_viirs_snpp_nrt_india,1226,8.43036,80.50778,2026-09-04 08:35:00+00:00,350.84,22.75,0.0,,firms_viirs_snpp_nrt_india.csv,,350.84,,,,22.75,0.0,,,,,,,,,,,,,,,,n,N,D,6,6,6,6,2026-09-04 08:35:00+00:00,174434.90644723384,174434.90644723384,uncertain,uncertain_review_required,insufficient_evidence,0.4,False,{},ranking,,,,0.0,,,,
frp:firms_viirs_snpp_nrt_india:firms_viirs_snpp_nrt_india.csv:1227,frp:firms_viirs_snpp_nrt_india,1227,8.43084,80.35042,2026-09-04 08:35:00+00:00,335.17,5.74,0.0,,firms_viirs_snpp_nrt_india.csv,,335.17,,,,5.74,0.0,,,,,,,,,,,,,,,,n,N,D,9,9,9,9,2026-09-04 08:35:00+00:00,169230.30743982896,169230.30743982896,uncertain,uncertain_review_required,insufficient_evidence,0.4,False,{},ranking,,,,0.0,,,,
frp:firms_viirs_snpp_nrt_india:firms_viirs_snpp_nrt_india.csv:1228,frp:firms_viirs_snpp_nrt_india,1228,8.43256,80.50612,2026-09-04 08:35:00+00:00,336.22,6.04,0.0,,firms_viirs_snpp_nrt_india.csv,,336.22,,,,6.04,0.0,,,,,,,,,,,,,,,,n,N,D,8,8,8,8,2026-09-04 08:35:00+00:00,174600.64933085782,174600.64933085782,uncertain,uncertain_review_required,insufficient_evidence,0.4,False,{},ranking,,,,0.0,,,,
frp:firms_viirs_snpp_nrt_india:firms_viirs_snpp_nrt_india.csv:1229,frp:firms_viirs_snpp_nrt_india,1229,8.43315,80.51025,2026-09-04 08:35:00+00:00,342.96,6.04,0.0,,firms_viirs_snpp_nrt_india.csv,,342.96,,,,6.04,0.0,,,,,,,,,,,,,,,,n,N,D,8,8,8,8,2026-09-04 08:35:00+00:00,174820.49608851533,174820.49608851533,uncertain,uncertain_review_required,insufficient_evidence,0.4,False,{},ranking,,,,0.0,,,,
frp:firms_viirs_snpp_nrt_india:firms_viirs_snpp_nrt_india.csv:1230,frp:firms_viirs_snpp_nrt_india,1230,8.4458,80.23885,2026-09-04 08:35:00+00:00,339.02,2.9,0.0,,firms_viirs_snpp_nrt_india.csv,,339.02,,,,2.9,0.0,,,,,,,,,,,,,,,,n,N,D,7,7,7,7,2026-09-04 08:35:00+00:00,168135.61445033582,168135.61445033582,uncertain,uncertain_review_required,insufficient_evidence,0.4,False,{},ranking,,,,0.0,,,,
frp:firms_viirs_snpp_nrt_india:firms_viirs_snpp_nrt_india.csv:1231,frp:firms_viirs_snpp_nrt_india,1231,8.45281,81.09965,2026-09-04 08:35:00+00:00,333.83,5.03,0.0,,firms_viirs_snpp_nrt_india.csv,,333.83,,,,5.03,0.0,,,,,,,,,,,,,,,,n,N,D,8,8,8,8,2026-09-04 08:35:00+00:00,208390.8483123008,208390.8483123008,uncertain,uncertain_review_required,insufficient_evidence,0.4,False,{},ranking,,,,0.0,,,,
frp:firms_viirs_snpp_nrt_india:firms_viirs_snpp_nrt_india.csv:1232,frp:firms_viirs_snpp_nrt_india,1232,8.45517,80.40042,2026-09-04 08:35:00+00:00,333.89,5.47,0.0,,firms_viirs_snpp_nrt_india.csv,,333.89,,,,5.47,0.0,,,,,,,,,,,,,,,,n,N,D,23,23,23,23,2026-09-04 08:35:00+00:00,173319.91852651295,173319.91852651295,uncertain,uncertain_review_required,insufficient_evidence,0.4,False,{},ranking,,,,0.0,,,,
frp:firms_viirs_snpp_nrt_india:firms_viirs_snpp_nrt_india.csv:1233,frp:firms_viirs_snpp_nrt_india,1233,8.46493,80.50307,2026-09-04 08:35:00+00:00,331.6,2.89,0.0,,firms_viirs_snpp_nrt_india.csv,,331.6,,,,2.89,0.0,,,,,,,,,,,,,,,,n,N,D,9,9,9,9,2026-09-04 08:35:00+00:00,177866.02272512522,177866.02272512522,uncertain,uncertain_review_required,insufficient_evidence,0.4,False,{},ranking,,,,0.0,,,,
frp:firms_viirs_snpp_nrt_india:firms_viirs_snpp_nrt_india.csv:1234,frp:firms_viirs_snpp_nrt_india,1234,8.47596,80.45562,2026-09-04 08:35:00+00:00,355.15,6.49,0.0,,firms_viirs_snpp_nrt_india.csv,,355.15,,,,6.49,0.0,,,,,,,,,,,,,,,,n,N,D,5,5,5,5,2026-09-04 08:35:00+00:00,177329.68703896084,177329.68703896084,uncertain,uncertain_review_required,insufficient_evidence,0.4,False,{},ranking,,,,0.0,,,,
frp:firms_viirs_snpp_nrt_india:firms_viirs_snpp_nrt_india.csv:1235,frp:firms_viirs_snpp_nrt_india,1235,8.48686,80.47081,2026-09-04 08:35:00+00:00,346.93,10.21,0.0,,firms_viirs_snpp_nrt_india.csv,,346.93,,,,10.21,0.0,,,,,,,,,,,,,,,,n,N,D,5,5,5,5,2026-09-04 08:35:00+00:00,179004.93329171283,179004.93329171283,uncertain,uncertain_review_required,insufficient_evidence,0.4,False,{},ranking,,,,0.0,,,,
frp:firms_viirs_snpp_nrt_india:firms_viirs_snpp_nrt_india.csv:1236,frp:firms_viirs_snpp_nrt_india,1236,8.51423,80.24119,2026-09-04 08:35:00+00:00,332.7,3.23,0.0,,firms_viirs_snpp_nrt_india.csv,,332.7,,,,3.23,0.0,,,,,,,,,,,,,,,,n,N,D,0,0,0,0,2026-09-04 08:35:00+00:00,175664.30203522535,175664.30203522535,uncertain,uncertain_review_required,insufficient_evidence,0.4,False,{},ranking,emergency_or_transient_fire,wildfire_or_agricultural_burn,day_fire_far_from_flare,0.65,conf=n+D+flare175664m+p90=0+frp=3.2,,,
frp:firms_viirs_snpp_nrt_india:firms_viirs_snpp_nrt_india.csv:1237,frp:firms_viirs_snpp_nrt_india,1237,8.52532,80.4322,2026-09-04 08:35:00+00:00,333.29,3.64,0.0,,firms_viirs_snpp_nrt_india.csv,,333.29,,,,3.64,0.0,,,,,,,,,,,,,,,,n,N,D,9,9,9,9,2026-09-04 08:35:00+00:00,181793.84718776398,181793.84718776398,uncertain,uncertain_review_required,insufficient_evidence,0.4,False,{},ranking,,,,0.0,,,,
frp:firms_viirs_snpp_nrt_india:firms_viirs_snpp_nrt_india.csv:1238,frp:firms_viirs_snpp_nrt_india,1238,8.52704,80.43185,2026-09-04 08:35:00+00:00,345.61,6.58,0.0,,firms_viirs_snpp_nrt_india.csv,,345.61,,,,6.58,0.0,,,,,,,,,,,,,,,,n,N,D,7,7,7,7,2026-09-04 08:35:00+00:00,181965.85363000244,181965.85363000244,uncertain,uncertain_review_required,insufficient_evidence,0.4,False,{},ranking,,,,0.0,,,,
frp:firms_viirs_snpp_nrt_india:firms_viirs_snpp_nrt_india.csv:1239,frp:firms_viirs_snpp_nrt_india,1239,8.52962,80.43159,2026-09-04 08:35:00+00:00,335.64,3.64,0.0,,firms_viirs_snpp_nrt_india.csv,,335.64,,,,3.64,0.0,,,,,,,,,,,,,,,,n,N,D,6,6,6,6,2026-09-04 08:35:00+00:00,182232.33569038365,182232.33569038365,uncertain,uncertain_review_required,insufficient_evidence,0.4,False,{},ranking,,,,0.0,,,,
frp:firms_viirs_snpp_nrt_india:firms_viirs_snpp_nrt_india.csv:1240,frp:firms_viirs_snpp_nrt_india,1240,8.53881,80.8772,2026-09-04 08:35:00+00:00,345.24,6.79,0.0,,firms_viirs_snpp_nrt_india.csv,,345.24,,,,6.79,0.0,,,,,,,,,,,,,,,,n,N,D,15,15,15,15,2026-09-04 08:35:00+00:00,202772.7031893256,202772.7031893256,uncertain,uncertain_review_required,insufficient_evidence,0.4,False,{},ranking,,,,0.0,,,,
frp:firms_viirs_snpp_nrt_india:firms_viirs_snpp_nrt_india.csv:1241,frp:firms_viirs_snpp_nrt_india,1241,8.55367,80.37032,2026-09-04 08:35:00+00:00,338.51,4.39,0.0,,firms_viirs_snpp_nrt_india.csv,,338.51,,,,4.39,0.0,,,,,,,,,,,,,,,,n,N,D,5,5,5,5,2026-09-04 08:35:00+00:00,182997.40912666588,182997.40912666588,uncertain,uncertain_review_required,insufficient_evidence,0.4,False,{},ranking,,,,0.0,,,,
frp:firms_viirs_snpp_nrt_india:firms_viirs_snpp_nrt_india.csv:1242,frp:firms_viirs_snpp_nrt_india,1242,8.55657,80.87483,2026-09-04 08:35:00+00:00,343.54,4.01,0.0,,firms_viirs_snpp_nrt_india.csv,,343.54,,,,4.01,0.0,,,,,,,,,,,,,,,,n,N,D,13,13,13,13,2026-09-04 08:35:00+00:00,204354.51244228752,204354.51244228752,uncertain,uncertain_review_required,insufficient_evidence,0.4,False,{},ranking,,,,0.0,,,,
frp:firms_viirs_snpp_nrt_india:firms_viirs_snpp_nrt_india.csv:1243,frp:firms_viirs_snpp_nrt_india,1243,8.56465,80.90033,2026-09-04 08:35:00+00:00,337.52,4.82,0.0,,firms_viirs_snpp_nrt_india.csv,,337.52,,,,4.82,0.0,,,,,,,,,,,,,,,,n,N,D,8,8,8,8,2026-09-04 08:35:00+00:00,206535.2353098685,206535.2353098685,uncertain,uncertain_review_required,insufficient_evidence,0.4,False,{},ranking,,,,0.0,,,,
frp:firms_viirs_snpp_nrt_india:firms_viirs_snpp_nrt_india.csv:1244,frp:firms_viirs_snpp_nrt_india,1244,8.56527,80.90474,2026-09-04 08:35:00+00:00,343.07,10.76,0.0,,firms_viirs_snpp_nrt_india.csv,,343.07,,,,10.76,0.0,,,,,,,,,,,,,,,,n,N,D,5,5,5,5,2026-09-04 08:35:00+00:00,206839.74336451406,206839.74336451406,uncertain,uncertain_review_required,insufficient_evidence,0.4,False,{},ranking,,,,0.0,,,,
frp:firms_viirs_snpp_nrt_india:firms_viirs_snpp_nrt_india.csv:1245,frp:firms_viirs_snpp_nrt_india,1245,8.56614,80.39735,2026-09-04 08:35:00+00:00,330.59,6.06,0.0,,firms_viirs_snpp_nrt_india.csv,,330.59,,,,6.06,0.0,,,,,,,,,,,,,,,,n,N,D,11,11,11,11,2026-09-04 08:35:00+00:00,185099.50158363525,185099.50158363525,uncertain,uncertain_review_required,insufficient_evidence,0.4,False,{},ranking,,,,0.0,,,,
frp:firms_viirs_snpp_nrt_india:firms_viirs_snpp_nrt_india.csv:1246,frp:firms_viirs_snpp_nrt_india,1246,8.56671,80.40142,2026-09-04 08:35:00+00:00,342.2,6.06,0.0,,firms_viirs_snpp_nrt_india.csv,,342.2,,,,6.06,0.0,,,,,,,,,,,,,,,,n,N,D,13,13,13,13,2026-09-04 08:35:00+00:00,185278.7881138028,185278.7881138028,uncertain,uncertain_review_required,insufficient_evidence,0.4,False,{},ranking,,,,0.0,,,,
frp:firms_viirs_snpp_nrt_india:firms_viirs_snpp_nrt_india.csv:1247,frp:firms_viirs_snpp_nrt_india,1247,8.57884,80.78347,2026-09-04 08:35:00+00:00,330.04,4.34,0.0,,firms_viirs_snpp_nrt_india.csv,,330.04,,,,4.34,0.0,,,,,,,,,,,,,,,,n,N,D,23,23,23,23,2026-09-04 08:35:00+00:00,201767.81264097444,201767.81264097444,uncertain,uncertain_review_required,insufficient_evidence,0.4,False,{},ranking,,,,0.0,,,,
frp:firms_viirs_snpp_nrt_india:firms_viirs_snpp_nrt_india.csv:1248,frp:firms_viirs_snpp_nrt_india,1248,8.61746,77.98914,2026-09-04 08:35:00+00:00,342.96,3.29,0.0,,firms_viirs_snpp_nrt_india.csv,,342.96,,,,3.29,0.0,,,,,,,,,,,,,,,,n,N,D,0,0,0,0,2026-09-04 08:35:00+00:00,230373.82276147214,230373.82276147214,uncertain,uncertain_review_required,insufficient_evidence,0.4,False,{},ranking,emergency_or_transient_fire,wildfire_or_agricultural_burn,day_fire_far_from_flare,0.65,conf=n+D+flare230374m+p90=0+frp=3.3,,,
frp:firms_viirs_snpp_nrt_india:firms_viirs_snpp_nrt_india.csv:1249,frp:firms_viirs_snpp_nrt_india,1249,8.62053,80.69478,2026-09-04 08:35:00+00:00,342.6,7.09,0.0,,firms_viirs_snpp_nrt_india.csv,,342.6,,,,7.09,0.0,,,,,,,,,,,,,,,,n,N,D,22,22,22,22,2026-09-04 08:35:00+00:00,201779.85990081387,201779.85990081387,uncertain,uncertain_review_required,insufficient_evidence,0.4,False,{},ranking,,,,0.0,,,,
frp:firms_viirs_snpp_nrt_india:firms_viirs_snpp_nrt_india.csv:1250,frp:firms_viirs_snpp_nrt_india,1250,8.62115,80.41457,2026-09-04 08:35:00+00:00,337.09,6.37,0.0,,firms_viirs_snpp_nrt_india.csv,,337.09,,,,6.37,0.0,,,,,,,,,,,,,,,,n,N,D,8,8,8,8,2026-09-04 08:35:00+00:00,191499.05277994456,191499.05277994456,uncertain,uncertain_review_required,insufficient_evidence,0.4,False,{},ranking,,,,0.0,,,,
frp:firms_viirs_snpp_nrt_india:firms_viirs_snpp_nrt_india.csv:1251,frp:firms_viirs_snpp_nrt_india,1251,8.62399,80.37293,2026-09-04 08:35:00+00:00,336.9,4.39,0.0,,firms_viirs_snpp_nrt_india.csv,,336.9,,,,4.39,0.0,,,,,,,,,,,,,,,,n,N,D,8,8,8,8,2026-09-04 08:35:00+00:00,190648.04116124613,190648.04116124613,uncertain,uncertain_review_required,insufficient_evidence,0.4,False,{},ranking,,,,0.0,,,,
frp:firms_viirs_snpp_nrt_india:firms_viirs_snpp_nrt_india.csv:1252,frp:firms_viirs_snpp_nrt_india,1252,8.62594,80.79905,2026-09-04 08:35:00+00:00,332.59,4.93,0.0,,firms_viirs_snpp_nrt_india.csv,,332.59,,,,4.93,0.0,,,,,,,,,,,,,,,,n,N,D,16,16,16,16,2026-09-04 08:35:00+00:00,207215.06445606044,207215.06445606044,uncertain,uncertain_review_required,insufficient_evidence,0.4,False,{},ranking,,,,0.0,,,,
frp:firms_viirs_snpp_nrt_india:firms_viirs_snpp_nrt_india.csv:1253,frp:firms_viirs_snpp_nrt_india,1253,8.62652,80.37279,2026-09-04 08:35:00+00:00,330.42,2.77,0.0,,firms_viirs_snpp_nrt_india.csv,,330.42,,,,2.77,0.0,,,,,,,,,,,,,,,,n,N,D,7,7,7,7,2026-09-04 08:35:00+00:00,190917.36881976444,190917.36881976444,uncertain,uncertain_review_required,insufficient_evidence,0.4,False,{},ranking,,,,0.0,,,,
frp:firms_viirs_snpp_nrt_india:firms_viirs_snpp_nrt_india.csv:1254,frp:firms_viirs_snpp_nrt_india,1254,8.63034,80.41752,2026-09-04 08:35:00+00:00,330.56,2.87,0.0,,firms_viirs_snpp_nrt_india.csv,,330.56,,,,2.87,0.0,,,,,,,,,,,,,,,,n,N,D,8,8,8,8,2026-09-04 08:35:00+00:00,192570.30961561576,192570.30961561576,uncertain,uncertain_review_required,insufficient_evidence,0.4,False,{},ranking,,,,0.0,,,,
frp:firms_viirs_snpp_nrt_india:firms_viirs_snpp_nrt_india.csv:1255,frp:firms_viirs_snpp_nrt_india,1255,8.63077,80.51368,2026-09-04 08:35:00+00:00,330.62,2.23,0.0,,firms_viirs_snpp_nrt_india.csv,,330.62,,,,2.23,0.0,,,,,,,,,,,,,,,,n,N,D,14,14,14,14,2026-09-04 08:35:00+00:00,195676.79302196912,195676.79302196912,uncertain,uncertain_review_required,insufficient_evidence,0.4,False,{},ranking,,,,0.0,,,,
frp:firms_viirs_snpp_nrt_india:firms_viirs_snpp_nrt_india.csv:1256,frp:firms_viirs_snpp_nrt_india,1256,8.63132,81.00479,2026-09-04 08:35:00+00:00,333.42,5.65,0.0,,firms_viirs_snpp_nrt_india.csv,,333.42,,,,5.65,0.0,,,,,,,,,,,,,,,,n,N,D,15,15,15,15,2026-09-04 08:35:00+00:00,218817.98968850917,218817.98968850917,uncertain,uncertain_review_required,insufficient_evidence,0.4,False,{},ranking,,,,0.0,,,,
frp:firms_viirs_snpp_nrt_india:firms_viirs_snpp_nrt_india.csv:1257,frp:firms_viirs_snpp_nrt_india,1257,8.63193,81.00928,2026-09-04 08:35:00+00:00,332.22,5.65,0.0,,firms_viirs_snpp_nrt_india.csv,,332.22,,,,5.65,0.0,,,,,,,,,,,,,,,,n,N,D,14,14,14,14,2026-09-04 08:35:00+00:00,219136.94909121652,219136.94909121652,uncertain,uncertain_review_required,insufficient_evidence,0.4,False,{},ranking,,,,0.0,,,,
frp:firms_viirs_snpp_nrt_india:firms_viirs_snpp_nrt_india.csv:1258,frp:firms_viirs_snpp_nrt_india,1258,8.63581,81.0042,2026-09-04 08:35:00+00:00,349.95,5.65,0.0,,firms_viirs_snpp_nrt_india.csv,,349.95,,,,5.65,0.0,,,,,,,,,,,,,,,,n,N,D,13,13,13,13,2026-09-04 08:35:00+00:00,219207.64730361456,219207.64730361456,uncertain,uncertain_review_required,insufficient_evidence,0.4,False,{},ranking,,,,0.0,,,,
frp:firms_viirs_snpp_nrt_india:firms_viirs_snpp_nrt_india.csv:1259,frp:firms_viirs_snpp_nrt_india,1259,8.64029,81.00357,2026-09-04 08:35:00+00:00,335.44,5.52,0.0,,firms_viirs_snpp_nrt_india.csv,,335.44,,,,5.52,0.0,,,,,,,,,,,,,,,,n,N,D,11,11,11,11,2026-09-04 08:35:00+00:00,219594.50833574025,219594.50833574025,uncertain,uncertain_review_required,insufficient_evidence,0.4,False,{},ranking,,,,0.0,,,,
frp:firms_viirs_snpp_nrt_india:firms_viirs_snpp_nrt_india.csv:1260,frp:firms_viirs_snpp_nrt_india,1260,8.6409,81.00806,2026-09-04 08:35:00+00:00,344.56,5.52,0.0,,firms_viirs_snpp_nrt_india.csv,,344.56,,,,5.52,0.0,,,,,,,,,,,,,,,,n,N,D,10,10,10,10,2026-09-04 08:35:00+00:00,219912.34111824597,219912.34111824597,uncertain,uncertain_review_required,insufficient_evidence,0.4,False,{},ranking,,,,0.0,,,,
frp:firms_viirs_snpp_nrt_india:firms_viirs_snpp_nrt_india.csv:1261,frp:firms_viirs_snpp_nrt_india,1261,8.64538,81.00743,2026-09-04 08:35:00+00:00,330.4,5.52,0.0,,firms_viirs_snpp_nrt_india.csv,,330.4,,,,5.52,0.0,,,,,,,,,,,,,,,,n,N,D,11,11,11,11,2026-09-04 08:35:00+00:00,220299.10837056043,220299.10837056043,uncertain,uncertain_review_required,insufficient_evidence,0.4,False,{},ranking,,,,0.0,,,,
frp:firms_viirs_snpp_nrt_india:firms_viirs_snpp_nrt_india.csv:1262,frp:firms_viirs_snpp_nrt_india,1262,8.66234,80.83396,2026-09-04 08:35:00+00:00,339.9,10.8,0.0,,firms_viirs_snpp_nrt_india.csv,,339.9,,,,10.8,0.0,,,,,,,,,,,,,,,,n,N,D,8,8,8,8,2026-09-04 08:35:00+00:00,212560.7395790986,212560.7395790986,uncertain,uncertain_review_required,insufficient_evidence,0.4,False,{},ranking,,,,0.0,,,,
frp:firms_viirs_snpp_nrt_india:firms_viirs_snpp_nrt_india.csv:1263,frp:firms_viirs_snpp_nrt_india,1263,8.66597,77.40293,2026-09-04 08:35:00+00:00,332.62,6.07,0.0,,firms_viirs_snpp_nrt_india.csv,,332.62,,,,6.07,0.0,,,,,,,,,,,,,,,,l,N,D,0,0,0,0,2026-09-04 08:35:00+00:00,181878.32744993674,181878.32744993674,uncertain,uncertain_review_required,insufficient_evidence,0.4,False,{},ranking,uncertain,other_or_uncertain,low_confidence_isolated_day,0.6,conf=l+p90=0+D,,,
frp:firms_viirs_snpp_nrt_india:firms_viirs_snpp_nrt_india.csv:1264,frp:firms_viirs_snpp_nrt_india,1264,8.66727,80.25673,2026-09-04 08:35:00+00:00,332.11,4.23,0.0,,firms_viirs_snpp_nrt_india.csv,,332.11,,,,4.23,0.0,,,,,,,,,,,,,,,,n,N,D,0,0,0,0,2026-09-04 08:35:00+00:00,192717.49149175565,192717.49149175565,uncertain,uncertain_review_required,insufficient_evidence,0.4,False,{},ranking,emergency_or_transient_fire,wildfire_or_agricultural_burn,day_fire_far_from_flare,0.65,conf=n+D+flare192717m+p90=0+frp=4.2,,,
frp:firms_viirs_snpp_nrt_india:firms_viirs_snpp_nrt_india.csv:1265,frp:firms_viirs_snpp_nrt_india,1265,8.69263,80.37619,2026-09-04 08:35:00+00:00,337.9,4.7,0.0,,firms_viirs_snpp_nrt_india.csv,,337.9,,,,4.7,0.0,,,,,,,,,,,,,,,,n,N,D,4,4,4,4,2026-09-04 08:35:00+00:00,198147.2607041724,198147.2607041724,uncertain,uncertain_review_required,insufficient_evidence,0.4,False,{},ranking,,,,0.0,,,,
frp:firms_viirs_snpp_nrt_india:firms_viirs_snpp_nrt_india.csv:1266,frp:firms_viirs_snpp_nrt_india,1266,8.69724,80.86597,2026-09-04 08:35:00+00:00,338.31,7.55,0.0,,firms_viirs_snpp_nrt_india.csv,,338.31,,,,7.55,0.0,,,,,,,,,,,,,,,,n,N,D,11,11,11,11,2026-09-04 08:35:00+00:00,217622.86810967507,217622.86810967507,uncertain,uncertain_review_required,insufficient_evidence,0.4,False,{},ranking,,,,0.0,,,,
frp:firms_viirs_snpp_nrt_india:firms_viirs_snpp_nrt_india.csv:1267,frp:firms_viirs_snpp_nrt_india,1267,8.69836,80.86498,2026-09-04 08:35:00+00:00,342.87,7.89,0.0,,firms_viirs_snpp_nrt_india.csv,,342.87,,,,7.89,0.0,,,,,,,,,,,,,,,,n,N,D,11,11,11,11,2026-09-04 08:35:00+00:00,217683.21081038108,217683.21081038108,uncertain,uncertain_review_required,insufficient_evidence,0.4,False,{},ranking,,,,0.0,,,,
frp:firms_viirs_snpp_nrt_india:firms_viirs_snpp_nrt_india.csv:1268,frp:firms_viirs_snpp_nrt_india,1268,8.72472,80.76887,2026-09-04 08:35:00+00:00,330.69,4.75,0.0,,firms_viirs_snpp_nrt_india.csv,,330.69,,,,4.75,0.0,,,,,,,,,,,,,,,,n,N,D,2,2,2,2,2026-09-04 08:35:00+00:00,215685.80876806294,215685.80876806294,uncertain,uncertain_review_required,insufficient_evidence,0.4,False,{},ranking,emergency_or_transient_fire,wildfire_or_agricultural_burn,day_fire_far_from_flare,0.65,conf=n+D+flare215686m+p90=2+frp=4.8,,,
frp:firms_viirs_snpp_nrt_india:firms_viirs_snpp_nrt_india.csv:1269,frp:firms_viirs_snpp_nrt_india,1269,8.73204,77.86298,2026-09-04 08:35:00+00:00,347.6,16.91,0.0,,firms_viirs_snpp_nrt_india.csv,,347.6,,,,16.91,0.0,,,,,,,,,,,,,,,,n,N,D,0,0,0,0,2026-09-04 08:35:00+00:00,211554.04583720933,211554.04583720933,uncertain,uncertain_review_required,insufficient_evidence,0.4,False,{},ranking,emergency_or_transient_fire,wildfire_or_agricultural_burn,day_fire_far_from_flare,0.65,conf=n+D+flare211554m+p90=0+frp=16.9,,,
frp:firms_viirs_snpp_nrt_india:firms_viirs_snpp_nrt_india.csv:1270,frp:firms_viirs_snpp_nrt_india,1270,8.75154,80.99869,2026-09-04 08:35:00+00:00,334.21,4.67,0.0,,firms_viirs_snpp_nrt_india.csv,,334.21,,,,4.67,0.0,,,,,,,,,,,,,,,,n,N,D,4,4,4,4,2026-09-04 08:35:00+00:00,229935.6720769337,229935.6720769337,uncertain,uncertain_review_required,insufficient_evidence,0.4,False,{},ranking,,,,0.0,,,,
frp:firms_viirs_snpp_nrt_india:firms_viirs_snpp_nrt_india.csv:1271,frp:firms_viirs_snpp_nrt_india,1271,8.78943,80.33366,2026-09-04 08:35:00+00:00,334.56,4.95,0.0,,firms_viirs_snpp_nrt_india.csv,,334.56,,,,4.95,0.0,,,,,,,,,,,,,,,,n,N,D,1,1,1,1,2026-09-04 08:35:00+00:00,207639.9623701523,207639.9623701523,uncertain,uncertain_review_required,insufficient_evidence,0.4,False,{},ranking,emergency_or_transient_fire,wildfire_or_agricultural_burn,day_fire_far_from_flare,0.65,conf=n+D+flare207640m+p90=1+frp=5.0,,,
frp:firms_viirs_snpp_nrt_india:firms_viirs_snpp_nrt_india.csv:1272,frp:firms_viirs_snpp_nrt_india,1272,8.78999,80.3377,2026-09-04 08:35:00+00:00,330.83,4.95,0.0,,firms_viirs_snpp_nrt_india.csv,,330.83,,,,4.95,0.0,,,,,,,,,,,,,,,,n,N,D,2,2,2,2,2026-09-04 08:35:00+00:00,207790.4291045648,207790.4291045648,uncertain,uncertain_review_required,insufficient_evidence,0.4,False,{},ranking,emergency_or_transient_fire,wildfire_or_agricultural_burn,day_fire_far_from_flare,0.65,conf=n+D+flare207790m+p90=2+frp=5.0,,,
frp:firms_viirs_snpp_nrt_india:firms_viirs_snpp_nrt_india.csv:1273,frp:firms_viirs_snpp_nrt_india,1273,8.79438,80.59402,2026-09-04 08:35:00+00:00,331.67,5.05,0.0,,firms_viirs_snpp_nrt_india.csv,,331.67,,,,5.05,0.0,,,,,,,,,,,,,,,,n,N,D,0,0,0,0,2026-09-04 08:35:00+00:00,215739.70544568525,215739.70544568525,uncertain,uncertain_review_required,insufficient_evidence,0.4,False,{},ranking,emergency_or_transient_fire,wildfire_or_agricultural_burn,day_fire_far_from_flare,0.65,conf=n+D+flare215740m+p90=0+frp=5.0,,,
frp:firms_viirs_snpp_nrt_india:firms_viirs_snpp_nrt_india.csv:1274,frp:firms_viirs_snpp_nrt_india,1274,8.80461,80.57121,2026-09-04 08:35:00+00:00,336.59,4.76,0.0,,firms_viirs_snpp_nrt_india.csv,,336.59,,,,4.76,0.0,,,,,,,,,,,,,,,,n,N,D,3,3,3,3,2026-09-04 08:35:00+00:00,216014.73348288905,216014.73348288905,uncertain,uncertain_review_required,insufficient_evidence,0.4,False,{},ranking,,,,0.0,,,,
frp:firms_viirs_snpp_nrt_india:firms_viirs_snpp_nrt_india.csv:1275,frp:firms_viirs_snpp_nrt_india,1275,8.80897,80.57063,2026-09-04 08:35:00+00:00,343.08,4.76,0.0,,firms_viirs_snpp_nrt_india.csv,,343.08,,,,4.76,0.0,,,,,,,,,,,,,,,,n,N,D,4,4,4,4,2026-09-04 08:35:00+00:00,216455.07883498844,216455.07883498844,uncertain,uncertain_review_required,insufficient_evidence,0.4,False,{},ranking,,,,0.0,,,,
frp:firms_viirs_snpp_nrt_india:firms_viirs_snpp_nrt_india.csv:1276,frp:firms_viirs_snpp_nrt_india,1276,8.81464,77.83777,2026-09-04 08:35:00+00:00,342.22,11.75,0.0,,firms_viirs_snpp_nrt_india.csv,,342.22,,,,11.75,0.0,,,,,,,,,,,,,,,,n,N,D,0,0,0,0,2026-09-04 08:35:00+00:00,203557.12387503556,203557.12387503556,uncertain,uncertain_review_required,insufficient_evidence,0.4,False,{},ranking,emergency_or_transient_fire,wildfire_or_agricultural_burn,day_fire_far_from_flare,0.65,conf=n+D+flare203557m+p90=0+frp=11.8,,,
frp:firms_viirs_snpp_nrt_india:firms_viirs_snpp_nrt_india.csv:1277,frp:firms_viirs_snpp_nrt_india,1277,8.84638,77.70205,2026-09-04 08:35:00+00:00,345.51,22.48,0.0,,firms_viirs_snpp_nrt_india.csv,,345.51,,,,22.48,0.0,,,,,,,,,,,,,,,,n,N,D,1,1,1,1,2026-09-04 08:35:00+00:00,189854.64631414492,189854.64631414492,uncertain,uncertain_review_required,insufficient_evidence,0.4,False,{},ranking,emergency_or_transient_fire,wildfire_or_agricultural_burn,day_fire_far_from_flare,0.65,conf=n+D+flare189855m+p90=1+frp=22.5,,,
frp:firms_viirs_snpp_nrt_india:firms_viirs_snpp_nrt_india.csv:1278,frp:firms_viirs_snpp_nrt_india,1278,8.88569,77.40527,2026-09-04 08:35:00+00:00,339.72,5.49,0.0,,firms_viirs_snpp_nrt_india.csv,,339.72,,,,5.49,0.0,,,,,,,,,,,,,,,,n,N,D,0,0,0,0,2026-09-04 08:35:00+00:00,163346.17496968657,163346.17496968657,uncertain,uncertain_review_required,insufficient_evidence,0.4,False,{},ranking,emergency_or_transient_fire,wildfire_or_agricultural_burn,day_fire_far_from_flare,0.65,conf=n+D+flare163346m+p90=0+frp=5.5,,,
frp:firms_viirs_snpp_nrt_india:firms_viirs_snpp_nrt_india.csv:1279,frp:firms_viirs_snpp_nrt_india,1279,8.92698,80.77954,2026-09-04 08:35:00+00:00,349.29,6.77,0.0,,firms_viirs_snpp_nrt_india.csv,,349.29,,,,6.77,0.0,,,,,,,,,,,,,,,,n,N,D,5,5,5,5,2026-09-04 08:35:00+00:00,236772.01467019046,236772.01467019046,uncertain,uncertain_review_required,insufficient_evidence,0.4,False,{},ranking,,,,0.0,,,,
frp:firms_viirs_snpp_nrt_india:firms_viirs_snpp_nrt_india.csv:1280,frp:firms_viirs_snpp_nrt_india,1280,8.92773,77.46704,2026-09-04 08:35:00+00:00,336.21,2.97,0.0,,firms_viirs_snpp_nrt_india.csv,,336.21,,,,2.97,0.0,,,,,,,,,,,,,,,,n,N,D,0,0,0,0,2026-09-04 08:35:00+00:00,164725.73063131995,164725.73063131995,uncertain,uncertain_review_required,insufficient_evidence,0.4,False,{},ranking,,,,0.0,,,,
frp:firms_viirs_snpp_nrt_india:firms_viirs_snpp_nrt_india.csv:1281,frp:firms_viirs_snpp_nrt_india,1281,8.93915,77.83005,2026-09-04 08:35:00+00:00,339.25,7.77,0.0,,firms_viirs_snpp_nrt_india.csv,,339.25,,,,7.77,0.0,,,,,,,,,,,,,,,,n,N,D,0,0,0,0,2026-09-04 08:35:00+00:00,194464.8476132696,194464.8476132696,uncertain,uncertain_review_required,insufficient_evidence,0.4,False,{},ranking,emergency_or_transient_fire,wildfire_or_agricultural_burn,day_fire_far_from_flare,0.65,conf=n+D+flare194465m+p90=0+frp=7.8,,,
frp:firms_viirs_snpp_nrt_india:firms_viirs_snpp_nrt_india.csv:1282,frp:firms_viirs_snpp_nrt_india,1282,8.9637,80.59013,2026-09-04 08:35:00+00:00,342.29,4.33,0.0,,firms_viirs_snpp_nrt_india.csv,,342.29,,,,4.33,0.0,,,,,,,,,,,,,,,,n,N,D,3,3,3,3,2026-09-04 08:35:00+00:00,226966.4574684951,226966.4574684951,uncertain,uncertain_review_required,insufficient_evidence,0.4,False,{},ranking,,,,0.0,,,,
frp:firms_viirs_snpp_nrt_india:firms_viirs_snpp_nrt_india.csv:1283,frp:firms_viirs_snpp_nrt_india,1283,8.96668,80.38145,2026-09-04 08:35:00+00:00,336.94,3.75,0.0,,firms_viirs_snpp_nrt_india.csv,,336.94,,,,3.75,0.0,,,,,,,,,,,,,,,,n,N,D,5,5,5,5,2026-09-04 08:35:00+00:00,218683.8794244887,218683.8794244887,uncertain,uncertain_review_required,insufficient_evidence,0.4,False,{},ranking,,,,0.0,,,,
frp:firms_viirs_snpp_nrt_india:firms_viirs_snpp_nrt_india.csv:1284,frp:firms_viirs_snpp_nrt_india,1284,8.97304,80.59312,2026-09-04 08:35:00+00:00,331.35,7.85,0.0,,firms_viirs_snpp_nrt_india.csv,,331.35,,,,7.85,0.0,,,,,,,,,,,,,,,,n,N,D,0,0,0,0,2026-09-04 08:35:00+00:00,226140.6213710069,226140.6213710069,uncertain,uncertain_review_required,insufficient_evidence,0.4,False,{},ranking,emergency_or_transient_fire,wildfire_or_agricultural_burn,day_fire_far_from_flare,0.65,conf=n+D+flare226141m+p90=0+frp=7.8,,,
frp:firms_viirs_snpp_nrt_india:firms_viirs_snpp_nrt_india.csv:1285,frp:firms_viirs_snpp_nrt_india,1285,8.97735,80.59259,2026-09-04 08:35:00+00:00,347.79,12.24,0.0,,firms_viirs_snpp_nrt_india.csv,,347.79,,,,12.24,0.0,,,,,,,,,,,,,,,,n,N,D,1,1,1,1,2026-09-04 08:35:00+00:00,225677.32538765608,225677.32538765608,uncertain,uncertain_review_required,insufficient_evidence,0.4,False,{},ranking,emergency_or_transient_fire,wildfire_or_agricultural_burn,day_fire_far_from_flare,0.65,conf=n+D+flare225677m+p90=1+frp=12.2,,,
frp:firms_viirs_snpp_nrt_india:firms_viirs_snpp_nrt_india.csv:1286,frp:firms_viirs_snpp_nrt_india,1286,8.97742,80.59255,2026-09-04 08:35:00+00:00,346.17,9.41,0.0,,firms_viirs_snpp_nrt_india.csv,,346.17,,,,9.41,0.0,,,,,,,,,,,,,,,,n,N,D,2,2,2,2,2026-09-04 08:35:00+00:00,225668.43920972536,225668.43920972536,uncertain,uncertain_review_required,insufficient_evidence,0.4,False,{},ranking,emergency_or_transient_fire,wildfire_or_agricultural_burn,day_fire_far_from_flare,0.65,conf=n+D+flare225668m+p90=2+frp=9.4,,,
frp:firms_viirs_snpp_nrt_india:firms_viirs_snpp_nrt_india.csv:1287,frp:firms_viirs_snpp_nrt_india,1287,8.97923,80.83057,2026-09-04 08:35:00+00:00,337.07,7.59,0.0,,firms_viirs_snpp_nrt_india.csv,,337.07,,,,7.59,0.0,,,,,,,,,,,,,,,,n,N,D,0,0,0,0,2026-09-04 08:35:00+00:00,237032.56305796816,237032.56305796816,uncertain,uncertain_review_required,insufficient_evidence,0.4,False,{},ranking,emergency_or_transient_fire,wildfire_or_agricultural_burn,day_fire_far_from_flare,0.65,conf=n+D+flare237033m+p90=0+frp=7.6,,,
frp:firms_viirs_snpp_nrt_india:firms_viirs_snpp_nrt_india.csv:1288,frp:firms_viirs_snpp_nrt_india,1288,8.98429,80.83439,2026-09-04 08:35:00+00:00,340.3,4.21,0.0,,firms_viirs_snpp_nrt_india.csv,,340.3,,,,4.21,0.0,,,,,,,,,,,,,,,,n,N,D,1,1,1,1,2026-09-04 08:35:00+00:00,236745.49194818185,236745.49194818185,uncertain,uncertain_review_required,insufficient_evidence,0.4,False,{},ranking,emergency_or_transient_fire,wildfire_or_agricultural_burn,day_fire_far_from_flare,0.65,conf=n+D+flare236745m+p90=1+frp=4.2,,,
frp:firms_viirs_snpp_nrt_india:firms_viirs_snpp_nrt_india.csv:1289,frp:firms_viirs_snpp_nrt_india,1289,9.10274,80.49466,2026-09-04 08:35:00+00:00,331.95,4.45,0.0,,firms_viirs_snpp_nrt_india.csv,,331.95,,,,4.45,0.0,,,,,,,,,,,,,,,,n,N,D,1,1,1,1,2026-09-04 08:35:00+00:00,208665.08223977534,208665.08223977534,uncertain,uncertain_review_required,insufficient_evidence,0.4,False,{},ranking,emergency_or_transient_fire,wildfire_or_agricultural_burn,day_fire_far_from_flare,0.65,conf=n+D+flare208665m+p90=1+frp=4.5,,,
frp:firms_viirs_snpp_nrt_india:firms_viirs_snpp_nrt_india.csv:1290,frp:firms_viirs_snpp_nrt_india,1290,9.17593,78.22559,2026-09-04 08:35:00+00:00,337.95,10.26,0.0,,firms_viirs_snpp_nrt_india.csv,,337.95,,,,10.26,0.0,,,,,,,,,,,,,,,,n,N,D,0,0,0,0,2026-09-04 08:35:00+00:00,217172.19726774486,217172.19726774486,uncertain,uncertain_review_required,insufficient_evidence,0.4,False,{},ranking,emergency_or_transient_fire,wildfire_or_agricultural_burn,day_fire_far_from_flare,0.65,conf=n+D+flare217172m+p90=0+frp=10.3,,,
frp:firms_viirs_snpp_nrt_india:firms_viirs_snpp_nrt_india.csv:1291,frp:firms_viirs_snpp_nrt_india,1291,9.1797,78.22505,2026-09-04 08:35:00+00:00,341.55,10.26,0.0,,firms_viirs_snpp_nrt_india.csv,,341.55,,,,10.26,0.0,,,,,,,,,,,,,,,,n,N,D,1,1,1,1,2026-09-04 08:35:00+00:00,216852.85300357666,216852.85300357666,uncertain,uncertain_review_required,insufficient_evidence,0.4,False,{},ranking,emergency_or_transient_fire,wildfire_or_agricultural_burn,day_fire_far_from_flare,0.65,conf=n+D+flare216853m+p90=1+frp=10.3,,,
frp:firms_viirs_snpp_nrt_india:firms_viirs_snpp_nrt_india.csv:1292,frp:firms_viirs_snpp_nrt_india,1292,9.20293,77.64448,2026-09-04 08:35:00+00:00,345.47,19.15,0.0,,firms_viirs_snpp_nrt_india.csv,,345.47,,,,19.15,0.0,,,,,,,,,,,,,,,,n,N,D,1,1,1,1,2026-09-04 08:35:00+00:00,161190.59491817717,161190.59491817717,uncertain,uncertain_review_required,insufficient_evidence,0.4,False,{},ranking,emergency_or_transient_fire,wildfire_or_agricultural_burn,day_fire_far_from_flare,0.65,conf=n+D+flare161191m+p90=1+frp=19.1,,,
frp:firms_viirs_snpp_nrt_india:firms_viirs_snpp_nrt_india.csv:1293,frp:firms_viirs_snpp_nrt_india,1293,9.20664,80.63229,2026-09-04 08:35:00+00:00,330.65,2.25,0.0,,firms_viirs_snpp_nrt_india.csv,,330.65,,,,2.25,0.0,,,,,,,,,,,,,,,,n,N,D,4,4,4,4,2026-09-04 08:35:00+00:00,204462.48386304732,204462.48386304732,uncertain,uncertain_review_required,insufficient_evidence,0.4,False,{},ranking,,,,0.0,,,,
frp:firms_viirs_snpp_nrt_india:firms_viirs_snpp_nrt_india.csv:1294,frp:firms_viirs_snpp_nrt_india,1294,9.33688,76.59934,2026-09-04 08:35:00+00:00,331.72,2.02,0.0,,firms_viirs_snpp_nrt_india.csv,,331.72,,,,2.02,0.0,,,,,,,,,,,,,,,,n,N,D,1,1,1,1,2026-09-04 08:35:00+00:00,73166.26081731192,73166.26081731192,uncertain,uncertain_review_required,insufficient_evidence,0.4,False,{},ranking,,,,0.0,,,,
frp:firms_viirs_snpp_nrt_india:firms_viirs_snpp_nrt_india.csv:1295,frp:firms_viirs_snpp_nrt_india,1295,9.39517,80.44724,2026-09-04 08:35:00+00:00,332.52,5.48,0.0,,firms_viirs_snpp_nrt_india.csv,,332.52,,,,5.48,0.0,,,,,,,,,,,,,,,,n,N,D,22,22,22,22,2026-09-04 08:35:00+00:00,176733.80098615028,176733.80098615028,uncertain,uncertain_review_required,insufficient_evidence,0.4,False,{},ranking,,,,0.0,,,,
frp:firms_viirs_snpp_nrt_india:firms_viirs_snpp_nrt_india.csv:1296,frp:firms_viirs_snpp_nrt_india,1296,9.39581,80.44839,2026-09-04 08:35:00+00:00,338.41,4.86,0.0,,firms_viirs_snpp_nrt_india.csv,,338.41,,,,4.86,0.0,,,,,,,,,,,,,,,,n,N,D,20,20,20,20,2026-09-04 08:35:00+00:00,176721.41684259605,176721.41684259605,uncertain,uncertain_review_required,insufficient_evidence,0.4,False,{},ranking,,,,0.0,,,,
frp:firms_viirs_snpp_nrt_india:firms_viirs_snpp_nrt_india.csv:1297,frp:firms_viirs_snpp_nrt_india,1297,9.414,80.58482,2026-09-04 08:35:00+00:00,330.15,2.71,0.0,,firms_viirs_snpp_nrt_india.csv,,330.15,,,,2.71,0.0,,,,,,,,,,,,,,,,n,N,D,1,1,1,1,2026-09-04 08:35:00+00:00,181671.8669773463,181671.8669773463,uncertain,uncertain_review_required,insufficient_evidence,0.4,False,{},ranking,,,,0.0,,,,
frp:firms_viirs_snpp_nrt_india:firms_viirs_snpp_nrt_india.csv:1298,frp:firms_viirs_snpp_nrt_india,1298,9.41437,80.58335,2026-09-04 08:35:00+00:00,335.1,3.4,0.0,,firms_viirs_snpp_nrt_india.csv,,335.1,,,,3.4,0.0,,,,,,,,,,,,,,,,n,N,D,0,0,0,0,2026-09-04 08:35:00+00:00,181557.56421450048,181557.56421450048,uncertain,uncertain_review_required,insufficient_evidence,0.4,False,{},ranking,emergency_or_transient_fire,wildfire_or_agricultural_burn,day_fire_far_from_flare,0.65,conf=n+D+flare181558m+p90=0+frp=3.4,,,
frp:firms_viirs_snpp_nrt_india:firms_viirs_snpp_nrt_india.csv:1299,frp:firms_viirs_snpp_nrt_india,1299,9.45137,80.49699,2026-09-04 08:35:00+00:00,348.6,9.87,0.0,,firms_viirs_snpp_nrt_india.csv,,348.6,,,,9.87,0.0,,,,,,,,,,,,,,,,n,N,D,4,4,4,4,2026-09-04 08:35:00+00:00,173474.37067764864,173474.37067764864,uncertain,uncertain_review_required,insufficient_evidence,0.4,False,{},ranking,,,,0.0,,,,
frp:firms_viirs_snpp_nrt_india:firms_viirs_snpp_nrt_india.csv:1300,frp:firms_viirs_snpp_nrt_india,1300,9.4578,80.47879,2026-09-04 08:35:00+00:00,336.28,3.36,0.0,,firms_viirs_snpp_nrt_india.csv,,336.28,,,,3.36,0.0,,,,,,,,,,,,,,,,n,N,D,6,6,6,6,2026-09-04 08:35:00+00:00,171937.47654171186,171937.47654171186,uncertain,uncertain_review_required,insufficient_evidence,0.4,False,{},ranking,,,,0.0,,,,
frp:firms_viirs_snpp_nrt_india:firms_viirs_snpp_nrt_india.csv:1301,frp:firms_viirs_snpp_nrt_india,1301,9.62262,78.11741,2026-09-04 08:35:00+00:00,340.95,10.24,0.0,,firms_viirs_snpp_nrt_india.csv,,340.95,,,,10.24,0.0,,,,,,,,,,,,,,,,n,N,D,0,0,0,0,2026-09-04 08:35:00+00:00,185659.523515645,185659.523515645,uncertain,uncertain_review_required,insufficient_evidence,0.4,False,{},ranking,emergency_or_transient_fire,wildfire_or_agricultural_burn,day_fire_far_from_flare,0.65,conf=n+D+flare185660m+p90=0+frp=10.2,,,
frp:firms_viirs_snpp_nrt_india:firms_viirs_snpp_nrt_india.csv:1302,frp:firms_viirs_snpp_nrt_india,1302,9.95692,79.105,2026-09-04 08:35:00+00:00,336.23,2.64,0.0,,firms_viirs_snpp_nrt_india.csv,,336.23,,,,2.64,0.0,,,,,,,,,,,,,,,,n,N,D,1,1,1,1,2026-09-04 08:35:00+00:00,97733.73867293286,97733.73867293286,uncertain,uncertain_review_required,insufficient_evidence,0.4,False,{},ranking,,,,0.0,,,,
frp:firms_viirs_snpp_nrt_india:firms_viirs_snpp_nrt_india.csv:1303,frp:firms_viirs_snpp_nrt_india,1303,9.95849,79.1076,2026-09-04 08:35:00+00:00,342.39,2.39,0.0,,firms_viirs_snpp_nrt_india.csv,,342.39,,,,2.39,0.0,,,,,,,,,,,,,,,,n,N,D,0,0,0,0,2026-09-04 08:35:00+00:00,97499.67381374692,97499.67381374692,uncertain,uncertain_review_required,insufficient_evidence,0.4,False,{},ranking,,,,0.0,,,,
frp:firms_viirs_snpp_nrt_india:firms_viirs_snpp_nrt_india.csv:1304,frp:firms_viirs_snpp_nrt_india,1304,10.16672,78.79148,2026-09-04 08:35:00+00:00,331.56,8.56,0.0,,firms_viirs_snpp_nrt_india.csv,,331.56,,,,8.56,0.0,,,,,,,,,,,,,,,,n,N,D,1,1,1,1,2026-09-04 08:35:00+00:00,91340.55171651546,91340.55171651546,uncertain,uncertain_review_required,insufficient_evidence,0.4,False,{},ranking,emergency_or_transient_fire,wildfire_or_agricultural_burn,day_fire_far_from_flare,0.65,conf=n+D+flare91341m+p90=1+frp=8.6,,,
frp:firms_viirs_snpp_nrt_india:firms_viirs_snpp_nrt_india.csv:1305,frp:firms_viirs_snpp_nrt_india,1305,10.16814,78.80172,2026-09-04 08:35:00+00:00,335.48,6.42,0.0,,firms_viirs_snpp_nrt_india.csv,,335.48,,,,6.42,0.0,,,,,,,,,,,,,,,,n,N,D,0,0,0,0,2026-09-04 08:35:00+00:00,90528.72038450133,90528.72038450133,uncertain,uncertain_review_required,insufficient_evidence,0.4,False,{},ranking,emergency_or_transient_fire,wildfire_or_agricultural_burn,day_fire_far_from_flare,0.65,conf=n+D+flare90529m+p90=0+frp=6.4,,,
frp:firms_viirs_snpp_nrt_india:firms_viirs_snpp_nrt_india.csv:1306,frp:firms_viirs_snpp_nrt_india,1306,10.28257,78.88253,2026-09-04 08:35:00+00:00,334.67,2.52,0.0,,firms_viirs_snpp_nrt_india.csv,,334.67,,,,2.52,0.0,,,,,,,,,,,,,,,,n,N,D,1,1,1,1,2026-09-04 08:35:00+00:00,75055.44179423648,75055.44179423648,uncertain,uncertain_review_required,insufficient_evidence,0.4,False,{},ranking,,,,0.0,,,,
frp:firms_viirs_snpp_nrt_india:firms_viirs_snpp_nrt_india.csv:1307,frp:firms_viirs_snpp_nrt_india,1307,10.31339,79.34061,2026-09-04 08:35:00+00:00,330.68,2.09,0.0,,firms_viirs_snpp_nrt_india.csv,,330.68,,,,2.09,0.0,,,,,,,,,,,,,,,,n,N,D,0,0,0,0,2026-09-04 08:35:00+00:00,55687.23415695748,55687.23415695748,uncertain,uncertain_review_required,insufficient_evidence,0.4,False,{},ranking,,,,0.0,,,,
frp:firms_viirs_snpp_nrt_india:firms_viirs_snpp_nrt_india.csv:1308,frp:firms_viirs_snpp_nrt_india,1308,12.0522,78.36801,2026-09-04 08:35:00+00:00,333.87,4.2,0.0,,firms_viirs_snpp_nrt_india.csv,,333.87,,,,4.2,0.0,,,,,,,,,,,,,,,,n,N,D,0,0,0,0,2026-09-04 08:35:00+00:00,171629.49933060372,171629.49933060372,uncertain,uncertain_review_required,insufficient_evidence,0.4,False,{},ranking,emergency_or_transient_fire,wildfire_or_agricultural_burn,day_fire_far_from_flare,0.65,conf=n+D+flare171629m+p90=0+frp=4.2,,,
frp:firms_viirs_snpp_nrt_india:firms_viirs_snpp_nrt_india.csv:1309,frp:firms_viirs_snpp_nrt_india,1309,12.80993,77.7602,2026-09-04 08:35:00+00:00,332.58,3.52,0.0,,firms_viirs_snpp_nrt_india.csv,,332.58,,,,3.52,0.0,,,,,,,,,,,,,,,,n,N,D,0,0,0,0,2026-09-04 08:35:00+00:00,276250.3168253224,276250.3168253224,uncertain,uncertain_review_required,insufficient_evidence,0.4,False,{},ranking,emergency_or_transient_fire,wildfire_or_agricultural_burn,day_fire_far_from_flare,0.65,conf=n+D+flare276250m+p90=0+frp=3.5,,,
frp:firms_viirs_snpp_nrt_india:firms_viirs_snpp_nrt_india.csv:1310,frp:firms_viirs_snpp_nrt_india,1310,13.90749,78.06878,2026-09-04 08:35:00+00:00,335.38,1.75,0.0,,firms_viirs_snpp_nrt_india.csv,,335.38,,,,1.75,0.0,,,,,,,,,,,,,,,,n,N,D,0,0,0,0,2026-09-04 08:35:00+00:00,253529.40840424996,253529.40840424996,uncertain,uncertain_review_required,insufficient_evidence,0.4,False,{},ranking,,,,0.0,,,,
frp:firms_viirs_snpp_nrt_india:firms_viirs_snpp_nrt_india.csv:1311,frp:firms_viirs_snpp_nrt_india,1311,13.93385,78.31989,2026-09-04 08:35:00+00:00,344.3,5.9,0.0,,firms_viirs_snpp_nrt_india.csv,,344.3,,,,5.9,0.0,,,,,,,,,,,,,,,,n,N,D,1,1,1,1,2026-09-04 08:35:00+00:00,229130.65855371332,229130.65855371332,uncertain,uncertain_review_required,insufficient_evidence,0.4,False,{},ranking,emergency_or_transient_fire,wildfire_or_agricultural_burn,day_fire_far_from_flare,0.65,conf=n+D+flare229131m+p90=1+frp=5.9,,,
frp:firms_viirs_snpp_nrt_india:firms_viirs_snpp_nrt_india.csv:1312,frp:firms_viirs_snpp_nrt_india,1312,13.93448,78.31924,2026-09-04 08:35:00+00:00,342.27,5.51,0.0,,firms_viirs_snpp_nrt_india.csv,,342.27,,,,5.51,0.0,,,,,,,,,,,,,,,,n,N,D,0,0,0,0,2026-09-04 08:35:00+00:00,229221.82811642854,229221.82811642854,uncertain,uncertain_review_required,insufficient_evidence,0.4,False,{},ranking,emergency_or_transient_fire,wildfire_or_agricultural_burn,day_fire_far_from_flare,0.65,conf=n+D+flare229222m+p90=0+frp=5.5,,,
frp:firms_viirs_snpp_nrt_india:firms_viirs_snpp_nrt_india.csv:1313,frp:firms_viirs_snpp_nrt_india,1313,14.5526,77.48568,2026-09-04 08:35:00+00:00,330.23,2.5,0.0,,firms_viirs_snpp_nrt_india.csv,,330.23,,,,2.5,0.0,,,,,,,,,,,,,,,,n,N,D,0,0,0,0,2026-09-04 08:35:00+00:00,331717.6647790861,331717.6647790861,uncertain,uncertain_review_required,insufficient_evidence,0.4,False,{},ranking,,,,0.0,,,,
frp:firms_viirs_snpp_nrt_india:firms_viirs_snpp_nrt_india.csv:1314,frp:firms_viirs_snpp_nrt_india,1314,14.9584,75.91736,2026-09-04 08:37:00+00:00,334.21,2.59,0.0,,firms_viirs_snpp_nrt_india.csv,,334.21,,,,2.59,0.0,,,,,,,,,,,,,,,,n,N,D,0,0,0,0,2026-09-04 08:37:00+00:00,245696.49768072204,245696.49768072204,uncertain,uncertain_review_required,insufficient_evidence,0.4,False,{},ranking,,,,0.0,,,,
frp:firms_viirs_snpp_nrt_india:firms_viirs_snpp_nrt_india.csv:1315,frp:firms_viirs_snpp_nrt_india,1315,15.17642,76.65735,2026-09-04 08:37:00+00:00,335.25,5.16,0.0,,firms_viirs_snpp_nrt_india.csv,,335.25,,,,5.16,0.0,,,,,,,,,,,,,,,,n,N,D,44,44,44,44,2026-09-04 08:37:00+00:00,309871.7090052236,309871.7090052236,uncertain,uncertain_review_required,insufficient_evidence,0.4,False,{},ranking,,,,0.0,,,,
frp:firms_viirs_snpp_nrt_india:firms_viirs_snpp_nrt_india.csv:1316,frp:firms_viirs_snpp_nrt_india,1316,15.18196,76.64268,2026-09-04 08:37:00+00:00,333.96,3.59,0.0,,firms_viirs_snpp_nrt_india.csv,,333.96,,,,3.59,0.0,,,,,,,,,,,,,,,,n,N,D,43,43,43,43,2026-09-04 08:37:00+00:00,309367.4771611266,309367.4771611266,uncertain,uncertain_review_required,insufficient_evidence,0.4,False,{},ranking,,,,0.0,,,,
frp:firms_viirs_snpp_nrt_india:firms_viirs_snpp_nrt_india.csv:1317,frp:firms_viirs_snpp_nrt_india,1317,15.52757,73.99412,2026-09-04 08:37:00+00:00,332.48,3.12,0.0,,firms_viirs_snpp_nrt_india.csv,,332.48,,,,3.12,0.0,,,,,,,,,,,,,,,,n,N,D,1,1,1,1,2026-09-04 08:37:00+00:00,295526.3271679875,295526.3271679875,uncertain,uncertain_review_required,insufficient_evidence,0.4,False,{},ranking,emergency_or_transient_fire,wildfire_or_agricultural_burn,day_fire_far_from_flare,0.65,conf=n+D+flare295526m+p90=1+frp=3.1,,,
frp:firms_viirs_snpp_nrt_india:firms_viirs_snpp_nrt_india.csv:1318,frp:firms_viirs_snpp_nrt_india,1318,17.6268,82.57391,2026-09-04 08:37:00+00:00,330.76,4.48,0.0,,firms_viirs_snpp_nrt_india.csv,,330.76,,,,4.48,0.0,,,,,,,,,,,,,,,,n,N,D,1,1,1,1,2026-09-04 08:37:00+00:00,71233.18202989681,71233.18202989681,uncertain,uncertain_review_required,insufficient_evidence,0.4,False,{},ranking,emergency_or_transient_fire,wildfire_or_agricultural_burn,day_fire_far_from_flare,0.65,conf=n+D+flare71233m+p90=1+frp=4.5,,,
frp:firms_viirs_snpp_nrt_india:firms_viirs_snpp_nrt_india.csv:1319,frp:firms_viirs_snpp_nrt_india,1319,21.10135,72.63466,2026-09-04 08:37:00+00:00,332.85,7.03,0.0,,firms_viirs_snpp_nrt_india.csv,,332.85,,,,7.03,0.0,,,,,,,,,,,,,,,,n,N,D,31,31,31,31,2026-09-04 08:37:00+00:00,12150.983100878164,12150.983100878164,uncertain,uncertain_review_required,insufficient_evidence,0.4,False,{},ranking,,,,0.0,,,,
frp:firms_viirs_snpp_nrt_india:firms_viirs_snpp_nrt_india.csv:1320,frp:firms_viirs_snpp_nrt_india,1320,21.10191,72.63843,2026-09-04 08:37:00+00:00,334.26,7.03,0.0,,firms_viirs_snpp_nrt_india.csv,,334.26,,,,7.03,0.0,,,,,,,,,,,,,,,,n,N,D,32,32,32,32,2026-09-04 08:37:00+00:00,11777.66599944149,11777.66599944149,uncertain,uncertain_review_required,insufficient_evidence,0.4,False,{},ranking,,,,0.0,,,,
frp:firms_viirs_snpp_nrt_india:firms_viirs_snpp_nrt_india.csv:1321,frp:firms_viirs_snpp_nrt_india,1321,21.10636,72.64542,2026-09-04 08:37:00+00:00,344.24,8.1,0.0,,firms_viirs_snpp_nrt_india.csv,,344.24,,,,8.1,0.0,,,,,,,,,,,,,,,,n,N,D,33,33,33,33,2026-09-04 08:37:00+00:00,10904.089808509467,10904.089808509467,uncertain,uncertain_review_required,insufficient_evidence,0.4,False,{},ranking,,,,0.0,,,,
frp:firms_viirs_snpp_nrt_india:firms_viirs_snpp_nrt_india.csv:1322,frp:firms_viirs_snpp_nrt_india,1322,22.41645,69.03945,2026-09-04 08:37:00+00:00,333.49,5.64,0.0,,firms_viirs_snpp_nrt_india.csv,,333.49,,,,5.64,0.0,,,,,,,,,,,,,,,,l,N,D,1,1,1,1,2026-09-04 08:37:00+00:00,72340.4617739096,72340.4617739096,uncertain,uncertain_review_required,insufficient_evidence,0.4,False,{},ranking,,,,0.0,,,,
frp:firms_viirs_snpp_nrt_india:firms_viirs_snpp_nrt_india.csv:1323,frp:firms_viirs_snpp_nrt_india,1323,22.92779,70.1069,2026-09-04 08:37:00+00:00,338.61,5.54,0.0,,firms_viirs_snpp_nrt_india.csv,,338.61,,,,5.54,0.0,,,,,,,,,,,,,,,,n,N,D,1,1,1,1,2026-09-04 08:37:00+00:00,60354.285151443735,60354.285151443735,uncertain,uncertain_review_required,insufficient_evidence,0.4,False,{},ranking,emergency_or_transient_fire,wildfire_or_agricultural_burn,day_fire_far_from_flare,0.65,conf=n+D+flare60354m+p90=1+frp=5.5,,,
frp:firms_viirs_snpp_nrt_india:firms_viirs_snpp_nrt_india.csv:1324,frp:firms_viirs_snpp_nrt_india,1324,22.93431,69.69743,2026-09-04 08:37:00+00:00,334.99,3.12,0.0,,firms_viirs_snpp_nrt_india.csv,,334.99,,,,3.12,0.0,,,,,,,,,,,,,,,,n,N,D,7,7,7,7,2026-09-04 08:37:00+00:00,57495.815296848035,57495.815296848035,uncertain,uncertain_review_required,insufficient_evidence,0.4,False,{},ranking,,,,0.0,,,,
frp:firms_viirs_snpp_nrt_india:firms_viirs_snpp_nrt_india.csv:1325,frp:firms_viirs_snpp_nrt_india,1325,24.0682,72.24971,2026-09-04 08:37:00+00:00,330.15,1.4,0.0,,firms_viirs_snpp_nrt_india.csv,,330.15,,,,1.4,0.0,,,,,,,,,,,,,,,,n,N,D,0,0,0,0,2026-09-04 08:37:00+00:00,57160.57551853631,57160.57551853631,uncertain,uncertain_review_required,insufficient_evidence,0.4,False,{},ranking,,,,0.0,,,,
frp:firms_viirs_snpp_nrt_india:firms_viirs_snpp_nrt_india.csv:1326,frp:firms_viirs_snpp_nrt_india,1326,25.9841,73.41638,2026-09-04 08:37:00+00:00,340.25,5.6,0.0,,firms_viirs_snpp_nrt_india.csv,,340.25,,,,5.6,0.0,,,,,,,,,,,,,,,,n,N,D,0,0,0,0,2026-09-04 08:37:00+00:00,181906.76417066136,181906.76417066136,uncertain,uncertain_review_required,insufficient_evidence,0.4,False,{},ranking,emergency_or_transient_fire,wildfire_or_agricultural_burn,day_fire_far_from_flare,0.65,conf=n+D+flare181907m+p90=0+frp=5.6,,,
frp:firms_viirs_snpp_nrt_india:firms_viirs_snpp_nrt_india.csv:1327,frp:firms_viirs_snpp_nrt_india,1327,27.14095,72.44164,2026-09-04 08:37:00+00:00,335.03,1.99,0.0,,firms_viirs_snpp_nrt_india.csv,,335.03,,,,1.99,0.0,,,,,,,,,,,,,,,,l,N,D,0,0,0,0,2026-09-04 08:37:00+00:00,164061.04183496445,164061.04183496445,uncertain,uncertain_review_required,insufficient_evidence,0.4,False,{},ranking,uncertain,other_or_uncertain,low_confidence_isolated_day,0.6,conf=l+p90=0+D,,,
frp:firms_viirs_snpp_nrt_india:firms_viirs_snpp_nrt_india.csv:1328,frp:firms_viirs_snpp_nrt_india,1328,28.42405,69.7006,2026-09-04 08:39:00+00:00,335.37,3.82,0.0,,firms_viirs_snpp_nrt_india.csv,,335.37,,,,3.82,0.0,,,,,,,,,,,,,,,,l,N,D,9,9,9,9,2026-09-04 08:39:00+00:00,42729.80668410583,42729.80668410583,uncertain,uncertain_review_required,insufficient_evidence,0.4,False,{},ranking,,,,0.0,,,,
frp:firms_viirs_snpp_nrt_india:firms_viirs_snpp_nrt_india.csv:1329,frp:firms_viirs_snpp_nrt_india,1329,28.45174,68.14686,2026-09-04 08:39:00+00:00,334.81,24.53,0.0,,firms_viirs_snpp_nrt_india.csv,,334.81,,,,24.53,0.0,,,,,,,,,,,,,,,,n,N,D,0,0,0,0,2026-09-04 08:39:00+00:00,50612.81332094385,50612.81332094385,uncertain,uncertain_review_required,insufficient_evidence,0.4,False,{},ranking,emergency_or_transient_fire,wildfire_or_agricultural_burn,day_fire_far_from_flare,0.65,conf=n+D+flare50613m+p90=0+frp=24.5,,,
frp:firms_viirs_snpp_nrt_india:firms_viirs_snpp_nrt_india.csv:1330,frp:firms_viirs_snpp_nrt_india,1330,29.33473,69.01346,2026-09-04 08:39:00+00:00,344.38,3.84,0.0,,firms_viirs_snpp_nrt_india.csv,,344.38,,,,3.84,0.0,,,,,,,,,,,,,,,,n,N,D,0,0,0,0,2026-09-04 08:39:00+00:00,79632.5023914508,79632.5023914508,uncertain,uncertain_review_required,insufficient_evidence,0.4,False,{},ranking,emergency_or_transient_fire,wildfire_or_agricultural_burn,day_fire_far_from_flare,0.65,conf=n+D+flare79633m+p90=0+frp=3.8,,,
frp:firms_viirs_snpp_nrt_india:firms_viirs_snpp_nrt_india.csv:1331,frp:firms_viirs_snpp_nrt_india,1331,29.33534,69.01741,2026-09-04 08:39:00+00:00,338.2,5.51,0.0,,firms_viirs_snpp_nrt_india.csv,,338.2,,,,5.51,0.0,,,,,,,,,,,,,,,,l,N,D,1,1,1,1,2026-09-04 08:39:00+00:00,79620.32147946268,79620.32147946268,uncertain,uncertain_review_required,insufficient_evidence,0.4,False,{},ranking,,,,0.0,,,,
frp:firms_viirs_snpp_nrt_india:firms_viirs_snpp_nrt_india.csv:1332,frp:firms_viirs_snpp_nrt_india,1332,29.80486,72.78429,2026-09-04 08:39:00+00:00,337.49,4.92,0.0,,firms_viirs_snpp_nrt_india.csv,,337.49,,,,4.92,0.0,,,,,,,,,,,,,,,,n,N,D,0,0,0,0,2026-09-04 08:39:00+00:00,183223.41882314818,183223.41882314818,uncertain,uncertain_review_required,insufficient_evidence,0.4,False,{},ranking,emergency_or_transient_fire,wildfire_or_agricultural_burn,day_fire_far_from_flare,0.65,conf=n+D+flare183223m+p90=0+frp=4.9,,,
frp:firms_viirs_snpp_nrt_india:firms_viirs_snpp_nrt_india.csv:1333,frp:firms_viirs_snpp_nrt_india,1333,29.911,74.95192,2026-09-04 08:39:00+00:00,341.22,5.47,0.0,,firms_viirs_snpp_nrt_india.csv,,341.22,,,,5.47,0.0,,,,,,,,,,,,,,,,n,N,D,5,5,5,5,2026-09-04 08:39:00+00:00,301.9419349514897,301.9419349514897,emergency_or_transient_fire,industrial_fire_candidate,industrial_proximity,0.72,True,{},ranking,,,,0.0,,,,
frp:firms_viirs_snpp_nrt_india:firms_viirs_snpp_nrt_india.csv:1334,frp:firms_viirs_snpp_nrt_india,1334,29.94049,69.95213,2026-09-04 08:39:00+00:00,337.32,3.81,0.0,,firms_viirs_snpp_nrt_india.csv,,337.32,,,,3.81,0.0,,,,,,,,,,,,,,,,n,N,D,0,0,0,0,2026-09-04 08:39:00+00:00,97395.26010024201,97395.26010024201,uncertain,uncertain_review_required,insufficient_evidence,0.4,False,{},ranking,emergency_or_transient_fire,wildfire_or_agricultural_burn,day_fire_far_from_flare,0.65,conf=n+D+flare97395m+p90=0+frp=3.8,,,
frp:firms_viirs_snpp_nrt_india:firms_viirs_snpp_nrt_india.csv:1335,frp:firms_viirs_snpp_nrt_india,1335,30.47343,71.74202,2026-09-04 08:39:00+00:00,331.0,3.21,0.0,,firms_viirs_snpp_nrt_india.csv,,331.0,,,,3.21,0.0,,,,,,,,,,,,,,,,l,N,D,0,0,0,0,2026-09-04 08:39:00+00:00,85053.43152965076,85053.43152965076,uncertain,uncertain_review_required,insufficient_evidence,0.4,False,{},ranking,uncertain,other_or_uncertain,low_confidence_isolated_day,0.6,conf=l+p90=0+D,,,
frp:firms_viirs_snpp_nrt_india:firms_viirs_snpp_nrt_india.csv:1336,frp:firms_viirs_snpp_nrt_india,1336,31.31773,72.16481,2026-09-04 08:39:00+00:00,335.37,3.46,0.0,,firms_viirs_snpp_nrt_india.csv,,335.37,,,,3.46,0.0,,,,,,,,,,,,,,,,n,N,D,0,0,0,0,2026-09-04 08:39:00+00:00,173941.5075860172,173941.5075860172,uncertain,uncertain_review_required,insufficient_evidence,0.4,False,{},ranking,emergency_or_transient_fire,wildfire_or_agricultural_burn,day_fire_far_from_flare,0.65,conf=n+D+flare173942m+p90=0+frp=3.5,,,
frp:firms_viirs_snpp_nrt_india:firms_viirs_snpp_nrt_india.csv:1337,frp:firms_viirs_snpp_nrt_india,1337,31.5778,72.37859,2026-09-04 08:39:00+00:00,337.86,5.83,0.0,,firms_viirs_snpp_nrt_india.csv,,337.86,,,,5.83,0.0,,,,,,,,,,,,,,,,n,N,D,0,0,0,0,2026-09-04 08:39:00+00:00,179476.29580455497,179476.29580455497,uncertain,uncertain_review_required,insufficient_evidence,0.4,False,{},ranking,emergency_or_transient_fire,wildfire_or_agricultural_burn,day_fire_far_from_flare,0.65,conf=n+D+flare179476m+p90=0+frp=5.8,,,
frp:firms_viirs_snpp_nrt_india:firms_viirs_snpp_nrt_india.csv:1338,frp:firms_viirs_snpp_nrt_india,1338,31.68232,72.20583,2026-09-04 08:39:00+00:00,336.61,4.36,0.0,,firms_viirs_snpp_nrt_india.csv,,336.61,,,,4.36,0.0,,,,,,,,,,,,,,,,n,N,D,0,0,0,0,2026-09-04 08:39:00+00:00,169447.8464570506,169447.8464570506,uncertain,uncertain_review_required,insufficient_evidence,0.4,False,{},ranking,emergency_or_transient_fire,wildfire_or_agricultural_burn,day_fire_far_from_flare,0.65,conf=n+D+flare169448m+p90=0+frp=4.4,,,
frp:firms_viirs_snpp_nrt_india:firms_viirs_snpp_nrt_india.csv:1339,frp:firms_viirs_snpp_nrt_india,1339,32.24791,73.92658,2026-09-04 08:39:00+00:00,332.01,3.62,0.0,,firms_viirs_snpp_nrt_india.csv,,332.01,,,,3.62,0.0,,,,,,,,,,,,,,,,n,N,D,0,0,0,0,2026-09-04 08:39:00+00:00,112412.68195245478,112412.68195245478,uncertain,uncertain_review_required,insufficient_evidence,0.4,False,{},ranking,emergency_or_transient_fire,wildfire_or_agricultural_burn,day_fire_far_from_flare,0.65,conf=n+D+flare112413m+p90=0+frp=3.6,,,
frp:firms_viirs_snpp_nrt_india:firms_viirs_snpp_nrt_india.csv:1340,frp:firms_viirs_snpp_nrt_india,1340,32.43256,71.36949,2026-09-04 08:39:00+00:00,345.57,6.24,0.0,,firms_viirs_snpp_nrt_india.csv,,345.57,,,,6.24,0.0,,,,,,,,,,,,,,,,n,N,D,0,0,0,0,2026-09-04 08:39:00+00:00,76127.80357057907,76127.80357057907,uncertain,uncertain_review_required,insufficient_evidence,0.4,False,{},ranking,emergency_or_transient_fire,wildfire_or_agricultural_burn,day_fire_far_from_flare,0.65,conf=n+D+flare76128m+p90=0+frp=6.2,,,
frp:firms_viirs_snpp_nrt_india:firms_viirs_snpp_nrt_india.csv:1341,frp:firms_viirs_snpp_nrt_india,1341,38.05041,67.26707,2026-09-04 08:41:00+00:00,342.33,11.42,0.0,,firms_viirs_snpp_nrt_india.csv,,342.33,,,,11.42,0.0,,,,,,,,,,,,,,,,l,N,D,38,38,38,38,2026-09-04 08:41:00+00:00,76468.60357604621,76468.60357604621,uncertain,uncertain_review_required,insufficient_evidence,0.4,False,{},ranking,,,,0.0,,,,
frp:firms_viirs_snpp_nrt_india:firms_viirs_snpp_nrt_india.csv:1342,frp:firms_viirs_snpp_nrt_india,1342,38.0537,67.26628,2026-09-04 08:41:00+00:00,340.89,11.42,0.0,,firms_viirs_snpp_nrt_india.csv,,340.89,,,,11.42,0.0,,,,,,,,,,,,,,,,l,N,D,39,39,39,39,2026-09-04 08:41:00+00:00,76186.2162753471,76186.2162753471,uncertain,uncertain_review_required,insufficient_evidence,0.4,False,{},ranking,,,,0.0,,,,
frp:gulf_flaring:gulf_flaring__5354c465-ecde-4b9a-8a42-b93f56560577.zip:768,frp:gulf_flaring,768,31.94401391934912,54.034862863575086,1993-09-07 17:58:28.339824+00:00,303.59000000000003,3.6326355689320624,0.9135714669087868,gulf_flaring,gulf_flaring__5354c465-ecde-4b9a-8a42-b93f56560577.zip,,303.59000000000003,296.500625,0.0,0.5800055537999997,3.6326355689320624,0.9135714669087868,119.47893090276418,906421.25,0.3891384090833334,0.5252331680000006,9.981136830822658,128.94864222435584,16.230517625808716,1.0,1100.0,34.0,0.0,0.0,5.0,0.8115382883201768,1.0,,,,3,3,3,3,1993-09-07 17:58:28.339824+00:00,243768.49600341098,243768.49600341098,uncertain,uncertain_review_required,insufficient_evidence,0.4,False,{},development,,,,0.0,,,,
frp:sentinel_frp_combined:siberia_wildfire__7b9d0178-7a9b-4f6d-84f2-e2ad5d35ae5d.zip:4133,frp:sentinel_frp_combined,4133,62.23969484285988,103.98705273745792,1993-06-07 13:28:47.740471+00:00,287.35,1.085199832865304,0.2411157994301198,siberia_wildfire,siberia_wildfire__7b9d0178-7a9b-4f6d-84f2-e2ad5d35ae5d.zip,,287.35,284.2225,0.0,0.27537741,1.085199832865304,0.2411157994301198,75.7650488449738,969029.6875,0.2238196750000002,0.2589528500000003,26.31979432879543,85.0372901431812,16.971464157104492,1.0,1350.0,54.0,0.0,0.0,5.0,0.7949068769281461,1.0,,,,5,5,5,5,1993-06-07 13:28:47.740471+00:00,248534.14909232318,248534.14909232318,uncertain,uncertain_review_required,insufficient_evidence,0.4,False,{},development,,,,0.0,,,,
frp:sentinel_frp_combined:siberia_wildfire__4fff0f3b-bc89-4baf-8c7b-4b33aad77faa.zip:3579,frp:sentinel_frp_combined,3579,54.7274788618264,80.48604579679227,1993-06-07 16:08:51.119468+00:00,293.23,0.8970874340409316,0.1593099042448638,siberia_wildfire,siberia_wildfire__4fff0f3b-bc89-4baf-8c7b-4b33aad77faa.zip,,293.23,284.91041386309763,0.0,0.2749451851000005,0.8970874340409316,0.1593099042448638,101.82155927187,978486.9375,0.2434066402857145,0.3369891220000002,23.178792710740183,96.23226273488488,21.35821914672852,1.0,694.0,137.0,71.0,0.0,11.0,0.778275050418548,1.0,,,,1,1,1,1,1993-06-07 16:08:51.119468+00:00,249771.72064466772,249771.72064466772,uncertain,uncertain_review_required,insufficient_evidence,0.4,False,{},development,,,,0.0,,,,
frp:sentinel_frp_combined:central_africa_wildfire__127ffed6-bb4b-43b2-a61c-acb9bc1d13e3.zip:706,frp:sentinel_frp_combined,706,-8.614680978250021,23.46333494076077,1993-06-07 20:54:03.687409+00:00,289.71000000000004,1.5998923569324304,10.474014256246267,central_africa_wildfire,central_africa_wildfire__127ffed6-bb4b-43b2-a61c-acb9bc1d13e3.zip,,289.71000000000004,288.86107142857145,0.0,0.3415165338000004,1.5998923569324304,10.474014256246267,154.88888238365865,1173199.375,0.2818802448181819,0.2877629260000005,41.04476000284852,153.9325993888175,21.48740661144257,1.0,409.0,887.0,0.0,0.0,5.0,0.745180120053661,1.0,,,,14,14,14,14,1993-06-07 20:54:03.687409+00:00,753027.1386181748,753027.1386181748,uncertain,uncertain_review_required,insufficient_evidence,0.4,False,{},development,,,,0.0,,,,
frp:central_africa_wildfire:central_africa_wildfire__91d9ed43-4cf6-47d5-bb87-1a1f26dd72d3.zip:775,frp:central_africa_wildfire,775,1.631784995880139,9.875573975066573,1993-06-07 21:35:54.726809+00:00,290.12,2.256751479260438,0.5547323788772871,central_africa_wildfire,central_africa_wildfire__91d9ed43-4cf6-47d5-bb87-1a1f26dd72d3.zip,,290.12,283.71200000000005,0.0,0.2996510500000001,2.256751479260438,0.5547323788772871,150.82469839709236,1037905.0,0.2187319027272729,0.29384992,31.890270045653736,144.81105037864657,53.77892875671387,1.0,563.0,87.0,0.0,0.0,7.0,0.634154029367336,1.0,,,,23,23,23,23,1993-06-07 21:35:54.726809+00:00,53439.174649994486,53439.174649994486,uncertain,uncertain_review_required,insufficient_evidence,0.4,False,{},development,,,,0.0,,,,
frp:firms_modis_nrt_india:firms_modis_nrt_india.csv:60,frp:firms_modis_nrt_india,60,18.50253,74.20557,2026-09-01 15:22:00+00:00,303.39,5.07,0.0,,firms_modis_nrt_india.csv,,303.39,,,,5.07,0.0,,,,,,,,,,,,,,,,46,Terra,N,1,1,1,1,2026-09-01 15:22:00+00:00,140329.23470159108,140329.23470159108,uncertain,uncertain_review_required,insufficient_evidence,0.4,False,{},development,,,,0.0,,,,
frp:sentinel_frp_combined:siberia_wildfire__4fff0f3b-bc89-4baf-8c7b-4b33aad77faa.zip:3836,frp:sentinel_frp_combined,3836,58.507542852282654,78.66452780139116,1993-06-07 16:09:56.217764+00:00,298.36,2.857543662011392,0.7208512061840349,siberia_wildfire,siberia_wildfire__4fff0f3b-bc89-4baf-8c7b-4b33aad77faa.zip,,298.36,291.3713514610336,0.0,0.4650977176,2.857543662011392,0.7208512061840349,98.22457135509384,974070.1875,0.3274664605000002,0.4214264040000002,22.624930200771907,92.63414122303168,23.12547492980957,1.0,702.0,574.0,18.0,0.0,11.0,0.7712827272545391,1.0,,,,47,47,47,47,1993-06-07 16:09:56.217764+00:00,22368.184170657863,22368.184170657863,uncertain,uncertain_review_required,insufficient_evidence,0.4,False,{},development,,,,0.0,,,,
frp:firms_viirs_snpp_nrt_india:firms_viirs_snpp_nrt_india.csv:113,frp:firms_viirs_snpp_nrt_india,113,9.17741,78.13036,2026-08-31 08:07:00+00:00,346.2,6.86,0.0,,firms_viirs_snpp_nrt_india.csv,,346.2,,,,6.86,0.0,,,,,,,,,,,,,,,,n,N,D,0,0,0,0,2026-08-31 08:07:00+00:00,209616.234979744,209616.234979744,uncertain,uncertain_review_required,insufficient_evidence,0.4,False,{},development,emergency_or_transient_fire,wildfire_or_agricultural_burn,day_fire_far_from_flare,0.65,conf=n+D+flare209616m+p90=0+frp=6.9,,,
frp:sentinel_frp_combined:siberia_wildfire__7b9d0178-7a9b-4f6d-84f2-e2ad5d35ae5d.zip:4128,frp:sentinel_frp_combined,4128,62.12705584314426,104.25484473678182,1993-06-07 13:28:44.740124+00:00,288.90000000000003,1.4501083317568075,0.5535694666605666,siberia_wildfire,siberia_wildfire__7b9d0178-7a9b-4f6d-84f2-e2ad5d35ae5d.zip,,288.90000000000003,285.0225,0.0,0.3022143400000001,1.4501083317568075,0.5535694666605666,75.83544310762107,964449.0625,0.2320625530769232,0.2780001000000004,25.85822351447828,85.17680944274517,17.062506794929504,1.0,1343.0,37.0,0.0,0.0,5.0,0.7950366982787703,1.0,,,,3,3,3,3,1993-06-07 13:28:44.740124+00:00,232088.85251337299,232088.85251337299,uncertain,uncertain_review_required,insufficient_evidence,0.4,False,{},development,,,,0.0,,,,
frp:firms_viirs_noaa20_nrt_india:firms_viirs_noaa20_nrt_india.csv:386,frp:firms_viirs_noaa20_nrt_india,386,7.28544,81.7925,2026-09-01 08:07:00+00:00,346.3,2.38,0.0,,firms_viirs_noaa20_nrt_india.csv,,346.3,,,,2.38,0.0,,,,,,,,,,,,,,,,n,N20,D,2,2,2,2,2026-09-01 08:07:00+00:00,205792.1819026801,205792.1819026801,uncertain,uncertain_review_required,insufficient_evidence,0.4,False,{},development,,,,0.0,,,,
frp:firms_viirs_snpp_nrt_india:firms_viirs_snpp_nrt_india.csv:274,frp:firms_viirs_snpp_nrt_india,274,7.94756,81.31615,2026-09-01 07:50:00+00:00,343.2,8.89,0.0,,firms_viirs_snpp_nrt_india.csv,,343.2,,,,8.89,0.0,,,,,,,,,,,,,,,,n,N,D,8,8,8,8,2026-09-01 07:50:00+00:00,185838.1190274033,185838.1190274033,uncertain,uncertain_review_required,insufficient_evidence,0.4,False,{},development,,,,0.0,,,,
frp:central_africa_wildfire:central_africa_wildfire__127ffed6-bb4b-43b2-a61c-acb9bc1d13e3.zip:441,frp:central_africa_wildfire,441,-8.526360978473008,23.86071393975749,1993-06-07 20:54:07.884490+00:00,289.1,1.1705550369517848,10.03102261782347,central_africa_wildfire,central_africa_wildfire__127ffed6-bb4b-43b2-a61c-acb9bc1d13e3.zip,,289.1,289.0382559523809,0.0,0.3259603228000003,1.1705550369517848,10.03102261782347,153.2933580336621,1207740.875,0.2815514873333337,0.2798569600000003,43.5384362331023,154.22472431578703,21.512431144714355,1.0,364.0,886.0,0.0,0.0,5.0,0.737895557875948,1.0,,,,0,0,0,0,1993-06-07 20:54:07.884490+00:00,727544.7001445773,727544.7001445773,uncertain,uncertain_review_required,insufficient_evidence,0.4,False,{},development,,,,0.0,,,,
frp:sentinel_frp_combined:central_africa_wildfire__127ffed6-bb4b-43b2-a61c-acb9bc1d13e3.zip:559,frp:sentinel_frp_combined,559,-16.680036957886955,18.11547895426281,1993-06-07 20:51:46.650368+00:00,286.12,0.7379431672422401,1.897876841024612,central_africa_wildfire,central_africa_wildfire__127ffed6-bb4b-43b2-a61c-acb9bc1d13e3.zip,,286.12,285.718125,0.0,0.2781868157000003,0.7379431672422401,1.897876841024612,137.73760225017287,928028.9375,0.2396847091428573,0.243958512,14.744316112020131,152.31152885302026,13.037488460540771,1.0,1176.0,151.0,0.0,0.0,5.0,0.8250735875941196,1.0,,,,15,15,15,15,1993-06-07 20:51:46.650368+00:00,1178647.3043148562,1178647.3043148562,uncertain,uncertain_review_required,insufficient_evidence,0.4,False,{},development,,,,0.0,,,,
frp:firms_viirs_noaa20_nrt_india:firms_viirs_noaa20_nrt_india.csv:945,frp:firms_viirs_noaa20_nrt_india,945,9.98763,77.44791,2026-09-02 07:50:00+00:00,351.24,13.21,0.0,,firms_viirs_noaa20_nrt_india.csv,,351.24,,,,13.21,0.0,,,,,,,,,,,,,,,,n,N20,D,1,1,1,1,2026-09-02 07:50:00+00:00,115643.49439143926,115643.49439143926,uncertain,uncertain_review_required,insufficient_evidence,0.4,False,{},development,emergency_or_transient_fire,wildfire_or_agricultural_burn,day_fire_far_from_flare,0.65,conf=n+D+flare115643m+p90=1+frp=13.2,,,
frp:china_industrial:china_industrial__c1cd4b46-50c7-4dc6-b61f-79dd085a5792.zip:575,frp:china_industrial,575,42.3534968930677,125.21447268386385,1993-09-07 13:37:30.840178+00:00,288.11,1.9015805767148413,17.3013482081881,china_industrial,china_industrial__c1cd4b46-50c7-4dc6-b61f-79dd085a5792.zip,,288.11,288.21062500000005,0.0,0.3423064200000004,1.9015805767148413,17.3013482081881,140.0485002164489,1197647.5,0.2699468341666668,0.2681337900000001,41.402826916832986,124.38852139224416,15.179383277893066,1.0,402.0,1068.0,0.0,0.0,5.0,0.7765688077744731,1.0,,,,4,4,4,4,1993-09-07 13:37:30.840178+00:00,114319.72784633472,114319.72784633472,uncertain,uncertain_review_required,insufficient_evidence,0.4,False,{},development,,,,0.0,,,,
frp:sentinel_frp_combined:central_africa_wildfire__127ffed6-bb4b-43b2-a61c-acb9bc1d13e3.zip:885,frp:sentinel_frp_combined,885,-7.540081980963123,19.22257595146766,1993-06-07 20:54:09.718074+00:00,288.51,1.2880348656384313,2.612518046659598,central_africa_wildfire,central_africa_wildfire__127ffed6-bb4b-43b2-a61c-acb9bc1d13e3.zip,,288.51,288.7118750000001,0.0,0.3375927542000005,1.2880348656384313,2.612518046659598,152.1939422941783,918915.75,0.2749993800625002,0.2724516289999998,13.653187680656586,149.85563687673078,27.64277493953705,1.0,837.0,1108.0,0.0,0.0,5.0,0.7609323182396003,1.0,,,,6,6,6,6,1993-06-07 20:54:09.718074+00:00,750263.4606709603,750263.4606709603,uncertain,uncertain_review_required,insufficient_evidence,0.4,False,{},development,,,,0.0,,,,
frp:sentinel_frp_combined:gulf_flaring__5354c465-ecde-4b9a-8a42-b93f56560577.zip:2576,frp:sentinel_frp_combined,2576,34.36540891323568,51.71202886943968,1993-09-07 17:59:19.649153+00:00,303.68,8.35064587652562,5.302841094720745,gulf_flaring,gulf_flaring__5354c465-ecde-4b9a-8a42-b93f56560577.zip,,303.68,297.3953448275862,0.0,0.8181734370999999,8.35064587652562,5.302841094720745,111.625628887504,955566.25,0.464778783367925,0.5271830360000002,19.221440146441672,126.0158035425218,19.89564847946167,1.0,1242.0,347.0,790.0,706.0,47.0,0.7886008573354684,1.0,,,,24,24,24,24,1993-09-07 17:59:19.649153+00:00,46035.815152899035,46035.815152899035,uncertain,uncertain_review_required,insufficient_evidence,0.4,False,{},development,,,,0.0,,,,
frp:sentinel_frp_combined:siberia_wildfire__4fff0f3b-bc89-4baf-8c7b-4b33aad77faa.zip:3528,frp:sentinel_frp_combined,3528,52.91337786640656,72.257640817567,1993-06-07 16:08:43.965207+00:00,289.20000000000005,2.8127622438539968,12.438284630457428,siberia_wildfire,siberia_wildfire__4fff0f3b-bc89-4baf-8c7b-4b33aad77faa.zip,,289.20000000000005,288.11461813186816,0.0,0.4029988187999999,2.8127622438539968,12.438284630457428,84.43358214118066,967533.875,0.2710267638500002,0.2811530200000006,21.097213938297024,94.6740743375734,21.909645557403564,1.0,1271.0,100.0,17.0,0.0,7.0,0.7781202961241002,1.0,,,,19,19,19,19,1993-06-07 16:08:43.965207+00:00,250698.17258149994,250698.17258149994,uncertain,uncertain_review_required,insufficient_evidence,0.4,False,{},development,,,,0.0,,,,
frp:firms_viirs_snpp_nrt_india:firms_viirs_snpp_nrt_india.csv:639,frp:firms_viirs_snpp_nrt_india,639,7.90861,81.47627,2026-09-02 07:29:00+00:00,344.69,3.85,0.0,,firms_viirs_snpp_nrt_india.csv,,344.69,,,,3.85,0.0,,,,,,,,,,,,,,,,n,N,D,2,2,2,2,2026-09-02 07:29:00+00:00,198016.24178351744,198016.24178351744,uncertain,uncertain_review_required,insufficient_evidence,0.4,False,{},development,emergency_or_transient_fire,wildfire_or_agricultural_burn,day_fire_far_from_flare,0.65,conf=n+D+flare198016m+p90=2+frp=3.9,,,
frp:gulf_flaring:gulf_flaring__07554d1c-45ab-471f-bda9-f460f68ae9e0.zip:436,frp:gulf_flaring,436,30.623197922683858,47.31956988052957,1993-09-07 18:36:54.355862+00:00,307.05,3.0663744888720506,0.4246483541334081,gulf_flaring,gulf_flaring__07554d1c-45ab-471f-bda9-f460f68ae9e0.zip,,307.05,304.2596875,0.0,0.6992540200000001,3.0663744888720506,0.4246483541334081,132.8103328238468,870153.875,0.5413438092307696,0.6061844500000003,13.021479873104743,131.66835140281495,26.89872169494629,1.0,846.0,1025.0,0.0,0.0,5.0,0.7642348604468157,1.0,,,,33,33,33,33,1993-09-07 18:36:54.355862+00:00,1628.6698879136025,1628.6698879136025,uncertain,uncertain_review_required,insufficient_evidence,0.4,False,{},development,,,,0.0,,,,
frp:central_africa_wildfire:central_africa_wildfire__127ffed6-bb4b-43b2-a61c-acb9bc1d13e3.zip:676,frp:central_africa_wildfire,676,-7.748959980435757,16.26525895893417,1993-06-07 20:54:16.943892+00:00,291.27000000000004,4.084944091871599,0.5574140216173403,central_africa_wildfire,central_africa_wildfire__127ffed6-bb4b-43b2-a61c-acb9bc1d13e3.zip,,291.27000000000004,273.3677777777778,0.0,0.3218907720000006,4.084944091871599,0.5574140216173403,134.45875704198485,922937.8125,0.122640544,0.3087687450000005,13.785728831624876,147.51589157984142,26.03535544872284,1.0,1161.0,1157.0,0.0,0.0,5.0,0.767104869737569,1.0,,,,25,25,25,25,1993-06-07 20:54:16.943892+00:00,431705.10858828615,431705.10858828615,uncertain,uncertain_review_required,insufficient_evidence,0.4,False,{},development,,,,0.0,,,,
frp:firms_viirs_noaa20_nrt_india:firms_viirs_noaa20_nrt_india.csv:284,frp:firms_viirs_noaa20_nrt_india,284,24.6901,73.00169,2026-08-31 20:59:00+00:00,313.08,1.11,0.0,,firms_viirs_noaa20_nrt_india.csv,,313.08,,,,1.11,0.0,,,,,,,,,,,,,,,,n,N20,N,0,0,0,0,2026-08-31 20:59:00+00:00,139666.54147855335,139666.54147855335,uncertain,uncertain_review_required,insufficient_evidence,0.4,False,{},development,,,,0.0,,,,
frp:siberia_wildfire:siberia_wildfire__4fff0f3b-bc89-4baf-8c7b-4b33aad77faa.zip:667,frp:siberia_wildfire,667,58.38893485258211,77.88117380336894,1993-06-07 16:09:53.821480+00:00,292.05,1.1318840028633013,0.9147173074942594,siberia_wildfire,siberia_wildfire__4fff0f3b-bc89-4baf-8c7b-4b33aad77faa.zip,,292.05,290.747570601116,0.0,0.35644246,1.1318840028633013,0.9147173074942594,95.90186477869888,952242.4375,0.2849915636000003,0.3197107050000001,19.399295929449387,92.49696356694956,23.049532890319824,1.0,750.0,573.0,0.0,0.0,5.0,0.7749020804205721,1.0,,,,5,5,5,5,1993-06-07 16:09:53.821480+00:00,14305.690657879059,14305.690657879059,uncertain,uncertain_review_required,insufficient_evidence,0.4,False,{},development,,,,0.0,,,,
frp:siberia_wildfire:siberia_wildfire__e868eda1-2872-460a-9018-a302eff3e322.zip:1330,frp:siberia_wildfire,1330,62.368570842534496,79.53587279919122,1993-06-07 15:09:43.856804+00:00,295.36,1.9367661300974668,1.526745456952297,siberia_wildfire,siberia_wildfire__e868eda1-2872-460a-9018-a302eff3e322.zip,,295.36,290.8981458333334,0.0,0.3947274700000003,1.9367661300974668,1.526745456952297,75.57801692495053,941130.5625,0.2967184350000002,0.3709615200000002,23.461988369128854,85.14850058916444,28.8558030128479,1.0,1307.0,49.0,0.0,0.0,5.0,0.7469472484173165,1.0,,,,2,2,2,2,1993-06-07 15:09:43.856804+00:00,8651.58048487795,8651.58048487795,uncertain,uncertain_review_required,insufficient_evidence,0.4,False,{},development,,,,0.0,,,,
frp:central_africa_wildfire:central_africa_wildfire__0beec313-bad6-4801-9725-7642c0f06960.zip:21,frp:central_africa_wildfire,21,-1.0714299972948993,13.63613796557206,1993-06-07 21:35:30.707521+00:00,282.20000000000005,2.684526971585317,3.235529398244496,central_africa_wildfire,central_africa_wildfire__0beec313-bad6-4801-9725-7642c0f06960.zip,,282.20000000000005,279.7409356725145,0.0,0.2478202000000004,2.684526971585317,3.235529398244496,147.1554842882149,1406397.625,0.1830233000000001,0.2033216000000004,50.943822329549256,149.25260723781304,46.04332733154297,1.0,220.0,499.0,0.0,0.0,7.0,0.5921258279925646,1.0,,,,1,1,1,1,1993-06-07 21:35:30.707521+00:00,376871.13006409386,376871.13006409386,uncertain,uncertain_review_required,insufficient_evidence,0.4,False,{},development,,,,0.0,,,,
frp:sentinel_frp_combined:siberia_wildfire__e868eda1-2872-460a-9018-a302eff3e322.zip:4579,frp:sentinel_frp_combined,4579,64.40674983738859,85.77861378342982,1993-06-07 15:09:48.627008+00:00,288.23,0.9242535013139636,0.2645912076042397,siberia_wildfire,siberia_wildfire__e868eda1-2872-460a-9018-a302eff3e322.zip,,288.23,286.05933333333337,0.0,0.2923659099999999,0.9242535013139636,0.2645912076042397,82.16098070336811,850090.75,0.2436009915384618,0.2696324700000002,8.02986689227724,85.69485138591733,27.56240224838257,1.0,930.0,133.0,0.0,0.0,5.0,0.7642778600105872,1.0,,,,2,2,2,2,1993-06-07 15:09:48.627008+00:00,192523.58919539783,192523.58919539783,uncertain,uncertain_review_required,insufficient_evidence,0.4,False,{},development,,,,0.0,,,,
frp:sentinel_frp_combined:amazon_basin__ee63b406-431f-44b5-afe5-b345d151571d.zip:242,frp:sentinel_frp_combined,242,-12.806494967666708,-64.63317583681692,1993-07-07 14:26:55.359660+00:00,326.79,16.89456948827533,1.9586563327450328,amazon_basin,amazon_basin__ee63b406-431f-44b5-afe5-b345d151571d.zip,,326.79,305.779,1.0,1.283809200000001,16.89456948827533,1.9586563327450328,38.05163930219766,1024045.25,0.5767705890000003,0.6619598000000002,30.98508595421449,45.51429009704306,30.141037940979004,1.0,1420.0,1123.0,0.0,2.0,5.0,0.7302721516253,1.0,,,,0,0,0,0,1993-07-07 14:26:55.359660+00:00,471681.57293039316,471681.57293039316,uncertain,uncertain_review_required,insufficient_evidence,0.4,False,{},development,,,,0.0,,,,
frp:sentinel_frp_combined:gulf_flaring__06ea85e3-0e01-4c85-b788-ed0287e7ac6d.zip:1824,frp:sentinel_frp_combined,1824,26.517203933050496,36.73167590726143,1993-09-06 19:02:21.351478+00:00,293.54,3.80855879658994,0.4469294817156665,gulf_flaring,gulf_flaring__06ea85e3-0e01-4c85-b788-ed0287e7ac6d.zip,,293.54,302.9741071428571,0.0,0.68907125,3.80855879658994,0.4469294817156665,112.45825464565608,962907.3125,0.5228579447826089,0.3424575600000002,25.698046345117376,131.14022951189722,24.99724817276001,1.0,1338.0,678.0,108.0,0.0,17.0,0.7594981853419822,1.0,,,,21,21,21,21,1993-09-06 19:02:21.351478+00:00,259164.02632240413,259164.02632240413,uncertain,uncertain_review_required,insufficient_evidence,0.4,False,{},development,,,,0.0,,,,
frp:central_africa_wildfire:central_africa_wildfire__127ffed6-bb4b-43b2-a61c-acb9bc1d13e3.zip:672,frp:central_africa_wildfire,672,-7.766671980391038,16.201688959094668,1993-06-07 20:54:16.944464+00:00,291.3,2.6461331620200625,0.3605883296723257,central_africa_wildfire,central_africa_wildfire__127ffed6-bb4b-43b2-a61c-acb9bc1d13e3.zip,,291.3,273.3677777777778,0.0,0.2521431248000004,2.6461331620200625,0.3605883296723257,134.05766418341216,925453.1875,0.122640544,0.3091885500000002,14.246783423894565,147.47943605108097,24.778928995132446,1.0,1168.0,1156.0,0.0,0.0,5.0,0.7717751198631376,1.0,,,,22,22,22,22,1993-06-07 20:54:16.944464+00:00,425043.29460729833,425043.29460729833,uncertain,uncertain_review_required,insufficient_evidence,0.4,False,{},development,,,,0.0,,,,
frp:sentinel_frp_combined:amazon_basin__abb5665d-9dc6-422b-ab36-0e683ba688a3.zip:152,frp:sentinel_frp_combined,152,-15.55466696072824,-61.81182384394015,1993-07-07 13:48:56.798838+00:00,315.52000000000004,8.247059610083308,2.1885979717382216,amazon_basin,amazon_basin__abb5665d-9dc6-422b-ab36-0e683ba688a3.zip,,315.52000000000004,300.941875,1.0,0.8447127916000012,8.247059610083308,2.1885979717382216,65.59407763798262,952698.9375,0.4755611525437505,0.4899149440000003,19.457961139587788,51.847987090199055,28.16889762878418,1.0,750.0,381.0,0.0,0.0,5.0,0.7540985969607003,1.0,,,,0,0,0,0,1993-07-07 13:48:56.798838+00:00,290502.8268042807,290502.8268042807,uncertain,uncertain_review_required,insufficient_evidence,0.4,False,{},development,,,,0.0,,,,
frp:sentinel_frp_combined:gulf_flaring__07554d1c-45ab-471f-bda9-f460f68ae9e0.zip:1858,frp:sentinel_frp_combined,1858,27.782603929855668,52.17545086826965,1993-09-07 18:36:17.428662+00:00,312.36,2.066108705218617,0.2710836857572655,gulf_flaring,gulf_flaring__07554d1c-45ab-471f-bda9-f460f68ae9e0.zip,,312.36,301.27333333333337,0.0,0.5676326400000001,2.066108705218617,0.2710836857572655,148.920227416242,1150729.875,0.5056198654545458,0.7487388400000003,38.92323251233493,136.58965120050502,27.432572960853577,1.0,447.0,621.0,0.0,0.0,5.0,0.7240136327316333,1.0,,,,23,23,23,23,1993-09-07 18:36:17.428662+00:00,5615.2665178640145,5615.2665178640145,uncertain,uncertain_review_required,insufficient_evidence,0.4,False,{},development,,,,0.0,,,,
frp:sentinel_frp_combined:china_industrial__c1cd4b46-50c7-4dc6-b61f-79dd085a5792.zip:1628,frp:sentinel_frp_combined,1628,41.15885789608387,122.98933568948178,1993-09-07 13:36:59.355179+00:00,300.79,2.060107227826871,1.1578073384445051,china_industrial,china_industrial__c1cd4b46-50c7-4dc6-b61f-79dd085a5792.zip,,300.79,297.0764010989011,0.0,0.4952592399999999,2.060107227826871,1.1578073384445051,133.84971798848528,1000158.1875,0.4105352738461541,0.4682142200000004,28.85943381711572,124.309483521485,20.84345769882202,1.0,609.0,971.0,0.0,0.0,5.0,0.7731047611176592,1.0,,,,29,29,29,29,1993-09-07 13:36:59.355179+00:00,56285.28383222656,56285.28383222656,uncertain,uncertain_review_required,insufficient_evidence,0.4,False,{},development,,,,0.0,,,,
frp:gulf_flaring:gulf_flaring__5e582e3c-6d99-4d34-8298-72ea8ec7e6f3.zip:1236,frp:gulf_flaring,1236,24.81083993735865,49.35329387539491,1993-09-06 18:22:38.504415+00:00,305.18,1.4582039256734494,0.2585631814594262,gulf_flaring,gulf_flaring__5e582e3c-6d99-4d34-8298-72ea8ec7e6f3.zip,,305.18,300.36625000000004,0.0,0.5323826596000004,1.4582039256734494,0.2585631814594262,123.92285314571942,909801.5,0.4549006397500003,0.5607262120000001,10.695176020589994,134.10007150643722,24.77567672729492,1.0,1112.0,427.0,0.0,0.0,5.0,0.7739058683869794,1.0,,,,2,2,2,2,1993-09-06 18:22:38.504415+00:00,1849.9971065468371,1849.9971065468371,uncertain,uncertain_review_required,insufficient_evidence,0.4,False,{},development,,,,0.0,,,,
frp:firms_viirs_noaa20_nrt_india:firms_viirs_noaa20_nrt_india.csv:609,frp:firms_viirs_noaa20_nrt_india,609,9.23818,80.27795,2026-09-01 08:07:00+00:00,338.23,6.16,0.0,,firms_viirs_noaa20_nrt_india.csv,,338.23,,,,6.16,0.0,,,,,,,,,,,,,,,,l,N20,D,3,3,3,3,2026-09-01 08:07:00+00:00,186479.16549001238,186479.16549001238,uncertain,uncertain_review_required,insufficient_evidence,0.4,False,{},development,,,,0.0,,,,
frp:sentinel_frp_combined:central_africa_wildfire__127ffed6-bb4b-43b2-a61c-acb9bc1d13e3.zip:887,frp:sentinel_frp_combined,887,-5.996670984859861,25.272411936193294,1993-06-07 20:55:08.770845+00:00,300.0,13.728172302412432,1.485189106247558,central_africa_wildfire,central_africa_wildfire__127ffed6-bb4b-43b2-a61c-acb9bc1d13e3.zip,,300.0,291.09607142857146,0.0,0.7209443383999999,13.728172302412432,1.485189106247558,144.7751702144284,1356799.75,0.3187371960000001,0.4518436,54.23774738506705,153.94394927668452,24.926397681236267,1.0,147.0,1122.0,0.0,0.0,5.0,0.6773644540240252,1.0,,,,1,1,1,1,1993-06-07 20:55:08.770845+00:00,867920.9139627167,867920.9139627167,uncertain,uncertain_review_required,insufficient_evidence,0.4,False,{},development,,,,0.0,,,,
frp:sentinel_frp_combined:gulf_flaring__249f7eaa-a006-4cd8-bf84-2e9a2f5a5565.zip:2225,frp:sentinel_frp_combined,2225,36.47569790790772,50.85415087160561,1993-09-06 07:08:41.715462+00:00,309.69,3.7292155142517984,1.02929620309246,gulf_flaring,gulf_flaring__249f7eaa-a006-4cd8-bf84-2e9a2f5a5565.zip,,309.69,301.0444444444444,1.0,0.6727102117999999,3.7292155142517984,1.02929620309246,24.46625536806992,914831.0,0.4741960076555556,0.6159734140000002,11.645401479251529,35.93498159377481,12.440919876098633,1.0,1128.0,409.0,0.0,0.0,5.0,0.8298212801720751,1.0,,,,21,21,21,21,1993-09-06 07:08:41.715462+00:00,90011.61484880956,90011.61484880956,uncertain,uncertain_review_required,insufficient_evidence,0.4,False,{},development,,,,0.0,,,,
frp:sentinel_frp_combined:central_africa_wildfire__0beec313-bad6-4801-9725-7642c0f06960.zip:286,frp:sentinel_frp_combined,286,-1.0443679973632245,13.676480965470205,1993-06-07 21:35:31.907217+00:00,291.41,5.211583215428592,1.180866627025328,central_africa_wildfire,central_africa_wildfire__0beec313-bad6-4801-9725-7642c0f06960.zip,,291.41,279.7409356725145,0.0,0.3096464800000004,5.211583215428592,1.180866627025328,147.00078698299745,1412002.5,0.1830233000000001,0.3114685600000003,51.18273412686312,149.2482788227948,45.82513904571533,1.0,215.0,501.0,0.0,0.0,7.0,0.5916599875599636,1.0,,,,38,38,38,38,1993-06-07 21:35:31.907217+00:00,381385.54198278143,381385.54198278143,uncertain,uncertain_review_required,insufficient_evidence,0.4,False,{},development,,,,0.0,,,,
frp:siberia_wildfire:siberia_wildfire__4fff0f3b-bc89-4baf-8c7b-4b33aad77faa.zip:729,frp:siberia_wildfire,729,58.54674285218368,78.23784480246843,1993-06-07 16:09:56.819466+00:00,290.95000000000005,2.9781864988660143,4.756715583424255,siberia_wildfire,siberia_wildfire__4fff0f3b-bc89-4baf-8c7b-4b33aad77faa.zip,,290.95000000000005,289.9045833333334,0.0,0.4306785241000001,2.9781864988660143,4.756715583424255,97.03245168708672,963128.75,0.2880443585000002,0.3043170500000006,21.08204202683842,92.4882902590496,22.90126645565033,1.0,725.0,585.0,0.0,0.0,5.0,0.7738914711884616,1.0,,,,13,13,13,13,1993-06-07 16:09:56.819466+00:00,13071.894278084645,13071.894278084645,uncertain,uncertain_review_required,insufficient_evidence,0.4,False,{},development,,,,0.0,,,,
frp:sentinel_frp_combined:central_africa_wildfire__127ffed6-bb4b-43b2-a61c-acb9bc1d13e3.zip:752,frp:sentinel_frp_combined,752,-8.470973978612847,23.11007894165266,1993-06-07 20:54:03.989483+00:00,299.47,3.0965450899148568,0.4894085573862272,central_africa_wildfire,central_africa_wildfire__127ffed6-bb4b-43b2-a61c-acb9bc1d13e3.zip,,299.47,289.92875000000004,0.0,0.4098219039000006,3.0965450899148568,0.4894085573862272,155.8814093496348,1148085.125,0.2915704528181819,0.4418760490000005,39.10198310333891,153.53890315785722,22.15568971633911,1.0,443.0,912.0,0.0,0.0,5.0,0.7470897035403407,1.0,,,,2,2,2,2,1993-06-07 20:54:03.989483+00:00,792872.8283243492,792872.8283243492,uncertain,uncertain_review_required,insufficient_evidence,0.4,False,{},development,,,,0.0,,,,
frp:central_africa_wildfire:central_africa_wildfire__127ffed6-bb4b-43b2-a61c-acb9bc1d13e3.zip:452,frp:central_africa_wildfire,452,-8.599331978288774,23.489919940693653,1993-06-07 20:54:03.987231+00:00,292.12,1.721696769725778,1.7591085841684646,central_africa_wildfire,central_africa_wildfire__127ffed6-bb4b-43b2-a61c-acb9bc1d13e3.zip,,292.12,288.86107142857145,0.0,0.3458930571999999,1.721696769725778,1.7591085841684646,154.78644090694422,1175263.0,0.2818802448181819,0.3207280920000001,41.21467478526673,153.95102545399226,21.515321731567383,1.0,406.0,888.0,0.0,0.0,5.0,0.7445860541469721,1.0,,,,28,28,28,28,1993-06-07 20:54:03.987231+00:00,751962.9949097392,751962.9949097392,uncertain,uncertain_review_required,insufficient_evidence,0.4,False,{},development,,,,0.0,,,,
frp:sentinel_frp_combined:china_industrial__0d7ba0c0-c144-44dc-bad0-007997140ad8.zip:1244,frp:sentinel_frp_combined,1244,25.63059593528897,108.62899372573816,1993-09-07 14:34:34.747807+00:00,293.73,1.829361074730486,0.465525607258537,china_industrial,china_industrial__0d7ba0c0-c144-44dc-bad0-007997140ad8.zip,,293.73,287.1405263157895,0.0,0.3363854373999999,1.829361074730486,0.465525607258537,135.74936476362103,910280.1875,0.2564291432631582,0.3445348220000003,11.434068454165782,135.4232847253986,49.42933416366577,1.0,872.0,465.0,0.0,0.0,7.0,0.6779503726552099,1.0,,,,47,47,47,47,1993-09-07 14:34:34.747807+00:00,451820.52236684394,451820.52236684394,uncertain,uncertain_review_required,insufficient_evidence,0.4,False,{},development,,,,0.0,,,,
frp:siberia_wildfire:siberia_wildfire__4fff0f3b-bc89-4baf-8c7b-4b33aad77faa.zip:661,frp:siberia_wildfire,661,58.5090718522788,78.62497180149103,1993-06-07 16:09:56.217846+00:00,291.42,1.7815951168607576,51.611729764466624,siberia_wildfire,siberia_wildfire__4fff0f3b-bc89-4baf-8c7b-4b33aad77faa.zip,,291.42,291.3713514610336,0.0,0.3928462190000003,1.7815951168607576,51.611729764466624,98.11788207706611,973548.6875,0.2967012120000001,0.3108677700000002,22.491049801054665,92.61875369979302,23.081693410873413,1.0,704.0,575.0,18.0,0.0,11.0,0.7716191991040311,1.0,,,,53,53,53,53,1993-06-07 16:09:56.217846+00:00,21566.937000522863,21566.937000522863,uncertain,uncertain_review_required,insufficient_evidence,0.4,False,{},development,,,,0.0,,,,
frp:amazon_basin:amazon_basin__abb5665d-9dc6-422b-ab36-0e683ba688a3.zip:171,frp:amazon_basin,171,-17.731944955231143,-56.97973585614,1993-07-07 13:49:17.841944+00:00,395.2000000000001,208.21010682848268,21.165139181945232,amazon_basin,amazon_basin__abb5665d-9dc6-422b-ab36-0e683ba688a3.zip,,395.2000000000001,303.41038461538466,1.0,9.712566920000013,208.21010682848268,21.165139181945232,45.84715026854372,984876.125,0.5231693019538465,0.7574094000000013,23.424111366433568,50.43524798239896,30.41827547550201,1.0,1305.0,502.0,3.0,3.0,7.0,0.7406899236222048,1.0,,,,0,0,0,0,1993-07-07 13:49:17.841944+00:00,756607.5723569428,756607.5723569428,uncertain,uncertain_review_required,insufficient_evidence,0.4,False,{},development,,,,0.0,,,,
frp:sentinel_frp_combined:amazon_basin__abb5665d-9dc6-422b-ab36-0e683ba688a3.zip:157,frp:sentinel_frp_combined,157,-16.198179959103527,-60.81725884645118,1993-07-07 13:48:59.508191+00:00,324.17,13.649014737977604,1.6950626306531025,amazon_basin,amazon_basin__abb5665d-9dc6-422b-ab36-0e683ba688a3.zip,,324.17,302.16625,1.0,1.1664665850000009,13.649014737977604,1.6950626306531025,61.63254518113563,910560.1875,0.4967976820375005,0.7471327000000006,11.515492703801636,51.662018073818686,28.298593521118164,1.0,870.0,425.0,0.0,0.0,5.0,0.7597272099997993,1.0,,,,1,1,1,1,1993-07-07 13:48:59.508191+00:00,358242.3329380943,358242.3329380943,uncertain,uncertain_review_required,insufficient_evidence,0.4,False,{},development,,,,0.0,,,,
frp:siberia_wildfire:siberia_wildfire__4fff0f3b-bc89-4baf-8c7b-4b33aad77faa.zip:497,frp:siberia_wildfire,497,55.621989859567975,71.77753781877914,1993-06-07 16:09:24.758043+00:00,288.81,2.476457361291087,4.381473556975339,siberia_wildfire,siberia_wildfire__4fff0f3b-bc89-4baf-8c7b-4b33aad77faa.zip,,288.81,289.7214285714286,0.0,0.4085972476000007,2.476457361291087,4.381473556975339,82.86788728806108,934923.5,0.2885389982857144,0.276191999,16.036333269256478,92.54997237672964,24.334154844284058,1.0,1196.0,392.0,18.0,0.0,7.0,0.7723369592950734,1.0,,,,7,7,7,7,1993-06-07 16:09:24.758043+00:00,112387.27233122011,112387.27233122011,uncertain,uncertain_review_required,insufficient_evidence,0.4,False,{},development,,,,0.0,,,,
frp:sentinel_frp_combined:gulf_flaring__06ea85e3-0e01-4c85-b788-ed0287e7ac6d.zip:1717,frp:sentinel_frp_combined,1717,32.289121918477804,47.24717488071235,1993-09-06 19:04:04.465670+00:00,312.17,4.682241644674623,1.3351419291515376,gulf_flaring,gulf_flaring__06ea85e3-0e01-4c85-b788-ed0287e7ac6d.zip,,312.17,301.416875,0.0,0.6213667400000006,4.682241644674623,1.3351419291515376,147.92670749093668,1419474.5,0.4621133087500004,0.7431539800000004,51.50195721865895,133.91687708243657,15.29381662607193,1.0,207.0,1090.0,0.0,0.0,5.0,0.7429884283299694,1.0,,,,4,4,4,4,1993-09-06 19:04:04.465670+00:00,3689.6504242111696,3689.6504242111696,uncertain,uncertain_review_required,insufficient_evidence,0.4,False,{},development,,,,0.0,,,,
frp:china_industrial:china_industrial__7ec3e6ea-d3da-4f48-9cb5-4105fb7e4a8b.zip:318,frp:china_industrial,318,36.98834290661341,126.6986706801166,1993-09-07 12:57:05.880536+00:00,304.33000000000004,2.885294391071792,0.4258229001245596,china_industrial,china_industrial__7ec3e6ea-d3da-4f48-9cb5-4105fb7e4a8b.zip,,304.33000000000004,294.5950000000001,0.0,0.4957146280000009,2.885294391071792,0.4258229001245596,110.11751073828522,950597.8125,0.3666152525000003,0.5415181300000009,18.46980469862032,123.85725239239108,24.58082699775696,1.0,1231.0,644.0,0.0,1.0,5.0,0.7692874134058927,1.0,,,,10,10,10,10,1993-09-07 12:57:05.880536+00:00,29560.628977483928,29560.628977483928,uncertain,uncertain_review_required,insufficient_evidence,0.4,False,{},development,,,,0.0,,,,
frp:sentinel_frp_combined:siberia_wildfire__b8f339af-5277-4545-be45-00e778ba15bd.zip:4394,frp:sentinel_frp_combined,4394,55.98525185865083,97.82822575300747,1993-06-07 14:28:26.770118+00:00,285.73,2.729112674364829,15.55111465633959,siberia_wildfire,siberia_wildfire__b8f339af-5277-4545-be45-00e778ba15bd.zip,,285.73,285.87881944444445,0.0,0.3793950517000001,2.729112674364829,15.55111465633959,83.63695415501799,916756.625,0.2453529094000002,0.2395837620000002,12.057001284136556,92.57631105732366,20.992160439491272,1.0,1135.0,412.0,0.0,0.0,5.0,0.7889838596652607,1.0,,,,38,38,38,38,1993-06-07 14:28:26.770118+00:00,280343.71983945154,280343.71983945154,uncertain,uncertain_review_required,insufficient_evidence,0.4,False,{},development,,,,0.0,,,,
frp:siberia_wildfire:siberia_wildfire__7b9d0178-7a9b-4f6d-84f2-e2ad5d35ae5d.zip:977,frp:siberia_wildfire,977,62.03498984337671,104.58908173593797,1993-06-07 13:28:41.439464+00:00,285.84000000000003,2.3394819304431973,1.0597176760052127,siberia_wildfire,siberia_wildfire__7b9d0178-7a9b-4f6d-84f2-e2ad5d35ae5d.zip,,285.84000000000003,283.3535714285714,0.0,0.3290551200000006,2.3394819304431973,1.0597176760052127,75.89192978732417,957022.5625,0.2150490614285715,0.2414251600000003,25.13140582571849,85.32111703453941,17.31481909751892,1.0,1332.0,20.0,0.0,0.0,5.0,0.7946941269205684,1.0,,,,20,20,20,20,1993-06-07 13:28:41.439464+00:00,212945.60082729306,212945.60082729306,uncertain,uncertain_review_required,insufficient_evidence,0.4,False,{},development,,,,0.0,,,,
frp:central_africa_wildfire:central_africa_wildfire__127ffed6-bb4b-43b2-a61c-acb9bc1d13e3.zip:738,frp:central_africa_wildfire,738,-6.855194982692296,19.161839951621005,1993-06-07 20:54:21.116847+00:00,289.22,1.4779921868053751,11.987238715907782,central_africa_wildfire,central_africa_wildfire__127ffed6-bb4b-43b2-a61c-acb9bc1d13e3.zip,,289.22,289.013125,0.0,0.3497061315999999,1.4779921868053751,11.987238715907782,152.00005789780138,922385.6875,0.2792315546250002,0.2814122320000004,14.313939011833462,149.46066755849716,30.45848262310028,1.0,827.0,1183.0,0.0,0.0,5.0,0.7494496918306787,1.0,,,,26,26,26,26,1993-06-07 20:54:21.116847+00:00,734146.270179638,734146.270179638,uncertain,uncertain_review_required,insufficient_evidence,0.4,False,{},development,,,,0.0,,,,
frp:sentinel_frp_combined:china_industrial__0d7ba0c0-c144-44dc-bad0-007997140ad8.zip:1080,frp:sentinel_frp_combined,1080,21.242810946367054,105.37109673396355,1993-09-07 14:33:42.584259+00:00,297.01,4.119423473793668,1.1937137841534309,china_industrial,china_industrial__0d7ba0c0-c144-44dc-bad0-007997140ad8.zip,,297.01,286.66408333333334,0.0,0.4152583086000007,4.119423473793668,1.1937137841534309,116.66452176611446,987039.0,0.2598123738750001,0.3975753509999998,23.72268654763203,135.52780812632824,64.09283494949341,1.0,1308.0,71.0,0.0,0.0,7.0,0.6316176121565411,1.0,,,,2,2,2,2,1993-09-07 14:33:42.584259+00:00,213815.58528111115,213815.58528111115,uncertain,uncertain_review_required,insufficient_evidence,0.4,False,{},development,,,,0.0,,,,
frp:sentinel_frp_combined:central_africa_wildfire__127ffed6-bb4b-43b2-a61c-acb9bc1d13e3.zip:454,frp:sentinel_frp_combined,454,-9.038403977180224,22.16056594404995,1993-06-07 20:53:48.997844+00:00,308.77000000000004,9.221211905083832,1.005897244811729,central_africa_wildfire,central_africa_wildfire__127ffed6-bb4b-43b2-a61c-acb9bc1d13e3.zip,,308.77000000000004,289.1337500000001,0.0,0.6705830742000003,9.221211905083832,1.005897244811729,158.72325054894975,1062135.625,0.2886582706153848,0.6484498480000009,32.07108961122493,153.05001594227593,21.54414439201355,1.0,559.0,875.0,0.0,0.0,5.0,0.764729481335389,1.0,,,,9,9,9,9,1993-06-07 20:53:48.997844+00:00,839381.7324859324,839381.7324859324,uncertain,uncertain_review_required,insufficient_evidence,0.4,False,{},development,,,,0.0,,,,
frp:firms_viirs_snpp_nrt_india:firms_viirs_snpp_nrt_india.csv:504,frp:firms_viirs_snpp_nrt_india,504,11.59257,77.26982,2026-09-01 20:23:00+00:00,304.87,1.3,0.0,,firms_viirs_snpp_nrt_india.csv,,304.87,,,,1.3,0.0,,,,,,,,,,,,,,,,n,N,N,0,0,0,0,2026-09-01 20:23:00+00:00,204782.93720202704,204782.93720202704,uncertain,uncertain_review_required,insufficient_evidence,0.4,False,{},development,,,,0.0,,,,
frp:siberia_wildfire:siberia_wildfire__4fff0f3b-bc89-4baf-8c7b-4b33aad77faa.zip:410,frp:siberia_wildfire,410,54.73341586181141,80.3785757970636,1993-06-07 16:08:51.119889+00:00,312.48,15.351852644996397,1.6165872257855345,siberia_wildfire,siberia_wildfire__4fff0f3b-bc89-4baf-8c7b-4b33aad77faa.zip,,312.48,284.91041386309763,0.0,0.9519799723000004,15.351852644996397,1.6165872257855345,101.51433164018846,975682.8125,0.2434066402857145,0.7509497600000006,22.776896210452502,96.19440353071148,21.396249532699585,1.0,700.0,139.0,71.0,0.0,11.0,0.7785583638104611,1.0,,,,30,30,30,30,1993-06-07 16:08:51.119889+00:00,246304.60506105373,246304.60506105373,uncertain,uncertain_review_required,insufficient_evidence,0.4,False,{},development,,,,0.0,,,,
frp:gulf_flaring:gulf_flaring__5354c465-ecde-4b9a-8a42-b93f56560577.zip:893,frp:gulf_flaring,893,38.73617890220055,56.80354685658483,1993-09-07 18:00:17.202959+00:00,293.79,2.553254160669808,0.3866332770798327,gulf_flaring,gulf_flaring__5354c465-ecde-4b9a-8a42-b93f56560577.zip,,293.79,279.146,0.0,0.2920602420000002,2.553254160669808,0.3866332770798327,132.72181213609102,983596.4375,0.1771747142222223,0.3454403060000003,23.867348932996784,126.00590831473367,26.91367971897125,1.0,685.0,710.0,0.0,0.0,7.0,0.7541501346859918,1.0,,,,42,42,42,42,1993-09-07 18:00:17.202959+00:00,122667.24283489474,122667.24283489474,uncertain,uncertain_review_required,insufficient_evidence,0.4,False,{},development,,,,0.0,,,,
frp:firms_viirs_noaa20_nrt_india:firms_viirs_noaa20_nrt_india.csv:458,frp:firms_viirs_noaa20_nrt_india,458,8.03384,80.61523,2026-09-01 08:07:00+00:00,336.42,3.42,0.0,,firms_viirs_noaa20_nrt_india.csv,,336.42,,,,3.42,0.0,,,,,,,,,,,,,,,,n,N20,D,6,6,6,6,2026-09-01 08:07:00+00:00,139772.13327289894,139772.13327289894,uncertain,uncertain_review_required,insufficient_evidence,0.4,False,{},development,,,,0.0,,,,
frp:china_industrial:china_industrial__7ec3e6ea-d3da-4f48-9cb5-4105fb7e4a8b.zip:372,frp:china_industrial,372,41.16125189607783,122.98152068950152,1993-09-07 12:58:35.290260+00:00,297.43,7.845743997322556,32.08473475873755,china_industrial,china_industrial__7ec3e6ea-d3da-4f48-9cb5-4105fb7e4a8b.zip,,297.43,297.915625,0.0,0.7415538896000008,7.845743997322556,32.08473475873755,101.782498614211,1047784.5625,0.3985037538125002,0.4049232930000001,30.14773902280561,119.1435342557179,20.79489243030548,1.0,1407.0,1176.0,0.0,0.0,5.0,0.7713254126743271,1.0,,,,17,17,17,17,1993-09-07 12:58:35.290260+00:00,55579.510146546854,55579.510146546854,uncertain,uncertain_review_required,insufficient_evidence,0.4,False,{},development,,,,0.0,,,,
frp:sentinel_frp_combined:gulf_flaring__5354c465-ecde-4b9a-8a42-b93f56560577.zip:2412,frp:sentinel_frp_combined,2412,40.63643789740286,49.54139887491999,1993-09-07 18:01:07.045075+00:00,290.66,2.2767711536987827,0.6172903110557191,gulf_flaring,gulf_flaring__5354c465-ecde-4b9a-8a42-b93f56560577.zip,,290.66,278.98500000000007,0.0,0.2734490479000004,2.2767711536987827,0.6172903110557191,107.23026404748414,953867.4375,0.1754468362500001,0.3004110400000003,18.995015269808224,120.83161444410511,41.47285842895508,1.0,1239.0,1064.0,0.0,4.0,5.0,0.6996391607398209,1.0,,,,29,29,29,29,1993-09-07 18:01:07.045075+00:00,40386.162286003004,40386.162286003004,uncertain,uncertain_review_required,insufficient_evidence,0.4,False,{},development,,,,0.0,,,,
frp:sentinel_frp_combined:gulf_flaring__5354c465-ecde-4b9a-8a42-b93f56560577.zip:2539,frp:sentinel_frp_combined,2539,38.73617890220055,56.80354685658483,1993-09-07 18:00:17.202959+00:00,293.79,2.553254160669808,0.3866332770798327,gulf_flaring,gulf_flaring__5354c465-ecde-4b9a-8a42-b93f56560577.zip,,293.79,279.146,0.0,0.2920602420000002,2.553254160669808,0.3866332770798327,132.72181213609102,983596.4375,0.1771747142222223,0.3454403060000003,23.867348932996784,126.00590831473367,26.91367971897125,1.0,685.0,710.0,0.0,0.0,7.0,0.7541501346859918,1.0,,,,43,43,43,43,1993-09-07 18:00:17.202959+00:00,122667.24283489474,122667.24283489474,uncertain,uncertain_review_required,insufficient_evidence,0.4,False,{},development,,,,0.0,,,,
frp:central_africa_wildfire:central_africa_wildfire__127ffed6-bb4b-43b2-a61c-acb9bc1d13e3.zip:275,frp:central_africa_wildfire,275,-15.9229959597983,27.22975793125147,1993-06-07 20:52:12.980230+00:00,289.97,8.96173627544583,1.842133906356871,central_africa_wildfire,central_africa_wildfire__127ffed6-bb4b-43b2-a61c-acb9bc1d13e3.zip,,289.97,286.5734134615385,0.0,0.5408451910000003,8.96173627544583,1.842133906356871,146.66095890489012,1316529.375,0.2401626011428574,0.2911326820000003,51.30323886603779,160.33621102164324,17.746437788009644,1.0,209.0,4.0,0.0,0.0,5.0,0.7296714524854596,1.0,,,,5,5,5,5,1993-06-07 20:52:12.980230+00:00,356574.79013382725,356574.79013382725,uncertain,uncertain_review_required,insufficient_evidence,0.4,False,{},development,,,,0.0,,,,
frp:siberia_wildfire:siberia_wildfire__7b9d0178-7a9b-4f6d-84f2-e2ad5d35ae5d.zip:1126,frp:siberia_wildfire,1126,65.46627383471355,114.38677771120116,1993-06-07 13:29:03.592159+00:00,277.92,1.4214572435171189,7.624193726554189,siberia_wildfire,siberia_wildfire__7b9d0178-7a9b-4f6d-84f2-e2ad5d35ae5d.zip,,277.92,277.78375,0.0,0.2407592200000003,1.4214572435171189,7.624193726554189,90.39156818920128,912441.1875,0.1641569331250001,0.1651733200000001,19.89713075915324,85.83215049802368,9.993651390075684,1.0,742.0,193.0,0.0,0.0,5.0,0.8378811222922362,1.0,,,,29,29,29,29,1993-06-07 13:29:03.592159+00:00,296096.1813164112,296096.1813164112,uncertain,uncertain_review_required,insufficient_evidence,0.4,False,{},development,,,,0.0,,,,
frp:sentinel_frp_combined:gulf_flaring__5e582e3c-6d99-4d34-8298-72ea8ec7e6f3.zip:3129,frp:sentinel_frp_combined,3129,31.27519192103773,48.71943387699525,1993-09-06 18:24:23.492105+00:00,304.66,3.7083339344526425,2.1279205326413253,gulf_flaring,gulf_flaring__5e582e3c-6d99-4d34-8298-72ea8ec7e6f3.zip,,304.66,301.8023798076923,0.0,0.6889248192000006,3.7083339344526425,2.1279205326413253,124.12574893708234,890680.6875,0.4821280393750005,0.5489203600000006,6.40573556184596,129.78157711799523,14.705014646053314,1.0,1005.0,1135.0,0.0,0.0,5.0,0.820047835631698,1.0,,,,5,5,5,5,1993-09-06 18:24:23.492105+00:00,5995.947764023522,5995.947764023522,uncertain,uncertain_review_required,insufficient_evidence,0.4,False,{},development,,,,0.0,,,,
frp:firms_viirs_snpp_nrt_india:firms_viirs_snpp_nrt_india.csv:549,frp:firms_viirs_snpp_nrt_india,549,8.53409,80.74403,2026-09-01 20:25:00+00:00,308.51,2.89,0.0,,firms_viirs_snpp_nrt_india.csv,,308.51,,,,2.89,0.0,,,,,,,,,,,,,,,,n,N,N,14,14,14,14,2026-09-01 20:25:00+00:00,195374.86749101774,195374.86749101774,uncertain,uncertain_review_required,insufficient_evidence,0.4,False,{},development,,,,0.0,,,,
frp:sentinel_frp_combined:siberia_wildfire__e868eda1-2872-460a-9018-a302eff3e322.zip:4486,frp:sentinel_frp_combined,4486,63.75192983904185,83.36447578952493,1993-06-07 15:09:45.038131+00:00,285.46000000000004,2.213453750370319,0.6547972969164731,siberia_wildfire,siberia_wildfire__e868eda1-2872-460a-9018-a302eff3e322.zip,,285.46000000000004,274.9177777777778,0.0,0.2589528500000003,2.213453750370319,0.6547972969164731,77.92100973183902,852266.6875,0.1438221911111112,0.2372075400000003,8.061258406407736,85.43998802190765,29.88452136516571,1.0,1067.0,109.0,0.0,0.0,5.0,0.7553802786741065,1.0,,,,12,12,12,12,1993-06-07 15:09:45.038131+00:00,122443.12913310583,122443.12913310583,uncertain,uncertain_review_required,insufficient_evidence,0.4,False,{},development,,,,0.0,,,,
frp:amazon_basin:amazon_basin__abb5665d-9dc6-422b-ab36-0e683ba688a3.zip:222,frp:amazon_basin,222,-17.8786689548607,-61.116917845694616,1993-07-07 13:49:27.408103+00:00,320.53000000000003,8.469373819651082,1.1344467134742555,amazon_basin,amazon_basin__abb5665d-9dc6-422b-ab36-0e683ba688a3.zip,,320.53000000000003,307.33150081699347,1.0,1.0205175220000011,8.469373819651082,1.1344467134742555,62.5841986946486,907388.4375,0.6177134296500006,0.7471327000000006,10.840051183232562,53.03343773342021,32.91761612892151,1.0,881.0,613.0,10.0,0.0,7.0,0.7414560527892768,1.0,,,,2,2,2,2,1993-07-07 13:49:27.408103+00:00,327688.34040983446,327688.34040983446,uncertain,uncertain_review_required,insufficient_evidence,0.4,False,{},development,,,,0.0,,,,
frp:sentinel_frp_combined:central_africa_wildfire__127ffed6-bb4b-43b2-a61c-acb9bc1d13e3.zip:807,frp:sentinel_frp_combined,807,-8.30006097904436,21.64858394534258,1993-06-07 20:54:00.100023+00:00,292.39000000000004,4.15174100240442,4.238083310467347,central_africa_wildfire,central_africa_wildfire__127ffed6-bb4b-43b2-a61c-acb9bc1d13e3.zip,,292.39000000000004,288.71540404040405,0.0,0.4539876652000003,4.15174100240442,4.238083310467347,158.46928831684713,1037253.5,0.2903310772727275,0.3246522990000006,29.722181814775,152.26946383331915,24.28546643257141,1.0,596.0,967.0,4.0,0.0,5.0,0.7565951264078684,1.0,,,,10,10,10,10,1993-06-07 20:54:00.100023+00:00,931862.4988921339,931862.4988921339,uncertain,uncertain_review_required,insufficient_evidence,0.4,False,{},development,,,,0.0,,,,
frp:central_africa_wildfire:central_africa_wildfire__91d9ed43-4cf6-47d5-bb87-1a1f26dd72d3.zip:774,frp:central_africa_wildfire,774,1.6366489958678585,9.88812697503488,1993-06-07 21:35:54.726727+00:00,291.71000000000004,2.906437684754449,0.5850671716803177,central_africa_wildfire,central_africa_wildfire__91d9ed43-4cf6-47d5-bb87-1a1f26dd72d3.zip,,291.71000000000004,283.71200000000005,0.0,0.3229407600000004,2.906437684754449,0.5850671716803177,150.83039109945148,1038932.5625,0.2187319027272729,0.3156733600000005,31.953479106857557,144.81599399465188,53.56288528442383,1.0,562.0,87.0,0.0,0.0,7.0,0.6347468675307585,1.0,,,,11,11,11,11,1993-06-07 21:35:54.726727+00:00,54932.93420090864,54932.93420090864,uncertain,uncertain_review_required,insufficient_evidence,0.4,False,{},development,,,,0.0,,,,
frp:sentinel_frp_combined:siberia_wildfire__7b9d0178-7a9b-4f6d-84f2-e2ad5d35ae5d.zip:4164,frp:sentinel_frp_combined,4164,62.01366084343056,104.23122473684144,1993-06-07 13:28:43.540669+00:00,284.34000000000003,0.8584582067088036,1.022841406438219,siberia_wildfire,siberia_wildfire__7b9d0178-7a9b-4f6d-84f2-e2ad5d35ae5d.zip,,284.34000000000003,284.08625000000006,0.0,0.2639974700000004,0.8584582067088036,1.022841406438219,75.97791060399956,969029.6875,0.2226811750000001,0.2250631000000003,26.321164591741063,85.26699440685088,17.011728286743164,1.0,1350.0,26.0,0.0,0.0,5.0,0.7947103803986983,1.0,,,,1,1,1,1,1993-06-07 13:28:43.540669+00:00,230883.27574094615,230883.27574094615,uncertain,uncertain_review_required,insufficient_evidence,0.4,False,{},development,,,,0.0,,,,
frp:firms_viirs_snpp_nrt_india:firms_viirs_snpp_nrt_india.csv:56,frp:firms_viirs_snpp_nrt_india,56,8.3721,80.43393,2026-08-31 08:07:00+00:00,336.87,6.87,0.0,,firms_viirs_snpp_nrt_india.csv,,336.87,,,,6.87,0.0,,,,,,,,,,,,,,,,n,N,D,0,0,0,0,2026-08-31 08:07:00+00:00,165616.53158091428,165616.53158091428,uncertain,uncertain_review_required,insufficient_evidence,0.4,False,{},development,emergency_or_transient_fire,wildfire_or_agricultural_burn,day_fire_far_from_flare,0.65,conf=n+D+flare165617m+p90=0+frp=6.9,,,
frp:firms_viirs_noaa20_nrt_india:firms_viirs_noaa20_nrt_india.csv:771,frp:firms_viirs_noaa20_nrt_india,771,26.87395,73.51712,2026-09-01 20:40:00+00:00,307.3,2.78,0.0,,firms_viirs_noaa20_nrt_india.csv,,307.3,,,,2.78,0.0,,,,,,,,,,,,,,,,n,N20,N,2,2,2,2,2026-09-01 20:40:00+00:00,226712.3289630481,226712.3289630481,uncertain,uncertain_review_required,insufficient_evidence,0.4,False,{},development,,,,0.0,,,,
frp:siberia_wildfire:siberia_wildfire__e868eda1-2872-460a-9018-a302eff3e322.zip:1307,frp:siberia_wildfire,1307,64.2407098378078,85.71844778358172,1993-06-07 15:09:45.927872+00:00,288.48,0.6464405252475394,0.2001096782572458,siberia_wildfire,siberia_wildfire__e868eda1-2872-460a-9018-a302eff3e322.zip,,288.48,287.2414285714286,0.0,0.2915819000000006,0.6464405252475394,0.2001096782572458,81.89476012568747,848855.75,0.2576722792857145,0.2727547200000002,7.5787697634002065,85.79199492841951,29.052958250045776,1.0,940.0,117.0,0.0,0.0,5.0,0.7587484955016089,1.0,,,,2,2,2,2,1993-06-07 15:09:45.927872+00:00,201740.40508253165,201740.40508253165,uncertain,uncertain_review_required,insufficient_evidence,0.4,False,{},development,,,,0.0,,,,
frp:gulf_flaring:gulf_flaring__52eed999-1e44-4f89-ac1c-4ed0972245e4.zip:738,frp:gulf_flaring,738,33.7636799147549,59.13811585069061,1993-09-05 17:49:09.835698+00:00,287.51,1.6893837851349942,3.3687199494162425,gulf_flaring,gulf_flaring__52eed999-1e44-4f89-ac1c-4ed0972245e4.zip,,287.51,288.36,0.0,0.3652628199999998,1.6893837851349942,3.3687199494162425,131.29833311750252,886348.8125,0.2719258106250002,0.2608746099999999,15.94419493477318,128.67838704550684,11.13164496421814,1.0,802.0,172.0,0.0,0.0,5.0,0.8344490366677547,1.0,,,,5,5,5,5,1993-09-05 17:49:09.835698+00:00,338200.66161203315,338200.66161203315,uncertain,uncertain_review_required,insufficient_evidence,0.4,False,{},development,,,,0.0,,,,
frp:sentinel_frp_combined:gulf_flaring__249f7eaa-a006-4cd8-bf84-2e9a2f5a5565.zip:2239,frp:sentinel_frp_combined,2239,36.45880690795036,50.75203987186342,1993-09-06 07:08:42.014806+00:00,319.66,9.534880567842484,1.346396639385391,gulf_flaring,gulf_flaring__249f7eaa-a006-4cd8-bf84-2e9a2f5a5565.zip,,319.66,301.0444444444444,1.0,0.987958179400001,9.534880567842484,1.346396639385391,24.97280506241751,912159.6875,0.4741960076555556,0.7468390800000009,11.091132843719112,35.978717609021515,11.026946723461151,1.0,1119.0,413.0,0.0,0.0,5.0,0.8375048521409564,1.0,,,,2,2,2,2,1993-09-06 07:08:42.014806+00:00,89619.09555216484,89619.09555216484,uncertain,uncertain_review_required,insufficient_evidence,0.4,False,{},development,,,,0.0,,,,
frp:sentinel_frp_combined:gulf_flaring__5e582e3c-6d99-4d34-8298-72ea8ec7e6f3.zip:3090,frp:sentinel_frp_combined,3090,30.756798922346547,47.30555488056496,1993-09-06 18:24:22.003808+00:00,299.99,4.955800985102439,5.613135133641971,gulf_flaring,gulf_flaring__5e582e3c-6d99-4d34-8298-72ea8ec7e6f3.zip,,299.99,300.41062500000004,0.0,0.7144092081000011,4.955800985102439,5.613135133641971,117.77841329939277,920642.4375,0.4598898398125003,0.4516555330000001,13.07587595855222,129.2130675360072,17.16053867340088,1.0,1150.0,1111.0,0.0,0.0,5.0,0.8056892322062679,1.0,,,,13,13,13,13,1993-09-06 18:24:22.003808+00:00,2206.570425678973,2206.570425678973,uncertain,uncertain_review_required,insufficient_evidence,0.4,False,{},development,,,,0.0,,,,
frp:sentinel_frp_combined:siberia_wildfire__e868eda1-2872-460a-9018-a302eff3e322.zip:4510,frp:sentinel_frp_combined,4510,62.368570842534496,79.53587279919122,1993-06-07 15:09:43.856804+00:00,295.36,1.9367661300974668,1.526745456952297,siberia_wildfire,siberia_wildfire__e868eda1-2872-460a-9018-a302eff3e322.zip,,295.36,290.8981458333334,0.0,0.3947274700000003,1.9367661300974668,1.526745456952297,75.57801692495053,941130.5625,0.2967184350000002,0.3709615200000002,23.461988369128854,85.14850058916444,28.8558030128479,1.0,1307.0,49.0,0.0,0.0,5.0,0.7469472484173165,1.0,,,,3,3,3,3,1993-06-07 15:09:43.856804+00:00,8651.58048487795,8651.58048487795,uncertain,uncertain_review_required,insufficient_evidence,0.4,False,{},development,,,,0.0,,,,
frp:gulf_flaring:gulf_flaring__5354c465-ecde-4b9a-8a42-b93f56560577.zip:839,frp:gulf_flaring,839,38.68182090233779,56.83058985651655,1993-09-07 18:00:16.302825+00:00,296.03000000000003,7.637999581585051,1.0496907601069974,gulf_flaring,gulf_flaring__5354c465-ecde-4b9a-8a42-b93f56560577.zip,,296.03000000000003,279.146,0.0,0.5213334433000005,7.637999581585051,1.0496907601069974,132.80904245340275,984743.0625,0.1771747142222223,0.3810391190000005,23.93453401858392,126.05573552026635,26.40851092338562,1.0,684.0,704.0,0.0,0.0,7.0,0.7560868405055077,1.0,,,,28,28,28,28,1993-09-07 18:00:16.302825+00:00,125749.67435776365,125749.67435776365,uncertain,uncertain_review_required,insufficient_evidence,0.4,False,{},development,,,,0.0,,,,
frp:sentinel_frp_combined:central_africa_wildfire__0beec313-bad6-4801-9725-7642c0f06960.zip:268,frp:sentinel_frp_combined,268,-1.0705569972971034,13.69769696541664,1993-06-07 21:35:31.607148+00:00,289.03000000000003,4.260902053750733,1.2201117626078013,central_africa_wildfire,central_africa_wildfire__0beec313-bad6-4801-9725-7642c0f06960.zip,,289.03000000000003,279.7409356725145,0.0,0.2862592800000003,4.260902053750733,1.2201117626078013,146.9444137264226,1413859.75,0.1830233000000001,0.2796384600000003,51.2770264710668,149.2831857448484,45.50108242034912,1.0,213.0,498.0,0.0,0.0,7.0,0.5923845771101839,1.0,,,,13,13,13,13,1993-06-07 21:35:31.607148+00:00,383715.4484303057,383715.4484303057,uncertain,uncertain_review_required,insufficient_evidence,0.4,False,{},development,,,,0.0,,,,
frp:firms_viirs_snpp_nrt_india:firms_viirs_snpp_nrt_india.csv:419,frp:firms_viirs_snpp_nrt_india,419,10.38719,79.27933,2026-09-01 07:50:00+00:00,343.55,11.34,0.0,,firms_viirs_snpp_nrt_india.csv,,343.55,,,,11.34,0.0,,,,,,,,,,,,,,,,n,N,D,0,0,0,0,2026-09-01 07:50:00+00:00,47456.27431053683,47456.27431053683,uncertain,uncertain_review_required,insufficient_evidence,0.4,False,{},development,emergency_or_transient_fire,wildfire_or_agricultural_burn,day_fire_far_from_flare,0.65,conf=n+D+flare47456m+p90=0+frp=11.3,,,
frp:central_africa_wildfire:central_africa_wildfire__91d9ed43-4cf6-47d5-bb87-1a1f26dd72d3.zip:790,frp:central_africa_wildfire,790,1.649470995835486,9.871602975076598,1993-06-07 21:35:55.026795+00:00,291.07,2.3207665025203394,0.502787932542152,central_africa_wildfire,central_africa_wildfire__91d9ed43-4cf6-47d5-bb87-1a1f26dd72d3.zip,,291.07,283.71200000000005,0.0,0.3018096100000005,2.3207665025203394,0.502787932542152,150.81077432432872,1037905.0,0.2187319027272729,0.3067031199999999,31.890338997796565,144.7966028402852,54.083045959472656,1.0,563.0,89.0,0.0,0.0,7.0,0.6331115694544561,1.0,,,,42,42,42,42,1993-06-07 21:35:55.026795+00:00,53654.92584971865,53654.92584971865,uncertain,uncertain_review_required,insufficient_evidence,0.4,False,{},development,,,,0.0,,,,
frp:firms_viirs_snpp_nrt_india:firms_viirs_snpp_nrt_india.csv:494,frp:firms_viirs_snpp_nrt_india,494,10.99278,79.23927,2026-09-01 20:23:00+00:00,318.53,2.33,0.0,,firms_viirs_snpp_nrt_india.csv,,318.53,,,,2.33,0.0,,,,,,,,,,,,,,,,n,N,N,1,1,1,1,2026-09-01 20:23:00+00:00,21303.91286242162,21303.91286242162,uncertain,uncertain_review_required,insufficient_evidence,0.4,False,{},development,,,,0.0,,,,
frp:central_africa_wildfire:central_africa_wildfire__0beec313-bad6-4801-9725-7642c0f06960.zip:43,frp:central_africa_wildfire,43,-1.0217949974202156,13.710603965384053,1993-06-07 21:35:32.507025+00:00,291.61,5.688711717325416,1.267467477181074,central_africa_wildfire,central_africa_wildfire__0beec313-bad6-4801-9725-7642c0f06960.zip,,291.61,279.7409356725145,0.0,0.3209026400000006,5.688711717325416,1.267467477181074,146.8809288089136,1415727.0,0.1830233000000001,0.3142717600000002,51.37064182047449,149.26827751889604,45.67620921134949,1.0,211.0,503.0,0.0,0.0,7.0,0.5911992625897633,1.0,,,,33,33,33,33,1993-06-07 21:35:32.507025+00:00,385221.07801269606,385221.07801269606,uncertain,uncertain_review_required,insufficient_evidence,0.4,False,{},development,,,,0.0,,,,
frp:firms_viirs_noaa20_nrt_india:firms_viirs_noaa20_nrt_india.csv:147,frp:firms_viirs_noaa20_nrt_india,147,8.74155,77.75618,2026-08-31 08:28:00+00:00,337.88,6.5,0.0,,firms_viirs_noaa20_nrt_india.csv,,337.88,,,,6.5,0.0,,,,,,,,,,,,,,,,n,N20,D,0,0,0,0,2026-08-31 08:28:00+00:00,202044.54071132347,202044.54071132347,uncertain,uncertain_review_required,insufficient_evidence,0.4,False,{},development,emergency_or_transient_fire,wildfire_or_agricultural_burn,day_fire_far_from_flare,0.65,conf=n+D+flare202045m+p90=0+frp=6.5,,,
frp:siberia_wildfire:siberia_wildfire__4fff0f3b-bc89-4baf-8c7b-4b33aad77faa.zip:324,frp:siberia_wildfire,324,52.60594786718275,71.6135368191932,1993-06-07 16:08:44.269075+00:00,291.75,3.526834122694054,6.240673320344367,siberia_wildfire,siberia_wildfire__4fff0f3b-bc89-4baf-8c7b-4b33aad77faa.zip,,291.75,293.0519791666667,0.0,0.4955054265999999,3.526834122694054,6.240673320344367,84.39428604343364,994226.6875,0.3301551742500004,0.315485625,24.57835386585691,94.70392885757308,21.879761219024655,1.0,1323.0,83.0,0.0,0.0,5.0,0.7743689476577615,1.0,,,,35,35,35,35,1993-06-07 16:08:44.269075+00:00,296707.73871940945,296707.73871940945,uncertain,uncertain_review_required,insufficient_evidence,0.4,False,{},development,,,,0.0,,,,
frp:siberia_wildfire:siberia_wildfire__4fff0f3b-bc89-4baf-8c7b-4b33aad77faa.zip:780,frp:siberia_wildfire,780,60.07810284831737,76.00052780811711,1993-06-07 16:10:23.224519+00:00,292.8,2.33443029562022,17.915470223286,siberia_wildfire,siberia_wildfire__4fff0f3b-bc89-4baf-8c7b-4b33aad77faa.zip,,292.8,292.41421875000003,0.0,0.4386789230000002,2.33443029562022,17.915470223286,91.8176553623985,930361.0,0.3252378378750003,0.3306112800000002,15.835014848493865,90.61637390793528,26.66652023792267,1.0,803.0,783.0,0.0,0.0,5.0,0.7631602983567767,1.0,,,,8,8,8,8,1993-06-07 16:10:23.224519+00:00,29083.98734530701,29083.98734530701,uncertain,uncertain_review_required,insufficient_evidence,0.4,False,{},development,,,,0.0,,,,
frp:firms_viirs_snpp_nrt_india:firms_viirs_snpp_nrt_india.csv:604,frp:firms_viirs_snpp_nrt_india,604,7.33017,81.13794,2026-09-02 07:29:00+00:00,330.77,2.69,0.0,,firms_viirs_snpp_nrt_india.csv,,330.77,,,,2.69,0.0,,,,,,,,,,,,,,,,l,N,D,2,2,2,2,2026-09-02 07:29:00+00:00,136703.50786961432,136703.50786961432,uncertain,uncertain_review_required,insufficient_evidence,0.4,False,{},development,,,,0.0,,,,
frp:sentinel_frp_combined:central_africa_wildfire__127ffed6-bb4b-43b2-a61c-acb9bc1d13e3.zip:936,frp:sentinel_frp_combined,936,-7.759091980410176,16.21925395905032,1993-06-07 20:54:17.244285+00:00,289.58000000000004,3.063159847136717,0.4449686985938266,central_africa_wildfire,central_africa_wildfire__127ffed6-bb4b-43b2-a61c-acb9bc1d13e3.zip,,289.58000000000004,273.3677777777778,0.0,0.272326945,3.063159847136717,0.4449686985938266,134.16803194822756,924737.8125,0.122640544,0.2860780480000005,14.115069968952769,147.48579062337785,25.236079216003414,1.0,1166.0,1157.0,0.0,0.0,5.0,0.7700180271608063,1.0,,,,53,53,53,53,1993-06-07 20:54:17.244285+00:00,426840.03092805354,426840.03092805354,uncertain,uncertain_review_required,insufficient_evidence,0.4,False,{},development,,,,0.0,,,,
frp:firms_viirs_noaa20_nrt_india:firms_viirs_noaa20_nrt_india.csv:241,frp:firms_viirs_noaa20_nrt_india,241,4.04145,97.39152,2026-08-31 19:23:00+00:00,313.23,1.57,0.0,,firms_viirs_noaa20_nrt_india.csv,,313.23,,,,1.57,0.0,,,,,,,,,,,,,,,,n,N20,N,2,2,2,2,2026-08-31 19:23:00+00:00,102575.6857397623,102575.6857397623,uncertain,uncertain_review_required,insufficient_evidence,0.4,False,{},development,,,,0.0,,,,
frp:china_industrial:china_industrial__0d7ba0c0-c144-44dc-bad0-007997140ad8.zip:38,frp:china_industrial,38,21.262639946316995,105.32068273409084,1993-09-07 14:33:43.484542+00:00,295.41,3.178671264406109,1.1176735708322114,china_industrial,china_industrial__0d7ba0c0-c144-44dc-bad0-007997140ad8.zip,,295.41,286.66408333333334,0.0,0.3795576286,3.178671264406109,1.1176735708322114,116.46085594151349,989441.75,0.2598123738750001,0.3709410570000004,23.99124748010412,135.47812025754152,64.1949052810669,1.0,1312.0,74.0,0.0,0.0,7.0,0.631181230791643,1.0,,,,73,73,73,73,1993-09-07 14:33:43.484542+00:00,217037.53122989117,217037.53122989117,uncertain,uncertain_review_required,insufficient_evidence,0.4,False,{},development,,,,0.0,,,,
frp:firms_viirs_noaa20_nrt_india:firms_viirs_noaa20_nrt_india.csv:72,frp:firms_viirs_noaa20_nrt_india,72,8.36317,81.05014,2026-08-31 08:28:00+00:00,337.35,3.85,0.0,,firms_viirs_noaa20_nrt_india.csv,,337.35,,,,3.85,0.0,,,,,,,,,,,,,,,,n,N20,D,3,3,3,3,2026-08-31 08:28:00+00:00,197167.99593037346,197167.99593037346,uncertain,uncertain_review_required,insufficient_evidence,0.4,False,{},development,,,,0.0,,,,
frp:sentinel_frp_combined:amazon_basin__abb5665d-9dc6-422b-ab36-0e683ba688a3.zip:169,frp:sentinel_frp_combined,169,-16.471664958413044,-61.5497168446019,1993-07-07 13:49:08.502368+00:00,322.88,12.598739502035087,1.94080768325726,amazon_basin,amazon_basin__abb5665d-9dc6-422b-ab36-0e683ba688a3.zip,,322.88,302.9150000000001,1.0,1.112831252,12.598739502035087,1.94080768325726,64.46240255885054,931503.5625,0.4982064354214291,0.7465454600000012,16.08064120221703,52.30338253842477,29.37651371955872,1.0,800.0,472.0,0.0,0.0,5.0,0.7524301111180555,1.0,,,,5,5,5,5,1993-07-07 13:49:08.502368+00:00,275025.6602115831,275025.6602115831,uncertain,uncertain_review_required,insufficient_evidence,0.4,False,{},development,,,,0.0,,,,
frp:sentinel_frp_combined:gulf_flaring__5e582e3c-6d99-4d34-8298-72ea8ec7e6f3.zip:3045,frp:sentinel_frp_combined,3045,30.480948923043,47.58363187986288,1993-09-06 18:24:16.302546+00:00,302.29,1.2634218753697366,6.036043809725231,gulf_flaring,gulf_flaring__5e582e3c-6d99-4d34-8298-72ea8ec7e6f3.zip,,302.29,302.4675000000001,0.0,0.5669951930000011,1.2634218753697366,6.036043809725231,118.84991077924988,915806.75,0.5010563161250005,0.4975974290000004,11.861187147145134,129.56702449922923,16.770480036735535,1.0,1131.0,1075.0,0.0,0.0,5.0,0.8081505831585664,1.0,,,,17,17,17,17,1993-09-06 18:24:16.302546+00:00,1825.739722085253,1825.739722085253,uncertain,uncertain_review_required,insufficient_evidence,0.4,False,{},development,,,,0.0,,,,
frp:sentinel_frp_combined:gulf_flaring__5e582e3c-6d99-4d34-8298-72ea8ec7e6f3.zip:2922,frp:sentinel_frp_combined,2922,26.86376393217552,49.441688875171735,1993-09-06 18:23:10.298326+00:00,301.46000000000004,2.168990757340296,1.3954098568016031,gulf_flaring,gulf_flaring__5e582e3c-6d99-4d34-8298-72ea8ec7e6f3.zip,,301.46000000000004,299.75625,0.0,0.5595653241999999,2.168990757340296,1.3954098568016031,125.49081506955817,894759.375,0.4476421730000004,0.4806249220000007,7.485556092823176,132.96563551659494,22.021065711975098,1.0,1050.0,645.0,0.0,0.0,5.0,0.786752398849672,1.0,,,,3,3,3,3,1993-09-06 18:23:10.298326+00:00,9319.70405772139,9319.70405772139,uncertain,uncertain_review_required,insufficient_evidence,0.4,False,{},development,,,,0.0,,,,
frp:sentinel_frp_combined:china_industrial__0d7ba0c0-c144-44dc-bad0-007997140ad8.zip:1159,frp:sentinel_frp_combined,1159,25.21129093634761,110.07510772208708,1993-09-07 14:34:27.837508+00:00,284.79,1.5072045280427568,0.6836017072317501,china_industrial,china_industrial__0d7ba0c0-c144-44dc-bad0-007997140ad8.zip,,284.79,279.9718181818182,0.0,0.2434974548000004,1.5072045280427568,0.6836017072317501,142.27068881208496,958273.125,0.1846251405555556,0.2292602450000002,20.27238860287135,136.67385823684117,59.5997486114502,1.0,739.0,389.0,0.0,1.0,5.0,0.6378195352221725,1.0,,,,6,6,6,6,1993-09-07 14:34:27.837508+00:00,414147.24510349863,414147.24510349863,uncertain,uncertain_review_required,insufficient_evidence,0.4,False,{},development,,,,0.0,,,,
frp:central_africa_wildfire:central_africa_wildfire__127ffed6-bb4b-43b2-a61c-acb9bc1d13e3.zip:706,frp:central_africa_wildfire,706,-7.61078298078462,16.8791669573842,1993-06-07 20:54:15.438326+00:00,293.5,1.197782499512046,18.646481022762305,central_africa_wildfire,central_africa_wildfire__127ffed6-bb4b-43b2-a61c-acb9bc1d13e3.zip,,293.5,293.5840625,0.0,0.4015992116000001,1.197782499512046,18.646481022762305,138.528802629926,903324.875,0.3428144549333335,0.3410638,9.473600331149392,147.97240972313682,29.331904768943787,1.0,1091.0,1157.0,0.0,0.0,5.0,0.7568437678556792,1.0,,,,5,5,5,5,1993-06-07 20:54:15.438326+00:00,496509.8625187303,496509.8625187303,uncertain,uncertain_review_required,insufficient_evidence,0.4,False,{},development,,,,0.0,,,,
frp:sentinel_frp_combined:central_africa_wildfire__91d9ed43-4cf6-47d5-bb87-1a1f26dd72d3.zip:1008,frp:sentinel_frp_combined,1008,1.570384996035159,9.81570797521772,1993-06-07 21:35:53.227371+00:00,291.05,3.759347382973881,0.816458043882085,central_africa_wildfire,central_africa_wildfire__91d9ed43-4cf6-47d5-bb87-1a1f26dd72d3.zip,,291.05,283.71200000000005,0.0,0.3541170000000002,3.759347382973881,0.816458043882085,150.81257585381277,1031844.875,0.2187319027272729,0.3064228000000001,31.381516341900703,144.8125981624872,54.403385639190674,1.0,571.0,82.0,0.0,0.0,7.0,0.6332021846823591,1.0,,,,8,8,8,8,1993-06-07 21:35:53.227371+00:00,45244.61137139276,45244.61137139276,uncertain,uncertain_review_required,insufficient_evidence,0.4,False,{},development,,,,0.0,,,,
frp:firms_viirs_snpp_nrt_india:firms_viirs_snpp_nrt_india.csv:133,frp:firms_viirs_snpp_nrt_india,133,11.99381,79.54753,2026-08-31 08:09:00+00:00,350.08,8.02,0.0,,firms_viirs_snpp_nrt_india.csv,,350.08,,,,8.02,0.0,,,,,,,,,,,,,,,,n,N,D,0,0,0,0,2026-08-31 08:09:00+00:00,130608.32819473458,130608.32819473458,uncertain,uncertain_review_required,insufficient_evidence,0.4,False,{},development,emergency_or_transient_fire,wildfire_or_agricultural_burn,day_fire_far_from_flare,0.65,conf=n+D+flare130608m+p90=0+frp=8.0,,,
frp:sentinel_frp_combined:siberia_wildfire__4fff0f3b-bc89-4baf-8c7b-4b33aad77faa.zip:3650,frp:sentinel_frp_combined,3650,55.76077285921758,72.51389081692002,1993-06-07 16:09:22.954280+00:00,291.64000000000004,6.343957699484557,8.382268765810332,siberia_wildfire,siberia_wildfire__4fff0f3b-bc89-4baf-8c7b-4b33aad77faa.zip,,291.64000000000004,291.0531250000001,0.0,0.6174648845000003,6.343957699484557,8.382268765810332,83.60159598274035,920510.6875,0.3062878316428574,0.3139463400000006,12.81661384639884,92.7125407751461,24.025377988815308,1.0,1147.0,390.0,0.0,0.0,5.0,0.775826904730374,1.0,,,,1,1,1,1,1993-06-07 16:09:22.954280+00:00,89439.37172299747,89439.37172299747,uncertain,uncertain_review_required,insufficient_evidence,0.4,False,{},development,,,,0.0,,,,
frp:central_africa_wildfire:central_africa_wildfire__127ffed6-bb4b-43b2-a61c-acb9bc1d13e3.zip:555,frp:central_africa_wildfire,555,-8.275320979106823,21.65145194533534,1993-06-07 20:54:00.399928+00:00,291.15000000000003,4.469190775674964,7.140657792120086,central_africa_wildfire,central_africa_wildfire__127ffed6-bb4b-43b2-a61c-acb9bc1d13e3.zip,,291.15000000000003,288.71540404040405,0.0,0.4672417628000004,4.469190775674964,7.140657792120086,158.44952987477737,1038033.375,0.2903310772727275,0.3070895250000005,29.786397238966355,152.26251020653666,24.434765815734863,1.0,595.0,969.0,4.0,0.0,5.0,0.7558389386296989,1.0,,,,18,18,18,18,1993-06-07 20:54:00.399928+00:00,933187.4316739372,933187.4316739372,uncertain,uncertain_review_required,insufficient_evidence,0.4,False,{},development,,,,0.0,,,,
frp:siberia_wildfire:siberia_wildfire__4fff0f3b-bc89-4baf-8c7b-4b33aad77faa.zip:759,frp:siberia_wildfire,759,58.76626285162945,78.57823280160903,1993-06-07 16:10:00.717431+00:00,290.82,1.362992703758363,6.668244171597422,siberia_wildfire,siberia_wildfire__4fff0f3b-bc89-4baf-8c7b-4b33aad77faa.zip,,290.82,290.995,0.0,0.3686649763000006,1.362992703758363,6.668244171597422,98.11215902533752,975161.3125,0.3048327926875002,0.3025660799999999,22.757690808461557,92.40463522005658,23.171130418777462,1.0,700.0,603.0,0.0,0.0,5.0,0.7709382866497354,1.0,,,,14,14,14,14,1993-06-07 16:10:00.717431+00:00,7573.562270256151,7573.562270256151,uncertain,uncertain_review_required,insufficient_evidence,0.4,False,{},development,,,,0.0,,,,
frp:firms_viirs_noaa20_nrt_india:firms_viirs_noaa20_nrt_india.csv:367,frp:firms_viirs_noaa20_nrt_india,367,6.89542,81.50428,2026-09-01 08:07:00+00:00,336.51,2.58,0.0,,firms_viirs_noaa20_nrt_india.csv,,336.51,,,,2.58,0.0,,,,,,,,,,,,,,,,n,N20,D,1,1,1,1,2026-09-01 08:07:00+00:00,171003.12888863948,171003.12888863948,uncertain,uncertain_review_required,insufficient_evidence,0.4,False,{},development,,,,0.0,,,,
frp:firms_viirs_noaa20_nrt_india:firms_viirs_noaa20_nrt_india.csv:266,frp:firms_viirs_noaa20_nrt_india,266,30.18642,74.48694,2026-08-31 20:57:00+00:00,311.31,2.35,0.0,,firms_viirs_noaa20_nrt_india.csv,,311.31,,,,2.35,0.0,,,,,,,,,,,,,,,,n,N20,N,0,0,0,0,2026-08-31 20:57:00+00:00,54282.00291765868,54282.00291765868,uncertain,uncertain_review_required,insufficient_evidence,0.4,False,{},development,,,,0.0,,,,
frp:siberia_wildfire:siberia_wildfire__4fff0f3b-bc89-4baf-8c7b-4b33aad77faa.zip:753,frp:siberia_wildfire,753,58.74352485168686,78.50823380178576,1993-06-07 16:10:00.117788+00:00,290.99,1.2088064044729077,11.426580346861464,siberia_wildfire,siberia_wildfire__4fff0f3b-bc89-4baf-8c7b-4b33aad77faa.zip,,290.99,290.8925,0.0,0.3598889536000004,1.2088064044729077,11.426580346861464,97.87010001141248,973021.0,0.3036386968571432,0.3048558100000001,22.42314849760512,92.39469831076886,23.117295742034912,1.0,705.0,602.0,0.0,0.0,5.0,0.7715419788618508,1.0,,,,3,3,3,3,1993-06-07 16:10:00.117788+00:00,4137.652116124278,4137.652116124278,uncertain,uncertain_review_required,insufficient_evidence,0.4,False,{},development,,,,0.0,,,,
frp:firms_viirs_noaa20_nrt_india:firms_viirs_noaa20_nrt_india.csv:137,frp:firms_viirs_noaa20_nrt_india,137,8.67149,80.91069,2026-08-31 08:28:00+00:00,330.54,3.57,0.0,,firms_viirs_noaa20_nrt_india.csv,,330.54,,,,3.57,0.0,,,,,,,,,,,,,,,,l,N20,D,1,1,1,1,2026-08-31 08:28:00+00:00,217424.98951239954,217424.98951239954,uncertain,uncertain_review_required,insufficient_evidence,0.4,False,{},development,,,,0.0,,,,
frp:gulf_flaring:gulf_flaring__5c707fc0-3bc2-403e-a422-43b891010fe9.zip:1034,frp:gulf_flaring,1034,30.48555992303136,50.41717587270887,1993-09-07 17:58:37.067276+00:00,302.49,2.538690455922144,2.689531387714581,gulf_flaring,gulf_flaring__5c707fc0-3bc2-403e-a422-43b891010fe9.zip,,302.49,301.75666666666666,0.0,0.5867332202000005,2.538690455922144,2.689531387714581,105.74011991396344,1098603.5,0.4881892933076927,0.5017814490000002,34.47611906083184,127.50670986395056,27.98113214969635,1.0,1475.0,1168.0,0.0,0.0,5.0,0.732221247187562,1.0,,,,17,17,17,17,1993-09-07 17:58:37.067276+00:00,3243.5953715171477,3243.5953715171477,uncertain,uncertain_review_required,insufficient_evidence,0.4,False,{},development,,,,0.0,,,,
frp:sentinel_frp_combined:central_africa_wildfire__127ffed6-bb4b-43b2-a61c-acb9bc1d13e3.zip:476,frp:sentinel_frp_combined,476,-8.949888977403702,20.80557394747097,1993-06-07 20:53:46.308365+00:00,312.25,23.353691341072235,2.805920919317437,central_africa_wildfire,central_africa_wildfire__127ffed6-bb4b-43b2-a61c-acb9bc1d13e3.zip,,312.25,288.92187499999994,0.0,1.3528077500000004,23.353691341072235,2.805920919317437,158.04884299281497,975161.3125,0.2560655527500001,0.7441964999999999,22.724138639459653,151.86026111392297,23.32209873199463,1.0,702.0,918.0,0.0,0.0,5.0,0.7703299104296001,1.0,,,,2,2,2,2,1993-06-07 20:53:46.308365+00:00,946731.095827531,946731.095827531,uncertain,uncertain_review_required,insufficient_evidence,0.4,False,{},development,,,,0.0,,,,
frp:sentinel_frp_combined:siberia_wildfire__4fff0f3b-bc89-4baf-8c7b-4b33aad77faa.zip:3619,frp:sentinel_frp_combined,3619,55.09419386090053,79.71868479872967,1993-06-07 16:08:57.122138+00:00,287.64000000000004,1.088478256707016,5.045063359115637,siberia_wildfire,siberia_wildfire__4fff0f3b-bc89-4baf-8c7b-4b33aad77faa.zip,,287.64000000000004,287.1731608974359,0.0,0.308488885,1.088478256707016,5.045063359115637,99.64120391147712,960225.3125,0.2536482543076925,0.2617765280000005,20.62608523144959,95.69927207448458,22.272957801818848,1.0,732.0,189.0,0.0,0.0,5.0,0.7770345057367025,1.0,,,,9,9,9,9,1993-06-07 16:08:57.122138+00:00,193697.3555832124,193697.3555832124,uncertain,uncertain_review_required,insufficient_evidence,0.4,False,{},development,,,,0.0,,,,
frp:sentinel_frp_combined:siberia_wildfire__4fff0f3b-bc89-4baf-8c7b-4b33aad77faa.zip:3683,frp:sentinel_frp_combined,3683,55.63643285953151,71.73155781889523,1993-06-07 16:09:25.358177+00:00,294.68,1.496575397936719,0.4856676731158972,siberia_wildfire,siberia_wildfire__4fff0f3b-bc89-4baf-8c7b-4b33aad77faa.zip,,294.68,289.7214285714286,0.0,0.3609855652000003,1.496575397936719,0.4856676731158972,82.82540999886933,935674.9375,0.2885389982857144,0.3592623120000001,16.17003014901212,92.52585201850648,24.43423557281494,1.0,1198.0,394.0,18.0,0.0,7.0,0.7718160324930483,1.0,,,,28,28,28,28,1993-06-07 16:09:25.358177+00:00,115687.75335090622,115687.75335090622,uncertain,uncertain_review_required,insufficient_evidence,0.4,False,{},development,,,,0.0,,,,
frp:firms_viirs_snpp_nrt_india:firms_viirs_snpp_nrt_india.csv:716,frp:firms_viirs_snpp_nrt_india,716,9.43506,80.38796,2026-09-02 07:29:00+00:00,330.6,3.54,0.0,,firms_viirs_snpp_nrt_india.csv,,330.6,,,,3.54,0.0,,,,,,,,,,,,,,,,n,N,D,36,36,36,36,2026-09-02 07:29:00+00:00,170049.5298158853,170049.5298158853,uncertain,uncertain_review_required,insufficient_evidence,0.4,False,{},development,,,,0.0,,,,
frp:siberia_wildfire:siberia_wildfire__4fff0f3b-bc89-4baf-8c7b-4b33aad77faa.zip:225,frp:siberia_wildfire,225,58.52762885223194,77.45038580445657,1993-06-07 16:09:56.222955+00:00,312.65000000000003,442.5800232573272,52.63852650427022,siberia_wildfire,siberia_wildfire__4fff0f3b-bc89-4baf-8c7b-4b33aad77faa.zip,,312.65000000000003,294.3540909090909,0.0,21.686195880000007,442.5800232573272,52.63852650427022,94.80579988308853,943898.3125,0.3284096467777782,0.755941300000001,18.05187221042709,92.27299287227774,23.275065422058105,1.0,770.0,594.0,0.0,0.0,7.0,0.7751514573874142,1.0,,,,27,27,27,27,1993-06-07 16:09:56.222955+00:00,35095.63264218783,35095.63264218783,uncertain,uncertain_review_required,insufficient_evidence,0.4,False,{},development,,,,0.0,,,,
frp:gulf_flaring:gulf_flaring__5354c465-ecde-4b9a-8a42-b93f56560577.zip:805,frp:gulf_flaring,805,35.51249191033958,51.50260886996841,1993-09-07 17:59:37.947392+00:00,291.96000000000004,5.139843610342488,17.689376584882883,gulf_flaring,gulf_flaring__5354c465-ecde-4b9a-8a42-b93f56560577.zip,,291.96000000000004,291.1656666666667,0.0,0.5616549748000007,5.139843610342488,17.689376584882883,111.40002199726378,949312.5625,0.3084886960833335,0.3184242600000005,18.200368846597197,125.17463339556704,17.206356406211853,1.0,1227.0,474.0,1.0,0.0,5.0,0.8020083016191065,1.0,,,,4,4,4,4,1993-09-07 17:59:37.947392+00:00,33520.59003357035,33520.59003357035,uncertain,uncertain_review_required,insufficient_evidence,0.4,False,{},development,,,,0.0,,,,
frp:china_industrial:china_industrial__0d7ba0c0-c144-44dc-bad0-007997140ad8.zip:8,frp:china_industrial,8,21.2215639464207,105.32091073409026,1993-09-07 14:33:42.884640+00:00,297.22,3.830673347532677,1.0847780319397091,china_industrial,china_industrial__0d7ba0c0-c144-44dc-bad0-007997140ad8.zip,,297.22,286.66408333333334,0.0,0.4038735733,3.830673347532677,1.0847780319397091,116.43128186183728,989908.75,0.2598123738750001,0.4012493220000004,24.058459684783934,135.4953416031886,63.96434926986694,1.0,1313.0,70.0,0.0,0.0,7.0,0.6310710472905522,1.0,,,,18,18,18,18,1993-09-07 14:33:42.884640+00:00,212573.18192590977,212573.18192590977,uncertain,uncertain_review_required,insufficient_evidence,0.4,False,{},development,,,,0.0,,,,
frp:firms_viirs_noaa20_nrt_india:firms_viirs_noaa20_nrt_india.csv:375,frp:firms_viirs_noaa20_nrt_india,375,7.10039,81.44698,2026-09-01 08:07:00+00:00,339.18,5.12,0.0,,firms_viirs_noaa20_nrt_india.csv,,339.18,,,,5.12,0.0,,,,,,,,,,,,,,,,n,N20,D,3,3,3,3,2026-09-01 08:07:00+00:00,165232.77420559738,165232.77420559738,uncertain,uncertain_review_required,insufficient_evidence,0.4,False,{},development,,,,0.0,,,,
frp:sentinel_frp_combined:central_africa_wildfire__127ffed6-bb4b-43b2-a61c-acb9bc1d13e3.zip:867,frp:sentinel_frp_combined,867,-7.497002981071887,22.914248942147083,1993-06-07 20:54:20.788642+00:00,289.24,2.839456636631356,12.98985743246537,central_africa_wildfire,central_africa_wildfire__127ffed6-bb4b-43b2-a61c-acb9bc1d13e3.zip,,289.24,289.7901717032967,0.0,0.3957136600000006,2.839456636631356,12.98985743246537,155.34550561669118,1151042.625,0.2968985175000003,0.2816714440000001,39.34281746370208,152.87293327869256,25.294283628463745,1.0,439.0,1021.0,0.0,0.0,5.0,0.7321060334302326,1.0,,,,26,26,26,26,1993-06-07 20:54:20.788642+00:00,882092.6108454532,882092.6108454532,uncertain,uncertain_review_required,insufficient_evidence,0.4,False,{},development,,,,0.0,,,,
frp:siberia_wildfire:siberia_wildfire__4fff0f3b-bc89-4baf-8c7b-4b33aad77faa.zip:415,frp:siberia_wildfire,415,54.76536386173075,80.41793679696423,1993-06-07 16:08:51.719697+00:00,284.68,0.8453020137672016,4.611485939765806,siberia_wildfire,siberia_wildfire__4fff0f3b-bc89-4baf-8c7b-4b33aad77faa.zip,,284.68,284.91041386309763,0.0,0.2704567735000003,0.8453020137672016,4.611485939765806,101.63782105136836,976827.75,0.2308906439565219,0.22808924,22.977664481492543,96.18064389613596,21.393506050109863,1.0,697.0,142.0,71.0,0.0,11.0,0.778347590144635,1.0,,,,37,37,37,37,1993-06-07 16:08:51.719697+00:00,244107.55441425607,244107.55441425607,uncertain,uncertain_review_required,insufficient_evidence,0.4,False,{},development,,,,0.0,,,,
frp:sentinel_frp_combined:central_africa_wildfire__127ffed6-bb4b-43b2-a61c-acb9bc1d13e3.zip:506,frp:sentinel_frp_combined,506,-7.354149981432556,24.27070893872235,1993-06-07 20:54:33.379386+00:00,295.87,10.90668227403246,1.4775300212446922,central_africa_wildfire,central_africa_wildfire__127ffed6-bb4b-43b2-a61c-acb9bc1d13e3.zip,,295.87,289.4015384615385,0.0,0.6663287990000012,10.90668227403246,1.4775300212446922,150.2984302973489,1262350.0,0.3126539566250002,0.3784195990000001,47.43801143147362,153.8787090754818,22.24438571929932,1.0,290.0,1002.0,0.0,0.0,5.0,0.7212075145688936,1.0,,,,2,2,2,2,1993-06-07 20:54:33.379386+00:00,795516.1756261267,795516.1756261267,uncertain,uncertain_review_required,insufficient_evidence,0.4,False,{},development,,,,0.0,,,,
frp:siberia_wildfire:siberia_wildfire__4fff0f3b-bc89-4baf-8c7b-4b33aad77faa.zip:142,frp:siberia_wildfire,142,58.48542085233851,78.57583380161509,1993-06-07 16:09:55.618202+00:00,294.40000000000003,6.055385884752754,1.9306578369363263,siberia_wildfire,siberia_wildfire__4fff0f3b-bc89-4baf-8c7b-4b33aad77faa.zip,,294.40000000000003,289.024,0.0,0.5924997914000008,6.055385884752754,1.9306578369363263,97.93577601796662,971416.4375,0.2967012120000001,0.3548758600000006,22.22343824285906,92.62064021024396,22.992172718048096,1.0,708.0,573.0,0.0,0.0,5.0,0.7722967681896082,1.0,,,,20,20,20,20,1993-06-07 16:09:55.618202+00:00,18145.697166802325,18145.697166802325,uncertain,uncertain_review_required,insufficient_evidence,0.4,False,{},development,,,,0.0,,,,
frp:siberia_wildfire:siberia_wildfire__7b9d0178-7a9b-4f6d-84f2-e2ad5d35ae5d.zip:988,frp:siberia_wildfire,988,62.321029842654525,105.3984107338946,1993-06-07 13:28:40.235686+00:00,282.37,0.8627894721997048,0.3279506063912394,siberia_wildfire,siberia_wildfire__7b9d0178-7a9b-4f6d-84f2-e2ad5d35ae5d.zip,,282.37,284.7792307692308,0.0,0.27375384,0.8627894721997048,0.3279506063912394,75.74045410090973,924576.625,0.2298802661538463,0.20499406,21.65063382888941,85.39277040283427,16.746305227279663,1.0,1280.0,30.0,0.0,0.0,5.0,0.8011441674621498,1.0,,,,1,1,1,1,1993-06-07 13:28:40.235686+00:00,182544.26346936997,182544.26346936997,uncertain,uncertain_review_required,insufficient_evidence,0.4,False,{},development,,,,0.0,,,,
frp:sentinel_frp_combined:siberia_wildfire__4fff0f3b-bc89-4baf-8c7b-4b33aad77faa.zip:3864,frp:sentinel_frp_combined,3864,58.47593485236246,77.7803088036236,1993-06-07 16:09:55.321666+00:00,293.17,1.3777584840406707,0.4826580203014595,siberia_wildfire,siberia_wildfire__4fff0f3b-bc89-4baf-8c7b-4b33aad77faa.zip,,293.17,290.5662469040742,0.0,0.3662263228000001,1.3777584840406707,0.4826580203014595,95.67559592123244,950879.75,0.2837197354117649,0.3360836380000002,19.19685867599469,92.39669732887428,23.21637463569641,1.0,753.0,584.0,0.0,0.0,7.0,0.7743817048458782,1.0,,,,0,0,0,0,1993-06-07 16:09:55.321666+00:00,15612.519931419913,15612.519931419913,uncertain,uncertain_review_required,insufficient_evidence,0.4,False,{},development,,,,0.0,,,,
frp:central_africa_wildfire:central_africa_wildfire__a217ed2a-2ad1-4c8a-8cb1-bedc4329bf7a.zip:809,frp:central_africa_wildfire,809,-12.74362496782544,15.300966961368772,1993-06-07 21:32:02.223652+00:00,291.6,4.007992149110039,2.4253233492404926,central_africa_wildfire,central_africa_wildfire__a217ed2a-2ad1-4c8a-8cb1-bedc4329bf7a.zip,,291.6,287.85200000000003,0.0,0.4061590000000008,4.007992149110039,2.4253233492404926,153.25536835655393,1267702.625,0.2671051611111114,0.3141316000000003,44.70586298238964,157.2244312664715,12.56118106842041,1.0,342.0,401.0,0.0,0.0,5.0,0.783443298643673,1.0,,,,6,6,6,6,1993-06-07 21:32:02.223652+00:00,646591.9450184519,646591.9450184519,uncertain,uncertain_review_required,insufficient_evidence,0.4,False,{},development,,,,0.0,,,,
frp:gulf_flaring:gulf_flaring__5354c465-ecde-4b9a-8a42-b93f56560577.zip:831,frp:gulf_flaring,831,38.66412090238248,56.83478985650595,1993-09-07 18:00:16.002839+00:00,295.55,5.834599573255631,0.8165393879508273,gulf_flaring,gulf_flaring__5354c465-ecde-4b9a-8a42-b93f56560577.zip,,295.55,279.146,0.0,0.4405595940000006,5.834599573255631,0.8165393879508273,132.824336687015,984743.0625,0.1771747142222223,0.3732171350000002,23.93461119914716,126.07059112366647,26.06053924560547,1.0,684.0,702.0,0.0,0.0,7.0,0.7574819771298621,1.0,,,,12,12,12,12,1993-09-07 18:00:16.002839+00:00,127056.24711425489,127056.24711425489,uncertain,uncertain_review_required,insufficient_evidence,0.4,False,{},development,,,,0.0,,,,
frp:central_africa_wildfire:central_africa_wildfire__0beec313-bad6-4801-9725-7642c0f06960.zip:62,frp:central_africa_wildfire,62,-0.7817889980261725,12.52173396838566,1993-06-07 21:35:26.813716+00:00,289.25,3.084005112368549,0.9141639422983772,central_africa_wildfire,central_africa_wildfire__0beec313-bad6-4801-9725-7642c0f06960.zip,,289.25,284.4438461538461,0.0,0.3137111199999999,3.084005112368549,0.9141639422983772,150.15360039460572,1277656.125,0.2302912200000001,0.2824945,45.22518873583017,148.31104991271258,48.927364349365234,1.0,334.0,558.0,0.0,0.0,7.0,0.608785441064613,1.0,,,,30,30,30,30,1993-06-07 21:35:26.813716+00:00,255284.65210543902,255284.65210543902,uncertain,uncertain_review_required,insufficient_evidence,0.4,False,{},development,,,,0.0,,,,
frp:firms_viirs_noaa20_nrt_india:firms_viirs_noaa20_nrt_india.csv:642,frp:firms_viirs_noaa20_nrt_india,642,10.67378,79.27847,2026-09-01 08:09:00+00:00,337.66,3.46,0.0,,firms_viirs_noaa20_nrt_india.csv,,337.66,,,,3.46,0.0,,,,,,,,,,,,,,,,n,N20,D,0,0,0,0,2026-09-01 08:09:00+00:00,15802.927979621905,15802.927979621905,uncertain,uncertain_review_required,insufficient_evidence,0.4,False,{},development,emergency_or_transient_fire,wildfire_or_agricultural_burn,day_fire_far_from_flare,0.65,conf=n+D+flare15803m+p90=0+frp=3.5,,,
frp:sentinel_frp_combined:siberia_wildfire__4fff0f3b-bc89-4baf-8c7b-4b33aad77faa.zip:3964,frp:sentinel_frp_combined,3964,60.58093784704784,77.50598080431621,1993-06-07 16:10:31.916876+00:00,295.57,2.4192106579055497,1.6985194208348406,siberia_wildfire,siberia_wildfire__4fff0f3b-bc89-4baf-8c7b-4b33aad77faa.zip,,295.57,291.2332142857144,0.0,0.4129710201000007,2.4192106579055497,1.6985194208348406,96.16611339514924,971416.4375,0.3033424460000002,0.3735422889999999,22.2142284643393,90.64590944722217,25.895626544952396,1.0,708.0,815.0,0.0,0.0,5.0,0.7601777057421916,1.0,,,,5,5,5,5,1993-06-07 16:10:31.916876+00:00,26058.683612141118,26058.683612141118,uncertain,uncertain_review_required,insufficient_evidence,0.4,False,{},development,,,,0.0,,,,
frp:china_industrial:china_industrial__0d7ba0c0-c144-44dc-bad0-007997140ad8.zip:125,frp:china_industrial,125,25.275301936186,110.1469857219056,1993-09-07 14:34:29.036890+00:00,295.99,6.206375831355962,0.8942977967775656,china_industrial,china_industrial__0d7ba0c0-c144-44dc-bad0-007997140ad8.zip,,295.99,279.9718181818182,0.0,0.4257803380000004,6.206375831355962,0.8942977967775656,142.5563953773728,961660.875,0.1846251405555556,0.3803705230000002,20.81484555633495,136.68605270517872,59.72871518135071,1.0,731.0,394.0,0.0,1.0,5.0,0.6367223476720746,1.0,,,,50,50,50,50,1993-09-07 14:34:29.036890+00:00,419592.2179377923,419592.2179377923,uncertain,uncertain_review_required,insufficient_evidence,0.4,False,{},development,,,,0.0,,,,
frp:sentinel_frp_combined:siberia_wildfire__4fff0f3b-bc89-4baf-8c7b-4b33aad77faa.zip:3729,frp:sentinel_frp_combined,3729,58.127743853241554,82.11357079268316,1993-06-07 16:09:55.604376+00:00,281.51,2.3667275713803284,0.7583059499350746,siberia_wildfire,siberia_wildfire__4fff0f3b-bc89-4baf-8c7b-4b33aad77faa.zip,,281.51,289.674792022792,0.0,0.3803705131000002,2.3667275713803284,0.7583059499350746,108.33855633225392,1091497.875,0.2820122281111113,0.1961870579999999,34.65865076543771,93.9748529579951,27.50670528411865,1.0,515.0,488.0,18.0,0.0,7.0,0.733800556319844,1.0,,,,43,43,43,43,1993-06-07 16:09:55.604376+00:00,154749.0006789825,154749.0006789825,uncertain,uncertain_review_required,insufficient_evidence,0.4,False,{},development,,,,0.0,,,,
frp:gulf_flaring:gulf_flaring__249f7eaa-a006-4cd8-bf84-2e9a2f5a5565.zip:649,frp:gulf_flaring,649,31.104382921468986,47.63973187972124,1993-09-06 07:10:17.100388+00:00,335.17,6.456297147391775,1.466709852684464,gulf_flaring,gulf_flaring__249f7eaa-a006-4cd8-bf84-2e9a2f5a5565.zip,,335.17,328.6377966101696,1.0,1.717003100000001,6.456297147391775,1.466709852684464,32.16591576690477,890148.6875,1.3705952552033909,0.7506561400000008,6.441246256376597,33.632592328112715,16.011165976524353,1.0,983.0,1056.0,3.0,0.0,19.0,0.8138349834486763,1.0,,,,8,8,8,8,1993-09-06 07:10:17.100388+00:00,2813.499865939331,2813.499865939331,uncertain,uncertain_review_required,insufficient_evidence,0.4,False,{},development,,,,0.0,,,,
frp:firms_viirs_noaa20_nrt_india:firms_viirs_noaa20_nrt_india.csv:944,frp:firms_viirs_noaa20_nrt_india,944,9.83309,78.53201,2026-09-02 07:50:00+00:00,334.38,3.08,0.0,,firms_viirs_noaa20_nrt_india.csv,,334.38,,,,3.08,0.0,,,,,,,,,,,,,,,,n,N20,D,0,0,0,0,2026-09-02 07:50:00+00:00,138067.78321674856,138067.78321674856,uncertain,uncertain_review_required,insufficient_evidence,0.4,False,{},development,emergency_or_transient_fire,wildfire_or_agricultural_burn,day_fire_far_from_flare,0.65,conf=n+D+flare138068m+p90=0+frp=3.1,,,
frp:firms_viirs_noaa20_nrt_india:firms_viirs_noaa20_nrt_india.csv:359,frp:firms_viirs_noaa20_nrt_india,359,6.80409,81.40726,2026-09-01 08:07:00+00:00,335.87,2.19,0.0,,firms_viirs_noaa20_nrt_india.csv,,335.87,,,,2.19,0.0,,,,,,,,,,,,,,,,n,N20,D,0,0,0,0,2026-09-01 08:07:00+00:00,161092.72867268615,161092.72867268615,uncertain,uncertain_review_required,insufficient_evidence,0.4,False,{},development,,,,0.0,,,,
frp:china_industrial:china_industrial__0d7ba0c0-c144-44dc-bad0-007997140ad8.zip:255,frp:china_industrial,255,22.383884943486123,104.9087787351308,1993-09-07 14:34:03.584645+00:00,297.52000000000004,3.475886261266007,1.6029650392641086,china_industrial,china_industrial__0d7ba0c0-c144-44dc-bad0-007997140ad8.zip,,297.52000000000004,292.8421739130435,0.0,0.4637333252000002,3.475886261266007,1.6029650392641086,115.39020936258422,995477.5,0.4261656467300002,0.4064978520000006,24.725538154473504,134.60572601161834,54.76994180679321,1.0,1323.0,204.0,0.0,0.0,9.0,0.6450833428142942,1.0,,,,0,0,0,0,1993-09-07 14:34:03.584645+00:00,348255.91166610055,348255.91166610055,uncertain,uncertain_review_required,insufficient_evidence,0.4,False,{},development,,,,0.0,,,,
frp:sentinel_frp_combined:gulf_flaring__5354c465-ecde-4b9a-8a42-b93f56560577.zip:2478,frp:sentinel_frp_combined,2478,38.66551190237897,56.82136585653984,1993-09-07 18:00:16.003003+00:00,291.44,6.099014195172777,1.0604357947144978,gulf_flaring,gulf_flaring__5354c465-ecde-4b9a-8a42-b93f56560577.zip,,291.44,279.146,0.0,0.4534029256000008,6.099014195172777,1.0604357947144978,132.74165271843904,983596.4375,0.1771747142222223,0.3111476399999999,23.800710336625883,126.06026499125484,25.700603485107425,1.0,686.0,702.0,0.0,0.0,7.0,0.7590928917773785,1.0,,,,19,19,19,19,1993-09-07 18:00:16.003003+00:00,127663.1433431597,127663.1433431597,uncertain,uncertain_review_required,insufficient_evidence,0.4,False,{},development,,,,0.0,,,,
frp:central_africa_wildfire:central_africa_wildfire__127ffed6-bb4b-43b2-a61c-acb9bc1d13e3.zip:306,frp:central_africa_wildfire,306,-16.672296957906497,18.13365095421693,1993-06-07 20:51:46.650204+00:00,287.65000000000003,1.0437299115720442,0.5266639911943137,central_africa_wildfire,central_africa_wildfire__127ffed6-bb4b-43b2-a61c-acb9bc1d13e3.zip,,287.65000000000003,285.718125,0.0,0.2942152900000006,1.0437299115720442,0.5266639911943137,137.87170340967631,927134.5625,0.2396847091428573,0.2618964300000004,14.611422566501217,152.32236676247402,12.990194320678713,1.0,1174.0,152.0,0.0,0.0,5.0,0.8253997933153632,1.0,,,,10,10,10,10,1993-06-07 20:51:46.650204+00:00,1179028.2718061174,1179028.2718061174,uncertain,uncertain_review_required,insufficient_evidence,0.4,False,{},development,,,,0.0,,,,
frp:sentinel_frp_combined:gulf_flaring__06ea85e3-0e01-4c85-b788-ed0287e7ac6d.zip:1801,frp:sentinel_frp_combined,1801,25.848239934739468,38.302257903296095,1993-09-06 19:01:58.542408+00:00,301.26,4.694001477945321,9.681874078089283,gulf_flaring,gulf_flaring__06ea85e3-0e01-4c85-b788-ed0287e7ac6d.zip,,301.26,298.9788235294118,0.0,0.6846678900000008,4.694001477945321,9.681874078089283,118.7891032809314,888774.9375,0.4587404732653065,0.4775709799999998,16.621800637156113,132.6095333002453,20.443243741989136,1.0,1204.0,568.0,72.0,0.0,19.0,0.7883434456769651,1.0,,,,0,0,0,0,1993-09-06 19:01:58.542408+00:00,164371.20753054353,164371.20753054353,uncertain,uncertain_review_required,insufficient_evidence,0.4,False,{},development,,,,0.0,,,,
frp:firms_viirs_snpp_nrt_india:firms_viirs_snpp_nrt_india.csv:650,frp:firms_viirs_snpp_nrt_india,650,8.34616,81.03253,2026-09-02 07:29:00+00:00,332.66,2.38,0.0,,firms_viirs_snpp_nrt_india.csv,,332.66,,,,2.38,0.0,,,,,,,,,,,,,,,,n,N,D,12,12,12,12,2026-09-02 07:29:00+00:00,194486.69988663215,194486.69988663215,uncertain,uncertain_review_required,insufficient_evidence,0.4,False,{},development,,,,0.0,,,,
frp:siberia_wildfire:siberia_wildfire__4fff0f3b-bc89-4baf-8c7b-4b33aad77faa.zip:732,frp:siberia_wildfire,732,58.54807185218033,78.17974680261511,1993-06-07 16:09:56.819723+00:00,289.47,4.420736837895058,17.74647238053407,siberia_wildfire,siberia_wildfire__4fff0f3b-bc89-4baf-8c7b-4b33aad77faa.zip,,289.47,289.9045833333334,0.0,0.4990618504000003,4.420736837895058,17.74647238053407,96.82807619732222,961660.875,0.2880443585000002,0.2846523820000003,20.8129389694172,92.4671107217001,22.92886638641357,1.0,729.0,586.0,0.0,0.0,5.0,0.7740468918802798,1.0,,,,15,15,15,15,1993-06-07 16:09:56.819723+00:00,10496.318268123594,10496.318268123594,uncertain,uncertain_review_required,insufficient_evidence,0.4,False,{},development,,,,0.0,,,,
frp:gulf_flaring:gulf_flaring__5e582e3c-6d99-4d34-8298-72ea8ec7e6f3.zip:1303,frp:gulf_flaring,1303,29.71899892496674,52.92430286637898,1993-09-06 18:23:55.864860+00:00,290.64000000000004,0.9627382430851444,11.500613070557554,gulf_flaring,gulf_flaring__5e582e3c-6d99-4d34-8298-72ea8ec7e6f3.zip,,290.64000000000004,290.54625,0.0,0.3452893988000004,0.9627382430851444,11.500613070557554,141.5842557971947,1005240.5625,0.2994497170000003,0.3001416600000006,26.368426750509677,133.3917046131498,12.94804048538208,1.0,648.0,879.0,0.0,0.0,5.0,0.8155920155214594,1.0,,,,0,0,0,0,1993-09-06 18:23:55.864860+00:00,25129.5906265271,25129.5906265271,uncertain,uncertain_review_required,insufficient_evidence,0.4,False,{},development,,,,0.0,,,,
frp:sentinel_frp_combined:gulf_flaring__06ea85e3-0e01-4c85-b788-ed0287e7ac6d.zip:1657,frp:sentinel_frp_combined,1657,26.499648933094814,36.736792907248514,1993-09-06 19:02:21.051492+00:00,303.49,10.65428185393348,9.566020677442683,gulf_flaring,gulf_flaring__06ea85e3-0e01-4c85-b788-ed0287e7ac6d.zip,,303.49,302.9741071428571,0.0,1.0061801000000006,10.65428185393348,9.566020677442683,112.46768057443782,962907.3125,0.5228579447826089,0.5241135700000001,25.698108047916065,131.15352131033185,24.914087295532227,1.0,1338.0,676.0,108.0,0.0,17.0,0.7598538110674532,1.0,,,,20,20,20,20,1993-09-06 19:02:21.051492+00:00,260911.71406763844,260911.71406763844,uncertain,uncertain_review_required,insufficient_evidence,0.4,False,{},development,,,,0.0,,,,
frp:siberia_wildfire:siberia_wildfire__4fff0f3b-bc89-4baf-8c7b-4b33aad77faa.zip:602,frp:siberia_wildfire,602,58.23958385295919,78.14251280270912,1993-06-07 16:09:51.120756+00:00,286.76,2.807376028497663,5.934201402618273,siberia_wildfire,siberia_wildfire__4fff0f3b-bc89-4baf-8c7b-4b33aad77faa.zip,,286.76,286.3100854700855,0.0,0.3798827824000005,2.807376028497663,5.934201402618273,96.5858181821415,956867.6875,0.2464941360000001,0.2513361759999999,20.14084123322059,92.69921981093044,22.730146765708923,1.0,739.0,553.0,0.0,0.0,5.0,0.7755572084978879,1.0,,,,2,2,2,2,1993-06-07 16:09:51.120756+00:00,22514.671049516746,22514.671049516746,uncertain,uncertain_review_required,insufficient_evidence,0.4,False,{},development,,,,0.0,,,,
frp:firms_viirs_noaa20_nrt_india:firms_viirs_noaa20_nrt_india.csv:655,frp:firms_viirs_noaa20_nrt_india,655,11.47595,79.2412,2026-09-01 08:09:00+00:00,333.51,3.37,0.0,,firms_viirs_noaa20_nrt_india.csv,,333.51,,,,3.37,0.0,,,,,,,,,,,,,,,,l,N20,D,2,2,2,2,2026-09-01 08:09:00+00:00,74053.82744654831,74053.82744654831,uncertain,uncertain_review_required,insufficient_evidence,0.4,False,{},development,,,,0.0,,,,
frp:gulf_flaring:gulf_flaring__5e582e3c-6d99-4d34-8298-72ea8ec7e6f3.zip:1306,frp:gulf_flaring,1306,29.730106924938696,52.90765586642101,1993-09-06 18:23:56.164940+00:00,290.40000000000003,5.519405133614627,17.965051815367666,gulf_flaring,gulf_flaring__5e582e3c-6d99-4d34-8298-72ea8ec7e6f3.zip,,290.40000000000003,290.54625,0.0,0.5623515250000001,5.519405133614627,17.965051815367666,141.53395985181834,1004612.3125,0.2994497170000003,0.2969091000000005,26.302086828610665,133.37299801599636,12.997676074504852,1.0,649.0,881.0,0.0,0.0,5.0,0.8153975207115731,1.0,,,,11,11,11,11,1993-09-06 18:23:56.164940+00:00,23134.27205343015,23134.27205343015,uncertain,uncertain_review_required,insufficient_evidence,0.4,False,{},development,,,,0.0,,,,
frp:sentinel_frp_combined:siberia_wildfire__4fff0f3b-bc89-4baf-8c7b-4b33aad77faa.zip:3422,frp:sentinel_frp_combined,3422,58.54516585218767,77.47952980438299,1993-06-07 16:09:56.522777+00:00,313.06,407.0233454664467,48.941844973680105,siberia_wildfire,siberia_wildfire__4fff0f3b-bc89-4baf-8c7b-4b33aad77faa.zip,,313.06,293.20250000000004,0.0,19.94859532000001,407.0233454664467,48.941844973680105,94.88150476514735,944724.8125,0.3284096467777782,0.768038118,18.186464483296252,92.26076088326116,23.31149172782898,1.0,768.0,596.0,0.0,0.0,7.0,0.7748815012719312,1.0,,,,56,56,56,56,1993-06-07 16:09:56.522777+00:00,33755.93926937395,33755.93926937395,uncertain,uncertain_review_required,insufficient_evidence,0.4,False,{},development,,,,0.0,,,,
frp:china_industrial:china_industrial__0d7ba0c0-c144-44dc-bad0-007997140ad8.zip:153,frp:china_industrial,153,25.624043935305508,108.6628857256526,1993-09-07 14:34:34.747466+00:00,290.27000000000004,2.7978901159014664,1.5100400402099508,china_industrial,china_industrial__0d7ba0c0-c144-44dc-bad0-007997140ad8.zip,,290.27000000000004,287.1405263157895,0.0,0.3782570134000002,2.7978901159014664,1.5100400402099508,135.95592300702037,911470.1875,0.2564291432631582,0.2951581300000005,11.683291975343732,135.45894446553976,49.89666795730591,1.0,868.0,463.0,0.0,0.0,7.0,0.6762823550251581,1.0,,,,39,39,39,39,1993-09-07 14:34:34.747466+00:00,454951.0816585257,454951.0816585257,uncertain,uncertain_review_required,insufficient_evidence,0.4,False,{},development,,,,0.0,,,,
frp:sentinel_frp_combined:siberia_wildfire__4fff0f3b-bc89-4baf-8c7b-4b33aad77faa.zip:3380,frp:sentinel_frp_combined,3380,58.50178685229719,77.80250180356757,1993-06-07 16:09:55.621500+00:00,312.39000000000004,59.25497850368749,6.364826987023379,siberia_wildfire,siberia_wildfire__4fff0f3b-bc89-4baf-8c7b-4b33aad77faa.zip,,312.39000000000004,290.4023943661972,0.0,3.1295009000000014,59.25497850368749,6.364826987023379,95.75588540092402,951798.1875,0.2837197354117649,0.7483071800000012,19.33154905126192,92.38730230608456,23.19288671016693,1.0,751.0,586.0,42.0,0.0,15.0,0.7743568777201799,1.0,,,,9,9,9,9,1993-06-07 16:09:55.621500+00:00,14445.64040942439,14445.64040942439,uncertain,uncertain_review_required,insufficient_evidence,0.4,False,{},development,,,,0.0,,,,
frp:sentinel_frp_combined:siberia_wildfire__4fff0f3b-bc89-4baf-8c7b-4b33aad77faa.zip:3607,frp:sentinel_frp_combined,3607,54.84601286152713,79.96334079811197,1993-06-07 16:08:52.621653+00:00,287.11,1.6004472606040012,1.4459583195598402,siberia_wildfire,siberia_wildfire__4fff0f3b-bc89-4baf-8c7b-4b33aad77faa.zip,,287.11,287.586875,0.0,0.3369890958000002,1.6004472606040012,1.4459583195598402,100.29710909798196,964163.0625,0.2611592220000002,0.2554217220000002,21.233012205566062,95.98021357140033,21.80568265914917,1.0,723.0,158.0,0.0,0.0,5.0,0.778429069288949,1.0,,,,6,6,6,6,1993-06-07 16:08:52.621653+00:00,224838.18711403498,224838.18711403498,uncertain,uncertain_review_required,insufficient_evidence,0.4,False,{},development,,,,0.0,,,,
frp:firms_viirs_noaa20_nrt_india:firms_viirs_noaa20_nrt_india.csv:626,frp:firms_viirs_noaa20_nrt_india,626,9.42517,80.41243,2026-09-01 08:07:00+00:00,348.9,3.37,0.0,,firms_viirs_noaa20_nrt_india.csv,,348.9,,,,3.37,0.0,,,,,,,,,,,,,,,,n,N20,D,30,30,30,30,2026-09-01 08:07:00+00:00,172127.38968463422,172127.38968463422,uncertain,uncertain_review_required,insufficient_evidence,0.4,False,{},development,,,,0.0,,,,
frp:sentinel_frp_combined:china_industrial__0d7ba0c0-c144-44dc-bad0-007997140ad8.zip:1084,frp:sentinel_frp_combined,1084,21.231282946396163,105.3198647340929,1993-09-07 14:33:42.884653+00:00,298.5,3.9148466547455296,0.976329494529533,china_industrial,china_industrial__0d7ba0c0-c144-44dc-bad0-007997140ad8.zip,,298.5,286.66408333333334,0.0,0.4070226895000002,3.9148466547455296,0.976329494529533,116.42684157860052,989908.75,0.2598123738750001,0.4239661999999999,24.05844460495187,135.48910118254136,64.01466584205627,1.0,1313.0,71.0,0.0,0.0,7.0,0.631071072055256,1.0,,,,25,25,25,25,1993-09-07 14:33:42.884653+00:00,213651.49078572966,213651.49078572966,uncertain,uncertain_review_required,insufficient_evidence,0.4,False,{},development,,,,0.0,,,,
frp:siberia_wildfire:siberia_wildfire__4fff0f3b-bc89-4baf-8c7b-4b33aad77faa.zip:708,frp:siberia_wildfire,708,58.527209852233,77.84881280345064,1993-06-07 16:09:56.221224+00:00,307.92,7.49193497838108,0.8055196614629758,siberia_wildfire,siberia_wildfire__4fff0f3b-bc89-4baf-8c7b-4b33aad77faa.zip,,307.92,290.5662469040742,0.0,0.6575543564000002,7.49193497838108,0.8055196614629758,95.88547035725296,953144.9375,0.2837197354117649,0.6266626120000005,19.53361079233762,92.381382498762,23.159427642822266,1.0,748.0,588.0,0.0,0.0,7.0,0.774310372124773,1.0,,,,47,47,47,47,1993-06-07 16:09:56.221224+00:00,12592.569085742867,12592.569085742867,uncertain,uncertain_review_required,insufficient_evidence,0.4,False,{},development,,,,0.0,,,,
frp:sentinel_frp_combined:china_industrial__c1cd4b46-50c7-4dc6-b61f-79dd085a5792.zip:1498,frp:sentinel_frp_combined,1498,39.668721899846105,118.90355669979738,1993-09-07 13:36:33.585349+00:00,300.89000000000004,2.00934148860996,0.3101000322298917,china_industrial,china_industrial__c1cd4b46-50c7-4dc6-b61f-79dd085a5792.zip,,300.89000000000004,292.611875,0.0,0.4360336300000003,2.00934148860996,0.3101000322298917,118.44862080842942,844937.875,0.3289424175000003,0.4701660200000008,6.288536783476272,123.22346970028748,26.93444311618805,1.0,983.0,886.0,0.0,0.0,5.0,0.7673516878324076,1.0,,,,3,3,3,3,1993-09-07 13:36:33.585349+00:00,67218.31984898035,67218.31984898035,uncertain,uncertain_review_required,insufficient_evidence,0.4,False,{},development,,,,0.0,,,,
frp:sentinel_frp_combined:gulf_flaring__249f7eaa-a006-4cd8-bf84-2e9a2f5a5565.zip:2224,frp:sentinel_frp_combined,2224,36.47715690790403,50.84202387163623,1993-09-06 07:08:41.715380+00:00,316.47,7.544713334811742,1.2221332489551566,gulf_flaring,gulf_flaring__249f7eaa-a006-4cd8-bf84-2e9a2f5a5565.zip,,316.47,301.0444444444444,1.0,0.8759460067000009,7.544713334811742,1.2221332489551566,24.526101547481638,914517.5,0.4741960076555556,0.6687218680000004,11.582144948152752,35.942390774587395,12.450022220611572,1.0,1127.0,409.0,0.0,0.0,5.0,0.8298025251764516,1.0,,,,19,19,19,19,1993-09-06 07:08:41.715380+00:00,90296.49938931747,90296.49938931747,uncertain,uncertain_review_required,insufficient_evidence,0.4,False,{},development,,,,0.0,,,,
frp:siberia_wildfire:siberia_wildfire__4fff0f3b-bc89-4baf-8c7b-4b33aad77faa.zip:605,frp:siberia_wildfire,605,58.24838385293697,78.12186980276124,1993-06-07 16:09:51.420824+00:00,287.35,1.0878626278025585,0.9649151417641064,siberia_wildfire,siberia_wildfire__4fff0f3b-bc89-4baf-8c7b-4b33aad77faa.zip,,287.35,286.3100854700855,0.0,0.2981213145000001,1.0878626278025585,0.9649151417641064,96.53053518953593,956395.125,0.2464941360000001,0.2582993700000003,20.07349461300996,92.6873206803638,22.736489295959476,1.0,740.0,554.0,0.0,0.0,5.0,0.7755951759564204,1.0,,,,13,13,13,13,1993-06-07 16:09:51.420824+00:00,23207.068166985722,23207.068166985722,uncertain,uncertain_review_required,insufficient_evidence,0.4,False,{},development,,,,0.0,,,,
frp:china_industrial:china_industrial__c1cd4b46-50c7-4dc6-b61f-79dd085a5792.zip:413,frp:china_industrial,413,34.41585791310831,119.84302669742544,1993-09-07 13:35:06.294240+00:00,310.11,6.088823147595113,0.7060444075318911,china_industrial,china_industrial__c1cd4b46-50c7-4dc6-b61f-79dd085a5792.zip,,310.11,295.889375,0.0,0.724503400000001,6.088823147595113,0.7060444075318911,120.1079341763552,848721.375,0.3995323006250002,0.6852183100000004,7.087780330809138,127.1913072205942,19.253840446472168,1.0,1044.0,303.0,0.0,0.0,5.0,0.7987574403664226,1.0,,,,7,7,7,7,1993-09-07 13:35:06.294240+00:00,245288.06057068676,245288.06057068676,uncertain,uncertain_review_required,insufficient_evidence,0.4,False,{},development,,,,0.0,,,,
frp:china_industrial:china_industrial__0d7ba0c0-c144-44dc-bad0-007997140ad8.zip:93,frp:china_industrial,93,25.233841936290677,110.12256772196724,1993-09-07 14:34:28.137166+00:00,288.90000000000003,1.723370762000547,0.4073157854629474,china_industrial,china_industrial__0d7ba0c0-c144-44dc-bad0-007997140ad8.zip,,288.90000000000003,279.9718181818182,0.0,0.2516820224000002,1.723370762000547,0.4073157854629474,142.46524575085573,960225.3125,0.1846251405555556,0.2773141100000004,20.611464530465,136.69611701027304,59.84965515136719,1.0,734.0,390.0,0.0,1.0,5.0,0.6366597213552485,1.0,,,,6,6,6,6,1993-09-07 14:34:28.137166+00:00,415577.43308528134,415577.43308528134,uncertain,uncertain_review_required,insufficient_evidence,0.4,False,{},development,,,,0.0,,,,
frp:central_africa_wildfire:central_africa_wildfire__127ffed6-bb4b-43b2-a61c-acb9bc1d13e3.zip:393,frp:central_africa_wildfire,393,-9.005075977264369,22.71295894265529,1993-06-07 20:53:51.993659+00:00,287.27000000000004,1.6152943791592271,0.6291410244264273,central_africa_wildfire,central_africa_wildfire__127ffed6-bb4b-43b2-a61c-acb9bc1d13e3.zip,,287.27000000000004,289.3914285714286,0.0,0.3512727196000003,1.6152943791592271,0.6291410244264273,157.68977063551125,1105185.125,0.2863761543636365,0.2573401540000005,35.718740428841286,153.52939763596223,21.77506184577942,1.0,500.0,864.0,0.0,0.0,5.0,0.7566144846901627,1.0,,,,17,17,17,17,1993-06-07 20:53:51.993659+00:00,791056.1446709139,791056.1446709139,uncertain,uncertain_review_required,insufficient_evidence,0.4,False,{},development,,,,0.0,,,,
frp:sentinel_frp_combined:china_industrial__4af2f910-78e7-4124-ab1d-03549a936323.zip:1368,frp:sentinel_frp_combined,1368,33.42481291561046,104.79270573542384,1993-09-07 14:36:51.856444+00:00,272.27000000000004,1.4062627435614397,2.1708627045064404,china_industrial,china_industrial__4af2f910-78e7-4124-ab1d-03549a936323.zip,,272.27000000000004,274.9075,0.0,0.2153284892000003,1.4062627435614397,2.1708627045064404,121.15083149502615,892957.0625,0.1439210042500001,0.1239518350000002,7.02444024045242,128.12200466142554,25.500636219978333,1.0,1037.0,187.0,0.0,0.0,5.0,0.7726404355940297,1.0,,,,10,10,10,10,1993-09-07 14:36:51.856444+00:00,243710.92244392575,243710.92244392575,uncertain,uncertain_review_required,insufficient_evidence,0.4,False,{},development,,,,0.0,,,,
frp:firms_viirs_snpp_nrt_india:firms_viirs_snpp_nrt_india.csv:424,frp:firms_viirs_snpp_nrt_india,424,10.77378,78.65028,2026-09-01 07:50:00+00:00,335.4,5.62,0.0,,firms_viirs_snpp_nrt_india.csv,,335.4,,,,5.62,0.0,,,,,,,,,,,,,,,,l,N,D,2,2,2,2,2026-09-01 07:50:00+00:00,71866.0531687407,71866.0531687407,uncertain,uncertain_review_required,insufficient_evidence,0.4,False,{},development,,,,0.0,,,,
frp:sentinel_frp_combined:central_africa_wildfire__127ffed6-bb4b-43b2-a61c-acb9bc1d13e3.zip:421,frp:sentinel_frp_combined,421,-15.712350960330127,17.18574295661017,1993-06-07 20:52:08.255366+00:00,293.77000000000004,0.7953740595037079,0.0915650242768414,central_africa_wildfire,central_africa_wildfire__127ffed6-bb4b-43b2-a61c-acb9bc1d13e3.zip,,293.77000000000004,284.3368750000001,0.0,0.2644144078000001,0.7953740595037079,0.0915650242768414,132.3745580897507,958819.25,0.2245760849000001,0.3451384780000006,19.722168859519087,151.2458979773896,13.652129888534546,1.0,1250.0,277.0,0.0,0.0,5.0,0.8183441077692635,1.0,,,,3,3,3,3,1993-06-07 20:52:08.255366+00:00,1034095.6332945632,1034095.6332945632,uncertain,uncertain_review_required,insufficient_evidence,0.4,False,{},development,,,,0.0,,,,
frp:china_industrial:china_industrial__7ec3e6ea-d3da-4f48-9cb5-4105fb7e4a8b.zip:345,frp:china_industrial,345,34.49801691290088,133.67784966249587,1993-09-07 12:56:07.339043+00:00,297.13,2.557828164732557,17.53806781292856,china_industrial,china_industrial__7ec3e6ea-d3da-4f48-9cb5-4105fb7e4a8b.zip,,297.13,297.4627083333333,0.0,0.5103587260000008,2.557828164732557,17.53806781292856,136.39282931997644,985357.375,0.3960242814285718,0.3996747629999999,24.02338365264892,129.50973169377437,42.226035833358765,1.0,683.0,229.0,0.0,0.0,5.0,0.6901206882639596,1.0,,,,36,36,36,36,1993-09-07 12:56:07.339043+00:00,178346.82533155388,178346.82533155388,uncertain,uncertain_review_required,insufficient_evidence,0.4,False,{},development,,,,0.0,,,,
frp:sentinel_frp_combined:amazon_basin__1ca56dcb-14de-42ad-a977-68e3c0936a88.zip:6,frp:sentinel_frp_combined,6,-13.690069965435896,-65.00059083588928,1993-07-07 14:27:09.457710+00:00,316.16,7.900941728919904,1.7861841857578231,amazon_basin,amazon_basin__1ca56dcb-14de-42ad-a977-68e3c0936a88.zip,,316.16,304.2838461538462,1.0,0.8670257200000009,7.900941728919904,1.7861841857578231,39.26824601050448,1008483.625,0.5443822761538465,0.591709200000001,29.762677711143564,46.387487955846105,31.95479118824005,1.0,1401.0,26.0,0.0,0.0,5.0,0.7244672689631317,1.0,,,,3,3,3,3,1993-07-07 14:27:09.457710+00:00,382769.05689789547,382769.05689789547,uncertain,uncertain_review_required,insufficient_evidence,0.4,False,{},development,,,,0.0,,,,
frp:firms_viirs_noaa20_nrt_india:firms_viirs_noaa20_nrt_india.csv:139,frp:firms_viirs_noaa20_nrt_india,139,8.67534,80.90561,2026-08-31 08:28:00+00:00,346.08,5.1,0.0,,firms_viirs_noaa20_nrt_india.csv,,346.08,,,,5.1,0.0,,,,,,,,,,,,,,,,n,N20,D,2,2,2,2,2026-08-31 08:28:00+00:00,217530.06796722714,217530.06796722714,uncertain,uncertain_review_required,insufficient_evidence,0.4,False,{},development,emergency_or_transient_fire,wildfire_or_agricultural_burn,day_fire_far_from_flare,0.65,conf=n+D+flare217530m+p90=2+frp=5.1,,,
frp:sentinel_frp_combined:gulf_flaring__07554d1c-45ab-471f-bda9-f460f68ae9e0.zip:2026,frp:sentinel_frp_combined,2026,29.050401926654786,47.53884887997594,1993-09-07 18:36:27.958455+00:00,302.09000000000003,3.156138703966884,0.7685678177855737,gulf_flaring,gulf_flaring__07554d1c-45ab-471f-bda9-f460f68ae9e0.zip,,302.09000000000003,300.04125000000005,0.0,0.6263445400000003,3.156138703966884,0.7685678177855737,133.33708238072293,864672.625,0.454165930714286,0.4944213200000006,11.860231401040084,132.8079387614078,17.711336851119995,1.0,864.0,851.0,0.0,0.0,5.0,0.8037933608661167,1.0,,,,9,9,9,9,1993-09-07 18:36:27.958455+00:00,2046.134933971519,2046.134933971519,uncertain,uncertain_review_required,insufficient_evidence,0.4,False,{},development,,,,0.0,,,,
frp:gulf_flaring:gulf_flaring__07554d1c-45ab-471f-bda9-f460f68ae9e0.zip:342,frp:gulf_flaring,342,24.81718093734264,49.355925875388266,1993-09-07 18:35:15.655766+00:00,305.64000000000004,2.1156941817854227,0.4581770366722142,gulf_flaring,gulf_flaring__07554d1c-45ab-471f-bda9-f460f68ae9e0.zip,,305.64000000000004,300.45625,0.0,0.5699574400000007,2.1156941817854227,0.4581770366722142,140.6310229136279,891939.0,0.4620301000000004,0.572514720000001,16.910520928963074,136.640575996626,23.458707094192505,1.0,788.0,355.0,0.0,0.0,5.0,0.7753241755727819,1.0,,,,26,26,26,26,1993-09-07 18:35:15.655766+00:00,2602.6522721752085,2602.6522721752085,uncertain,uncertain_review_required,insufficient_evidence,0.4,False,{},development,,,,0.0,,,,
frp:central_africa_wildfire:central_africa_wildfire__127ffed6-bb4b-43b2-a61c-acb9bc1d13e3.zip:329,frp:central_africa_wildfire,329,-15.351283961241734,19.49677695077537,1993-06-07 20:52:00.435782+00:00,286.11,1.1287653210325777,0.5362728550004141,central_africa_wildfire,central_africa_wildfire__127ffed6-bb4b-43b2-a61c-acb9bc1d13e3.zip,,286.11,284.004375,0.0,0.2830970705000003,1.1287653210325777,0.5362728550004141,149.15952515562674,890546.4375,0.2211241722500001,0.2438432360000001,6.381091211664495,153.1878975078476,12.168747663497925,1.0,1000.0,262.0,0.0,0.0,5.0,0.8331521319041939,1.0,,,,5,5,5,5,1993-06-07 20:52:00.435782+00:00,1022886.214295613,1022886.214295613,uncertain,uncertain_review_required,insufficient_evidence,0.4,False,{},development,,,,0.0,,,,
frp:siberia_wildfire:siberia_wildfire__7b9d0178-7a9b-4f6d-84f2-e2ad5d35ae5d.zip:1026,frp:siberia_wildfire,1026,62.27872084276135,104.8583197352582,1993-06-07 13:28:42.937516+00:00,283.57,0.7947499297694011,1.9377150945122523,siberia_wildfire,siberia_wildfire__7b9d0178-7a9b-4f6d-84f2-e2ad5d35ae5d.zip,,283.57,283.733125,0.0,0.2594332900000005,0.7947499297694011,1.9377150945122523,75.6808080774147,941130.5625,0.2200117700000001,0.2170316499999999,23.464107930364268,85.2452567793622,17.5474750995636,1.0,1307.0,38.0,0.0,0.0,5.0,0.7954673063546067,1.0,,,,23,23,23,23,1993-06-07 13:28:42.937516+00:00,206667.23002306095,206667.23002306095,uncertain,uncertain_review_required,insufficient_evidence,0.4,False,{},development,,,,0.0,,,,
frp:central_africa_wildfire:central_africa_wildfire__127ffed6-bb4b-43b2-a61c-acb9bc1d13e3.zip:323,frp:central_africa_wildfire,323,-15.814163960073074,17.491378955838513,1993-06-07 20:52:04.353230+00:00,289.87,0.751136313076493,0.1540941602380503,central_africa_wildfire,central_africa_wildfire__127ffed6-bb4b-43b2-a61c-acb9bc1d13e3.zip,,289.87,285.79875,0.0,0.2797273067000004,0.751136313076493,0.1540941602380503,134.34074212691706,946349.3125,0.2414789230000001,0.289836622,17.761600805477457,151.53069965629695,13.410062551498411,1.0,1221.0,259.0,0.0,0.0,5.0,0.8211365634247719,1.0,,,,9,9,9,9,1993-06-07 20:52:04.353230+00:00,1061567.3582378668,1061567.3582378668,uncertain,uncertain_review_required,insufficient_evidence,0.4,False,{},development,,,,0.0,,,,
frp:firms_viirs_noaa20_nrt_india:firms_viirs_noaa20_nrt_india.csv:644,frp:firms_viirs_noaa20_nrt_india,644,10.86964,79.29421,2026-09-01 08:09:00+00:00,338.56,3.41,0.0,,firms_viirs_noaa20_nrt_india.csv,,338.56,,,,3.41,0.0,,,,,,,,,,,,,,,,l,N20,D,1,1,1,1,2026-09-01 08:09:00+00:00,6439.781953116977,6439.781953116977,uncertain,uncertain_review_required,insufficient_evidence,0.4,False,{},development,,,,0.0,,,,
frp:amazon_basin:amazon_basin__1ca56dcb-14de-42ad-a977-68e3c0936a88.zip:53,frp:amazon_basin,53,-15.917758959811522,-72.5163188169139,1993-07-07 14:28:07.597927+00:00,316.02000000000004,8.2500565316299,1.6164501061075904,amazon_basin,amazon_basin__1ca56dcb-14de-42ad-a977-68e3c0936a88.zip,,316.02000000000004,298.32,1.0,0.8623438400000012,8.2500565316299,1.6164501061075904,68.52227070845288,960314.375,0.4258944077777779,0.7162543500000005,25.081816251983994,52.70195740744072,4.314138174057007,1.0,666.0,443.0,0.0,0.0,5.0,0.8656852716667361,1.0,,,,29,29,29,29,1993-07-07 14:28:07.597927+00:00,455290.5460779987,455290.5460779987,uncertain,uncertain_review_required,insufficient_evidence,0.4,False,{},development,,,,0.0,,,,
frp:firms_viirs_snpp_nrt_india:firms_viirs_snpp_nrt_india.csv:703,frp:firms_viirs_snpp_nrt_india,703,8.6888,80.35437,2026-09-02 07:29:00+00:00,340.54,3.92,0.0,,firms_viirs_snpp_nrt_india.csv,,340.54,,,,3.92,0.0,,,,,,,,,,,,,,,,n,N,D,3,3,3,3,2026-09-02 07:29:00+00:00,197185.04203166047,197185.04203166047,uncertain,uncertain_review_required,insufficient_evidence,0.4,False,{},development,,,,0.0,,,,
frp:firms_viirs_snpp_nrt_india:firms_viirs_snpp_nrt_india.csv:223,frp:firms_viirs_snpp_nrt_india,223,6.35255,81.13854,2026-09-01 07:48:00+00:00,342.55,3.16,0.0,,firms_viirs_snpp_nrt_india.csv,,342.55,,,,3.16,0.0,,,,,,,,,,,,,,,,n,N,D,0,0,0,0,2026-09-01 07:48:00+00:00,146984.6234519898,146984.6234519898,uncertain,uncertain_review_required,insufficient_evidence,0.4,False,{},development,emergency_or_transient_fire,wildfire_or_agricultural_burn,day_fire_far_from_flare,0.65,conf=n+D+flare146985m+p90=0+frp=3.2,,,
frp:gulf_flaring:gulf_flaring__249f7eaa-a006-4cd8-bf84-2e9a2f5a5565.zip:576,frp:gulf_flaring,576,36.48393490788692,50.86729587157242,1993-09-06 07:08:41.415558+00:00,308.89000000000004,3.3428940623851724,1.0160809062942582,gulf_flaring,gulf_flaring__249f7eaa-a006-4cd8-bf84-2e9a2f5a5565.zip,,308.89000000000004,301.0444444444444,1.0,0.6515352860000011,3.3428940623851724,1.0160809062942582,24.412882242588324,915087.3125,0.4741960076555556,0.4996894390000009,11.70863206990117,35.93319292813196,12.934912621974943,1.0,1129.0,408.0,0.0,0.0,5.0,0.8272074696041195,1.0,,,,7,7,7,7,1993-09-06 07:08:41.415558+00:00,90803.93112768348,90803.93112768348,uncertain,uncertain_review_required,insufficient_evidence,0.4,False,{},development,,,,0.0,,,,
frp:sentinel_frp_combined:china_industrial__0d7ba0c0-c144-44dc-bad0-007997140ad8.zip:1290,frp:sentinel_frp_combined,1290,30.45190092311634,112.341488716365,1993-09-07 14:36:10.710755+00:00,293.65000000000003,5.736121074950512,1.3350174968322843,china_industrial,china_industrial__0d7ba0c0-c144-44dc-bad0-007997140ad8.zip,,293.65000000000003,277.5614285714286,0.0,0.3464967156000001,5.736121074950512,1.3350174968322843,147.66986718100077,1174236.75,0.1661064035000001,0.3433275100000005,41.155089841483246,134.66583335650287,47.56395196914673,1.0,408.0,916.0,0.0,0.0,7.0,0.6292455589745439,1.0,,,,28,28,28,28,1993-09-07 14:36:10.710755+00:00,63956.11600319342,63956.11600319342,uncertain,uncertain_review_required,insufficient_evidence,0.4,False,{},development,,,,0.0,,,,
frp:sentinel_frp_combined:siberia_wildfire__7b9d0178-7a9b-4f6d-84f2-e2ad5d35ae5d.zip:4295,frp:sentinel_frp_combined,4295,65.42401583482024,114.39128271118976,1993-06-07 13:29:02.992270+00:00,278.72,0.7173986324061604,0.5155325505195816,siberia_wildfire,siberia_wildfire__7b9d0178-7a9b-4f6d-84f2-e2ad5d35ae5d.zip,,278.72,277.78375,0.0,0.2028297000000003,0.7173986324061604,0.5155325505195816,90.36911784709774,911895.4375,0.1641569331250001,0.1718170800000002,19.829649463281378,85.86255486528022,10.045772314071655,1.0,743.0,189.0,0.0,0.0,5.0,0.8376437144033609,1.0,,,,7,7,7,7,1993-06-07 13:29:02.992270+00:00,291479.92969577754,291479.92969577754,uncertain,uncertain_review_required,insufficient_evidence,0.4,False,{},development,,,,0.0,,,,
frp:central_africa_wildfire:central_africa_wildfire__91d9ed43-4cf6-47d5-bb87-1a1f26dd72d3.zip:776,frp:central_africa_wildfire,776,1.6346159958729911,9.86417597509535,1993-06-07 21:35:54.426906+00:00,287.25,1.4543194093525011,0.6425133072541359,central_africa_wildfire,central_africa_wildfire__91d9ed43-4cf6-47d5-bb87-1a1f26dd72d3.zip,,287.25,283.71200000000005,0.0,0.2708813700000005,1.4543194093525011,0.6425133072541359,150.818925507525,1036882.3125,0.2187319027272729,0.25775175,31.827060984449915,144.80610676264126,53.99497222900391,1.0,564.0,87.0,0.0,0.0,7.0,0.6335620168768127,1.0,,,,16,16,16,16,1993-06-07 21:35:54.426906+00:00,52332.71460215231,52332.71460215231,uncertain,uncertain_review_required,insufficient_evidence,0.4,False,{},development,,,,0.0,,,,
frp:siberia_wildfire:siberia_wildfire__7b9d0178-7a9b-4f6d-84f2-e2ad5d35ae5d.zip:1056,frp:siberia_wildfire,1056,62.26024484280799,104.49395373617811,1993-06-07 13:28:45.038804+00:00,283.93,0.4862203443169786,0.1850554570486605,siberia_wildfire,siberia_wildfire__7b9d0178-7a9b-4f6d-84f2-e2ad5d35ae5d.zip,,283.93,282.87699999999995,0.0,0.2339888300000001,0.4862203443169786,0.1850554570486605,75.66876331528196,952688.5625,0.2102074366666668,0.22071985,24.664991484388224,85.13254467073659,17.57154381275177,1.0,1325.0,45.0,0.0,0.0,5.0,0.794007694787331,1.0,,,,7,7,7,7,1993-06-07 13:28:45.038804+00:00,223907.05994301688,223907.05994301688,uncertain,uncertain_review_required,insufficient_evidence,0.4,False,{},development,,,,0.0,,,,
frp:sentinel_frp_combined:siberia_wildfire__7b9d0178-7a9b-4f6d-84f2-e2ad5d35ae5d.zip:4239,frp:sentinel_frp_combined,4239,62.24504284284637,104.41358973638104,1993-06-07 13:28:45.339116+00:00,286.49,1.9899370924201465,0.2823334200951464,siberia_wildfire,siberia_wildfire__7b9d0178-7a9b-4f6d-84f2-e2ad5d35ae5d.zip,,286.49,282.87699999999995,0.0,0.3072637600000001,1.9899370924201465,0.2823334200951464,75.69019280386847,955589.6875,0.2102074366666668,0.2488595200000001,24.99744803518123,85.12070908967647,17.452248096466064,1.0,1330.0,45.0,0.0,0.0,5.0,0.7941920453240464,1.0,,,,23,23,23,23,1993-06-07 13:28:45.339116+00:00,227400.55607320453,227400.55607320453,uncertain,uncertain_review_required,insufficient_evidence,0.4,False,{},development,,,,0.0,,,,
frp:firms_viirs_snpp_nrt_india:firms_viirs_snpp_nrt_india.csv:215,frp:firms_viirs_snpp_nrt_india,215,4.52446,95.86417,2026-09-01 07:48:00+00:00,325.13,2.66,0.0,,firms_viirs_snpp_nrt_india.csv,,325.13,,,,2.66,0.0,,,,,,,,,,,,,,,,n,N,D,0,0,0,0,2026-09-01 07:48:00+00:00,154709.22522943222,154709.22522943222,uncertain,uncertain_review_required,insufficient_evidence,0.4,False,{},development,,,,0.0,,,,
frp:siberia_wildfire:siberia_wildfire__4fff0f3b-bc89-4baf-8c7b-4b33aad77faa.zip:257,frp:siberia_wildfire,257,58.88227985133653,77.26249980493094,1993-06-07 16:10:02.222736+00:00,312.44,49.89668709035831,7.025897248948711,siberia_wildfire,siberia_wildfire__4fff0f3b-bc89-4baf-8c7b-4b33aad77faa.zip,,312.44,290.2147368421052,0.0,2.710113635000003,49.89668709035831,7.025897248948711,94.4941251382576,943898.3125,0.2938174028000001,0.7497752799999999,18.050913717378695,91.93808285761692,23.5542950630188,1.0,770.0,635.0,10.0,0.0,7.0,0.7739737740064647,1.0,,,,4,4,4,4,1993-06-07 16:10:02.222736+00:00,24524.382657519804,24524.382657519804,uncertain,uncertain_review_required,insufficient_evidence,0.4,False,{},development,,,,0.0,,,,
frp:central_africa_wildfire:central_africa_wildfire__127ffed6-bb4b-43b2-a61c-acb9bc1d13e3.zip:544,frp:central_africa_wildfire,544,-7.928419979982664,23.56721194049851,1993-06-07 20:54:17.185164+00:00,288.07,2.7670302754597795,2.214739452714775,central_africa_wildfire,central_africa_wildfire__127ffed6-bb4b-43b2-a61c-acb9bc1d13e3.zip,,288.07,289.403125,0.0,0.3835692040000001,2.7670302754597795,2.214739452714775,153.68557003746335,1195001.125,0.2847338151818184,0.2669657529999999,42.66969014312302,153.65282572159367,22.03214430809021,1.0,380.0,958.0,0.0,0.0,5.0,0.7380059839913282,1.0,,,,4,4,4,4,1993-06-07 20:54:17.185164+00:00,797398.1728220958,797398.1728220958,uncertain,uncertain_review_required,insufficient_evidence,0.4,False,{},development,,,,0.0,,,,
frp:gulf_flaring:gulf_flaring__5c707fc0-3bc2-403e-a422-43b891010fe9.zip:1025,frp:gulf_flaring,1025,30.080860924053127,55.3915808601497,1993-09-07 17:57:52.934855+00:00,299.34000000000003,1.7137954799793182,0.2076392831960512,gulf_flaring,gulf_flaring__5c707fc0-3bc2-403e-a422-43b891010fe9.zip,,299.34000000000003,291.0475,0.0,0.4000246535000006,1.7137954799793182,0.2076392831960512,124.54016137424622,891517.75,0.3057892104375002,0.4394311780000006,6.675479376011856,130.9469424216038,11.7366681098938,1.0,1024.0,1004.0,0.0,0.0,5.0,0.8353238250475014,1.0,,,,1,1,1,1,1993-09-07 17:57:52.934855+00:00,21330.83497779549,21330.83497779549,uncertain,uncertain_review_required,insufficient_evidence,0.4,False,{},development,,,,0.0,,,,
frp:gulf_flaring:gulf_flaring__07554d1c-45ab-471f-bda9-f460f68ae9e0.zip:196,frp:gulf_flaring,196,24.78493293742406,45.62520688480743,1993-09-07 18:35:26.484871+00:00,306.16,3.252099383544839,0.4903150142851452,gulf_flaring,gulf_flaring__07554d1c-45ab-471f-bda9-f460f68ae9e0.zip,,306.16,298.8843749999999,0.0,0.6066822299999999,3.252099383544839,0.4903150142851452,122.05911129868804,872740.9375,0.4321425918750002,0.5847329600000005,13.468352535426552,134.06398673953066,18.74148201942444,1.0,1157.0,436.0,0.0,0.0,5.0,0.7981512541000815,1.0,,,,1,1,1,1,1993-09-07 18:35:26.484871+00:00,20251.968106208675,20251.968106208675,uncertain,uncertain_review_required,insufficient_evidence,0.4,False,{},development,,,,0.0,,,,
frp:sentinel_frp_combined:central_africa_wildfire__127ffed6-bb4b-43b2-a61c-acb9bc1d13e3.zip:811,frp:sentinel_frp_combined,811,-8.273034979112595,21.640280945363543,1993-06-07 20:54:00.400009+00:00,290.70000000000005,3.573827732621398,7.1252795591213,central_africa_wildfire,central_africa_wildfire__127ffed6-bb4b-43b2-a61c-acb9bc1d13e3.zip,,290.70000000000005,288.71540404040405,0.0,0.4290457954000005,3.573827732621398,7.1252795591213,158.44841403269825,1037253.5,0.2903310772727275,0.3009498000000006,29.722355338118533,152.25099339309278,24.516233682632446,1.0,596.0,970.0,4.0,0.0,5.0,0.7555888697478548,1.0,,,,19,19,19,19,1993-06-07 20:54:00.400009+00:00,934338.5014288633,934338.5014288633,uncertain,uncertain_review_required,insufficient_evidence,0.4,False,{},development,,,,0.0,,,,
frp:firms_viirs_snpp_nrt_india:firms_viirs_snpp_nrt_india.csv:326,frp:firms_viirs_snpp_nrt_india,326,8.49946,80.82017,2026-09-01 07:50:00+00:00,339.21,16.97,0.0,,firms_viirs_snpp_nrt_india.csv,,339.21,,,,16.97,0.0,,,,,,,,,,,,,,,,n,N,D,8,8,8,8,2026-09-01 07:50:00+00:00,195869.8968551281,195869.8968551281,uncertain,uncertain_review_required,insufficient_evidence,0.4,False,{},development,,,,0.0,,,,
frp:sentinel_frp_combined:siberia_wildfire__557fbf27-71ca-4b9d-8f46-75fa42ea7c15.zip:4116,frp:sentinel_frp_combined,4116,58.54366385219146,79.94584479815614,1993-06-07 15:08:56.470785+00:00,293.42,1.2207785650983474,0.5846348359421546,siberia_wildfire,siberia_wildfire__557fbf27-71ca-4b9d-8f46-75fa42ea7c15.zip,,293.42,291.96400000000006,0.0,0.3694961400000006,1.2207785650983474,0.5846348359421546,79.78898013148527,1070395.375,0.3200035000000002,0.3406438800000002,34.233224872277496,87.85506861791214,26.36328411102295,1.0,1474.0,860.0,0.0,0.0,5.0,0.7394648576898659,1.0,,,,6,6,6,6,1993-06-07 15:08:56.470785+00:00,25010.180378880963,25010.180378880963,uncertain,uncertain_review_required,insufficient_evidence,0.4,False,{},development,,,,0.0,,,,
frp:sentinel_frp_combined:siberia_wildfire__7b9d0178-7a9b-4f6d-84f2-e2ad5d35ae5d.zip:4140,frp:sentinel_frp_combined,4140,61.70392584421256,103.92597173761214,1993-06-07 13:28:42.042860+00:00,285.40000000000003,0.8057173402510693,0.389042451851483,siberia_wildfire,siberia_wildfire__7b9d0178-7a9b-4f6d-84f2-e2ad5d35ae5d.zip,,285.40000000000003,283.1703541666667,0.0,0.2509381600000002,0.8057173402510693,0.389042451851483,76.30524950412489,990401.625,0.2146534330769232,0.2365416000000003,28.282470826358548,85.31390859912396,17.550906896591187,1.0,1380.0,3.0,0.0,0.0,5.0,0.7895086957175721,1.0,,,,5,5,5,5,1993-06-07 13:28:42.042860+00:00,243857.58181048985,243857.58181048985,uncertain,uncertain_review_required,insufficient_evidence,0.4,False,{},development,,,,0.0,,,,
frp:firms_viirs_noaa20_nrt_india:firms_viirs_noaa20_nrt_india.csv:37,frp:firms_viirs_noaa20_nrt_india,37,8.00937,80.60907,2026-08-31 08:28:00+00:00,350.18,9.07,0.0,,firms_viirs_noaa20_nrt_india.csv,,350.18,,,,9.07,0.0,,,,,,,,,,,,,,,,n,N20,D,1,1,1,1,2026-08-31 08:28:00+00:00,137098.08636725292,137098.08636725292,uncertain,uncertain_review_required,insufficient_evidence,0.4,False,{},development,emergency_or_transient_fire,wildfire_or_agricultural_burn,day_fire_far_from_flare,0.65,conf=n+D+flare137098m+p90=1+frp=9.1,,,
frp:sentinel_frp_combined:central_africa_wildfire__127ffed6-bb4b-43b2-a61c-acb9bc1d13e3.zip:937,frp:sentinel_frp_combined,937,-7.76287298040063,16.21044895907255,1993-06-07 20:54:17.244367+00:00,287.58000000000004,2.5195461142084072,0.4014521587419012,central_africa_wildfire,central_africa_wildfire__127ffed6-bb4b-43b2-a61c-acb9bc1d13e3.zip,,287.58000000000004,273.3677777777778,0.0,0.2458029668000003,2.5195461142084072,0.4014521587419012,134.11034497109333,925134.0625,0.122640544,0.2610571160000005,14.180938196418346,147.47977043208516,25.076223969459534,1.0,1167.0,1157.0,0.0,0.0,5.0,0.7706020749301954,1.0,,,,48,48,48,48,1993-06-07 20:54:17.244367+00:00,425938.69758451614,425938.69758451614,uncertain,uncertain_review_required,insufficient_evidence,0.4,False,{},development,,,,0.0,,,,
frp:siberia_wildfire:siberia_wildfire__4fff0f3b-bc89-4baf-8c7b-4b33aad77faa.zip:791,frp:siberia_wildfire,791,60.5982228470042,77.49668880433967,1993-06-07 16:10:32.216862+00:00,291.38,0.9424269425617604,1.4575565649107525,siberia_wildfire,siberia_wildfire__4fff0f3b-bc89-4baf-8c7b-4b33aad77faa.zip,,291.38,290.73468750000006,0.0,0.3451384842000006,0.9424269425617604,1.4575565649107525,96.15157371429882,971416.4375,0.3033424460000002,0.3103080299999999,22.21414973990269,90.62960173160758,25.951313257217407,1.0,708.0,817.0,0.0,0.0,5.0,0.7599553274361823,1.0,,,,20,20,20,20,1993-06-07 16:10:32.216862+00:00,24319.798621217004,24319.798621217004,uncertain,uncertain_review_required,insufficient_evidence,0.4,False,{},development,,,,0.0,,,,
frp:central_africa_wildfire:central_africa_wildfire__127ffed6-bb4b-43b2-a61c-acb9bc1d13e3.zip:290,frp:central_africa_wildfire,290,-14.983501962170294,25.88188993465451,1993-06-07 20:52:20.486044+00:00,291.05,9.29630454928778,1.3863461309211518,central_africa_wildfire,central_africa_wildfire__127ffed6-bb4b-43b2-a61c-acb9bc1d13e3.zip,,291.05,285.88416666666666,0.0,0.5588687740000006,9.29630454928778,1.3863461309211518,152.43952333906228,1237006.5,0.2251418762000003,0.3056901750000001,45.659665796817,158.78927927017264,16.62571692466736,1.0,323.0,141.0,0.0,0.0,5.0,0.7566977466190568,1.0,,,,3,3,3,3,1993-06-07 20:52:20.486044+00:00,371411.6732629174,371411.6732629174,uncertain,uncertain_review_required,insufficient_evidence,0.4,False,{},development,,,,0.0,,,,
frp:siberia_wildfire:siberia_wildfire__4fff0f3b-bc89-4baf-8c7b-4b33aad77faa.zip:655,frp:siberia_wildfire,655,58.50676085228463,78.6843138013412,1993-06-07 16:09:56.217682+00:00,298.45000000000005,1.9387433276040549,0.4831531444665964,siberia_wildfire,siberia_wildfire__4fff0f3b-bc89-4baf-8c7b-4b33aad77faa.zip,,298.45000000000005,291.3713514610336,0.0,0.4223334663000004,1.9387433276040549,0.4831531444665964,98.27447424905448,974608.8125,0.3274664605000002,0.4230591300000008,22.69185165153235,92.6377524628891,23.14732551574707,1.0,701.0,574.0,18.0,0.0,11.0,0.7711142329005228,1.0,,,,39,39,39,39,1993-06-07 16:09:56.217682+00:00,22844.552485625172,22844.552485625172,uncertain,uncertain_review_required,insufficient_evidence,0.4,False,{},development,,,,0.0,,,,
frp:sentinel_frp_combined:siberia_wildfire__7b9d0178-7a9b-4f6d-84f2-e2ad5d35ae5d.zip:4126,frp:sentinel_frp_combined,4126,62.24506984284631,104.94161473504788,1993-06-07 13:28:42.037477+00:00,289.28000000000003,2.5237604765337784,0.3868621553560662,siberia_wildfire,siberia_wildfire__7b9d0178-7a9b-4f6d-84f2-e2ad5d35ae5d.zip,,289.28000000000003,283.733125,0.0,0.3453292200000002,2.5237604765337784,0.3868621553560662,75.71865934914906,940480.0625,0.2200117700000001,0.2828839600000004,23.33052781525093,85.29331426804502,17.51613759994507,1.0,1305.0,33.0,0.0,0.0,5.0,0.7957609035182326,1.0,,,,31,31,31,31,1993-06-07 13:28:42.037477+00:00,201358.981191018,201358.981191018,uncertain,uncertain_review_required,insufficient_evidence,0.4,False,{},development,,,,0.0,,,,
frp:sentinel_frp_combined:siberia_wildfire__4fff0f3b-bc89-4baf-8c7b-4b33aad77faa.zip:3925,frp:sentinel_frp_combined,3925,58.519063852253566,77.45307780444978,1993-06-07 16:09:55.922969+00:00,299.45000000000005,7.921107421152691,2.95620611935564,siberia_wildfire,siberia_wildfire__4fff0f3b-bc89-4baf-8c7b-4b33aad77faa.zip,,299.45000000000005,294.482802154643,0.0,0.7383240630000003,7.921107421152691,2.95620611935564,94.8134067314513,943898.3125,0.3284096467777782,0.4414999150000008,18.05189611131818,92.28116182621434,23.26456880569458,1.0,770.0,593.0,0.0,0.0,5.0,0.7751957753633897,1.0,,,,9,9,9,9,1993-06-07 16:09:55.922969+00:00,34823.010242402015,34823.010242402015,uncertain,uncertain_review_required,insufficient_evidence,0.4,False,{},development,,,,0.0,,,,
frp:sentinel_frp_combined:gulf_flaring__5e582e3c-6d99-4d34-8298-72ea8ec7e6f3.zip:3006,frp:sentinel_frp_combined,3006,30.162707923846483,47.39123388034864,1993-09-06 18:24:12.404805+00:00,304.76,2.059408530253551,2.910168510973591,gulf_flaring,gulf_flaring__5e582e3c-6d99-4d34-8298-72ea8ec7e6f3.zip,,304.76,304.974375,0.0,0.6620745238000005,2.059408530253551,2.910168510973591,117.8535489055342,921910.8125,0.5560646251250004,0.5511634599999997,13.595856573892938,129.62350835033612,16.46034812927246,1.0,1158.0,1046.0,0.0,0.0,5.0,0.8086533892410798,1.0,,,,7,7,7,7,1993-09-06 18:24:12.404805+00:00,2283.479223115808,2283.479223115808,uncertain,uncertain_review_required,insufficient_evidence,0.4,False,{},development,,,,0.0,,,,
frp:sentinel_frp_combined:siberia_wildfire__e868eda1-2872-460a-9018-a302eff3e322.zip:4587,frp:sentinel_frp_combined,4587,66.97811783089651,76.53755480676125,1993-06-07 15:10:56.745112+00:00,283.19,3.0421625397862866,7.546201744636867,siberia_wildfire,siberia_wildfire__e868eda1-2872-460a-9018-a302eff3e322.zip,,283.19,282.9024999999999,1.0,0.3773115,3.0421625397862866,7.546201744636867,71.85697690980435,885624.0625,0.2103295443750001,0.2131385499999999,16.100299001074468,81.2636869870152,12.262650966644289,1.0,1198.0,568.0,0.0,0.0,5.0,0.8283352190888982,1.0,,,,2,2,2,2,1993-06-07 15:10:56.745112+00:00,11566.080604255034,11566.080604255034,uncertain,uncertain_review_required,insufficient_evidence,0.4,False,{},development,,,,0.0,,,,
frp:siberia_wildfire:siberia_wildfire__4fff0f3b-bc89-4baf-8c7b-4b33aad77faa.zip:130,frp:siberia_wildfire,130,58.51548285226261,78.87494480085991,1993-06-07 16:09:56.516849+00:00,304.15000000000003,10.799025450103832,1.161521568221644,siberia_wildfire,siberia_wildfire__4fff0f3b-bc89-4baf-8c7b-4b33aad77faa.zip,,304.15000000000003,288.3130769230769,0.0,0.7716783632000004,10.799025450103832,1.161521568221644,98.84121892887448,980164.0625,0.2780142674651165,0.5374805500000007,23.42693607089662,92.69480461209837,23.53135347366333,1.0,690.0,572.0,8.0,0.0,7.0,0.7686264421791966,1.0,,,,43,43,43,43,1993-06-07 16:09:56.516849+00:00,30623.739947014466,30623.739947014466,uncertain,uncertain_review_required,insufficient_evidence,0.4,False,{},development,,,,0.0,,,,
frp:firms_viirs_noaa20_nrt_india:firms_viirs_noaa20_nrt_india.csv:853,frp:firms_viirs_noaa20_nrt_india,853,6.85859,81.46371,2026-09-02 07:50:00+00:00,335.43,4.51,0.0,,firms_viirs_noaa20_nrt_india.csv,,335.43,,,,4.51,0.0,,,,,,,,,,,,,,,,l,N20,D,6,6,6,6,2026-09-02 07:50:00+00:00,166761.7465013264,166761.7465013264,uncertain,uncertain_review_required,insufficient_evidence,0.4,False,{},development,,,,0.0,,,,
frp:china_industrial:china_industrial__0d7ba0c0-c144-44dc-bad0-007997140ad8.zip:37,frp:china_industrial,37,21.26852594630213,105.33005873406717,1993-09-07 14:33:43.184476+00:00,296.71000000000004,2.538269351829704,0.7602594713769034,china_industrial,china_industrial__0d7ba0c0-c144-44dc-bad0-007997140ad8.zip,,296.71000000000004,286.66408333333334,0.0,0.3556591660000007,2.538269351829704,0.7602594713769034,116.50827831490984,988824.0,0.2598123738750001,0.3925088830000006,23.92409559475258,135.4858605944833,64.22419786453247,1.0,1311.0,74.0,0.0,0.0,7.0,0.631290926268539,1.0,,,,43,43,43,43,1993-09-07 14:33:43.184476+00:00,217471.47612113127,217471.47612113127,uncertain,uncertain_review_required,insufficient_evidence,0.4,False,{},development,,,,0.0,,,,
frp:firms_viirs_noaa20_nrt_india:firms_viirs_noaa20_nrt_india.csv:475,frp:firms_viirs_noaa20_nrt_india,475,8.30779,81.02135,2026-09-01 08:07:00+00:00,345.12,15.76,0.0,,firms_viirs_noaa20_nrt_india.csv,,345.12,,,,15.76,0.0,,,,,,,,,,,,,,,,n,N20,D,3,3,3,3,2026-09-01 08:07:00+00:00,190364.05754671825,190364.05754671825,uncertain,uncertain_review_required,insufficient_evidence,0.4,False,{},development,,,,0.0,,,,
frp:firms_viirs_noaa20_nrt_india:firms_viirs_noaa20_nrt_india.csv:126,frp:firms_viirs_noaa20_nrt_india,126,8.62401,80.50606,2026-08-31 08:28:00+00:00,331.19,4.22,0.0,,firms_viirs_noaa20_nrt_india.csv,,331.19,,,,4.22,0.0,,,,,,,,,,,,,,,,l,N20,D,2,2,2,2,2026-08-31 08:28:00+00:00,194700.6869302191,194700.6869302191,uncertain,uncertain_review_required,insufficient_evidence,0.4,False,{},development,,,,0.0,,,,
frp:gulf_flaring:gulf_flaring__5354c465-ecde-4b9a-8a42-b93f56560577.zip:900,frp:gulf_flaring,900,40.61427689745881,49.60337887476351,1993-09-07 18:01:06.144711+00:00,286.39000000000004,3.2003493033819286,1.43997149913473,gulf_flaring,gulf_flaring__5354c465-ecde-4b9a-8a42-b93f56560577.zip,,286.39000000000004,278.98500000000007,0.0,0.3132466478000004,3.2003493033819286,1.43997149913473,107.41620008758808,951497.375,0.1754468362500001,0.2470709640000005,18.656778591750005,120.88138949072876,41.93963050842285,1.0,1234.0,1060.0,0.0,4.0,5.0,0.698117341881422,1.0,,,,0,0,0,0,1993-09-07 18:01:06.144711+00:00,34783.46066663956,34783.46066663956,uncertain,uncertain_review_required,insufficient_evidence,0.4,False,{},development,,,,0.0,,,,
frp:sentinel_frp_combined:central_africa_wildfire__127ffed6-bb4b-43b2-a61c-acb9bc1d13e3.zip:537,frp:sentinel_frp_combined,537,-16.947614957211385,18.40453295353302,1993-06-07 20:51:40.648714+00:00,285.49,3.0672558441343054,7.452554501292621,central_africa_wildfire,central_africa_wildfire__127ffed6-bb4b-43b2-a61c-acb9bc1d13e3.zip,,285.49,285.0877083333334,0.0,0.3947016220000005,3.0672558441343054,7.452554501292621,139.50681235731858,921017.625,0.2345704713125001,0.2369247060000001,13.172521494886034,152.62863584028636,12.379926204681396,1.0,1152.0,116.0,0.0,0.0,5.0,0.8293972823670186,1.0,,,,13,13,13,13,1993-06-07 20:51:40.648714+00:00,1186028.4456715013,1186028.4456715013,uncertain,uncertain_review_required,insufficient_evidence,0.4,False,{},development,,,,0.0,,,,
frp:sentinel_frp_combined:siberia_wildfire__4fff0f3b-bc89-4baf-8c7b-4b33aad77faa.zip:3512,frp:sentinel_frp_combined,3512,52.62290386713994,71.60306581921964,1993-06-07 16:08:44.569061+00:00,292.74,2.300931799632192,16.768304728901068,siberia_wildfire,siberia_wildfire__4fff0f3b-bc89-4baf-8c7b-4b33aad77faa.zip,,292.74,293.0519791666667,0.0,0.4394311914000006,2.300931799632192,16.768304728901068,84.3792489852195,994226.6875,0.3301551742500004,0.3297392340000001,24.57827773489912,94.6875538261002,21.94864177703857,1.0,1323.0,85.0,0.0,0.0,5.0,0.774070004771657,1.0,,,,35,35,35,35,1993-06-07 16:08:44.569061+00:00,295204.0174895256,295204.0174895256,uncertain,uncertain_review_required,insufficient_evidence,0.4,False,{},development,,,,0.0,,,,
frp:siberia_wildfire:siberia_wildfire__7b9d0178-7a9b-4f6d-84f2-e2ad5d35ae5d.zip:1108,frp:siberia_wildfire,1108,65.15220583550649,114.95565770976486,1993-06-07 13:28:57.891284+00:00,279.12,0.8250105165135561,1.985266062254908,siberia_wildfire,siberia_wildfire__7b9d0178-7a9b-4f6d-84f2-e2ad5d35ae5d.zip,,279.12,278.948125,0.0,0.2169292,0.8250105165135561,1.985266062254908,91.47309969761244,920194.6875,0.1728059792307694,0.1751954,20.910958044445916,86.22282459199295,9.750577211380005,1.0,727.0,152.0,0.0,0.0,5.0,0.8386042010235728,1.0,,,,13,13,13,13,1993-06-07 13:28:57.891284+00:00,267411.84069659276,267411.84069659276,uncertain,uncertain_review_required,insufficient_evidence,0.4,False,{},development,,,,0.0,,,,
frp:sentinel_frp_combined:china_industrial__0d7ba0c0-c144-44dc-bad0-007997140ad8.zip:1111,frp:sentinel_frp_combined,1111,21.28024394627255,105.34877573401992,1993-09-07 14:33:43.184313+00:00,296.49,3.071534037714552,0.943483909561398,china_industrial,china_industrial__0d7ba0c0-c144-44dc-bad0-007997140ad8.zip,,296.49,286.66408333333334,0.0,0.3758183599000006,3.071534037714552,0.943483909561398,116.59891831234822,987623.375,0.2598123738750001,0.3887980770000001,23.78977637903398,135.49509944529882,64.35130834579468,1.0,1309.0,75.0,0.0,0.0,7.0,0.6315091787150271,1.0,,,,26,26,26,26,1993-09-07 14:33:43.184313+00:00,218350.68269649858,218350.68269649858,uncertain,uncertain_review_required,insufficient_evidence,0.4,False,{},development,,,,0.0,,,,
frp:siberia_wildfire:siberia_wildfire__4fff0f3b-bc89-4baf-8c7b-4b33aad77faa.zip:507,frp:siberia_wildfire,507,56.152698858228064,74.19344181267957,1993-06-07 16:09:22.345262+00:00,292.78000000000003,1.7529309518663303,0.7336815612974961,siberia_wildfire,siberia_wildfire__4fff0f3b-bc89-4baf-8c7b-4b33aad77faa.zip,,292.78000000000003,290.7375,0.0,0.3925088730000006,1.7529309518663303,0.7336815612974961,86.1096473686021,892456.5,0.3016231490000002,0.3303205980000004,6.913025843560318,93.01165606612368,21.65736484527588,1.0,1034.0,398.0,0.0,0.0,5.0,0.7884742397475466,1.0,,,,3,3,3,3,1993-06-07 16:09:22.345262+00:00,131651.80938547567,131651.80938547567,uncertain,uncertain_review_required,insufficient_evidence,0.4,False,{},development,,,,0.0,,,,
frp:sentinel_frp_combined:gulf_flaring__5c707fc0-3bc2-403e-a422-43b891010fe9.zip:2670,frp:sentinel_frp_combined,2670,30.238116923656094,56.87234185641114,1993-09-07 17:57:51.723278+00:00,291.95000000000005,1.1993887869833642,1.605270971536107,gulf_flaring,gulf_flaring__5c707fc0-3bc2-403e-a422-43b891010fe9.zip,,291.95000000000005,290.55687500000005,0.0,0.3639620824000003,1.1993887869833642,1.605270971536107,131.361145065858,907678.625,0.2997789579375002,0.3182843250000006,10.876816962356692,131.77663975217587,12.916103959083555,1.0,881.0,989.0,0.0,0.0,5.0,0.827680206373084,1.0,,,,4,4,4,4,1993-09-07 17:57:51.723278+00:00,163574.7195719896,163574.7195719896,uncertain,uncertain_review_required,insufficient_evidence,0.4,False,{},development,,,,0.0,,,,
frp:gulf_flaring:gulf_flaring__5c707fc0-3bc2-403e-a422-43b891010fe9.zip:940,frp:gulf_flaring,940,21.31413894618697,57.73888485422333,1993-09-07 17:55:23.839477+00:00,304.0,2.415175898841833,0.2614655931912758,gulf_flaring,gulf_flaring__5c707fc0-3bc2-403e-a422-43b891010fe9.zip,,304.0,296.862,0.0,0.51245074,2.415175898841833,0.2614655931912758,131.79219170500397,891237.9375,0.395112473266667,0.5341159,6.534920807630671,137.67885165641945,34.30143737792969,1.0,1017.0,9.0,0.0,0.0,5.0,0.7378263444964586,1.0,,,,4,4,4,4,1993-09-07 17:55:23.839477+00:00,4565.210771001652,4565.210771001652,uncertain,uncertain_review_required,insufficient_evidence,0.4,False,{},development,,,,0.0,,,,
frp:firms_viirs_noaa20_nrt_india:firms_viirs_noaa20_nrt_india.csv:320,frp:firms_viirs_noaa20_nrt_india,320,29.66644,90.99794,2026-09-01 06:33:00+00:00,333.86,8.21,0.0,,firms_viirs_noaa20_nrt_india.csv,,333.86,,,,8.21,0.0,,,,,,,,,,,,,,,,n,N20,D,1,1,1,1,2026-09-01 06:33:00+00:00,352540.07431790425,352540.07431790425,uncertain,uncertain_review_required,insufficient_evidence,0.4,False,{},development,emergency_or_transient_fire,wildfire_or_agricultural_burn,day_fire_far_from_flare,0.65,conf=n+D+flare352540m+p90=1+frp=8.2,,,
frp:sentinel_frp_combined:siberia_wildfire__4fff0f3b-bc89-4baf-8c7b-4b33aad77faa.zip:3873,frp:sentinel_frp_combined,3873,58.51812285225594,77.90834880330033,1993-06-07 16:09:55.920994+00:00,300.57,3.74309288160464,0.4680949347865289,siberia_wildfire,siberia_wildfire__4fff0f3b-bc89-4baf-8c7b-4b33aad77faa.zip,,300.57,290.5662469040742,0.0,0.4786053776000002,3.74309288160464,0.4680949347865289,96.04702897775375,954512.125,0.2837197354117649,0.4629536409999999,19.735791436055894,92.40813276223334,23.082821011543277,1.0,745.0,586.0,0.0,0.0,7.0,0.7744448922527689,1.0,,,,47,47,47,47,1993-06-07 16:09:55.920994+00:00,9023.873672380974,9023.873672380974,uncertain,uncertain_review_required,insufficient_evidence,0.4,False,{},development,,,,0.0,,,,
frp:sentinel_frp_combined:central_africa_wildfire__0beec313-bad6-4801-9725-7642c0f06960.zip:285,frp:sentinel_frp_combined,285,-1.0440849973639388,13.707227965392576,1993-06-07 21:35:32.207039+00:00,291.40000000000003,5.59106280533843,1.2679470378372402,central_africa_wildfire,central_africa_wildfire__0beec313-bad6-4801-9725-7642c0f06960.zip,,291.40000000000003,279.7409356725145,0.0,0.3186167200000002,5.59106280533843,1.2679470378372402,146.91214652121457,1415727.0,0.1830233000000001,0.3113284000000005,51.32385921655285,149.27207073845074,45.62271881103516,1.0,212.0,501.0,0.0,0.0,7.0,0.5916615106484129,1.0,,,,36,36,36,36,1993-06-07 21:35:32.207039+00:00,384804.00005190604,384804.00005190604,uncertain,uncertain_review_required,insufficient_evidence,0.4,False,{},development,,,,0.0,,,,
frp:sentinel_frp_combined:china_industrial__0d7ba0c0-c144-44dc-bad0-007997140ad8.zip:1334,frp:sentinel_frp_combined,1334,22.40088994344319,104.87092873522636,1993-09-07 14:34:04.184874+00:00,295.63,4.393690386482069,3.4746506998497786,china_industrial,china_industrial__0d7ba0c0-c144-44dc-bad0-007997140ad8.zip,,295.63,292.8421739130435,0.0,0.4984342462000009,4.393690386482069,3.4746506998497786,115.2513624380132,997403.875,0.4261656467300002,0.3745177509999999,24.925724671123373,134.58117155854168,54.52984809875488,1.0,1326.0,207.0,0.0,0.0,9.0,0.6455493414169091,1.0,,,,31,31,31,31,1993-09-07 14:34:04.184874+00:00,351101.28636920505,351101.28636920505,uncertain,uncertain_review_required,insufficient_evidence,0.4,False,{},development,,,,0.0,,,,
frp:central_africa_wildfire:central_africa_wildfire__127ffed6-bb4b-43b2-a61c-acb9bc1d13e3.zip:543,frp:central_africa_wildfire,543,-7.933711979969303,23.58146994046251,1993-06-07 20:54:16.885097+00:00,288.83000000000004,3.820278039128561,7.24401337508469,central_africa_wildfire,central_africa_wildfire__127ffed6-bb4b-43b2-a61c-acb9bc1d13e3.zip,,288.83000000000004,289.403125,0.0,0.4216078091,3.820278039128561,7.24401337508469,153.65441151256206,1196073.75,0.2847338151818184,0.2764413570000005,42.72497396569693,153.66777149144318,22.00907301902771,1.0,379.0,957.0,0.0,0.0,5.0,0.7379531863637553,1.0,,,,2,2,2,2,1993-06-07 20:54:16.885097+00:00,795883.2001623296,795883.2001623296,uncertain,uncertain_review_required,insufficient_evidence,0.4,False,{},development,,,,0.0,,,,
frp:sentinel_frp_combined:central_africa_wildfire__0beec313-bad6-4801-9725-7642c0f06960.zip:291,frp:sentinel_frp_combined,291,-1.0306489973978614,13.69695596541851,1993-06-07 21:35:32.207039+00:00,291.40000000000003,5.852801906580135,1.3273178590907102,central_africa_wildfire,central_africa_wildfire__0beec313-bad6-4801-9725-7642c0f06960.zip,,291.40000000000003,279.7409356725145,0.0,0.3249788800000002,5.852801906580135,1.3273178590907102,146.9110867462927,1415727.0,0.1830233000000001,0.3113284000000005,51.32390972735435,149.26474319605498,45.684213638305664,1.0,212.0,502.0,0.0,0.0,7.0,0.5914256782974459,1.0,,,,35,35,35,35,1993-06-07 21:35:32.207039+00:00,383685.46434460714,383685.46434460714,uncertain,uncertain_review_required,insufficient_evidence,0.4,False,{},development,,,,0.0,,,,
frp:gulf_flaring:gulf_flaring__5354c465-ecde-4b9a-8a42-b93f56560577.zip:812,frp:gulf_flaring,812,36.57515090765662,48.78408587683202,1993-09-07 18:00:16.360836+00:00,288.37,0.8312707892014666,0.4327143549474316,gulf_flaring,gulf_flaring__5354c465-ecde-4b9a-8a42-b93f56560577.zip,,288.37,289.40500000000003,0.0,0.3227628185999999,0.8312707892014666,0.4327143549474316,103.95495277507256,1065300.75,0.2852864982500002,0.2707061230000001,31.63675175680605,122.90838758091816,11.215577125549316,1.0,1430.0,654.0,0.0,0.0,5.0,0.8183823345148006,1.0,,,,15,15,15,15,1993-09-07 18:00:16.360836+00:00,219932.1905188432,219932.1905188432,uncertain,uncertain_review_required,insufficient_evidence,0.4,False,{},development,,,,0.0,,,,
frp:firms_viirs_snpp_nrt_india:firms_viirs_snpp_nrt_india.csv:352,frp:firms_viirs_snpp_nrt_india,352,8.62578,80.64729,2026-09-01 07:50:00+00:00,337.07,9.51,0.0,,firms_viirs_snpp_nrt_india.csv,,337.07,,,,9.51,0.0,,,,,,,,,,,,,,,,n,N,D,3,3,3,3,2026-09-01 07:50:00+00:00,200268.0394664329,200268.0394664329,uncertain,uncertain_review_required,insufficient_evidence,0.4,False,{},development,,,,0.0,,,,
frp:siberia_wildfire:siberia_wildfire__557fbf27-71ca-4b9d-8f46-75fa42ea7c15.zip:836,frp:siberia_wildfire,836,58.80316485153628,88.79495877581428,1993-06-07 15:08:12.036233+00:00,312.27000000000004,15.619690520929298,1.7518750568683843,siberia_wildfire,siberia_wildfire__557fbf27-71ca-4b9d-8f46-75fa42ea7c15.zip,,312.27000000000004,289.0465277777777,0.0,1.0999864000000017,15.619690520929298,1.7518750568683843,85.24407526750137,844679.625,0.281375731408451,0.7460933800000011,6.246275720733378,90.73506146177508,27.27826857566833,1.0,988.0,693.0,248.0,0.0,19.0,0.7660422225417769,1.0,,,,3,3,3,3,1993-06-07 15:08:12.036233+00:00,280254.6527214223,280254.6527214223,uncertain,uncertain_review_required,insufficient_evidence,0.4,False,{},development,,,,0.0,,,,
frp:firms_viirs_snpp_nrt_india:firms_viirs_snpp_nrt_india.csv:425,frp:firms_viirs_snpp_nrt_india,425,10.86091,79.81236,2026-09-01 07:50:00+00:00,332.03,0.93,0.0,,firms_viirs_snpp_nrt_india.csv,,332.03,,,,0.93,0.0,,,,,,,,,,,,,,,,n,N,D,0,0,0,0,2026-09-01 07:50:00+00:00,4532.655498658884,4532.655498658884,uncertain,uncertain_review_required,insufficient_evidence,0.4,False,{},development,,,,0.0,,,,
frp:gulf_flaring:gulf_flaring__07554d1c-45ab-471f-bda9-f460f68ae9e0.zip:247,frp:gulf_flaring,247,30.72389892242961,49.55185887489358,1993-09-07 18:36:58.539527+00:00,309.35,1.7650395623016948,0.1929942049012201,gulf_flaring,gulf_flaring__07554d1c-45ab-471f-bda9-f460f68ae9e0.zip,,309.35,300.84375000000006,0.0,0.5416901100000004,1.7650395623016948,0.1929942049012201,141.7072111988367,981725.0,0.4663017909090913,0.6648880000000006,27.21099687832697,132.9988848811958,28.35317826271057,1.0,635.0,991.0,0.0,0.0,5.0,0.743804915514384,1.0,,,,7,7,7,7,1993-09-07 18:36:58.539527+00:00,2074.568179270759,2074.568179270759,uncertain,uncertain_review_required,insufficient_evidence,0.4,False,{},development,,,,0.0,,,,
frp:firms_viirs_noaa20_nrt_india:firms_viirs_noaa20_nrt_india.csv:685,frp:firms_viirs_noaa20_nrt_india,685,13.15988,79.22352,2026-09-01 08:09:00+00:00,338.59,4.52,0.0,,firms_viirs_noaa20_nrt_india.csv,,338.59,,,,4.52,0.0,,,,,,,,,,,,,,,,n,N20,D,0,0,0,0,2026-09-01 08:09:00+00:00,114861.19419292285,114861.19419292285,uncertain,uncertain_review_required,insufficient_evidence,0.4,False,{},development,emergency_or_transient_fire,wildfire_or_agricultural_burn,day_fire_far_from_flare,0.65,conf=n+D+flare114861m+p90=0+frp=4.5,,,
frp:firms_viirs_snpp_nrt_india:firms_viirs_snpp_nrt_india.csv:534,frp:firms_viirs_snpp_nrt_india,534,6.97389,81.591,2026-09-01 20:25:00+00:00,329.61,2.66,0.0,,firms_viirs_snpp_nrt_india.csv,,329.61,,,,2.66,0.0,,,,,,,,,,,,,,,,n,N,N,6,6,6,6,2026-09-01 20:25:00+00:00,180417.16970187268,180417.16970187268,uncertain,uncertain_review_required,insufficient_evidence,0.4,False,{},development,,,,0.0,,,,
frp:sentinel_frp_combined:gulf_flaring__5354c465-ecde-4b9a-8a42-b93f56560577.zip:2508,frp:sentinel_frp_combined,2508,38.70860490227017,56.82167285653907,1993-09-07 18:00:16.602893+00:00,288.87,4.934971615308005,1.0617786203405073,gulf_flaring,gulf_flaring__5354c465-ecde-4b9a-8a42-b93f56560577.zip,,288.87,279.146,0.0,0.3994998008,4.934971615308005,1.0617786203405073,132.74473421771492,984168.1875,0.1771747142222223,0.276940073,23.86746642797648,126.028240874287,26.57234025001526,1.0,685.0,707.0,0.0,0.0,7.0,0.755514361402981,1.0,,,,32,32,32,32,1993-09-07 18:00:16.602893+00:00,123951.07181546063,123951.07181546063,uncertain,uncertain_review_required,insufficient_evidence,0.4,False,{},development,,,,0.0,,,,
frp:sentinel_frp_combined:gulf_flaring__06ea85e3-0e01-4c85-b788-ed0287e7ac6d.zip:1803,frp:sentinel_frp_combined,1803,25.85350693472617,38.29096290332461,1993-09-06 19:01:58.542491+00:00,302.75,6.366328260199575,7.220595019928001,gulf_flaring,gulf_flaring__06ea85e3-0e01-4c85-b788-ed0287e7ac6d.zip,,302.75,298.9788235294118,0.0,0.7714987099999998,6.366328260199575,7.220595019928001,118.73810940637972,889189.625,0.4587404732653065,0.508247,16.689548778458363,132.5969390330474,20.467907905578613,1.0,1205.0,569.0,72.0,0.0,19.0,0.788186554909778,1.0,,,,4,4,4,4,1993-09-06 19:01:58.542491+00:00,165554.65526143194,165554.65526143194,uncertain,uncertain_review_required,insufficient_evidence,0.4,False,{},development,,,,0.0,,,,
frp:sentinel_frp_combined:gulf_flaring__5e582e3c-6d99-4d34-8298-72ea8ec7e6f3.zip:3056,frp:sentinel_frp_combined,3056,30.747337922370438,48.26003687815512,1993-09-06 18:24:16.896906+00:00,300.22,1.9436798074225643,7.990730226478463,gulf_flaring,gulf_flaring__5e582e3c-6d99-4d34-8298-72ea8ec7e6f3.zip,,300.22,300.06187500000004,0.0,0.5581722238,1.9436798074225643,7.990730226478463,121.9154719336303,896480.5625,0.4532198546875004,0.4561316860000005,7.94147733603563,129.83591695007803,13.67756414413452,1.0,1061.0,1088.0,0.0,0.0,5.0,0.824855722374613,1.0,,,,5,5,5,5,1993-09-06 18:24:16.896906+00:00,1965.9769468861628,1965.9769468861628,uncertain,uncertain_review_required,insufficient_evidence,0.4,False,{},development,,,,0.0,,,,
frp:siberia_wildfire:siberia_wildfire__4fff0f3b-bc89-4baf-8c7b-4b33aad77faa.zip:807,frp:siberia_wildfire,807,61.68969884424848,77.52023280428023,1993-06-07 16:10:51.713759+00:00,289.37,1.3613473315661695,0.9665599917050396,siberia_wildfire,siberia_wildfire__4fff0f3b-bc89-4baf-8c7b-4b33aad77faa.zip,,289.37,287.304375,0.0,0.3197106555000001,1.3613473315661695,0.9665599917050396,96.95210839666356,987708.1875,0.2590838175714286,0.283356322,24.343895089340386,89.78709172786645,27.919106483459476,1.0,676.0,935.0,0.0,0.0,5.0,0.7495389697992225,1.0,,,,3,3,3,3,1993-06-07 16:10:51.713759+00:00,7009.588133894481,7009.588133894481,uncertain,uncertain_review_required,insufficient_evidence,0.4,False,{},development,,,,0.0,,,,
frp:sentinel_frp_combined:central_africa_wildfire__127ffed6-bb4b-43b2-a61c-acb9bc1d13e3.zip:597,frp:sentinel_frp_combined,597,-14.70452996287463,19.07768495183348,1993-06-07 20:52:12.437645+00:00,282.37,1.3797477500665594,2.597017182356814,central_africa_wildfire,central_africa_wildfire__127ffed6-bb4b-43b2-a61c-acb9bc1d13e3.zip,,282.37,283.4008616071429,0.0,0.2917908610000005,1.3797477500665594,2.597017182356814,146.89556109361723,891770.9375,0.2089211742857144,0.20443873,6.767327240203189,152.62393990124332,12.451661586761476,1.0,1028.0,342.0,0.0,0.0,5.0,0.8315729172060722,1.0,,,,19,19,19,19,1993-06-07 20:52:12.437645+00:00,1053147.4126547356,1053147.4126547356,uncertain,uncertain_review_required,insufficient_evidence,0.4,False,{},development,,,,0.0,,,,
frp:amazon_basin:amazon_basin__abb5665d-9dc6-422b-ab36-0e683ba688a3.zip:176,frp:amazon_basin,176,-18.39251795356336,-55.491989859896194,1993-07-07 13:49:35.253177+00:00,316.04,8.474926709287228,2.5701902453800414,amazon_basin,amazon_basin__abb5665d-9dc6-422b-ab36-0e683ba688a3.zip,,316.04,302.97666666666663,1.0,0.8615807344000006,8.474926709287228,2.5701902453800414,41.20108785034546,1096731.25,0.5202067597250002,0.7045937840000004,34.38015097104538,50.03600400322881,27.17718243598938,1.0,1475.0,542.0,0.0,0.0,5.0,0.7357626458518097,1.0,,,,3,3,3,3,1993-07-07 13:49:35.253177+00:00,909126.3675260473,909126.3675260473,uncertain,uncertain_review_required,insufficient_evidence,0.4,False,{},development,,,,0.0,,,,
frp:sentinel_frp_combined:siberia_wildfire__7b9d0178-7a9b-4f6d-84f2-e2ad5d35ae5d.zip:4213,frp:sentinel_frp_combined,4213,62.21920284291161,104.68418473569784,1993-06-07 13:28:43.238400+00:00,285.54,0.9767077194349226,0.4613662808482057,siberia_wildfire,siberia_wildfire__7b9d0178-7a9b-4f6d-84f2-e2ad5d35ae5d.zip,,285.54,283.6578571428571,0.0,0.2752525200000001,0.9767077194349226,0.4613662808482057,75.71869183627128,948462.375,0.2255433866666669,0.2380954600000002,24.266339986836265,85.22056340649931,17.6217280626297,1.0,1319.0,36.0,0.0,0.0,5.0,0.794223870695188,1.0,,,,6,6,6,6,1993-06-07 13:28:43.238400+00:00,213148.18848119274,213148.18848119274,uncertain,uncertain_review_required,insufficient_evidence,0.4,False,{},development,,,,0.0,,,,
frp:china_industrial:china_industrial__7ec3e6ea-d3da-4f48-9cb5-4105fb7e4a8b.zip:337,frp:china_industrial,337,34.480377912945414,133.6821996624849,1993-09-07 12:56:07.039058+00:00,297.71000000000004,2.957428446137773,24.503633909485284,china_industrial,china_industrial__7ec3e6ea-d3da-4f48-9cb5-4105fb7e4a8b.zip,,297.71000000000004,297.4627083333333,0.0,0.5265330745000008,2.957428446137773,24.503633909485284,136.40810108555257,985357.375,0.3960242814285718,0.4098219210000006,24.02346027342361,129.5244564027737,42.57228899002075,1.0,683.0,227.0,0.0,0.0,5.0,0.6887014857702894,1.0,,,,25,25,25,25,1993-09-07 12:56:07.039058+00:00,178190.80400392658,178190.80400392658,uncertain,uncertain_review_required,insufficient_evidence,0.4,False,{},development,,,,0.0,,,,
frp:sentinel_frp_combined:central_africa_wildfire__127ffed6-bb4b-43b2-a61c-acb9bc1d13e3.zip:665,frp:sentinel_frp_combined,665,-8.98046297732651,22.68423394272781,1993-06-07 20:53:52.293822+00:00,290.08000000000004,2.11175391930053,3.7124148598306985,central_africa_wildfire,central_africa_wildfire__127ffed6-bb4b-43b2-a61c-acb9bc1d13e3.zip,,290.08000000000004,289.3914285714286,0.0,0.3712662067000001,2.11175391930053,3.7124148598306985,157.72072881514833,1103338.0,0.2863761543636365,0.2925990200000005,35.59865804310132,153.49540141552,22.01480865478516,1.0,502.0,868.0,0.0,0.0,5.0,0.7557734979609302,1.0,,,,46,46,46,46,1993-06-07 20:53:52.293822+00:00,795211.0938240774,795211.0938240774,uncertain,uncertain_review_required,insufficient_evidence,0.4,False,{},development,,,,0.0,,,,
frp:sentinel_frp_combined:gulf_flaring__249f7eaa-a006-4cd8-bf84-2e9a2f5a5565.zip:2290,frp:sentinel_frp_combined,2290,31.11561992144061,47.58860887985031,1993-09-06 07:10:17.099979+00:00,333.28000000000003,4.459376387326324,1.3907216914049685,gulf_flaring,gulf_flaring__249f7eaa-a006-4cd8-bf84-2e9a2f5a5565.zip,,333.28000000000003,328.6377966101696,1.0,1.6096035480000015,4.459376387326324,1.3907216914049685,32.57727082262568,890334.75,1.3705952552033909,0.7500689000000013,6.531413377016452,33.67195989722997,16.157039642333984,1.0,978.0,1056.0,3.0,0.0,19.0,0.8131333144035436,1.0,,,,3,3,3,3,1993-09-06 07:10:17.099979+00:00,5223.619877667226,5223.619877667226,uncertain,uncertain_review_required,insufficient_evidence,0.4,False,{},development,,,,0.0,,,,
frp:firms_viirs_snpp_nrt_india:firms_viirs_snpp_nrt_india.csv:81,frp:firms_viirs_snpp_nrt_india,81,8.57523,80.74078,2026-08-31 08:07:00+00:00,334.55,0.92,0.0,,firms_viirs_snpp_nrt_india.csv,,334.55,,,,0.92,0.0,,,,,,,,,,,,,,,,n,N,D,0,0,0,0,2026-08-31 08:07:00+00:00,199326.46530637427,199326.46530637427,uncertain,uncertain_review_required,insufficient_evidence,0.4,False,{},development,,,,0.0,,,,
frp:china_industrial:china_industrial__0d7ba0c0-c144-44dc-bad0-007997140ad8.zip:55,frp:china_industrial,55,21.290075946247725,105.31509773410494,1993-09-07 14:33:43.784541+00:00,297.03000000000003,3.267805572754689,0.9448332928537918,china_industrial,china_industrial__0d7ba0c0-c144-44dc-bad0-007997140ad8.zip,,297.03000000000003,286.66408333333334,0.0,0.3828945120000007,3.267805572754689,0.9448332928537918,116.4475153231036,989441.75,0.2598123738750001,0.3979252530000005,23.991201966720347,135.45939794378432,64.35951042175293,1.0,1312.0,77.0,0.0,0.0,7.0,0.6311813052713311,1.0,,,,56,56,56,56,1993-09-07 14:33:43.784541+00:00,220141.4434153891,220141.4434153891,uncertain,uncertain_review_required,insufficient_evidence,0.4,False,{},development,,,,0.0,,,,
frp:firms_viirs_noaa20_nrt_india:firms_viirs_noaa20_nrt_india.csv:826,frp:firms_viirs_noaa20_nrt_india,826,15.18178,76.66653,2026-09-01 20:44:00+00:00,330.83,5.15,0.0,,firms_viirs_noaa20_nrt_india.csv,,330.83,,,,5.15,0.0,,,,,,,,,,,,,,,,n,N20,N,6,6,6,6,2026-09-01 20:44:00+00:00,310954.2707658885,310954.2707658885,uncertain,uncertain_review_required,insufficient_evidence,0.4,False,{},development,,,,0.0,,,,
frp:sentinel_frp_combined:gulf_flaring__5e582e3c-6d99-4d34-8298-72ea8ec7e6f3.zip:3048,frp:sentinel_frp_combined,3048,30.51480392295753,47.59652087983034,1993-09-06 18:24:16.602369+00:00,302.07,1.7265238912100924,2.02564419266073,gulf_flaring,gulf_flaring__5e582e3c-6d99-4d34-8298-72ea8ec7e6f3.zip,,302.07,300.36008333333336,0.0,0.5493689976000002,1.7265238912100924,2.02564419266073,118.91458738567218,915087.3125,0.4598023844000004,0.4929950069999998,11.734525574723914,129.54970048170622,16.802857518196106,1.0,1129.0,1079.0,0.0,0.0,5.0,0.8080642785593491,1.0,,,,25,25,25,25,1993-09-06 18:24:16.602369+00:00,1616.4856939948359,1616.4856939948359,uncertain,uncertain_review_required,insufficient_evidence,0.4,False,{},development,,,,0.0,,,,
frp:gulf_flaring:gulf_flaring__5c707fc0-3bc2-403e-a422-43b891010fe9.zip:945,frp:gulf_flaring,945,21.325065946159384,57.706407854305326,1993-09-07 17:55:24.139709+00:00,296.99,1.4352871530018565,6.300382230334884,gulf_flaring,gulf_flaring__5c707fc0-3bc2-403e-a422-43b891010fe9.zip,,296.99,297.385625,0.0,0.4747682022000002,1.4352871530018565,6.300382230334884,131.61482513428746,891330.0,0.4050999480625003,0.3972317270000001,6.596893950790451,137.648765521943,34.44170331954956,1.0,1020.0,11.0,0.0,0.0,5.0,0.7372321129690133,1.0,,,,7,7,7,7,1993-09-07 17:55:24.139709+00:00,7604.325399969657,7604.325399969657,uncertain,uncertain_review_required,insufficient_evidence,0.4,False,{},development,,,,0.0,,,,
frp:firms_viirs_noaa20_nrt_india:firms_viirs_noaa20_nrt_india.csv:116,frp:firms_viirs_noaa20_nrt_india,116,8.58205,80.97684,2026-08-31 08:28:00+00:00,336.89,6.9,0.0,,firms_viirs_noaa20_nrt_india.csv,,336.89,,,,6.9,0.0,,,,,,,,,,,,,,,,n,N20,D,3,3,3,3,2026-08-31 08:28:00+00:00,212543.3210647227,212543.3210647227,uncertain,uncertain_review_required,insufficient_evidence,0.4,False,{},development,,,,0.0,,,,
frp:sentinel_frp_combined:gulf_flaring__06ea85e3-0e01-4c85-b788-ed0287e7ac6d.zip:1653,frp:sentinel_frp_combined,1653,26.87383893215008,48.88572187657542,1993-09-06 19:02:38.366776+00:00,309.52000000000004,2.848755258863079,0.3083552908881427,gulf_flaring,gulf_flaring__06ea85e3-0e01-4c85-b788-ed0287e7ac6d.zip,,309.52000000000004,297.086875,0.0,0.4810088900000001,2.848755258863079,0.3083552908881427,148.8141467032126,1485699.25,0.4025187022222227,0.669413400000001,54.26101372735725,138.8492067357264,18.534416675567627,1.0,147.0,464.0,0.0,0.0,5.0,0.7114584906278755,1.0,,,,8,8,8,8,1993-09-06 19:02:38.366776+00:00,18347.47845976556,18347.47845976556,uncertain,uncertain_review_required,insufficient_evidence,0.4,False,{},development,,,,0.0,,,,
frp:sentinel_frp_combined:siberia_wildfire__4fff0f3b-bc89-4baf-8c7b-4b33aad77faa.zip:3389,frp:sentinel_frp_combined,3389,58.51897985225378,77.81277880354162,1993-06-07 16:09:55.921403+00:00,313.52000000000004,1464.884944114735,166.3451544951917,siberia_wildfire,siberia_wildfire__4fff0f3b-bc89-4baf-8c7b-4b33aad77faa.zip,,313.52000000000004,290.13322580645155,0.0,70.20288945000004,1464.884944114735,166.3451544951917,95.7888193902148,952242.4375,0.2837197354117649,0.7819923560000012,19.398864276735832,92.3744376242688,23.192766189575195,1.0,750.0,588.0,52.0,0.0,15.0,0.7742948586891333,1.0,,,,22,22,22,22,1993-06-07 16:09:55.921403+00:00,14263.194310370634,14263.194310370634,uncertain,uncertain_review_required,insufficient_evidence,0.4,False,{},development,,,,0.0,,,,
frp:central_africa_wildfire:central_africa_wildfire__0beec313-bad6-4801-9725-7642c0f06960.zip:48,frp:central_africa_wildfire,48,-1.036179997383897,13.627738965593268,1993-06-07 21:35:31.607479+00:00,291.99,5.3486174643707125,1.155819811290766,central_africa_wildfire,central_africa_wildfire__0beec313-bad6-4801-9725-7642c0f06960.zip,,291.99,279.7409356725145,0.0,0.3134308000000002,5.3486174643707125,1.155819811290766,147.15082082973956,1406397.625,0.1830233000000001,0.3195978400000001,50.94402371975553,149.22331460037518,46.29444408416748,1.0,220.0,503.0,0.0,0.0,7.0,0.5911689936350599,1.0,,,,24,24,24,24,1993-06-07 21:35:31.607479+00:00,375980.81333575863,375980.81333575863,uncertain,uncertain_review_required,insufficient_evidence,0.4,False,{},development,,,,0.0,,,,
frp:sentinel_frp_combined:siberia_wildfire__4fff0f3b-bc89-4baf-8c7b-4b33aad77faa.zip:3971,frp:sentinel_frp_combined,3971,60.5982228470042,77.49668880433967,1993-06-07 16:10:32.216862+00:00,291.38,0.9424269425617604,1.4575565649107525,siberia_wildfire,siberia_wildfire__4fff0f3b-bc89-4baf-8c7b-4b33aad77faa.zip,,291.38,290.73468750000006,0.0,0.3451384842000006,0.9424269425617604,1.4575565649107525,96.15157371429882,971416.4375,0.3033424460000002,0.3103080299999999,22.21414973990269,90.62960173160758,25.951313257217407,1.0,708.0,817.0,0.0,0.0,5.0,0.7599553274361823,1.0,,,,21,21,21,21,1993-06-07 16:10:32.216862+00:00,24319.798621217004,24319.798621217004,uncertain,uncertain_review_required,insufficient_evidence,0.4,False,{},development,,,,0.0,,,,
frp:firms_viirs_snpp_nrt_india:firms_viirs_snpp_nrt_india.csv:0,frp:firms_viirs_snpp_nrt_india,0,4.46515,96.76031,2026-08-31 06:25:00+00:00,330.77,3.78,0.0,,firms_viirs_snpp_nrt_india.csv,,330.77,,,,3.78,0.0,,,,,,,,,,,,,,,,n,N,D,2,2,2,2,2026-08-31 06:25:00+00:00,86441.70765908505,86441.70765908505,uncertain,uncertain_review_required,insufficient_evidence,0.4,False,{},development,emergency_or_transient_fire,wildfire_or_agricultural_burn,day_fire_far_from_flare,0.65,conf=n+D+flare86442m+p90=2+frp=3.8,,,
frp:firms_viirs_noaa20_nrt_india:firms_viirs_noaa20_nrt_india.csv:815,frp:firms_viirs_noaa20_nrt_india,815,12.03402,79.0584,2026-09-01 20:44:00+00:00,312.73,2.18,0.0,,firms_viirs_noaa20_nrt_india.csv,,312.73,,,,2.18,0.0,,,,,,,,,,,,,,,,n,N20,N,1,1,1,1,2026-09-01 20:44:00+00:00,138437.1786685474,138437.1786685474,uncertain,uncertain_review_required,insufficient_evidence,0.4,False,{},development,,,,0.0,,,,
frp:firms_viirs_snpp_nrt_india:firms_viirs_snpp_nrt_india.csv:569,frp:firms_viirs_snpp_nrt_india,569,6.29037,80.85827,2026-09-02 07:29:00+00:00,335.56,5.02,0.0,,firms_viirs_snpp_nrt_india.csv,,335.56,,,,5.02,0.0,,,,,,,,,,,,,,,,n,N,D,0,0,0,0,2026-09-02 07:29:00+00:00,124350.3329905601,124350.3329905601,uncertain,uncertain_review_required,insufficient_evidence,0.4,False,{},development,emergency_or_transient_fire,wildfire_or_agricultural_burn,day_fire_far_from_flare,0.65,conf=n+D+flare124350m+p90=0+frp=5.0,,,
frp:sentinel_frp_combined:siberia_wildfire__4fff0f3b-bc89-4baf-8c7b-4b33aad77faa.zip:3477,frp:sentinel_frp_combined,3477,52.7611488667909,72.68772481648114,1993-06-07 16:08:39.163758+00:00,292.53000000000003,1.5821018809060747,1.2495818485737793,siberia_wildfire,siberia_wildfire__4fff0f3b-bc89-4baf-8c7b-4b33aad77faa.zip,,292.53000000000003,290.7846875,0.0,0.3785821671999999,1.5821018809060747,1.2495818485737793,84.8176037174027,957940.5625,0.3048240385333336,0.3266870730000004,19.61407496598584,94.97911312211096,21.4905424118042,1.0,1249.0,74.0,1.0,0.0,5.0,0.7813513959297946,1.0,,,,7,7,7,7,1993-06-07 16:08:39.163758+00:00,261415.84265947132,261415.84265947132,uncertain,uncertain_review_required,insufficient_evidence,0.4,False,{},development,,,,0.0,,,,
frp:siberia_wildfire:siberia_wildfire__557fbf27-71ca-4b9d-8f46-75fa42ea7c15.zip:891,frp:siberia_wildfire,891,58.80033685154342,88.77832077585629,1993-06-07 15:08:12.036315+00:00,308.73,12.429281509402635,1.4568232286953442,siberia_wildfire,siberia_wildfire__557fbf27-71ca-4b9d-8f46-75fa42ea7c15.zip,,308.73,287.9397415907527,0.0,0.9303474400000014,12.429281509402635,1.4568232286953442,85.21021230396681,844647.4375,0.281375731408451,0.6486206600000004,6.238752197296973,90.7318297184021,27.238072752952576,1.0,989.0,693.0,248.0,0.0,19.0,0.7661994105098372,1.0,,,,4,4,4,4,1993-06-07 15:08:12.036315+00:00,280338.1334743028,280338.1334743028,uncertain,uncertain_review_required,insufficient_evidence,0.4,False,{},development,,,,0.0,,,,
frp:siberia_wildfire:siberia_wildfire__4fff0f3b-bc89-4baf-8c7b-4b33aad77faa.zip:208,frp:siberia_wildfire,208,58.51883485225415,77.83187280349341,1993-06-07 16:09:56.221306+00:00,312.5,108.20297518741482,13.302495868391956,siberia_wildfire,siberia_wildfire__4fff0f3b-bc89-4baf-8c7b-4b33aad77faa.zip,,312.5,289.6396078431373,0.0,5.461271160000005,108.20297518741482,13.302495868391956,95.83704111714556,952698.9375,0.2837197354117649,0.7515369999999999,19.466237534536724,92.3779100615154,23.17609691619873,1.0,749.0,588.0,56.0,0.0,15.0,0.7743027249885478,1.0,,,,49,49,49,49,1993-06-07 16:09:56.221306+00:00,13196.811507371867,13196.811507371867,uncertain,uncertain_review_required,insufficient_evidence,0.4,False,{},development,,,,0.0,,,,
frp:sentinel_frp_combined:china_industrial__0d7ba0c0-c144-44dc-bad0-007997140ad8.zip:1231,frp:sentinel_frp_combined,1231,25.63284793528328,108.66001272565984,1993-09-07 14:34:34.747548+00:00,293.89000000000004,4.541563585917172,1.1299939571740925,china_industrial,china_industrial__0d7ba0c0-c144-44dc-bad0-007997140ad8.zip,,293.89000000000004,287.1405263157895,0.0,0.4541825784000001,4.541563585917172,1.1299939571740925,135.9035178156807,911161.0,0.2564291432631582,0.3469494460000006,11.619917424054712,135.44660759451702,49.981372594833374,1.0,869.0,464.0,0.0,0.0,7.0,0.6760570565048444,1.0,,,,38,38,38,38,1993-09-07 14:34:34.747548+00:00,454124.46055773844,454124.46055773844,uncertain,uncertain_review_required,insufficient_evidence,0.4,False,{},development,,,,0.0,,,,
frp:firms_viirs_noaa20_nrt_india:firms_viirs_noaa20_nrt_india.csv:931,frp:firms_viirs_noaa20_nrt_india,931,9.06309,76.54379,2026-09-02 07:50:00+00:00,331.72,3.23,0.0,,firms_viirs_noaa20_nrt_india.csv,,331.72,,,,3.23,0.0,,,,,,,,,,,,,,,,n,N20,D,0,0,0,0,2026-09-02 07:50:00+00:00,101370.97046415806,101370.97046415806,uncertain,uncertain_review_required,insufficient_evidence,0.4,False,{},development,emergency_or_transient_fire,wildfire_or_agricultural_burn,day_fire_far_from_flare,0.65,conf=n+D+flare101371m+p90=0+frp=3.2,,,
frp:sentinel_frp_combined:siberia_wildfire__4fff0f3b-bc89-4baf-8c7b-4b33aad77faa.zip:3913,frp:sentinel_frp_combined,3913,58.548484852179286,78.16035380266408,1993-06-07 16:09:56.519820+00:00,290.06,1.3675587545017314,14.701513640361082,siberia_wildfire,siberia_wildfire__4fff0f3b-bc89-4baf-8c7b-4b33aad77faa.zip,,290.06,289.9045833333334,0.0,0.3548758720000006,1.3675587545017314,14.701513640361082,96.7782838126356,961186.6875,0.2880443585000002,0.29232964,20.74562925088148,92.4633751269776,22.93647575378418,1.0,730.0,586.0,0.0,0.0,5.0,0.774082135960749,1.0,,,,10,10,10,10,1993-06-07 16:09:56.519820+00:00,9743.716880992453,9743.716880992453,uncertain,uncertain_review_required,insufficient_evidence,0.4,False,{},development,,,,0.0,,,,
frp:firms_viirs_noaa20_nrt_india:firms_viirs_noaa20_nrt_india.csv:673,frp:firms_viirs_noaa20_nrt_india,673,12.55405,79.97852,2026-09-01 08:09:00+00:00,336.83,6.11,0.0,,firms_viirs_noaa20_nrt_india.csv,,336.83,,,,6.11,0.0,,,,,,,,,,,,,,,,n,N20,D,1,1,1,1,2026-09-01 08:09:00+00:00,75091.65833126515,75091.65833126515,uncertain,uncertain_review_required,insufficient_evidence,0.4,False,{},development,emergency_or_transient_fire,wildfire_or_agricultural_burn,day_fire_far_from_flare,0.65,conf=n+D+flare75092m+p90=1+frp=6.1,,,
frp:central_africa_wildfire:central_africa_wildfire__127ffed6-bb4b-43b2-a61c-acb9bc1d13e3.zip:538,frp:central_africa_wildfire,538,-9.034818977189277,19.163325951617253,1993-06-07 20:53:44.822408+00:00,288.04,1.0838856053296668,1.7054717504764474,central_africa_wildfire,central_africa_wildfire__127ffed6-bb4b-43b2-a61c-acb9bc1d13e3.zip,,288.04,288.738125,0.0,0.3329366956000005,1.0838856053296668,1.7054717504764474,151.47275459567172,907678.625,0.2766393902000003,0.2665917160000002,10.926963814072346,150.5240537246421,17.907685041427612,1.0,880.0,949.0,0.0,0.0,5.0,0.8033519616942808,1.0,,,,8,8,8,8,1993-06-07 20:53:44.822408+00:00,773029.323914349,773029.323914349,uncertain,uncertain_review_required,insufficient_evidence,0.4,False,{},development,,,,0.0,,,,
frp:firms_viirs_snpp_nrt_india:firms_viirs_snpp_nrt_india.csv:713,frp:firms_viirs_snpp_nrt_india,713,9.43242,80.37336,2026-09-02 07:29:00+00:00,341.55,6.5,0.0,,firms_viirs_snpp_nrt_india.csv,,341.55,,,,6.5,0.0,,,,,,,,,,,,,,,,n,N,D,39,39,39,39,2026-09-02 07:29:00+00:00,169697.65023000017,169697.65023000017,uncertain,uncertain_review_required,insufficient_evidence,0.4,False,{},development,,,,0.0,,,,
frp:siberia_wildfire:siberia_wildfire__4fff0f3b-bc89-4baf-8c7b-4b33aad77faa.zip:596,frp:siberia_wildfire,596,57.66363385441332,75.84140880851885,1993-06-07 16:09:42.732730+00:00,294.6,1.5045805281180926,2.6734966965000835,siberia_wildfire,siberia_wildfire__4fff0f3b-bc89-4baf-8c7b-4b33aad77faa.zip,,294.6,294.22046875,0.0,0.4274130666999999,1.5045805281180926,2.6734966965000835,90.10989631808978,905435.875,0.346389365466667,0.3580090400000003,10.408009413530202,92.41033971834604,22.96183943748474,1.0,888.0,528.0,0.0,0.0,5.0,0.7815768707414429,1.0,,,,5,5,5,5,1993-06-07 16:09:42.732730+00:00,27352.81602444568,27352.81602444568,uncertain,uncertain_review_required,insufficient_evidence,0.4,False,{},development,,,,0.0,,,,
frp:gulf_flaring:gulf_flaring__5e582e3c-6d99-4d34-8298-72ea8ec7e6f3.zip:1527,frp:gulf_flaring,1527,32.2825489184944,51.48345287001678,1993-09-06 18:24:37.869190+00:00,290.90000000000003,3.020113092453952,1.9145240674167487,gulf_flaring,gulf_flaring__5e582e3c-6d99-4d34-8298-72ea8ec7e6f3.zip,,290.90000000000003,293.16562500000003,0.0,0.4880973378000008,3.020113092453952,1.9145240674167487,136.303593507433,964655.625,0.3394937078461539,0.3036436000000004,21.20071247372785,130.81202929064278,15.231460571289062,1.0,725.0,1186.0,0.0,0.0,5.0,0.8088129637334787,1.0,,,,28,28,28,28,1993-09-06 18:24:37.869190+00:00,174706.4475947134,174706.4475947134,uncertain,uncertain_review_required,insufficient_evidence,0.4,False,{},development,,,,0.0,,,,
frp:sentinel_frp_combined:china_industrial__0d7ba0c0-c144-44dc-bad0-007997140ad8.zip:1310,frp:sentinel_frp_combined,1310,30.45479592310903,112.2644097165596,1993-09-07 14:36:10.411191+00:00,295.99,6.998344938549251,1.4067249397360306,china_industrial,china_industrial__0d7ba0c0-c144-44dc-bad0-007997140ad8.zip,,295.99,277.5614285714286,0.0,0.3874486830000004,6.998344938549251,1.4067249397360306,147.56885242773345,1169113.0,0.1661064035000001,0.3803705230000002,40.75837382965549,134.6283079417147,47.714284896850586,1.0,415.0,918.0,0.0,0.0,7.0,0.6300791577434071,1.0,,,,38,38,38,38,1993-09-07 14:36:10.411191+00:00,63197.47075123272,63197.47075123272,uncertain,uncertain_review_required,insufficient_evidence,0.4,False,{},development,,,,0.0,,,,
frp:firms_viirs_noaa20_nrt_india:firms_viirs_noaa20_nrt_india.csv:643,frp:firms_viirs_noaa20_nrt_india,643,10.85916,79.8132,2026-09-01 08:09:00+00:00,333.86,1.98,0.0,,firms_viirs_noaa20_nrt_india.csv,,333.86,,,,1.98,0.0,,,,,,,,,,,,,,,,n,N20,D,1,1,1,1,2026-09-01 08:09:00+00:00,4521.648856039467,4521.648856039467,uncertain,uncertain_review_required,insufficient_evidence,0.4,False,{},development,,,,0.0,,,,
frp:sentinel_frp_combined:gulf_flaring__5e582e3c-6d99-4d34-8298-72ea8ec7e6f3.zip:2944,frp:sentinel_frp_combined,2944,28.401661928292697,48.53003787747343,1993-09-06 18:23:38.801084+00:00,307.37,6.030458962963452,1.933899194678402,gulf_flaring,gulf_flaring__5e582e3c-6d99-4d34-8298-72ea8ec7e6f3.zip,,307.37,303.1309090909091,0.0,0.8298283048,6.030458962963452,1.933899194678402,122.00987814517644,905105.625,0.5159604910909091,0.6129903820000001,9.8115909353976,131.4417625044977,18.15559673309326,1.0,1097.0,831.0,0.0,5.0,5.0,0.8027221930345924,1.0,,,,1,1,1,1,1993-09-06 18:23:38.801084+00:00,36737.94711794254,36737.94711794254,uncertain,uncertain_review_required,insufficient_evidence,0.4,False,{},development,,,,0.0,,,,
frp:gulf_flaring:gulf_flaring__249f7eaa-a006-4cd8-bf84-2e9a2f5a5565.zip:572,frp:gulf_flaring,572,36.51076490781918,50.8757038715512,1993-09-06 07:08:41.115573+00:00,313.88,6.065434662488687,1.1447021501997494,gulf_flaring,gulf_flaring__249f7eaa-a006-4cd8-bf84-2e9a2f5a5565.zip,,313.88,301.0444444444444,1.0,0.7929130311999999,6.065434662488687,1.1447021501997494,24.431053265889503,915087.3125,0.4741960076555556,0.7439028800000003,11.708554248553774,35.95005447364117,14.44420039653778,1.0,1129.0,405.0,0.0,0.0,5.0,0.8193613169740482,1.0,,,,1,1,1,1,1993-09-06 07:08:41.115573+00:00,93708.95761469743,93708.95761469743,uncertain,uncertain_review_required,insufficient_evidence,0.4,False,{},development,,,,0.0,,,,
frp:sentinel_frp_combined:siberia_wildfire__4fff0f3b-bc89-4baf-8c7b-4b33aad77faa.zip:3709,frp:sentinel_frp_combined,3709,58.10764985329229,82.28752279224398,1993-06-07 16:09:55.603708+00:00,312.46000000000004,7.165244750125327,0.7386176204548854,siberia_wildfire,siberia_wildfire__4fff0f3b-bc89-4baf-8c7b-4b33aad77faa.zip,,312.46000000000004,289.6946569535648,0.0,0.5702457606000008,7.165244750125327,0.7386176204548854,108.8826763529146,1098752.875,0.2967513948750002,0.750362520000001,35.26591252758097,94.05432592014007,27.2207088470459,1.0,505.0,483.0,15.0,0.0,7.0,0.7336765428882553,1.0,,,,41,41,41,41,1993-06-07 16:09:55.603708+00:00,165196.974033281,165196.974033281,uncertain,uncertain_review_required,insufficient_evidence,0.4,False,{},development,,,,0.0,,,,
frp:china_industrial:china_industrial__c1cd4b46-50c7-4dc6-b61f-79dd085a5792.zip:550,frp:china_industrial,550,40.11809889871154,118.719921700261,1993-09-07 13:36:41.385238+00:00,294.20000000000005,1.0776707301424562,0.6024000090666881,china_industrial,china_industrial__c1cd4b46-50c7-4dc6-b61f-79dd085a5792.zip,,294.20000000000005,293.84875,0.0,0.4031806000000005,1.0776707301424562,0.6024000090666881,117.91173355088203,844798.875,0.3474849525000004,0.3525480000000007,6.265427702542271,122.82437706705066,31.68965482711792,1.0,986.0,938.0,0.0,0.0,5.0,0.7486301107757547,1.0,,,,9,9,9,9,1993-09-07 13:36:41.385238+00:00,119457.20369868429,119457.20369868429,uncertain,uncertain_review_required,insufficient_evidence,0.4,False,{},development,,,,0.0,,,,
frp:sentinel_frp_combined:central_africa_wildfire__127ffed6-bb4b-43b2-a61c-acb9bc1d13e3.zip:652,frp:sentinel_frp_combined,652,-9.001542977273289,22.700887942685767,1993-06-07 20:53:51.993742+00:00,292.03000000000003,2.241278707360841,0.7746722917395639,central_africa_wildfire,central_africa_wildfire__127ffed6-bb4b-43b2-a61c-acb9bc1d13e3.zip,,292.03000000000003,289.3914285714286,0.0,0.3764686674999999,2.241278707360841,0.7746722917395639,157.7103254523996,1104260.125,0.2863761543636365,0.3194200230000004,35.658625337261945,153.51852425055569,21.856548070907596,1.0,501.0,865.0,0.0,0.0,5.0,0.7563691673521501,1.0,,,,25,25,25,25,1993-06-07 20:53:51.993742+00:00,792366.7644078882,792366.7644078882,uncertain,uncertain_review_required,insufficient_evidence,0.4,False,{},development,,,,0.0,,,,
frp:sentinel_frp_combined:china_industrial__c1cd4b46-50c7-4dc6-b61f-79dd085a5792.zip:1529,frp:sentinel_frp_combined,1529,34.40379491313877,119.83516669744527,1993-09-07 13:35:06.294320+00:00,299.38,1.8926521065595592,1.1735504609727665,china_industrial,china_industrial__c1cd4b46-50c7-4dc6-b61f-79dd085a5792.zip,,299.38,296.3575,0.0,0.4927454799999998,1.8926521065595592,1.1735504609727665,120.0750108405736,848866.5625,0.3995323006250002,0.4411185399999999,7.120848865509,127.19357784436238,19.22242105007172,1.0,1045.0,302.0,0.0,0.0,5.0,0.798889121258256,1.0,,,,9,9,9,9,1993-09-07 13:35:06.294320+00:00,244948.97368254527,244948.97368254527,uncertain,uncertain_review_required,insufficient_evidence,0.4,False,{},development,,,,0.0,,,,
frp:central_africa_wildfire:central_africa_wildfire__127ffed6-bb4b-43b2-a61c-acb9bc1d13e3.zip:346,frp:central_africa_wildfire,346,-12.073965969516166,26.3739019334123,1993-06-07 20:53:20.476900+00:00,286.46000000000004,17.79079881281107,106.12243834072706,central_africa_wildfire,central_africa_wildfire__127ffed6-bb4b-43b2-a61c-acb9bc1d13e3.zip,,286.46000000000004,287.066875,0.0,0.8379176998,17.79079881281107,106.12243834072706,146.26503231708543,1328745.875,0.2614918496000001,0.2478778960000004,52.14239589016637,158.0137991787538,15.71752429008484,1.0,192.0,439.0,0.0,0.0,5.0,0.737786830640261,1.0,,,,3,3,3,3,1993-06-07 20:53:20.476900+00:00,272707.6242083673,272707.6242083673,uncertain,uncertain_review_required,insufficient_evidence,0.4,False,{},development,,,,0.0,,,,
frp:sentinel_frp_combined:siberia_wildfire__7b9d0178-7a9b-4f6d-84f2-e2ad5d35ae5d.zip:4182,frp:sentinel_frp_combined,4182,62.23390784287449,104.99691773490828,1993-06-07 13:28:41.737328+00:00,283.44,2.0108742239190387,3.3916258130151093,siberia_wildfire,siberia_wildfire__7b9d0178-7a9b-4f6d-84f2-e2ad5d35ae5d.zip,,283.44,283.733125,0.0,0.3200291600000006,2.0108742239190387,3.3916258130151093,75.73402562396176,939148.9375,0.2200117700000001,0.2156997999999999,23.196843882552564,85.316764560098,17.503098011016846,1.0,1303.0,31.0,0.0,0.0,5.0,0.7959662838847167,1.0,,,,27,27,27,27,1993-06-07 13:28:41.737328+00:00,198246.2245047396,198246.2245047396,uncertain,uncertain_review_required,insufficient_evidence,0.4,False,{},development,,,,0.0,,,,
frp:sentinel_frp_combined:central_africa_wildfire__0beec313-bad6-4801-9725-7642c0f06960.zip:350,frp:sentinel_frp_combined,350,-0.7114769982036933,12.52514896837704,1993-06-07 21:35:28.013579+00:00,290.34000000000003,2.161897748128625,0.5263665357087078,central_africa_wildfire,central_africa_wildfire__0beec313-bad6-4801-9725-7642c0f06960.zip,,290.34000000000003,284.4438461538461,0.0,0.2875574800000006,2.161897748128625,0.5263665357087078,150.07483509373063,1279322.875,0.2302912200000001,0.2968179400000004,45.3313602757035,148.24554768508298,49.61689186096192,1.0,332.0,566.0,0.0,0.0,7.0,0.6058594456815972,1.0,,,,26,26,26,26,1993-06-07 21:35:28.013579+00:00,256826.17907790205,256826.17907790205,uncertain,uncertain_review_required,insufficient_evidence,0.4,False,{},development,,,,0.0,,,,
frp:central_africa_wildfire:central_africa_wildfire__127ffed6-bb4b-43b2-a61c-acb9bc1d13e3.zip:198,frp:central_africa_wildfire,198,-9.44509797615342,20.439486948395256,1993-06-07 20:53:37.312638+00:00,300.87,1.478455740267766,0.1718721230533134,central_africa_wildfire,central_africa_wildfire__127ffed6-bb4b-43b2-a61c-acb9bc1d13e3.zip,,300.87,290.38687500000003,0.0,0.3683398225000001,1.478455740267766,0.1718721230533134,157.15556714817393,951362.375,0.2968431627500002,0.4688010310000001,19.208966154507856,151.7881456232339,20.968590259552,1.0,754.0,874.0,0.0,0.0,5.0,0.7839583439167485,1.0,,,,1,1,1,1,1993-06-07 20:53:37.312638+00:00,920117.6648409992,920117.6648409992,uncertain,uncertain_review_required,insufficient_evidence,0.4,False,{},development,,,,0.0,,,,
frp:firms_viirs_snpp_nrt_india:firms_viirs_snpp_nrt_india.csv:470,frp:firms_viirs_snpp_nrt_india,470,28.30759,67.8741,2026-09-01 09:37:00+00:00,338.6,3.31,0.0,,firms_viirs_snpp_nrt_india.csv,,338.6,,,,3.31,0.0,,,,,,,,,,,,,,,,n,N,D,0,0,0,0,2026-09-01 09:37:00+00:00,81407.52633587219,81407.52633587219,uncertain,uncertain_review_required,insufficient_evidence,0.4,False,{},development,emergency_or_transient_fire,wildfire_or_agricultural_burn,day_fire_far_from_flare,0.65,conf=n+D+flare81408m+p90=0+frp=3.3,,,
frp:sentinel_frp_combined:china_industrial__c1cd4b46-50c7-4dc6-b61f-79dd085a5792.zip:1537,frp:sentinel_frp_combined,1537,35.170011911204256,119.36239169863892,1993-09-07 13:35:20.395391+00:00,299.26,1.296695209966544,0.4512736548331968,china_industrial,china_industrial__c1cd4b46-50c7-4dc6-b61f-79dd085a5792.zip,,299.26,295.52983333333333,0.0,0.4446968099999999,1.296695209966544,0.4512736548331968,118.48936867940584,852266.6875,0.3732742813333337,0.4388585799999999,8.033660694335959,126.42710596136706,22.42778205871582,1.0,1066.0,394.0,0.0,1.0,5.0,0.7848487510858196,1.0,,,,7,7,7,7,1993-09-07 13:35:20.395391+00:00,193972.47996626003,193972.47996626003,uncertain,uncertain_review_required,insufficient_evidence,0.4,False,{},development,,,,0.0,,,,
frp:central_africa_wildfire:central_africa_wildfire__127ffed6-bb4b-43b2-a61c-acb9bc1d13e3.zip:674,frp:central_africa_wildfire,674,-7.774292980371797,16.184205959138808,1993-06-07 20:54:17.244612+00:00,289.39000000000004,3.0560186030330567,0.4473603308793657,central_africa_wildfire,central_africa_wildfire__127ffed6-bb4b-43b2-a61c-acb9bc1d13e3.zip,,289.39000000000004,273.3677777777778,0.0,0.272326945,3.0560186030330567,0.4473603308793657,133.94304046964314,926198.375,0.122640544,0.2836155340000005,14.378519744532673,147.46739189878994,24.454034328460693,1.0,1170.0,1156.0,0.0,0.0,5.0,0.7730364248858108,1.0,,,,42,42,42,42,1993-06-07 20:54:17.244612+00:00,423259.1349866778,423259.1349866778,uncertain,uncertain_review_required,insufficient_evidence,0.4,False,{},development,,,,0.0,,,,
frp:sentinel_frp_combined:amazon_basin__1ca56dcb-14de-42ad-a977-68e3c0936a88.zip:7,frp:sentinel_frp_combined,7,-13.692568965429588,-65.01220083585997,1993-07-07 14:27:09.457629+00:00,321.70000000000005,12.64108100463307,1.6829816036788658,amazon_basin,amazon_basin__1ca56dcb-14de-42ad-a977-68e3c0936a88.zip,,321.70000000000005,303.390625,1.0,1.0672900000000018,12.64108100463307,1.6829816036788658,39.30029754595369,1007590.75,0.5443822761538465,0.6360070800000002,29.698466819108347,46.39942354965953,31.994053602218628,1.0,1400.0,27.0,0.0,0.0,5.0,0.7244089856245796,1.0,,,,0,0,0,0,1993-07-07 14:27:09.457629+00:00,382827.22034773265,382827.22034773265,uncertain,uncertain_review_required,insufficient_evidence,0.4,False,{},development,,,,0.0,,,,
frp:firms_viirs_snpp_nrt_india:firms_viirs_snpp_nrt_india.csv:181,frp:firms_viirs_snpp_nrt_india,181,17.43479,74.96613,2026-08-31 20:42:00+00:00,307.73,0.74,0.0,,firms_viirs_snpp_nrt_india.csv,,307.73,,,,0.74,0.0,,,,,,,,,,,,,,,,n,N,N,0,0,0,0,2026-08-31 20:42:00+00:00,267296.8297614838,267296.8297614838,uncertain,uncertain_review_required,insufficient_evidence,0.4,False,{},development,,,,0.0,,,,
frp:siberia_wildfire:siberia_wildfire__b8f339af-5277-4545-be45-00e778ba15bd.zip:1260,frp:siberia_wildfire,1260,58.10599485329647,106.47278773118204,1993-06-07 14:28:53.424900+00:00,279.75,1.0134412074488437,0.508831694153968,siberia_wildfire,siberia_wildfire__b8f339af-5277-4545-be45-00e778ba15bd.zip,,279.75,280.8912904761905,0.0,0.2355952028,1.0134412074488437,0.508831694153968,105.68419225920752,1055550.75,0.1916687443333334,0.18016495,31.499300990118904,93.73975758892512,16.039722442626953,1.0,566.0,495.0,0.0,0.0,5.0,0.7921545240919815,1.0,,,,4,4,4,4,1993-06-07 14:28:53.424900+00:00,3868.15692814695,3868.15692814695,uncertain,uncertain_review_required,insufficient_evidence,0.4,False,{},development,,,,0.0,,,,
frp:firms_viirs_snpp_nrt_india:firms_viirs_snpp_nrt_india.csv:203,frp:firms_viirs_snpp_nrt_india,203,12.59783,77.8851,2026-08-31 20:44:00+00:00,299.48,0.27,0.0,,firms_viirs_snpp_nrt_india.csv,,299.48,,,,0.27,0.0,,,,,,,,,,,,,,,,n,N,N,0,0,0,0,2026-08-31 20:44:00+00:00,251695.63208149822,251695.63208149822,uncertain,uncertain_review_required,insufficient_evidence,0.4,False,{},development,,,,0.0,,,,
frp:siberia_wildfire:siberia_wildfire__e868eda1-2872-460a-9018-a302eff3e322.zip:1312,frp:siberia_wildfire,1312,62.29284284272569,80.18313879755704,1993-06-07 15:09:39.055073+00:00,293.79,0.8450280615565485,0.1910201273879698,siberia_wildfire,siberia_wildfire__e868eda1-2872-460a-9018-a302eff3e322.zip,,293.79,291.0464285714285,0.0,0.3456315,0.8450280615565485,0.1910201273879698,75.74781087811004,924576.625,0.3055258150000002,0.3462360600000003,21.64958162105141,85.41076455108862,29.20259046554565,1.0,1280.0,27.0,0.0,0.0,5.0,0.7477343071444972,1.0,,,,1,1,1,1,1993-06-07 15:09:39.055073+00:00,10084.42235222421,10084.42235222421,uncertain,uncertain_review_required,insufficient_evidence,0.4,False,{},development,,,,0.0,,,,
frp:central_africa_wildfire:central_africa_wildfire__0beec313-bad6-4801-9725-7642c0f06960.zip:47,frp:central_africa_wildfire,47,-1.035731997385028,13.65880596551483,1993-06-07 21:35:31.907300+00:00,291.82,5.265970283841221,1.153412713565354,central_africa_wildfire,central_africa_wildfire__0beec313-bad6-4801-9725-7642c0f06960.zip,,291.82,279.7409356725145,0.0,0.3110480799999999,5.265970283841221,1.153412713565354,147.05957867420938,1410136.625,0.1830233000000001,0.3172151199999999,51.08731039663705,149.2295032617804,46.08957052230835,1.0,217.0,503.0,0.0,0.0,7.0,0.5911710702104478,1.0,,,,40,40,40,40,1993-06-07 21:35:31.907300+00:00,379435.09946766286,379435.09946766286,uncertain,uncertain_review_required,insufficient_evidence,0.4,False,{},development,,,,0.0,,,,
frp:sentinel_frp_combined:china_industrial__0d7ba0c0-c144-44dc-bad0-007997140ad8.zip:1160,frp:sentinel_frp_combined,1160,25.24083393627302,110.1441267219128,1993-09-07 14:34:28.436988+00:00,292.40000000000003,1.613946667484043,0.2814164920275809,china_industrial,china_industrial__0d7ba0c0-c144-44dc-bad0-007997140ad8.zip,,292.40000000000003,279.9718181818182,0.0,0.2473015496000002,1.613946667484043,0.2814164920275809,142.5467854579809,961186.6875,0.1846251405555556,0.3247976400000004,20.74710141716329,136.70777276751372,60.01104545593262,1.0,732.0,390.0,0.0,1.0,5.0,0.6360514754152643,1.0,,,,18,18,18,18,1993-09-07 14:34:28.436988+00:00,415895.02129009616,415895.02129009616,uncertain,uncertain_review_required,insufficient_evidence,0.4,False,{},development,,,,0.0,,,,
frp:gulf_flaring:gulf_flaring__5e582e3c-6d99-4d34-8298-72ea8ec7e6f3.zip:1508,frp:gulf_flaring,1508,31.405016920709954,48.62875187722421,1993-09-06 18:24:25.892424+00:00,301.44,2.16864910445031,7.123132843278194,gulf_flaring,gulf_flaring__5e582e3c-6d99-4d34-8298-72ea8ec7e6f3.zip,,301.44,301.20071428571424,0.0,0.592259517600001,2.16864910445031,7.123132843278194,123.7842673869126,890744.25,0.4755779303571432,0.480221008,6.44121102073512,129.64282482116374,15.40402340888977,1.0,1010.0,1151.0,0.0,2.0,5.0,0.8166494220199043,1.0,,,,5,5,5,5,1993-09-06 18:24:25.892424+00:00,1752.2256164628175,1752.2256164628175,uncertain,uncertain_review_required,insufficient_evidence,0.4,False,{},development,,,,0.0,,,,
frp:firms_modis_nrt_india:firms_modis_nrt_india.csv:43,frp:firms_modis_nrt_india,43,14.59311,79.73858,2026-09-01 09:58:00+00:00,320.28,13.81,0.0,,firms_modis_nrt_india.csv,,320.28,,,,13.81,0.0,,,,,,,,,,,,,,,,67,Aqua,D,0,0,0,0,2026-09-01 09:58:00+00:00,158967.34048860054,158967.34048860054,uncertain,uncertain_review_required,insufficient_evidence,0.4,False,{},development,,,,0.0,,,,
frp:china_industrial:china_industrial__c1cd4b46-50c7-4dc6-b61f-79dd085a5792.zip:544,frp:china_industrial,544,39.955105899123055,118.55411470067963,1993-09-07 13:36:39.286805+00:00,301.94,2.232443443716311,0.3348094167142733,china_industrial,china_industrial__c1cd4b46-50c7-4dc6-b61f-79dd085a5792.zip,,301.94,294.42357142857145,0.0,0.4729196900000006,2.232443443716311,0.3348094167142733,117.20177612605212,844997.375,0.3562725635714288,0.4913226199999999,6.223791227266863,122.84081577401662,30.79479432106018,1.0,1005.0,924.0,0.0,0.0,5.0,0.7523475818038178,1.0,,,,2,2,2,2,1993-09-07 13:36:39.286805+00:00,109200.92911723282,109200.92911723282,uncertain,uncertain_review_required,insufficient_evidence,0.4,False,{},development,,,,0.0,,,,
frp:firms_viirs_noaa20_nrt_india:firms_viirs_noaa20_nrt_india.csv:429,frp:firms_viirs_noaa20_nrt_india,429,7.86562,81.43693,2026-09-01 08:07:00+00:00,336.84,4.75,0.0,,firms_viirs_noaa20_nrt_india.csv,,336.84,,,,4.75,0.0,,,,,,,,,,,,,,,,n,N20,D,4,4,4,4,2026-09-01 08:07:00+00:00,191813.49582516606,191813.49582516606,uncertain,uncertain_review_required,insufficient_evidence,0.4,False,{},development,,,,0.0,,,,
frp:firms_viirs_noaa20_nrt_india:firms_viirs_noaa20_nrt_india.csv:909,frp:firms_viirs_noaa20_nrt_india,909,8.47857,80.76656,2026-09-02 07:50:00+00:00,336.93,10.9,0.0,,firms_viirs_noaa20_nrt_india.csv,,336.93,,,,10.9,0.0,,,,,,,,,,,,,,,,l,N20,D,16,16,16,16,2026-09-02 07:50:00+00:00,191013.44200740746,191013.44200740746,uncertain,uncertain_review_required,insufficient_evidence,0.4,False,{},development,,,,0.0,,,,
frp:sentinel_frp_combined:gulf_flaring__5e582e3c-6d99-4d34-8298-72ea8ec7e6f3.zip:2890,frp:sentinel_frp_combined,2890,24.997240936888037,49.33510587544083,1993-09-06 18:22:41.504066+00:00,298.31,1.4938073989369725,2.483574052093296,gulf_flaring,gulf_flaring__5e582e3c-6d99-4d34-8298-72ea8ec7e6f3.zip,,298.31,298.59000000000003,0.0,0.5003170588000003,1.4938073989369725,2.483574052093296,123.94436012650392,908693.9375,0.4256359335000004,0.4205193340000001,10.514235264466508,133.98357813144304,24.748308539390564,1.0,1109.0,447.0,0.0,0.0,5.0,0.7741114088426164,1.0,,,,2,2,2,2,1993-09-06 18:22:41.504066+00:00,3730.650984359714,3730.650984359714,uncertain,uncertain_review_required,insufficient_evidence,0.4,False,{},development,,,,0.0,,,,
frp:gulf_flaring:gulf_flaring__249f7eaa-a006-4cd8-bf84-2e9a2f5a5565.zip:584,frp:gulf_flaring,584,36.46018890794687,50.83561187165242,1993-09-06 07:08:42.015378+00:00,317.42,8.09787525006455,1.25262749616317,gulf_flaring,gulf_flaring__249f7eaa-a006-4cd8-bf84-2e9a2f5a5565.zip,,317.42,301.0444444444444,1.0,0.9081353956000006,8.09787525006455,1.25262749616317,24.51403021441268,914517.5,0.4741960076555556,0.7450773600000008,11.582195295764764,35.9311345318375,11.449044167995453,1.0,1127.0,411.0,0.0,0.0,5.0,0.8350636913258083,1.0,,,,33,33,33,33,1993-09-06 07:08:42.015378+00:00,88495.7673260016,88495.7673260016,uncertain,uncertain_review_required,insufficient_evidence,0.4,False,{},development,,,,0.0,,,,
frp:sentinel_frp_combined:gulf_flaring__249f7eaa-a006-4cd8-bf84-2e9a2f5a5565.zip:2327,frp:sentinel_frp_combined,2327,31.0604899215798,47.584258879861295,1993-09-06 07:10:18.000031+00:00,333.78000000000003,4.980741201007091,1.4085420394497723,gulf_flaring,gulf_flaring__249f7eaa-a006-4cd8-bf84-2e9a2f5a5565.zip,,333.78000000000003,328.6377966101696,1.0,1.6374480980000017,4.980741201007091,1.4085420394497723,32.47540632618514,890347.6875,1.3705952552033909,0.7500689000000013,6.510730312330071,33.63573985948255,16.221009135246277,1.0,979.0,1062.0,3.0,0.0,19.0,0.8128437725123798,1.0,,,,32,32,32,32,1993-09-06 07:10:18.000031+00:00,3163.9306787276246,3163.9306787276246,uncertain,uncertain_review_required,insufficient_evidence,0.4,False,{},development,,,,0.0,,,,
frp:sentinel_frp_combined:amazon_basin__1ca56dcb-14de-42ad-a977-68e3c0936a88.zip:5,frp:sentinel_frp_combined,5,-13.54044196581367,-65.56180983447234,1993-07-07 14:27:04.953438+00:00,315.74,7.077402135615565,1.164912219861676,amazon_basin,amazon_basin__1ca56dcb-14de-42ad-a977-68e3c0936a88.zip,,315.74,304.24,1.0,0.8532536000000003,7.077402135615565,1.164912219861676,40.97862350667893,962171.25,0.5365479318181822,0.6537690600000002,25.643977916367405,46.6564220001106,32.76478099822998,1.0,1338.0,23.0,0.0,0.0,5.0,0.7275903243977196,1.0,,,,4,4,4,4,1993-07-07 14:27:04.953438+00:00,418007.3956459052,418007.3956459052,uncertain,uncertain_review_required,insufficient_evidence,0.4,False,{},development,,,,0.0,,,,
frp:gulf_flaring:gulf_flaring__249f7eaa-a006-4cd8-bf84-2e9a2f5a5565.zip:594,frp:gulf_flaring,594,36.45777090795298,50.76342187183468,1993-09-06 07:08:42.014888+00:00,314.13,6.058225520420135,1.1249164717973312,gulf_flaring,gulf_flaring__249f7eaa-a006-4cd8-bf84-2e9a2f5a5565.zip,,314.13,301.0444444444444,1.0,0.8006266267,6.058225520420135,1.1249164717973312,24.91274172520918,912598.5625,0.4741960076555556,0.7166822730000005,11.15225494875806,35.9713682730884,10.946294665336609,1.0,1120.0,413.0,0.0,0.0,5.0,0.8379050796753552,1.0,,,,9,9,9,9,1993-09-06 07:08:42.014888+00:00,89296.45279655272,89296.45279655272,uncertain,uncertain_review_required,insufficient_evidence,0.4,False,{},development,,,,0.0,,,,
frp:sentinel_frp_combined:gulf_flaring__07554d1c-45ab-471f-bda9-f460f68ae9e0.zip:1838,frp:sentinel_frp_combined,1838,25.22320293631753,49.29133487555134,1993-09-07 18:35:22.555207+00:00,306.15000000000003,1.661726319229042,0.2849077750937616,gulf_flaring,gulf_flaring__07554d1c-45ab-471f-bda9-f460f68ae9e0.zip,,306.15000000000003,299.32375,0.0,0.52715059,1.661726319229042,0.2849077750937616,140.40888539439806,893284.0625,0.4403748606250004,0.5844924000000008,17.113955237526,136.35094891263853,18.91651237010956,1.0,785.0,400.0,0.0,0.0,5.0,0.7948733752485891,1.0,,,,0,0,0,0,1993-09-07 18:35:22.555207+00:00,2773.73571269295,2773.73571269295,uncertain,uncertain_review_required,insufficient_evidence,0.4,False,{},development,,,,0.0,,,,
frp:firms_viirs_noaa20_nrt_india:firms_viirs_noaa20_nrt_india.csv:345,frp:firms_viirs_noaa20_nrt_india,345,6.71592,81.59251,2026-09-01 08:07:00+00:00,353.23,7.21,0.0,,firms_viirs_noaa20_nrt_india.csv,,353.23,,,,7.21,0.0,,,,,,,,,,,,,,,,n,N20,D,9,9,9,9,2026-09-01 08:07:00+00:00,182651.17917568734,182651.17917568734,uncertain,uncertain_review_required,insufficient_evidence,0.4,False,{},development,,,,0.0,,,,
frp:firms_viirs_snpp_nrt_india:firms_viirs_snpp_nrt_india.csv:406,frp:firms_viirs_snpp_nrt_india,406,9.60892,79.98938,2026-09-01 07:50:00+00:00,345.28,4.83,0.0,,firms_viirs_snpp_nrt_india.csv,,345.28,,,,4.83,0.0,,,,,,,,,,,,,,,,n,N,D,0,0,0,0,2026-09-01 07:50:00+00:00,138952.02447952452,138952.02447952452,uncertain,uncertain_review_required,insufficient_evidence,0.4,False,{},development,emergency_or_transient_fire,wildfire_or_agricultural_burn,day_fire_far_from_flare,0.65,conf=n+D+flare138952m+p90=0+frp=4.8,,,
frp:siberia_wildfire:siberia_wildfire__4fff0f3b-bc89-4baf-8c7b-4b33aad77faa.zip:67,frp:siberia_wildfire,67,55.77782885917452,72.50330781694674,1993-06-07 16:09:23.254276+00:00,312.33000000000004,1.234877224110515,0.1530708971290909,siberia_wildfire,siberia_wildfire__4fff0f3b-bc89-4baf-8c7b-4b33aad77faa.zip,,312.33000000000004,291.25500000000005,0.0,0.3647631307000005,1.234877224110515,0.1530708971290909,83.58544507415886,920510.6875,0.3062878316428574,0.7465454600000012,12.816548030909,92.69615760890916,24.023792147636414,1.0,1147.0,392.0,0.0,0.0,5.0,0.7758335430694453,1.0,,,,7,7,7,7,1993-06-07 16:09:23.254276+00:00,91389.57428609431,91389.57428609431,uncertain,uncertain_review_required,insufficient_evidence,0.4,False,{},development,,,,0.0,,,,
frp:sentinel_frp_combined:siberia_wildfire__7b9d0178-7a9b-4f6d-84f2-e2ad5d35ae5d.zip:4227,frp:sentinel_frp_combined,4227,62.15929384306287,104.26841073674755,1993-06-07 13:28:45.039946+00:00,285.69,0.933297569570244,1.62363902955609,siberia_wildfire,siberia_wildfire__7b9d0178-7a9b-4f6d-84f2-e2ad5d35ae5d.zip,,285.69,284.803125,0.0,0.27762543,0.933297569570244,1.62363902955609,75.79722980576055,962907.3125,0.2324113971428573,0.2397603099999999,25.72598095955994,85.15220992367074,17.126224040985107,1.0,1341.0,40.0,0.0,0.0,5.0,0.7948902791787247,1.0,,,,8,8,8,8,1993-06-07 13:28:45.039946+00:00,232212.1462211527,232212.1462211527,uncertain,uncertain_review_required,insufficient_evidence,0.4,False,{},development,,,,0.0,,,,
frp:sentinel_frp_combined:amazon_basin__abb5665d-9dc6-422b-ab36-0e683ba688a3.zip:146,frp:sentinel_frp_combined,146,-15.679947960411935,-60.36128284760241,1993-07-07 13:48:49.011350+00:00,326.74,15.65140490353596,1.9405808310483512,amazon_basin,amazon_basin__abb5665d-9dc6-422b-ab36-0e683ba688a3.zip,,326.74,302.18625000000003,1.0,1.2797230620000004,15.65140490353596,1.9405808310483512,59.89055082155916,901579.75,0.5017460950187502,0.7427284000000014,9.502038360719858,51.021297952505606,27.863988637924194,1.0,904.0,359.0,0.0,0.0,5.0,0.7624595426223181,1.0,,,,5,5,5,5,1993-07-07 13:48:49.011350+00:00,422559.29866259167,422559.29866259167,uncertain,uncertain_review_required,insufficient_evidence,0.4,False,{},development,,,,0.0,,,,
frp:sentinel_frp_combined:amazon_basin__1ca56dcb-14de-42ad-a977-68e3c0936a88.zip:63,frp:sentinel_frp_combined,63,-15.924450959794626,-72.55138781682535,1993-07-07 14:28:08.197570+00:00,315.95000000000005,8.234294567435407,1.6179733572662356,amazon_basin,amazon_basin__1ca56dcb-14de-42ad-a977-68e3c0936a88.zip,,315.95000000000005,298.32,1.0,0.8600555000000014,8.234294567435407,1.6179733572662356,68.64436928810785,963276.1875,0.4258944077777779,0.7457994399999998,25.348745071187345,52.72379744791871,4.21532678604126,1.0,662.0,445.0,0.0,0.0,5.0,0.8654558483192347,1.0,,,,29,29,29,29,1993-07-07 14:28:08.197570+00:00,455661.7354180759,455661.7354180759,uncertain,uncertain_review_required,insufficient_evidence,0.4,False,{},development,,,,0.0,,,,
frp:amazon_basin:amazon_basin__223f36a9-bb1f-4a89-8925-9c35d15292fd.zip:76,frp:amazon_basin,76,-10.354132973858327,-54.22107286310495,1993-07-07 13:47:16.655128+00:00,329.49,18.15719244348589,3.324423457820724,amazon_basin,amazon_basin__223f36a9-bb1f-4a89-8925-9c35d15292fd.zip,,329.49,309.6575,1.0,1.4108743810000004,18.15719244348589,3.324423457820724,35.909620554121425,1063567.75,0.6352307666333338,0.7037691020000011,31.52145516710345,43.32651581730939,24.480588674545288,1.0,1428.0,842.0,0.0,0.0,5.0,0.7526675617763487,1.0,,,,2,2,2,2,1993-07-07 13:47:16.655128+00:00,1295707.613824586,1295707.613824586,uncertain,uncertain_review_required,insufficient_evidence,0.4,False,{},development,,,,0.0,,,,
frp:siberia_wildfire:siberia_wildfire__4fff0f3b-bc89-4baf-8c7b-4b33aad77faa.zip:535,frp:siberia_wildfire,535,58.10521185329844,82.20253879245854,1993-06-07 16:09:55.304051+00:00,297.01,3.771160957886051,0.4826350033037939,siberia_wildfire,siberia_wildfire__4fff0f3b-bc89-4baf-8c7b-4b33aad77faa.zip,,297.01,289.6946569535648,0.0,0.4352937152,3.771160957886051,0.4826350033037939,108.61961962825826,1095130.125,0.2820122281111113,0.3975753509999998,34.96237343311184,94.0268097024505,27.34147548675537,1.0,510.0,484.0,15.0,0.0,7.0,0.7338345452827875,1.0,,,,66,66,66,66,1993-06-07 16:09:55.304051+00:00,160445.82352810132,160445.82352810132,uncertain,uncertain_review_required,insufficient_evidence,0.4,False,{},development,,,,0.0,,,,
frp:sentinel_frp_combined:central_africa_wildfire__91d9ed43-4cf6-47d5-bb87-1a1f26dd72d3.zip:1036,frp:sentinel_frp_combined,1036,1.6394729958607286,9.876518975064188,1993-06-07 21:35:54.726809+00:00,289.75,2.2812022860330674,0.592923126575466,central_africa_wildfire,central_africa_wildfire__91d9ed43-4cf6-47d5-bb87-1a1f26dd72d3.zip,,289.75,283.71200000000005,0.0,0.3004605100000002,2.2812022860330674,0.592923126575466,150.81773718660716,1037905.0,0.2187319027272729,0.2889855,31.89030452172515,144.80382660946586,53.93098855018616,1.0,563.0,88.0,0.0,0.0,7.0,0.6336325727398043,1.0,,,,20,20,20,20,1993-06-07 21:35:54.726809+00:00,53805.1257500108,53805.1257500108,uncertain,uncertain_review_required,insufficient_evidence,0.4,False,{},development,,,,0.0,,,,
frp:amazon_basin:amazon_basin__223f36a9-bb1f-4a89-8925-9c35d15292fd.zip:129,frp:amazon_basin,129,-12.450707968564984,-58.54355985219172,1993-07-07 13:47:49.622551+00:00,313.05,6.197774890714851,0.9529233983645372,amazon_basin,amazon_basin__223f36a9-bb1f-4a89-8925-9c35d15292fd.zip,,313.05,300.15500000000003,1.0,0.7677347820000004,6.197774890714851,0.9529233983645372,53.594475527548965,891237.9375,0.4558404012357146,0.7107153960000011,6.511281363800798,47.59638231276172,27.7210305929184,1.0,1017.0,1168.0,0.0,0.0,5.0,0.7642492259592721,1.0,,,,2,2,2,2,1993-07-07 13:47:49.622551+00:00,781247.9638263787,781247.9638263787,uncertain,uncertain_review_required,insufficient_evidence,0.4,False,{},development,,,,0.0,,,,
frp:sentinel_frp_combined:siberia_wildfire__4fff0f3b-bc89-4baf-8c7b-4b33aad77faa.zip:3708,frp:sentinel_frp_combined,3708,58.10381885330196,82.31065479218557,1993-06-07 16:09:55.903612+00:00,284.96000000000004,1.1290286928176927,0.1992807748571657,siberia_wildfire,siberia_wildfire__4fff0f3b-bc89-4baf-8c7b-4b33aad77faa.zip,,284.96000000000004,289.6946569535648,0.0,0.3336689745999998,1.1290286928176927,0.1992807748571657,108.9341710882194,1099670.375,0.2967513948750002,0.2310699800000003,35.326607929272974,94.05819991856762,27.198654174804688,1.0,504.0,483.0,15.0,0.0,7.0,0.7336352937848832,1.0,,,,40,40,40,40,1993-06-07 16:09:55.903612+00:00,166619.7520249921,166619.7520249921,uncertain,uncertain_review_required,insufficient_evidence,0.4,False,{},development,,,,0.0,,,,
frp:sentinel_frp_combined:siberia_wildfire__7b9d0178-7a9b-4f6d-84f2-e2ad5d35ae5d.zip:4226,frp:sentinel_frp_combined,4226,62.167375843042464,104.28417973670776,1993-06-07 13:28:45.039864+00:00,283.72,0.8939928083472266,0.8291413035310612,siberia_wildfire,siberia_wildfire__7b9d0178-7a9b-4f6d-84f2-e2ad5d35ae5d.zip,,283.72,284.803125,0.0,0.2757520800000003,0.8939928083472266,0.8291413035310612,75.78983107572871,962171.25,0.2324113971428573,0.2185684000000002,25.659927364132635,85.15221863920455,17.151747703552246,1.0,1340.0,40.0,0.0,0.0,5.0,0.7948472769958939,1.0,,,,4,4,4,4,1993-06-07 13:28:45.039864+00:00,231628.63499578869,231628.63499578869,uncertain,uncertain_review_required,insufficient_evidence,0.4,False,{},development,,,,0.0,,,,
frp:siberia_wildfire:siberia_wildfire__4fff0f3b-bc89-4baf-8c7b-4b33aad77faa.zip:375,frp:siberia_wildfire,375,54.05457086352533,77.9239628032609,1993-06-07 16:08:39.733879+00:00,291.33000000000004,1.7538755355136255,1.1035999866530963,siberia_wildfire,siberia_wildfire__4fff0f3b-bc89-4baf-8c7b-4b33aad77faa.zip,,291.33000000000004,290.15000000000003,0.0,0.4024739661000003,1.7538755355136255,1.1035999866530963,94.03014688956353,909442.25,0.3171457963076926,0.3096083550000005,11.26159434318755,95.90820107004802,21.749534606933597,1.0,874.0,106.0,0.0,1.0,5.0,0.7862185945741696,1.0,,,,6,6,6,6,1993-06-07 16:08:39.733879+00:00,198211.56038393243,198211.56038393243,uncertain,uncertain_review_required,insufficient_evidence,0.4,False,{},development,,,,0.0,,,,
frp:gulf_flaring:gulf_flaring__5354c465-ecde-4b9a-8a42-b93f56560577.zip:793,frp:gulf_flaring,793,32.43105291811946,51.29836287048408,1993-09-07 17:58:55.057058+00:00,296.04,4.998136780830158,9.219435298967475,gulf_flaring,gulf_flaring__5354c465-ecde-4b9a-8a42-b93f56560577.zip,,296.04,294.3053333333334,0.0,0.592259517600001,4.998136780830158,9.219435298967475,109.3717512624182,1003147.5,0.3561540471333337,0.3812077920000003,25.556203329500494,126.95733047183155,14.615627646446228,1.0,1336.0,152.0,1.0,0.0,5.0,0.8074809739843493,1.0,,,,22,22,22,22,1993-09-07 17:58:55.057058+00:00,163000.80710685533,163000.80710685533,uncertain,uncertain_review_required,insufficient_evidence,0.4,False,{},development,,,,0.0,,,,
frp:sentinel_frp_combined:china_industrial__0d7ba0c0-c144-44dc-bad0-007997140ad8.zip:1112,frp:sentinel_frp_combined,1112,21.27439494628732,105.33942873404352,1993-09-07 14:33:43.484380+00:00,295.99,3.0656089432812568,1.0006589180691177,china_industrial,china_industrial__0d7ba0c0-c144-44dc-bad0-007997140ad8.zip,,295.99,286.66408333333334,0.0,0.3754932061,3.0656089432812568,1.0006589180691177,116.55132608553448,988336.375,0.2598123738750001,0.3803705230000002,23.856928355681383,135.48735945896226,64.31746292114258,1.0,1310.0,75.0,0.0,0.0,7.0,0.6314002585740243,1.0,,,,60,60,60,60,1993-09-07 14:33:43.484380+00:00,217909.20137710695,217909.20137710695,uncertain,uncertain_review_required,insufficient_evidence,0.4,False,{},development,,,,0.0,,,,
frp:sentinel_frp_combined:gulf_flaring__249f7eaa-a006-4cd8-bf84-2e9a2f5a5565.zip:2338,frp:sentinel_frp_combined,2338,31.04511792161861,47.56926487989915,1993-09-06 07:10:18.299946+00:00,333.09000000000003,4.264879264164741,1.384924030932422,gulf_flaring,gulf_flaring__249f7eaa-a006-4cd8-bf84-2e9a2f5a5565.zip,,333.09000000000003,328.6377966101696,1.0,1.599022619000002,4.264879264164741,1.384924030932422,32.55095596612347,890334.75,1.3705952552033909,0.7500689000000013,6.531496992225129,33.634163443282915,16.277472972869873,1.0,978.0,1064.0,3.0,0.0,19.0,0.8125765808133663,1.0,,,,29,29,29,29,1993-09-06 07:10:18.299946+00:00,4973.851117929221,4973.851117929221,uncertain,uncertain_review_required,insufficient_evidence,0.4,False,{},development,,,,0.0,,,,
frp:firms_viirs_snpp_nrt_india:firms_viirs_snpp_nrt_india.csv:315,frp:firms_viirs_snpp_nrt_india,315,8.44242,80.37146,2026-09-01 07:50:00+00:00,337.13,4.32,0.0,,firms_viirs_snpp_nrt_india.csv,,337.13,,,,4.32,0.0,,,,,,,,,,,,,,,,n,N,D,3,3,3,3,2026-09-01 07:50:00+00:00,171080.0665807904,171080.0665807904,uncertain,uncertain_review_required,insufficient_evidence,0.4,False,{},development,,,,0.0,,,,
frp:siberia_wildfire:siberia_wildfire__4fff0f3b-bc89-4baf-8c7b-4b33aad77faa.zip:137,frp:siberia_wildfire,137,58.52442985224002,78.86751980087865,1993-06-07 16:09:56.516849+00:00,302.3,6.517613334939883,0.7703776545496195,siberia_wildfire,siberia_wildfire__4fff0f3b-bc89-4baf-8c7b-4b33aad77faa.zip,,302.3,288.4729411764706,0.0,0.5746572452000007,6.517613334939883,0.7703776545496195,98.83393463997386,980164.0625,0.2780142674651165,0.4978066300000002,23.42689622591431,92.68664329576954,23.525606155395508,1.0,690.0,573.0,2.0,0.0,7.0,0.7686511000876228,1.0,,,,42,42,42,42,1993-06-07 16:09:56.516849+00:00,30995.09726751112,30995.09726751112,uncertain,uncertain_review_required,insufficient_evidence,0.4,False,{},development,,,,0.0,,,,
frp:sentinel_frp_combined:siberia_wildfire__4fff0f3b-bc89-4baf-8c7b-4b33aad77faa.zip:3973,frp:sentinel_frp_combined,3973,60.64179384689419,77.4560378044423,1993-06-07 16:10:33.116912+00:00,293.89000000000004,2.554797383527982,1.042563947725642,siberia_wildfire,siberia_wildfire__4fff0f3b-bc89-4baf-8c7b-4b33aad77faa.zip,,293.89000000000004,289.72571428571433,0.0,0.4043984260000005,2.554797383527982,1.042563947725642,96.06535884290628,970911.0625,0.2871197074545457,0.3469494460000006,22.147080136753992,90.58517913351112,26.091296553611755,1.0,709.0,822.0,0.0,2.0,5.0,0.7594720386268604,1.0,,,,7,7,7,7,1993-06-07 16:10:33.116912+00:00,19411.24253857978,19411.24253857978,uncertain,uncertain_review_required,insufficient_evidence,0.4,False,{},development,,,,0.0,,,,
frp:sentinel_frp_combined:gulf_flaring__5e582e3c-6d99-4d34-8298-72ea8ec7e6f3.zip:3031,frp:sentinel_frp_combined,3031,30.366813923331165,47.61755487977723,1993-09-06 18:24:14.202621+00:00,306.43,2.9491367676589464,1.901304940590154,gulf_flaring,gulf_flaring__5e582e3c-6d99-4d34-8298-72ea8ec7e6f3.zip,,306.43,305.193125,0.0,0.7141250720000012,2.9491367676589464,1.901304940590154,118.9353227704402,915806.75,0.5612679233750003,0.5900970820000002,11.861359974997866,129.65791490376137,16.621425986289978,1.0,1131.0,1062.0,0.0,0.0,5.0,0.8088430739936147,1.0,,,,8,8,8,8,1993-09-06 18:24:14.202621+00:00,1951.8605931691218,1951.8605931691218,uncertain,uncertain_review_required,insufficient_evidence,0.4,False,{},development,,,,0.0,,,,
frp:firms_viirs_noaa20_nrt_india:firms_viirs_noaa20_nrt_india.csv:713,frp:firms_viirs_noaa20_nrt_india,713,15.90541,79.62249,2026-09-01 08:09:00+00:00,342.05,16.99,0.0,,firms_viirs_noaa20_nrt_india.csv,,342.05,,,,16.99,0.0,,,,,,,,,,,,,,,,n,N20,D,0,0,0,0,2026-09-01 08:09:00+00:00,140862.09193437028,140862.09193437028,uncertain,uncertain_review_required,insufficient_evidence,0.4,False,{},development,emergency_or_transient_fire,wildfire_or_agricultural_burn,day_fire_far_from_flare,0.65,conf=n+D+flare140862m+p90=0+frp=17.0,,,
frp:firms_viirs_snpp_nrt_india:firms_viirs_snpp_nrt_india.csv:509,frp:firms_viirs_snpp_nrt_india,509,12.29417,79.93931,2026-09-01 20:23:00+00:00,325.11,1.98,0.0,,firms_viirs_snpp_nrt_india.csv,,325.11,,,,1.98,0.0,,,,,,,,,,,,,,,,n,N,N,0,0,0,0,2026-09-01 20:23:00+00:00,103291.61586950223,103291.61586950223,uncertain,uncertain_review_required,insufficient_evidence,0.4,False,{},development,,,,0.0,,,,
frp:siberia_wildfire:siberia_wildfire__4fff0f3b-bc89-4baf-8c7b-4b33aad77faa.zip:302,frp:siberia_wildfire,302,52.78068186674159,72.70823381642936,1993-06-07 16:08:39.463580+00:00,292.71000000000004,9.38027300174207,6.688617872545294,siberia_wildfire,siberia_wildfire__4fff0f3b-bc89-4baf-8c7b-4b33aad77faa.zip,,292.71000000000004,290.7846875,0.0,0.7521242312000012,9.38027300174207,6.688617872545294,84.81755060994605,956982.0,0.3048240385333336,0.3293032110000005,19.47908399606644,94.96812300691506,21.59441864490509,1.0,1247.0,76.0,1.0,0.0,5.0,0.7810306787764233,1.0,,,,12,12,12,12,1993-06-07 16:08:39.463580+00:00,259068.3741531015,259068.3741531015,uncertain,uncertain_review_required,insufficient_evidence,0.4,False,{},development,,,,0.0,,,,
frp:firms_viirs_snpp_nrt_india:firms_viirs_snpp_nrt_india.csv:143,frp:firms_viirs_snpp_nrt_india,143,31.3222,72.33394,2026-08-31 08:13:00+00:00,341.28,8.52,0.0,,firms_viirs_snpp_nrt_india.csv,,341.28,,,,8.52,0.0,,,,,,,,,,,,,,,,n,N,D,0,0,0,0,2026-08-31 08:13:00+00:00,185636.64719167314,185636.64719167314,uncertain,uncertain_review_required,insufficient_evidence,0.4,False,{},development,emergency_or_transient_fire,wildfire_or_agricultural_burn,day_fire_far_from_flare,0.65,conf=n+D+flare185637m+p90=0+frp=8.5,,,
frp:sentinel_frp_combined:siberia_wildfire__4fff0f3b-bc89-4baf-8c7b-4b33aad77faa.zip:3404,frp:sentinel_frp_combined,3404,58.527753852231626,77.46925780440893,1993-06-07 16:09:56.222873+00:00,312.21000000000004,24.57843341826312,3.005871497735343,siberia_wildfire,siberia_wildfire__4fff0f3b-bc89-4baf-8c7b-4b33aad77faa.zip,,312.21000000000004,294.14947368421053,0.0,1.5404263549999997,24.57843341826312,3.005871497735343,94.85113515599478,944317.125,0.3284096467777782,0.7430220200000011,18.11919251729453,92.27504615584888,23.28172755241394,1.0,769.0,594.0,0.0,0.0,7.0,0.7750653830807431,1.0,,,,33,33,33,33,1993-06-07 16:09:56.222873+00:00,34012.61179450539,34012.61179450539,uncertain,uncertain_review_required,insufficient_evidence,0.4,False,{},development,,,,0.0,,,,
frp:firms_viirs_noaa20_nrt_india:firms_viirs_noaa20_nrt_india.csv:219,frp:firms_viirs_noaa20_nrt_india,219,17.96539,75.48702,2026-08-31 08:30:00+00:00,336.33,3.37,0.0,,firms_viirs_noaa20_nrt_india.csv,,336.33,,,,3.37,0.0,,,,,,,,,,,,,,,,n,N20,D,0,0,0,0,2026-08-31 08:30:00+00:00,287712.09926311095,287712.09926311095,uncertain,uncertain_review_required,insufficient_evidence,0.4,False,{},development,emergency_or_transient_fire,wildfire_or_agricultural_burn,day_fire_far_from_flare,0.65,conf=n+D+flare287712m+p90=0+frp=3.4,,,
frp:siberia_wildfire:siberia_wildfire__4fff0f3b-bc89-4baf-8c7b-4b33aad77faa.zip:86,frp:siberia_wildfire,86,58.83038985146754,88.78497377583949,1993-06-07 16:10:42.380334+00:00,312.40000000000003,29.4770793232709,4.284776148724739,siberia_wildfire,siberia_wildfire__4fff0f3b-bc89-4baf-8c7b-4b33aad77faa.zip,,312.40000000000003,292.94090909090914,0.0,1.1380124440000006,29.4770793232709,4.284776148724739,126.7018509010524,1368678.0,0.3043787682857144,0.748600800000001,55.29331109769992,95.09739866038667,27.37950897216797,1.0,118.0,507.0,0.0,0.0,7.0,0.6595711893236748,1.0,,,,83,83,83,83,1993-06-07 16:10:42.380334+00:00,283268.80604676466,283268.80604676466,uncertain,uncertain_review_required,insufficient_evidence,0.4,False,{},development,,,,0.0,,,,
frp:sentinel_frp_combined:siberia_wildfire__4fff0f3b-bc89-4baf-8c7b-4b33aad77faa.zip:3602,frp:sentinel_frp_combined,3602,55.001640861134206,81.3923367945041,1993-06-07 16:08:57.414534+00:00,288.96000000000004,4.539804603582314,10.458751638885216,siberia_wildfire,siberia_wildfire__4fff0f3b-bc89-4baf-8c7b-4b33aad77faa.zip,,288.96000000000004,287.4806682206682,0.0,0.4631485856000008,4.539804603582314,10.458751638885216,104.78778625016076,1014043.0625,0.2553702493000003,0.2780621840000004,27.40908537924691,96.2771966531364,21.235204696655277,1.0,630.0,154.0,3.0,0.0,5.0,0.7734762322209648,1.0,,,,15,15,15,15,1993-06-07 16:08:57.414534+00:00,254986.2180372718,254986.2180372718,uncertain,uncertain_review_required,insufficient_evidence,0.4,False,{},development,,,,0.0,,,,
frp:gulf_flaring:gulf_flaring__07554d1c-45ab-471f-bda9-f460f68ae9e0.zip:303,frp:gulf_flaring,303,31.170709921301523,48.06309187865236,1993-09-07 18:37:03.648968+00:00,312.51,52.44806352085003,5.830809751867216,gulf_flaring,gulf_flaring__07554d1c-45ab-471f-bda9-f460f68ae9e0.zip,,312.51,302.78937500000006,0.0,3.039802800000005,52.44806352085003,5.830809751867216,136.08581605894793,902654.0625,0.5099360492307696,0.7531479399999996,18.529285184898644,131.77677185193224,31.44618773460388,1.0,764.0,1069.0,0.0,0.0,5.0,0.7417360960389691,1.0,,,,17,17,17,17,1993-09-07 18:37:03.648968+00:00,12316.237109336602,12316.237109336602,uncertain,uncertain_review_required,insufficient_evidence,0.4,False,{},development,,,,0.0,,,,
frp:gulf_flaring:gulf_flaring__249f7eaa-a006-4cd8-bf84-2e9a2f5a5565.zip:658,frp:gulf_flaring,658,31.0931669214973,47.64716887970246,1993-09-06 07:10:17.400468+00:00,333.59000000000003,4.775199463764738,1.398074476696468,gulf_flaring,gulf_flaring__249f7eaa-a006-4cd8-bf84-2e9a2f5a5565.zip,,333.59000000000003,328.6377966101696,1.0,1.6268671690000018,4.775199463764738,1.398074476696468,32.07634082195927,890149.125,1.3705952552033909,0.7474263200000004,6.434070465908571,33.619963822840184,15.968901872634888,1.0,984.0,1057.0,3.0,0.0,19.0,0.8140327069828184,1.0,,,,26,26,26,26,1993-09-06 07:10:17.400468+00:00,2336.6620304452435,2336.6620304452435,uncertain,uncertain_review_required,insufficient_evidence,0.4,False,{},development,,,,0.0,,,,
frp:gulf_flaring:gulf_flaring__5354c465-ecde-4b9a-8a42-b93f56560577.zip:884,frp:gulf_flaring,884,38.74966990216649,56.9144198563049,1993-09-07 18:00:17.802193+00:00,295.57,5.905311400663702,0.8262614338118327,gulf_flaring,gulf_flaring__5354c465-ecde-4b9a-8a42-b93f56560577.zip,,295.57,279.146,0.0,0.4398073256000002,5.905311400663702,0.8262614338118327,133.09198867035124,988922.4375,0.1771747142222223,0.3735422889999999,24.469133160659705,126.0504962622056,27.902843952178955,1.0,676.0,710.0,0.0,0.0,7.0,0.7494413805803638,1.0,,,,43,43,43,43,1993-09-07 18:00:17.802193+00:00,115310.7919923885,115310.7919923885,uncertain,uncertain_review_required,insufficient_evidence,0.4,False,{},development,,,,0.0,,,,
frp:siberia_wildfire:siberia_wildfire__4fff0f3b-bc89-4baf-8c7b-4b33aad77faa.zip:569,frp:siberia_wildfire,569,58.834841851456304,88.686148776089,1993-06-07 16:10:41.480624+00:00,291.04,8.13070880776878,37.807481046197374,siberia_wildfire,siberia_wildfire__4fff0f3b-bc89-4baf-8c7b-4b33aad77faa.zip,,291.04,291.38479422833103,0.0,0.5126673912999998,8.13070880776878,37.807481046197374,126.44563487272389,1365699.375,0.2813172014285717,0.3055502400000003,55.03359336948208,95.05011162802867,27.149672746658325,1.0,124.0,508.0,0.0,0.0,7.0,0.6621648966661455,1.0,,,,4,4,4,4,1993-06-07 16:10:41.480624+00:00,285967.05509718735,285967.05509718735,uncertain,uncertain_review_required,insufficient_evidence,0.4,False,{},development,,,,0.0,,,,
frp:gulf_flaring:gulf_flaring__249f7eaa-a006-4cd8-bf84-2e9a2f5a5565.zip:624,frp:gulf_flaring,624,34.53451491280873,46.60973688232173,1993-09-06 07:09:28.187704+00:00,333.18,9.905404009897142,2.4106489239284947,gulf_flaring,gulf_flaring__249f7eaa-a006-4cd8-bf84-2e9a2f5a5565.zip,,333.18,321.933125,1.0,1.6040346380000003,9.905404009897142,2.4106489239284947,48.56944953673674,930361.0,1.0799252035625009,0.7453709800000006,15.840996024103084,36.727191583333614,10.325883746147156,1.0,804.0,708.0,0.0,0.0,5.0,0.8388240448199143,1.0,,,,3,3,3,3,1993-09-06 07:09:28.187704+00:00,80601.57591559883,80601.57591559883,uncertain,uncertain_review_required,insufficient_evidence,0.4,False,{},development,,,,0.0,,,,
frp:sentinel_frp_combined:central_africa_wildfire__127ffed6-bb4b-43b2-a61c-acb9bc1d13e3.zip:767,frp:sentinel_frp_combined,767,-8.169281979374546,24.104539939141887,1993-06-07 20:54:16.282179+00:00,289.13,6.126948749865766,4.237542173889615,central_africa_wildfire,central_africa_wildfire__127ffed6-bb4b-43b2-a61c-acb9bc1d13e3.zip,,289.13,290.36375,0.0,0.5116139344000008,6.126948749865766,4.237542173889615,151.89900592915896,1233735.875,0.2976084184444446,0.2802457779999999,45.41505584312868,154.17658525548467,20.97935724258423,1.0,329.0,918.0,0.0,0.0,5.0,0.7345246521319118,1.0,,,,1,1,1,1,1993-06-07 20:54:16.282179+00:00,737363.70448676,737363.70448676,uncertain,uncertain_review_required,insufficient_evidence,0.4,False,{},development,,,,0.0,,,,
frp:firms_viirs_snpp_nrt_india:firms_viirs_snpp_nrt_india.csv:548,frp:firms_viirs_snpp_nrt_india,548,8.5307,80.74348,2026-09-01 20:25:00+00:00,311.93,2.89,0.0,,firms_viirs_snpp_nrt_india.csv,,311.93,,,,2.89,0.0,,,,,,,,,,,,,,,,n,N,N,12,12,12,12,2026-09-01 20:25:00+00:00,195010.41353546304,195010.41353546304,uncertain,uncertain_review_required,insufficient_evidence,0.4,False,{},development,,,,0.0,,,,
frp:sentinel_frp_combined:siberia_wildfire__4fff0f3b-bc89-4baf-8c7b-4b33aad77faa.zip:3413,frp:sentinel_frp_combined,3413,58.5364768522096,77.46236780442632,1993-06-07 16:09:56.222873+00:00,312.75,125.12729174161647,15.60340315753587,siberia_wildfire,siberia_wildfire__4fff0f3b-bc89-4baf-8c7b-4b33aad77faa.zip,,312.75,295.2519047619048,0.0,6.383215588000005,125.12729174161647,15.60340315753587,94.84353199293184,944317.125,0.3284096467777782,0.7588775,18.11916848163256,92.26687703984086,23.292751669883728,1.0,769.0,595.0,0.0,1.0,7.0,0.7750188340894494,1.0,,,,28,28,28,28,1993-06-07 16:09:56.222873+00:00,34557.55630151041,34557.55630151041,uncertain,uncertain_review_required,insufficient_evidence,0.4,False,{},development,,,,0.0,,,,
frp:firms_viirs_snpp_nrt_india:firms_viirs_snpp_nrt_india.csv:206,frp:firms_viirs_snpp_nrt_india,206,38.33112,68.12318,2026-08-31 22:16:00+00:00,317.57,1.23,0.0,,firms_viirs_snpp_nrt_india.csv,,317.57,,,,1.23,0.0,,,,,,,,,,,,,,,,n,N,N,0,0,0,0,2026-08-31 22:16:00+00:00,134467.06195626315,134467.06195626315,uncertain,uncertain_review_required,insufficient_evidence,0.4,False,{},development,,,,0.0,,,,
frp:amazon_basin:amazon_basin__abb5665d-9dc6-422b-ab36-0e683ba688a3.zip:189,frp:amazon_basin,189,-13.388226966197976,-61.08355384577885,1993-07-07 13:48:18.401843+00:00,314.37,5.620104927000542,1.261155968361802,amazon_basin,amazon_basin__abb5665d-9dc6-422b-ab36-0e683ba688a3.zip,,314.37,304.35687500000006,1.0,0.8081466883000001,5.620104927000542,1.261155968361802,63.28754382383874,943898.3125,0.5439955396125005,0.7427284000000014,18.049121659265214,49.88992539294552,28.03154718875885,1.0,771.0,130.0,0.0,0.0,5.0,0.7559670731192705,1.0,,,,2,2,2,2,1993-07-07 13:48:18.401843+00:00,514909.35766116955,514909.35766116955,uncertain,uncertain_review_required,insufficient_evidence,0.4,False,{},development,,,,0.0,,,,
frp:gulf_flaring:gulf_flaring__249f7eaa-a006-4cd8-bf84-2e9a2f5a5565.zip:659,frp:gulf_flaring,659,31.10026692147937,47.57357287988828,1993-09-06 07:10:17.399896+00:00,333.25,4.429283990756598,1.3900542897095345,gulf_flaring,gulf_flaring__249f7eaa-a006-4cd8-bf84-2e9a2f5a5565.zip,,333.25,328.6377966101696,1.0,1.6079328750000002,4.429283990756598,1.3900542897095345,32.65336218407688,890271.125,1.3705952552033909,0.750362520000001,6.552179743734511,33.67037985547904,16.211086869239807,1.0,977.0,1058.0,3.0,0.0,19.0,0.812877184435349,1.0,,,,11,11,11,11,1993-09-06 07:10:17.399896+00:00,5453.336771171271,5453.336771171271,uncertain,uncertain_review_required,insufficient_evidence,0.4,False,{},development,,,,0.0,,,,
frp:firms_viirs_noaa20_nrt_india:firms_viirs_noaa20_nrt_india.csv:952,frp:firms_viirs_noaa20_nrt_india,952,11.11218,77.13387,2026-09-02 07:50:00+00:00,334.45,3.76,0.0,,firms_viirs_noaa20_nrt_india.csv,,334.45,,,,3.76,0.0,,,,,,,,,,,,,,,,n,N20,D,0,0,0,0,2026-09-02 07:50:00+00:00,151320.35825388043,151320.35825388043,uncertain,uncertain_review_required,insufficient_evidence,0.4,False,{},development,emergency_or_transient_fire,wildfire_or_agricultural_burn,day_fire_far_from_flare,0.65,conf=n+D+flare151320m+p90=0+frp=3.8,,,
frp:firms_viirs_noaa20_nrt_india:firms_viirs_noaa20_nrt_india.csv:926,frp:firms_viirs_noaa20_nrt_india,926,8.7351,80.78097,2026-09-02 07:50:00+00:00,342.49,10.38,0.0,,firms_viirs_noaa20_nrt_india.csv,,342.49,,,,10.38,0.0,,,,,,,,,,,,,,,,l,N20,D,0,0,0,0,2026-09-02 07:50:00+00:00,217289.71179840693,217289.71179840693,uncertain,uncertain_review_required,insufficient_evidence,0.4,False,{},development,uncertain,other_or_uncertain,low_confidence_isolated_day,0.6,conf=l+p90=0+D,,,
frp:siberia_wildfire:siberia_wildfire__4fff0f3b-bc89-4baf-8c7b-4b33aad77faa.zip:799,frp:siberia_wildfire,799,60.665512846834304,77.52227980427506,1993-06-07 16:10:33.416571+00:00,294.16,1.064649813004255,0.4079707505538961,siberia_wildfire,siberia_wildfire__4fff0f3b-bc89-4baf-8c7b-4b33aad77faa.zip,,294.16,289.72571428571433,0.0,0.3359326936000004,1.064649813004255,0.4079707505538961,96.30194952244376,973021.0,0.2871197074545457,0.3511160440000004,22.481412165532348,90.5871363762694,25.817450523376465,1.0,704.0,824.0,0.0,2.0,5.0,0.7601869296420701,1.0,,,,10,10,10,10,1993-06-07 16:10:33.416571+00:00,20961.833837783164,20961.833837783164,uncertain,uncertain_review_required,insufficient_evidence,0.4,False,{},development,,,,0.0,,,,
frp:gulf_flaring:gulf_flaring__5354c465-ecde-4b9a-8a42-b93f56560577.zip:767,frp:gulf_flaring,767,31.947306919340804,54.04492586354968,1993-09-07 17:58:28.339660+00:00,297.55,2.655171261286474,4.664227304255181,gulf_flaring,gulf_flaring__5354c465-ecde-4b9a-8a42-b93f56560577.zip,,297.55,296.500625,0.0,0.5286995875,2.655171261286474,4.664227304255181,119.5241953486829,905639.25,0.3891384090833334,0.4070227050000001,9.92289954068852,128.95369016292085,16.321234107017517,1.0,1099.0,34.0,0.0,0.0,5.0,0.8111420497791417,1.0,,,,0,0,0,0,1993-09-07 17:58:28.339660+00:00,243660.38107736324,243660.38107736324,uncertain,uncertain_review_required,insufficient_evidence,0.4,False,{},development,,,,0.0,,,,
frp:central_africa_wildfire:central_africa_wildfire__127ffed6-bb4b-43b2-a61c-acb9bc1d13e3.zip:707,frp:central_africa_wildfire,707,-7.599102980814109,16.885417957368418,1993-06-07 20:54:15.738311+00:00,292.96000000000004,0.9413103519230832,2.464185160616967,central_africa_wildfire,central_africa_wildfire__127ffed6-bb4b-43b2-a61c-acb9bc1d13e3.zip,,292.96000000000004,293.5840625,0.0,0.38896674,0.9413103519230832,2.464185160616967,138.523156499113,903324.875,0.3428144549333335,0.3329367360000005,9.473610674338104,147.96664039716745,29.4258930683136,1.0,1091.0,1158.0,0.0,0.0,5.0,0.7564847559799546,1.0,,,,13,13,13,13,1993-06-07 20:54:15.738311+00:00,497044.2948682523,497044.2948682523,uncertain,uncertain_review_required,insufficient_evidence,0.4,False,{},development,,,,0.0,,,,
frp:sentinel_frp_combined:central_africa_wildfire__91d9ed43-4cf6-47d5-bb87-1a1f26dd72d3.zip:1045,frp:sentinel_frp_combined,1045,1.649470995835486,9.871602975076598,1993-06-07 21:35:55.026795+00:00,291.07,2.3207665025203394,0.502787932542152,central_africa_wildfire,central_africa_wildfire__91d9ed43-4cf6-47d5-bb87-1a1f26dd72d3.zip,,291.07,283.71200000000005,0.0,0.3018096100000005,2.3207665025203394,0.502787932542152,150.81077432432872,1037905.0,0.2187319027272729,0.3067031199999999,31.890338997796565,144.7966028402852,54.083045959472656,1.0,563.0,89.0,0.0,0.0,7.0,0.6331115694544561,1.0,,,,41,41,41,41,1993-06-07 21:35:55.026795+00:00,53654.92584971865,53654.92584971865,uncertain,uncertain_review_required,insufficient_evidence,0.4,False,{},development,,,,0.0,,,,
frp:sentinel_frp_combined:central_africa_wildfire__0beec313-bad6-4801-9725-7642c0f06960.zip:360,frp:sentinel_frp_combined,360,-0.7102119982068871,12.483482968482235,1993-06-07 21:35:27.713757+00:00,292.54,5.047875295836654,0.9305878642722188,central_africa_wildfire,central_africa_wildfire__0beec313-bad6-4801-9725-7642c0f06960.zip,,292.54,284.4438461538461,0.0,0.3678679400000002,5.047875295836654,0.9305878642722188,150.1585498721321,1275989.75,0.2302912200000001,0.3275993200000003,45.12052894404883,148.1999994983509,50.1746940612793,1.0,336.0,567.0,0.0,0.0,7.0,0.6047243570688356,1.0,,,,43,43,43,43,1993-06-07 21:35:27.713757+00:00,252280.7936223852,252280.7936223852,uncertain,uncertain_review_required,insufficient_evidence,0.4,False,{},development,,,,0.0,,,,
frp:sentinel_frp_combined:gulf_flaring__249f7eaa-a006-4cd8-bf84-2e9a2f5a5565.zip:2326,frp:sentinel_frp_combined,2326,31.062748921574094,47.57407287988701,1993-09-06 07:10:17.999949+00:00,334.38,5.616531447224034,1.4327500256075545,gulf_flaring,gulf_flaring__249f7eaa-a006-4cd8-bf84-2e9a2f5a5565.zip,,334.38,328.6377966101696,1.0,1.6714687599999998,5.616531447224034,1.4327500256075545,32.55753432331783,890334.75,1.3705952552033909,0.7500689000000013,6.53147608842296,33.64361255676968,16.24736452102661,1.0,978.0,1062.0,3.0,0.0,19.0,0.81271572888516,1.0,,,,24,24,24,24,1993-09-06 07:10:17.999949+00:00,4126.660671165397,4126.660671165397,uncertain,uncertain_review_required,insufficient_evidence,0.4,False,{},development,,,,0.0,,,,
frp:siberia_wildfire:siberia_wildfire__4fff0f3b-bc89-4baf-8c7b-4b33aad77faa.zip:461,frp:siberia_wildfire,461,55.769635859195205,73.63266581409539,1993-06-07 16:09:18.449150+00:00,290.69,2.8229016515872307,70.62382086596284,siberia_wildfire,siberia_wildfire__4fff0f3b-bc89-4baf-8c7b-4b33aad77faa.zip,,290.69,290.6977131159439,0.0,0.4478942109000003,2.8229016515872307,70.62382086596284,85.14533817509967,900417.1875,0.3010612888461542,0.3008151099999999,8.894931199702626,93.11431144160404,20.94954323768616,1.0,1081.0,368.0,0.0,0.0,5.0,0.7906896835390861,1.0,,,,9,9,9,9,1993-06-07 16:09:18.449150+00:00,79156.04488822908,79156.04488822908,uncertain,uncertain_review_required,insufficient_evidence,0.4,False,{},development,,,,0.0,,,,
frp:sentinel_frp_combined:gulf_flaring__249f7eaa-a006-4cd8-bf84-2e9a2f5a5565.zip:2229,frp:sentinel_frp_combined,2229,36.46161990794326,50.82362887168267,1993-09-06 07:08:42.015296+00:00,317.15000000000003,7.921688795437453,1.2409733919265304,gulf_flaring,gulf_flaring__249f7eaa-a006-4cd8-bf84-2e9a2f5a5565.zip,,317.15000000000003,301.0444444444444,1.0,0.8988246670000011,7.921688795437453,1.2409733919265304,24.574306062049555,914199.5625,0.4741960076555556,0.7433156400000007,11.51893799802286,35.93853610644487,11.460753440856934,1.0,1126.0,411.0,0.0,0.0,5.0,0.835030089209498,1.0,,,,28,28,28,28,1993-09-06 07:08:42.015296+00:00,88797.94549623261,88797.94549623261,uncertain,uncertain_review_required,insufficient_evidence,0.4,False,{},development,,,,0.0,,,,
frp:sentinel_frp_combined:china_industrial__c1cd4b46-50c7-4dc6-b61f-79dd085a5792.zip:1580,frp:sentinel_frp_combined,1580,39.46977790034839,118.24123370146958,1993-09-07 13:36:32.690294+00:00,294.35,1.072592538700273,1.6206665766526784,china_industrial,china_industrial__c1cd4b46-50c7-4dc6-b61f-79dd085a5792.zip,,294.35,293.799375,0.0,0.4023046000000003,1.072592538700273,1.6206665766526784,115.90653898425424,848721.375,0.3465562162500003,0.3549015000000003,7.085984177196298,122.99247751801629,30.87920641899109,1.0,1044.0,879.0,0.0,0.0,5.0,0.7516786926832072,1.0,,,,9,9,9,9,1993-09-07 13:36:32.690294+00:00,54544.5638615162,54544.5638615162,uncertain,uncertain_review_required,insufficient_evidence,0.4,False,{},development,,,,0.0,,,,
frp:sentinel_frp_combined:siberia_wildfire__4fff0f3b-bc89-4baf-8c7b-4b33aad77faa.zip:3493,frp:sentinel_frp_combined,3493,52.59557686720893,71.65762581908189,1993-06-07 16:08:43.668941+00:00,295.26,5.581518309814075,5.453542690270373,siberia_wildfire,siberia_wildfire__4fff0f3b-bc89-4baf-8c7b-4b33aad77faa.zip,,295.26,293.0519791666667,0.0,0.5898567796000004,5.581518309814075,5.453542690270373,84.41509582063813,993027.375,0.3301551742500004,0.3685024019999999,24.44574611822594,94.72726397506732,21.827873587608337,1.0,1321.0,81.0,0.0,0.0,5.0,0.7747557203602452,1.0,,,,12,12,12,12,1993-06-07 16:08:43.668941+00:00,296732.98073446413,296732.98073446413,uncertain,uncertain_review_required,insufficient_evidence,0.4,False,{},development,,,,0.0,,,,
frp:siberia_wildfire:siberia_wildfire__4fff0f3b-bc89-4baf-8c7b-4b33aad77faa.zip:778,frp:siberia_wildfire,778,60.06946484833918,76.00762880809918,1993-06-07 16:10:23.224519+00:00,297.65000000000003,2.0325375501735867,0.8404863245277834,siberia_wildfire,siberia_wildfire__4fff0f3b-bc89-4baf-8c7b-4b33aad77faa.zip,,297.65000000000003,292.41421875000003,0.0,0.4241476092999998,2.0325375501735867,0.8404863245277834,91.82531481456832,930361.0,0.3252378378750003,0.4087722150000005,15.835042680248511,90.6245397837038,26.66368269920349,1.0,803.0,782.0,0.0,0.0,5.0,0.7631713853429947,1.0,,,,11,11,11,11,1993-06-07 16:10:23.224519+00:00,28140.70309709883,28140.70309709883,uncertain,uncertain_review_required,insufficient_evidence,0.4,False,{},development,,,,0.0,,,,
frp:firms_viirs_snpp_nrt_india:firms_viirs_snpp_nrt_india.csv:34,frp:firms_viirs_snpp_nrt_india,34,7.94297,81.295,2026-08-31 08:07:00+00:00,350.67,80.22,0.0,,firms_viirs_snpp_nrt_india.csv,,350.67,,,,80.22,0.0,,,,,,,,,,,,,,,,n,N,D,2,2,2,2,2026-08-31 08:07:00+00:00,183658.6007400429,183658.6007400429,uncertain,uncertain_review_required,insufficient_evidence,0.4,False,{},development,emergency_or_transient_fire,wildfire_or_agricultural_burn,day_fire_far_from_flare,0.65,conf=n+D+flare183659m+p90=2+frp=80.2,,,
frp:sentinel_frp_combined:gulf_flaring__06ea85e3-0e01-4c85-b788-ed0287e7ac6d.zip:1746,frp:sentinel_frp_combined,1746,30.379182923299936,47.34907088045509,1993-09-06 19:03:29.668496+00:00,312.11,14.74075410984951,1.5253031826888312,gulf_flaring,gulf_flaring__06ea85e3-0e01-4c85-b788-ed0287e7ac6d.zip,,312.11,303.33246031746035,0.0,0.9788556100000002,14.74075410984951,1.5253031826888312,148.6065114902247,1391614.375,0.5163627514285719,0.7413903400000004,50.32940268704489,135.38780762519642,16.657386302947998,1.0,232.0,877.0,0.0,0.0,5.0,0.7398916157695334,1.0,,,,29,29,29,29,1993-09-06 19:03:29.668496+00:00,2629.6479519809254,2629.6479519809254,uncertain,uncertain_review_required,insufficient_evidence,0.4,False,{},development,,,,0.0,,,,
frp:sentinel_frp_combined:siberia_wildfire__4fff0f3b-bc89-4baf-8c7b-4b33aad77faa.zip:3586,frp:sentinel_frp_combined,3586,54.72402286183512,80.3969567970172,1993-06-07 16:08:50.819904+00:00,312.27000000000004,2.3028134009427514,0.2427256414399096,siberia_wildfire,siberia_wildfire__4fff0f3b-bc89-4baf-8c7b-4b33aad77faa.zip,,312.27000000000004,284.91041386309763,0.0,0.3409128754000001,2.3028134009427514,0.2427256414399096,101.52170902823826,975682.8125,0.2434066402857145,0.7447837400000011,22.77693995371869,96.20257623750383,21.39021372795105,1.0,700.0,138.0,71.0,0.0,11.0,0.7785844419965842,1.0,,,,7,7,7,7,1993-06-07 16:08:50.819904+00:00,247738.3911354583,247738.3911354583,uncertain,uncertain_review_required,insufficient_evidence,0.4,False,{},development,,,,0.0,,,,
frp:sentinel_frp_combined:amazon_basin__1ca56dcb-14de-42ad-a977-68e3c0936a88.zip:25,frp:sentinel_frp_combined,25,-11.642791970604776,-74.79718981115525,1993-07-07 14:27:37.576289+00:00,308.33000000000004,7.396438776291447,1.775190535513498,amazon_basin,amazon_basin__1ca56dcb-14de-42ad-a977-68e3c0936a88.zip,,308.33000000000004,294.823125,1.0,0.638323860000001,7.396438776291447,1.775190535513498,75.76313380495822,1302989.0,0.3606551438461539,0.5486524000000006,46.221144358245056,51.47585581684602,3.867358297109604,1.0,313.0,44.0,0.0,0.0,5.0,0.8335173135681373,1.0,,,,2,2,2,2,1993-07-07 14:27:37.576289+00:00,177454.19364828625,177454.19364828625,uncertain,uncertain_review_required,insufficient_evidence,0.4,False,{},development,,,,0.0,,,,
frp:sentinel_frp_combined:gulf_flaring__07554d1c-45ab-471f-bda9-f460f68ae9e0.zip:2082,frp:sentinel_frp_combined,2082,30.623197922683858,47.31956988052957,1993-09-07 18:36:54.355862+00:00,307.05,3.0663744888720506,0.4246483541334081,gulf_flaring,gulf_flaring__07554d1c-45ab-471f-bda9-f460f68ae9e0.zip,,307.05,304.2596875,0.0,0.6992540200000001,3.0663744888720506,0.4246483541334081,132.8103328238468,870153.875,0.5413438092307696,0.6061844500000003,13.021479873104743,131.66835140281495,26.89872169494629,1.0,846.0,1025.0,0.0,0.0,5.0,0.7642348604468157,1.0,,,,32,32,32,32,1993-09-07 18:36:54.355862+00:00,1628.6698879136025,1628.6698879136025,uncertain,uncertain_review_required,insufficient_evidence,0.4,False,{},development,,,,0.0,,,,
frp:siberia_wildfire:siberia_wildfire__557fbf27-71ca-4b9d-8f46-75fa42ea7c15.zip:885,frp:siberia_wildfire,885,57.48325085486874,90.9185197704528,1993-06-07 15:07:45.931496+00:00,288.68,1.350857958525904,13.008030210555727,siberia_wildfire,siberia_wildfire__557fbf27-71ca-4b9d-8f46-75fa42ea7c15.zip,,288.68,288.48400000000004,0.0,0.3451780800000004,1.350857958525904,13.008030210555727,89.33243523833796,852709.125,0.2733153070000002,0.2752525200000001,8.849594437709042,92.43216364204368,25.2270622253418,1.0,914.0,515.0,5.0,0.0,5.0,0.772973823002233,1.0,,,,24,24,24,24,1993-06-07 15:07:45.931496+00:00,115037.49193955395,115037.49193955395,uncertain,uncertain_review_required,insufficient_evidence,0.4,False,{},development,,,,0.0,,,,
frp:sentinel_frp_combined:gulf_flaring__5e582e3c-6d99-4d34-8298-72ea8ec7e6f3.zip:2954,frp:sentinel_frp_combined,2954,29.245949926161074,50.287508873036245,1993-09-06 18:23:46.285625+00:00,304.38,1.520487095893073,0.946717858730112,gulf_flaring,gulf_flaring__5e582e3c-6d99-4d34-8298-72ea8ec7e6f3.zip,,304.38,303.108,0.0,0.5924997914000008,1.520487095893073,0.946717858730112,130.49390386169767,901087.625,0.5150353278000004,0.5426396799999998,9.259610362750111,132.05037112383047,22.924421191215515,1.0,909.0,882.0,0.0,6.0,5.0,0.7822694950562937,1.0,,,,2,2,2,2,1993-09-06 18:23:46.285625+00:00,1578.7369226551393,1578.7369226551393,uncertain,uncertain_review_required,insufficient_evidence,0.4,False,{},development,,,,0.0,,,,
frp:firms_viirs_snpp_nrt_india:firms_viirs_snpp_nrt_india.csv:207,frp:firms_viirs_snpp_nrt_india,207,38.33209,68.1195,2026-08-31 22:16:00+00:00,302.52,1.23,0.0,,firms_viirs_snpp_nrt_india.csv,,302.52,,,,1.23,0.0,,,,,,,,,,,,,,,,n,N,N,1,1,1,1,2026-08-31 22:16:00+00:00,134133.98926636938,134133.98926636938,uncertain,uncertain_review_required,insufficient_evidence,0.4,False,{},development,,,,0.0,,,,
frp:sentinel_frp_combined:china_industrial__af461e28-e4fd-483d-b1fc-9baa422c02cc.zip:1452,frp:sentinel_frp_combined,1452,35.37506391068655,109.80459372277004,1993-09-07 03:20:50.893144+00:00,317.35,8.340596779409589,1.881231464189584,china_industrial,china_industrial__af461e28-e4fd-483d-b1fc-9baa422c02cc.zip,,317.35,304.815,1.0,0.9057215030000008,8.340596779409589,1.881231464189584,19.283906588732805,997403.875,0.5553505412200004,0.7023946320000007,24.939766134870865,34.31117222922407,36.203896045684814,1.0,1327.0,481.0,0.0,0.0,5.0,0.7139562846792648,1.0,,,,12,12,12,12,1993-09-07 03:20:50.893144+00:00,71423.35217105137,71423.35217105137,uncertain,uncertain_review_required,insufficient_evidence,0.4,False,{},development,,,,0.0,,,,
frp:firms_viirs_snpp_nrt_india:firms_viirs_snpp_nrt_india.csv:386,frp:firms_viirs_snpp_nrt_india,386,9.39346,80.44057,2026-09-01 07:50:00+00:00,343.24,11.04,0.0,,firms_viirs_snpp_nrt_india.csv,,343.24,,,,11.04,0.0,,,,,,,,,,,,,,,,n,N,D,8,8,8,8,2026-09-01 07:50:00+00:00,176604.9602962975,176604.9602962975,uncertain,uncertain_review_required,insufficient_evidence,0.4,False,{},development,,,,0.0,,,,
frp:siberia_wildfire:siberia_wildfire__7b9d0178-7a9b-4f6d-84f2-e2ad5d35ae5d.zip:957,frp:siberia_wildfire,957,65.7332068340396,114.62502571059964,1993-06-07 13:29:08.090474+00:00,280.20000000000005,0.4430274990137751,0.188965923576839,siberia_wildfire,siberia_wildfire__7b9d0178-7a9b-4f6d-84f2-e2ad5d35ae5d.zip,,280.20000000000005,277.928125,0.0,0.1877410200000002,0.4430274990137751,0.188965923576839,91.25482889768418,922488.25,0.1656001530000001,0.1846596000000004,21.245883806737652,85.70354350403443,9.159017562866213,1.0,722.0,218.0,0.0,0.0,5.0,0.8420446298743766,1.0,,,,1,1,1,1,1993-06-07 13:29:08.090474+00:00,327136.1704164077,327136.1704164077,uncertain,uncertain_review_required,insufficient_evidence,0.4,False,{},development,,,,0.0,,,,
frp:sentinel_frp_combined:siberia_wildfire__7b9d0178-7a9b-4f6d-84f2-e2ad5d35ae5d.zip:4249,frp:sentinel_frp_combined,4249,62.26320084280053,104.37363073648191,1993-06-07 13:28:45.639184+00:00,282.8,0.9286051283037292,3.647336770557855,siberia_wildfire,siberia_wildfire__7b9d0178-7a9b-4f6d-84f2-e2ad5d35ae5d.zip,,282.8,282.87699999999995,0.0,0.25546966,0.9286051283037292,3.647336770557855,75.67196038188092,956286.4375,0.2102074366666668,0.2092244000000001,25.063833752652485,85.0937408040383,17.421929955482483,1.0,1331.0,48.0,0.0,0.0,5.0,0.7942594529285376,1.0,,,,31,31,31,31,1993-06-07 13:28:45.639184+00:00,229959.12900078524,229959.12900078524,uncertain,uncertain_review_required,insufficient_evidence,0.4,False,{},development,,,,0.0,,,,
frp:sentinel_frp_combined:siberia_wildfire__e868eda1-2872-460a-9018-a302eff3e322.zip:4557,frp:sentinel_frp_combined,4557,63.78092783896864,83.31459678965086,1993-06-07 15:09:45.638185+00:00,281.97,1.1966994805371576,0.5559166142982168,siberia_wildfire,siberia_wildfire__e868eda1-2872-460a-9018-a302eff3e322.zip,,281.97,274.9177777777778,0.0,0.2061746200000001,1.1966994805371576,0.5559166142982168,77.86204481667768,852456.1875,0.1438221911111112,0.2010706800000002,8.110603678826573,85.40468408565415,29.49293875694275,1.0,1068.0,113.0,0.0,0.0,5.0,0.7568502018148383,1.0,,,,73,73,73,73,1993-06-07 15:09:45.638185+00:00,120973.14441254984,120973.14441254984,uncertain,uncertain_review_required,insufficient_evidence,0.4,False,{},development,,,,0.0,,,,
frp:siberia_wildfire:siberia_wildfire__4fff0f3b-bc89-4baf-8c7b-4b33aad77faa.zip:31,frp:siberia_wildfire,31,54.73949186179607,80.42578679694441,1993-06-07 16:08:51.119726+00:00,312.36,21.759340840193342,2.246735947337756,siberia_wildfire,siberia_wildfire__4fff0f3b-bc89-4baf-8c7b-4b33aad77faa.zip,,312.36,285.33769230769235,0.0,1.2506406300000008,21.759340840193342,2.246735947337756,101.65991466981546,976827.75,0.2434066402857145,0.7474263200000004,22.97779871491453,96.2051610622087,21.380120158195496,1.0,697.0,139.0,16.0,0.0,7.0,0.7784054227667374,1.0,,,,27,27,27,27,1993-06-07 16:08:51.119726+00:00,246932.305642077,246932.305642077,uncertain,uncertain_review_required,insufficient_evidence,0.4,False,{},development,,,,0.0,,,,
frp:sentinel_frp_combined:gulf_flaring__249f7eaa-a006-4cd8-bf84-2e9a2f5a5565.zip:2143,frp:sentinel_frp_combined,2143,41.0626388963268,44.388414887930026,1993-09-06 07:08:07.766171+00:00,323.55,10.425293074577455,1.6186948098769514,gulf_flaring,gulf_flaring__249f7eaa-a006-4cd8-bf84-2e9a2f5a5565.zip,,323.55,311.197,1.0,1.1405039800000003,10.425293074577455,1.6186948098769514,77.62474442149714,1127757.0,0.7153260676400005,0.6985461160000012,37.5598286627224,42.74150672992361,15.503729581832886,1.0,469.0,35.0,0.0,0.0,5.0,0.78373193671267,1.0,,,,0,0,0,0,1993-09-06 07:08:07.766171+00:00,267666.77327033516,267666.77327033516,uncertain,uncertain_review_required,insufficient_evidence,0.4,False,{},development,,,,0.0,,,,
frp:sentinel_frp_combined:china_industrial__0d7ba0c0-c144-44dc-bad0-007997140ad8.zip:1319,frp:sentinel_frp_combined,1319,30.477877923050755,112.2453617166077,1993-09-07 14:36:10.711259+00:00,296.34000000000003,7.589499006656981,1.4955251406712424,china_industrial,china_industrial__0d7ba0c0-c144-44dc-bad0-007997140ad8.zip,,296.34000000000003,277.5614285714286,0.0,0.4063228858999998,7.589499006656981,1.4955251406712424,147.53879078044832,1168142.125,0.1661064035000001,0.3862679820000005,40.701561110655234,134.6030589347233,47.78554630279541,1.0,416.0,921.0,0.0,0.0,7.0,0.6300209200999073,1.0,,,,26,26,26,26,1993-09-07 14:36:10.711259+00:00,60655.3249041478,60655.3249041478,uncertain,uncertain_review_required,insufficient_evidence,0.4,False,{},development,,,,0.0,,,,
frp:central_africa_wildfire:central_africa_wildfire__127ffed6-bb4b-43b2-a61c-acb9bc1d13e3.zip:693,frp:central_africa_wildfire,693,-7.756565980416553,16.18035095914854,1993-06-07 20:54:17.544597+00:00,290.73,3.71758951054966,0.5166908460296152,central_africa_wildfire,central_africa_wildfire__127ffed6-bb4b-43b2-a61c-acb9bc1d13e3.zip,,290.73,273.3677777777778,0.0,0.3044517680000004,3.71758951054966,0.5166908460296152,133.9333818300122,926198.375,0.122640544,0.3013538700000002,14.378566013097489,147.4560278176241,24.739282608032227,1.0,1170.0,1158.0,0.0,0.0,5.0,0.771849916754072,1.0,,,,46,46,46,46,1993-06-07 20:54:17.544597+00:00,422556.82470997906,422556.82470997906,uncertain,uncertain_review_required,insufficient_evidence,0.4,False,{},development,,,,0.0,,,,
frp:sentinel_frp_combined:china_industrial__0d7ba0c0-c144-44dc-bad0-007997140ad8.zip:1275,frp:sentinel_frp_combined,1275,30.434248923160908,112.34523171635556,1993-09-07 14:36:10.410769+00:00,297.04,7.792168449843053,1.4789220576735018,china_industrial,china_industrial__0d7ba0c0-c144-44dc-bad0-007997140ad8.zip,,297.04,277.5614285714286,0.0,0.4112215111000003,7.792168449843053,1.4789220576735018,147.68096418152336,1174236.75,0.1661064035000001,0.3981002040000003,41.15519204598172,134.68048406452493,47.516141414642334,1.0,408.0,914.0,0.0,0.0,7.0,0.6294148801803517,1.0,,,,9,9,9,9,1993-09-07 14:36:10.410769+00:00,65947.46935132361,65947.46935132361,uncertain,uncertain_review_required,insufficient_evidence,0.4,False,{},development,,,,0.0,,,,
frp:sentinel_frp_combined:gulf_flaring__249f7eaa-a006-4cd8-bf84-2e9a2f5a5565.zip:2234,frp:sentinel_frp_combined,2234,36.4553049079592,50.796919871750106,1993-09-06 07:08:42.015133+00:00,314.08000000000004,6.04391219191238,1.1261126471508405,gulf_flaring,gulf_flaring__249f7eaa-a006-4cd8-bf84-2e9a2f5a5565.zip,,314.08000000000004,301.0444444444444,1.0,0.7990599472000013,6.04391219191238,1.1261126471508405,24.741315168551417,913544.0,0.4741960076555556,0.6620745680000005,11.335596744208445,35.95495626074818,11.154881834983826,1.0,1123.0,412.0,0.0,0.0,5.0,0.8367243743648104,1.0,,,,20,20,20,20,1993-09-06 07:08:42.015133+00:00,88473.51659397392,88473.51659397392,uncertain,uncertain_review_required,insufficient_evidence,0.4,False,{},development,,,,0.0,,,,
frp:siberia_wildfire:siberia_wildfire__b8f339af-5277-4545-be45-00e778ba15bd.zip:1228,frp:siberia_wildfire,1228,57.96797685364493,107.05362772971556,1993-06-07 14:28:52.522849+00:00,279.68,1.2707891527229154,2.3462005301057247,siberia_wildfire,siberia_wildfire__b8f339af-5277-4545-be45-00e778ba15bd.zip,,279.68,279.9522307692308,0.0,0.23703553,1.2707891527229154,2.3462005301057247,107.32021749101582,1076536.25,0.1782471586000001,0.179557504,33.37299347561528,93.96582362406166,15.3530455827713,1.0,536.0,473.0,2.0,0.0,5.0,0.7925026883716609,1.0,,,,8,8,8,8,1993-06-07 14:28:52.522849+00:00,12286.967833351437,12286.967833351437,uncertain,uncertain_review_required,insufficient_evidence,0.4,False,{},development,,,,0.0,,,,
frp:gulf_flaring:gulf_flaring__5354c465-ecde-4b9a-8a42-b93f56560577.zip:847,frp:gulf_flaring,847,38.7174639022478,56.89706685634872,1993-09-07 18:00:16.902387+00:00,292.34000000000003,5.523817839692865,0.906396331467496,gulf_flaring,gulf_flaring__5354c465-ecde-4b9a-8a42-b93f56560577.zip,,292.34000000000003,279.146,0.0,0.4236033664000003,5.523817839692865,0.906396331467496,133.04381008619248,987708.1875,0.1771747142222223,0.3239255940000004,24.336151276762894,126.07179177404576,27.59355926513672,1.0,678.0,706.0,0.0,0.0,7.0,0.7508446621342804,1.0,,,,6,6,6,6,1993-09-07 18:00:16.902387+00:00,119051.36065434958,119051.36065434958,uncertain,uncertain_review_required,insufficient_evidence,0.4,False,{},development,,,,0.0,,,,
frp:gulf_flaring:gulf_flaring__06ea85e3-0e01-4c85-b788-ed0287e7ac6d.zip:176,frp:gulf_flaring,176,26.503623933084786,36.72586390727611,1993-09-06 19:02:21.051575+00:00,302.56,6.537214971658514,7.793863627590751,gulf_flaring,gulf_flaring__06ea85e3-0e01-4c85-b788-ed0287e7ac6d.zip,,302.56,302.9741071428571,0.0,0.8151698500000004,6.537214971658514,7.793863627590751,112.4211319842611,963677.375,0.5228579447826089,0.5042668800000001,25.76459260245492,131.13868738085245,24.95566999912262,1.0,1339.0,677.0,108.0,0.0,17.0,0.7595864275494428,1.0,,,,22,22,22,22,1993-09-06 19:02:21.051575+00:00,259834.80421807166,259834.80421807166,uncertain,uncertain_review_required,insufficient_evidence,0.4,False,{},development,,,,0.0,,,,
frp:sentinel_frp_combined:siberia_wildfire__4fff0f3b-bc89-4baf-8c7b-4b33aad77faa.zip:3423,frp:sentinel_frp_combined,3423,58.54504785218796,77.46067880443059,1993-06-07 16:09:56.522859+00:00,312.39000000000004,47.73382585923557,6.853695916202708,siberia_wildfire,siberia_wildfire__4fff0f3b-bc89-4baf-8c7b-4b33aad77faa.zip,,312.39000000000004,294.5814285714286,0.0,2.6554793,47.73382585923557,6.853695916202708,94.83592881572672,944317.125,0.3284096467777782,0.7483071800000012,18.119144445970583,92.25870792383284,23.30377447605133,1.0,769.0,596.0,0.0,1.0,7.0,0.7749722935839483,1.0,,,,50,50,50,50,1993-06-07 16:09:56.522859+00:00,34825.816824022215,34825.816824022215,uncertain,uncertain_review_required,insufficient_evidence,0.4,False,{},development,,,,0.0,,,,
frp:siberia_wildfire:siberia_wildfire__7b9d0178-7a9b-4f6d-84f2-e2ad5d35ae5d.zip:1025,frp:siberia_wildfire,1025,62.261562842804665,104.84986273527954,1993-06-07 13:28:42.937680+00:00,285.37,0.7693840153291953,0.3534700758901754,siberia_wildfire,siberia_wildfire__7b9d0178-7a9b-4f6d-84f2-e2ad5d35ae5d.zip,,285.37,283.733125,0.0,0.2581120800000003,0.7693840153291953,0.3534700758901754,75.69039569548465,942414.875,0.2200117700000001,0.23620863,23.597901211619966,85.24641715938675,17.565059423446655,1.0,1309.0,37.0,0.0,0.0,5.0,0.7952379056868633,1.0,,,,28,28,28,28,1993-06-07 13:28:42.937680+00:00,206447.46166126235,206447.46166126235,uncertain,uncertain_review_required,insufficient_evidence,0.4,False,{},development,,,,0.0,,,,
frp:sentinel_frp_combined:central_africa_wildfire__127ffed6-bb4b-43b2-a61c-acb9bc1d13e3.zip:413,frp:sentinel_frp_combined,413,-14.977204962186192,25.82372493480136,1993-06-07 20:52:19.886402+00:00,312.53000000000003,121.19379884373068,15.856523841098245,central_africa_wildfire,central_africa_wildfire__127ffed6-bb4b-43b2-a61c-acb9bc1d13e3.zip,,312.53000000000003,287.04916666666674,0.0,4.642340280000006,121.19379884373068,15.856523841098245,152.73756957439278,1232618.125,0.2435011190000001,0.7524178600000009,45.344933963873466,158.73441005256967,16.41024422645569,1.0,329.0,143.0,0.0,0.0,5.0,0.7588623848662568,1.0,,,,2,2,2,2,1993-06-07 20:52:19.886402+00:00,376136.6642668143,376136.6642668143,uncertain,uncertain_review_required,insufficient_evidence,0.4,False,{},development,,,,0.0,,,,
frp:gulf_flaring:gulf_flaring__07554d1c-45ab-471f-bda9-f460f68ae9e0.zip:457,frp:gulf_flaring,457,31.2281099211566,48.94334487642993,1993-09-07 18:37:06.042547+00:00,303.91,3.237055253412448,4.833614960150039,gulf_flaring,gulf_flaring__07554d1c-45ab-471f-bda9-f460f68ae9e0.zip,,303.91,303.32958333333335,0.0,0.6646218000000008,3.237055253412448,4.833614960150039,139.50733073046834,951184.0,0.5143827508333337,0.5332246300000005,24.21861122537585,132.23172896883227,36.770801067352295,1.0,680.0,1058.0,0.0,0.0,5.0,0.7125799991397789,1.0,,,,46,46,46,46,1993-09-07 18:37:06.042547+00:00,2196.8309970075607,2196.8309970075607,uncertain,uncertain_review_required,insufficient_evidence,0.4,False,{},development,,,,0.0,,,,
frp:firms_viirs_noaa20_nrt_india:firms_viirs_noaa20_nrt_india.csv:666,frp:firms_viirs_noaa20_nrt_india,666,12.32043,79.67432,2026-09-01 08:09:00+00:00,334.36,3.47,0.0,,firms_viirs_noaa20_nrt_india.csv,,334.36,,,,3.47,0.0,,,,,,,,,,,,,,,,l,N20,D,1,1,1,1,2026-09-01 08:09:00+00:00,114421.47977044176,114421.47977044176,uncertain,uncertain_review_required,insufficient_evidence,0.4,False,{},development,,,,0.0,,,,
frp:sentinel_frp_combined:gulf_flaring__5e582e3c-6d99-4d34-8298-72ea8ec7e6f3.zip:2860,frp:sentinel_frp_combined,2860,24.50509593813058,56.60112085709591,1993-09-06 18:22:39.650718+00:00,306.74,4.7893616300304105,0.9462432180436818,gulf_flaring,gulf_flaring__5e582e3c-6d99-4d34-8298-72ea8ec7e6f3.zip,,306.74,301.0211111111112,0.0,0.6427930700000003,4.7893616300304105,0.9462432180436818,151.11672707866296,1180402.875,0.4700127958750003,0.5975455760000001,41.57643755531474,139.24761017104154,25.37088906764984,2.0,401.0,241.0,0.0,7.0,5.0,0.7256319174040315,1.0,,,,0,0,0,0,1993-09-06 18:22:39.650718+00:00,3837.263886517543,3837.263886517543,uncertain,uncertain_review_required,insufficient_evidence,0.4,False,{},development,,,,0.0,,,,
frp:siberia_wildfire:siberia_wildfire__4fff0f3b-bc89-4baf-8c7b-4b33aad77faa.zip:300,frp:siberia_wildfire,300,52.77484386675633,72.6948288164632,1993-06-07 16:08:39.163676+00:00,292.62,4.711857586655963,3.5311810620428687,siberia_wildfire,siberia_wildfire__4fff0f3b-bc89-4baf-8c7b-4b33aad77faa.zip,,292.62,290.7846875,0.0,0.5284829362000002,4.711857586655963,3.5311810620428687,84.81746237003689,957372.625,0.3048240385333336,0.3279951420000001,19.546579310540626,94.97361825379126,21.542030572891235,1.0,1248.0,75.0,1.0,0.0,5.0,0.7811930136658317,1.0,,,,3,3,3,3,1993-06-07 16:08:39.163676+00:00,259839.83983075648,259839.83983075648,uncertain,uncertain_review_required,insufficient_evidence,0.4,False,{},development,,,,0.0,,,,
frp:sentinel_frp_combined:siberia_wildfire__e868eda1-2872-460a-9018-a302eff3e322.zip:4519,frp:sentinel_frp_combined,4519,63.73968283907277,83.26480178977658,1993-06-07 15:09:45.038540+00:00,287.58000000000004,1.284673745358336,0.3113539200574433,siberia_wildfire,siberia_wildfire__e868eda1-2872-460a-9018-a302eff3e322.zip,,287.58000000000004,274.9177777777778,0.0,0.2106017199999999,1.284673745358336,0.3113539200574433,77.79753034504395,853234.625,0.1438221911111112,0.2617153800000005,8.308079951370821,85.427048574947,29.75467085838318,1.0,1072.0,109.0,0.0,0.0,5.0,0.7557681120796464,1.0,,,,9,9,9,9,1993-06-07 15:09:45.038540+00:00,117354.92669553659,117354.92669553659,uncertain,uncertain_review_required,insufficient_evidence,0.4,False,{},development,,,,0.0,,,,
frp:sentinel_frp_combined:central_africa_wildfire__127ffed6-bb4b-43b2-a61c-acb9bc1d13e3.zip:784,frp:sentinel_frp_combined,784,-8.21145097926808,23.208410941404395,1993-06-07 20:54:09.388207+00:00,295.76,6.554297777589229,0.988256192869582,central_africa_wildfire,central_africa_wildfire__127ffed6-bb4b-43b2-a61c-acb9bc1d13e3.zip,,295.76,289.9624305555556,0.0,0.5377048412000006,6.554297777589229,0.988256192869582,155.26639690713338,1161034.5,0.2961309462857145,0.3766312519999998,40.08316701403825,153.48598973193884,22.92206048965454,1.0,426.0,937.0,0.0,0.0,5.0,0.7410139990873108,1.0,,,,2,2,2,2,1993-06-07 20:54:09.388207+00:00,803826.8255014584,803826.8255014584,uncertain,uncertain_review_required,insufficient_evidence,0.4,False,{},development,,,,0.0,,,,
frp:sentinel_frp_combined:central_africa_wildfire__127ffed6-bb4b-43b2-a61c-acb9bc1d13e3.zip:901,frp:sentinel_frp_combined,901,-7.809719980282352,16.192125959118812,1993-06-07 20:54:16.644628+00:00,282.63,2.391481295871348,0.540302586330208,central_africa_wildfire,central_africa_wildfire__127ffed6-bb4b-43b2-a61c-acb9bc1d13e3.zip,,282.63,273.3677777777778,0.0,0.2401377732000003,2.391481295871348,0.540302586330208,133.9623634992847,926198.375,0.122640544,0.2069916699999999,14.37842720740304,147.4901200611216,23.88353967666626,1.0,1170.0,1152.0,0.0,0.0,5.0,0.7754150783851952,1.0,,,,6,6,6,6,1993-06-07 20:54:16.644628+00:00,424711.2475014057,424711.2475014057,uncertain,uncertain_review_required,insufficient_evidence,0.4,False,{},development,,,,0.0,,,,
frp:china_industrial:china_industrial__c1cd4b46-50c7-4dc6-b61f-79dd085a5792.zip:411,frp:china_industrial,411,34.40918391312516,119.85618769739222,1993-09-07 13:35:06.294156+00:00,304.34000000000003,1.7319031640814704,0.4284254362805783,china_industrial,china_industrial__c1cd4b46-50c7-4dc6-b61f-79dd085a5792.zip,,304.34000000000003,297.009375,0.0,0.4838401099999998,1.7319031640814704,0.4284254362805783,120.15594133658924,848582.1875,0.3995323006250002,0.5428130600000007,7.05472816751104,127.20341817845862,19.336090207099915,1.0,1043.0,302.0,0.0,0.0,5.0,0.7983947616495135,1.0,,,,3,3,3,3,1993-09-07 13:35:06.294156+00:00,246648.2382894421,246648.2382894421,uncertain,uncertain_review_required,insufficient_evidence,0.4,False,{},development,,,,0.0,,,,
frp:siberia_wildfire:siberia_wildfire__b8f339af-5277-4545-be45-00e778ba15bd.zip:1184,frp:siberia_wildfire,1184,55.95203385873469,97.9532147526919,1993-06-07 14:28:25.869670+00:00,287.11,2.291108826695083,1.8731595026296173,siberia_wildfire,siberia_wildfire__b8f339af-5277-4545-be45-00e778ba15bd.zip,,287.11,285.87881944444445,0.0,0.3575390715999998,2.291108826695083,1.8731595026296173,83.80443204971893,914831.0,0.2453529094000002,0.2554217220000002,11.680072455774976,92.64628440160746,21.00451600551605,1.0,1129.0,406.0,0.0,0.0,5.0,0.7891359294331899,1.0,,,,3,3,3,3,1993-06-07 14:28:25.869670+00:00,273369.4278917154,273369.4278917154,uncertain,uncertain_review_required,insufficient_evidence,0.4,False,{},development,,,,0.0,,,,
frp:sentinel_frp_combined:central_africa_wildfire__127ffed6-bb4b-43b2-a61c-acb9bc1d13e3.zip:638,frp:sentinel_frp_combined,638,-9.206329976756251,21.97126594452789,1993-06-07 20:53:45.099726+00:00,291.04,2.338782583838801,3.357770667319579,central_africa_wildfire,central_africa_wildfire__127ffed6-bb4b-43b2-a61c-acb9bc1d13e3.zip,,291.04,289.8865625,0.0,0.395207641,2.338782583838801,3.357770667319579,159.1010006132189,1045046.3125,0.2975948449230771,0.3055502400000003,30.484807470985277,152.9799128029016,21.35077023506165,1.0,584.0,861.0,0.0,0.0,5.0,0.7682968477141516,1.0,,,,5,5,5,5,1993-06-07 20:53:45.099726+00:00,847244.157519371,847244.157519371,uncertain,uncertain_review_required,insufficient_evidence,0.4,False,{},development,,,,0.0,,,,
frp:sentinel_frp_combined:gulf_flaring__5354c465-ecde-4b9a-8a42-b93f56560577.zip:2400,frp:sentinel_frp_combined,2400,32.24174191859743,51.43355487014276,1993-09-07 17:58:51.156715+00:00,312.33000000000004,6.177600067604434,0.7634346828410964,gulf_flaring,gulf_flaring__5354c465-ecde-4b9a-8a42-b93f56560577.zip,,312.33000000000004,296.0190909090909,0.0,0.6812277647999998,6.177600067604434,0.7634346828410964,109.6927589122116,999315.25,0.3961513476250002,0.7465454600000012,25.157994041510666,127.13610894136824,14.138817071914673,1.0,1330.0,128.0,3.0,0.0,5.0,0.8105028590347781,1.0,,,,25,25,25,25,1993-09-07 17:58:51.156715+00:00,169104.13717877577,169104.13717877577,uncertain,uncertain_review_required,insufficient_evidence,0.4,False,{},development,,,,0.0,,,,
frp:siberia_wildfire:siberia_wildfire__4fff0f3b-bc89-4baf-8c7b-4b33aad77faa.zip:432,frp:siberia_wildfire,432,54.936854861297775,79.40933979951069,1993-06-07 16:08:54.124059+00:00,284.24,1.2636364737822516,5.013472594789069,siberia_wildfire,siberia_wildfire__4fff0f3b-bc89-4baf-8c7b-4b33aad77faa.zip,,284.24,283.47906250000005,0.0,0.2784361719000001,1.2636364737822516,5.013472594789069,98.61653512032228,949960.4375,0.2159877955454547,0.2234052200000001,19.00897482557379,95.72024304149616,21.69297695159912,1.0,756.0,176.0,0.0,0.0,5.0,0.7810344683330829,1.0,,,,8,8,8,8,1993-06-07 16:08:54.124059+00:00,205655.70035893502,205655.70035893502,uncertain,uncertain_review_required,insufficient_evidence,0.4,False,{},development,,,,0.0,,,,
frp:gulf_flaring:gulf_flaring__5e582e3c-6d99-4d34-8298-72ea8ec7e6f3.zip:1499,frp:gulf_flaring,1499,31.425708920657712,48.86238487663434,1993-09-06 18:24:25.590640+00:00,299.56,3.126593635076332,2.505757476662801,gulf_flaring,gulf_flaring__5e582e3c-6d99-4d34-8298-72ea8ec7e6f3.zip,,299.56,299.1434375,0.0,0.6028315648000009,3.126593635076332,2.505757476662801,124.81318690562802,890208.1875,0.4357063180625004,0.443568652,6.427157599134802,129.7751675646216,16.74807047843933,1.0,988.0,1148.0,0.0,0.0,5.0,0.810436340268333,1.0,,,,12,12,12,12,1993-09-06 18:24:25.590640+00:00,14527.468625786514,14527.468625786514,uncertain,uncertain_review_required,insufficient_evidence,0.4,False,{},development,,,,0.0,,,,
frp:siberia_wildfire:siberia_wildfire__4fff0f3b-bc89-4baf-8c7b-4b33aad77faa.zip:192,frp:siberia_wildfire,192,58.5005948523002,77.93624780322989,1993-06-07 16:09:55.620915+00:00,312.35,25.653777493314195,3.0123635492465053,siberia_wildfire,siberia_wildfire__4fff0f3b-bc89-4baf-8c7b-4b33aad77faa.zip,,312.35,290.0165625,0.0,1.5214765000000017,25.653777493314195,3.0123635492465053,96.1112969285512,954986.6875,0.2837197354117649,0.7471327000000006,19.8032265101686,92.42793676210124,23.036201000213623,1.0,744.0,584.0,41.0,0.0,15.0,0.7745788773927667,1.0,,,,56,56,56,56,1993-06-07 16:09:55.620915+00:00,6806.201934653282,6806.201934653282,uncertain,uncertain_review_required,insufficient_evidence,0.4,False,{},development,,,,0.0,,,,
frp:sentinel_frp_combined:central_africa_wildfire__127ffed6-bb4b-43b2-a61c-acb9bc1d13e3.zip:552,frp:sentinel_frp_combined,552,-14.96541896221595,25.792448934880326,1993-06-07 20:52:19.886566+00:00,285.05,14.946132299825289,20.234187024369305,central_africa_wildfire,central_africa_wildfire__127ffed6-bb4b-43b2-a61c-acb9bc1d13e3.zip,,285.05,287.7613386428386,0.0,0.8046999933999996,14.946132299825289,20.234187024369305,152.88720371740976,1230433.5,0.2435011190000001,0.2320497700000001,45.18589612649493,158.70654754859305,16.474272966384888,1.0,332.0,145.0,0.0,0.0,5.0,0.7590054135114073,1.0,,,,8,8,8,8,1993-06-07 20:52:19.886566+00:00,378172.20648367784,378172.20648367784,uncertain,uncertain_review_required,insufficient_evidence,0.4,False,{},development,,,,0.0,,,,
frp:sentinel_frp_combined:china_industrial__0d7ba0c0-c144-44dc-bad0-007997140ad8.zip:1307,frp:sentinel_frp_combined,1307,30.463053923088182,112.31050071644324,1993-09-07 14:36:10.710849+00:00,289.26,4.056448668544726,1.3611845461190288,china_industrial,china_industrial__0d7ba0c0-c144-44dc-bad0-007997140ad8.zip,,289.26,277.5614285714286,0.0,0.2938112185000002,4.056448668544726,1.3611845461190288,147.63336761519943,1173199.375,0.1661064035000001,0.2819306559999999,41.04166940631926,134.6446470179762,47.64105224609375,1.0,410.0,918.0,0.0,0.0,7.0,0.6293651645551183,1.0,,,,53,53,53,53,1993-09-07 14:36:10.710849+00:00,62441.524664093304,62441.524664093304,uncertain,uncertain_review_required,insufficient_evidence,0.4,False,{},development,,,,0.0,,,,
frp:firms_viirs_noaa20_nrt_india:firms_viirs_noaa20_nrt_india.csv:324,frp:firms_viirs_noaa20_nrt_india,324,6.29139,81.34963,2026-09-01 08:07:00+00:00,338.97,2.3,0.0,,firms_viirs_noaa20_nrt_india.csv,,338.97,,,,2.3,0.0,,,,,,,,,,,,,,,,n,N20,D,0,0,0,0,2026-09-01 08:07:00+00:00,170889.08031846816,170889.08031846816,uncertain,uncertain_review_required,insufficient_evidence,0.4,False,{},development,,,,0.0,,,,
frp:sentinel_frp_combined:gulf_flaring__249f7eaa-a006-4cd8-bf84-2e9a2f5a5565.zip:2300,frp:sentinel_frp_combined,2300,31.10211092147472,47.6062398798058,1993-09-06 07:10:17.400141+00:00,333.52000000000004,4.707235178509134,1.396974426009933,gulf_flaring,gulf_flaring__249f7eaa-a006-4cd8-bf84-2e9a2f5a5565.zip,,333.52000000000004,328.6377966101696,1.0,1.6229689320000025,4.707235178509134,1.396974426009933,32.41038342704507,890222.8125,1.3705952552033909,0.7474263200000004,6.489933059674261,33.651499009790584,16.125423192977905,1.0,980.0,1057.0,3.0,0.0,19.0,0.8132919391308665,1.0,,,,28,28,28,28,1993-09-06 07:10:17.400141+00:00,2982.508283585665,2982.508283585665,uncertain,uncertain_review_required,insufficient_evidence,0.4,False,{},development,,,,0.0,,,,
frp:sentinel_frp_combined:central_africa_wildfire__127ffed6-bb4b-43b2-a61c-acb9bc1d13e3.zip:716,frp:sentinel_frp_combined,716,-8.609874978262155,23.449835940794856,1993-06-07 20:54:03.387506+00:00,289.75,1.122545398505548,1.4571306046746395,central_africa_wildfire,central_africa_wildfire__127ffed6-bb4b-43b2-a61c-acb9bc1d13e3.zip,,289.75,289.36499999999995,0.0,0.3237802063000006,1.122545398505548,1.4571306046746395,154.95151365440472,1172218.625,0.2818802448181819,0.28828135,40.93161086209872,153.9098011692323,21.46974503993988,1.0,411.0,888.0,0.0,0.0,5.0,0.7455691295262943,1.0,,,,3,3,3,3,1993-06-07 20:54:03.387506+00:00,754495.2717578445,754495.2717578445,uncertain,uncertain_review_required,insufficient_evidence,0.4,False,{},development,,,,0.0,,,,
frp:sentinel_frp_combined:gulf_flaring__5e582e3c-6d99-4d34-8298-72ea8ec7e6f3.zip:3091,frp:sentinel_frp_combined,3091,30.92065192193286,48.00426287880089,1993-09-06 18:24:20.798311+00:00,298.55,1.910714303714595,16.730067721030842,gulf_flaring,gulf_flaring__5e582e3c-6d99-4d34-8298-72ea8ec7e6f3.zip,,298.55,298.466875,0.0,0.5252331667000008,1.910714303714595,16.730067721030842,120.87848238559762,900417.1875,0.4284280897500003,0.4248732700000002,8.873819452855663,129.5643571462495,15.10399079322815,1.0,1080.0,1113.0,0.0,0.0,5.0,0.8172296759375794,1.0,,,,5,5,5,5,1993-09-06 18:24:20.798311+00:00,1840.3213789151753,1840.3213789151753,uncertain,uncertain_review_required,insufficient_evidence,0.4,False,{},development,,,,0.0,,,,
frp:firms_viirs_noaa20_nrt_india:firms_viirs_noaa20_nrt_india.csv:183,frp:firms_viirs_noaa20_nrt_india,183,9.41398,80.47003,2026-08-31 08:28:00+00:00,331.51,2.38,0.0,,firms_viirs_noaa20_nrt_india.csv,,331.51,,,,2.38,0.0,,,,,,,,,,,,,,,,n,N20,D,1,1,1,1,2026-08-31 08:28:00+00:00,175895.20855560387,175895.20855560387,uncertain,uncertain_review_required,insufficient_evidence,0.4,False,{},development,,,,0.0,,,,
frp:siberia_wildfire:siberia_wildfire__4fff0f3b-bc89-4baf-8c7b-4b33aad77faa.zip:431,frp:siberia_wildfire,431,54.93665186129829,79.42657279946718,1993-06-07 16:08:54.123896+00:00,285.23,1.4426969294026886,2.055130313162564,siberia_wildfire,siberia_wildfire__4fff0f3b-bc89-4baf-8c7b-4b33aad77faa.zip,,285.23,283.47906250000005,0.0,0.2869852595000004,1.4426969294026886,2.055130313162564,98.70754121216092,950879.75,0.2159877955454547,0.2340440620000002,19.143824288336564,95.72713150883708,21.725757598876957,1.0,754.0,176.0,0.0,0.0,5.0,0.7807735013346634,1.0,,,,2,2,2,2,1993-06-07 16:08:54.123896+00:00,205898.1915801078,205898.1915801078,uncertain,uncertain_review_required,insufficient_evidence,0.4,False,{},development,,,,0.0,,,,
frp:siberia_wildfire:siberia_wildfire__4fff0f3b-bc89-4baf-8c7b-4b33aad77faa.zip:692,frp:siberia_wildfire,692,58.51767485225707,77.94661280320372,1993-06-07 16:09:55.920831+00:00,302.35,4.92295366375302,0.5794324585908384,siberia_wildfire,siberia_wildfire__4fff0f3b-bc89-4baf-8c7b-4b33aad77faa.zip,,302.35,290.5662469040742,0.0,0.5345644914000008,4.92295366375302,0.5794324585908384,96.14573015417729,955440.4375,0.2837197354117649,0.4988526350000005,19.87053889765389,92.41507624761628,23.046132445335388,1.0,743.0,586.0,0.0,0.0,7.0,0.7744725021922488,1.0,,,,50,50,50,50,1993-06-07 16:09:55.920831+00:00,7055.529011648674,7055.529011648674,uncertain,uncertain_review_required,insufficient_evidence,0.4,False,{},development,,,,0.0,,,,
frp:amazon_basin:amazon_basin__223f36a9-bb1f-4a89-8925-9c35d15292fd.zip:83,frp:amazon_basin,83,-9.35066897639183,-63.24855784031274,1993-07-07 13:47:43.579299+00:00,322.48,13.321071856782824,2.2078942875893577,amazon_basin,amazon_basin__223f36a9-bb1f-4a89-8925-9c35d15292fd.zip,,322.48,307.9030000000001,1.0,1.0967190920000007,13.321071856782824,2.2078942875893577,72.14484444043607,1150047.0,0.6285516748600004,0.5836096840000007,39.386408436163805,48.75361371564655,35.045135498046875,1.0,438.0,952.0,0.0,0.0,5.0,0.688727134785702,1.0,,,,1,1,1,1,1993-07-07 13:47:43.579299+00:00,547666.919441184,547666.919441184,uncertain,uncertain_review_required,insufficient_evidence,0.4,False,{},development,,,,0.0,,,,
frp:central_africa_wildfire:central_africa_wildfire__127ffed6-bb4b-43b2-a61c-acb9bc1d13e3.zip:272,frp:central_africa_wildfire,272,-7.5961239808216305,16.894120957346445,1993-06-07 20:54:15.738230+00:00,300.16,1.0510742884076845,0.1795280285267608,central_africa_wildfire,central_africa_wildfire__127ffed6-bb4b-43b2-a61c-acb9bc1d13e3.zip,,300.16,293.59000000000003,0.0,0.3943642759999999,1.0510742884076845,0.1795280285267608,138.57956626529065,903016.8125,0.3428144549333335,0.4549622080000005,9.419478449154017,147.97303361066724,29.4884614944458,1.0,1090.0,1158.0,0.0,0.0,5.0,0.7562721082710891,1.0,,,,9,9,9,9,1993-06-07 20:54:15.738230+00:00,497959.68184218457,497959.68184218457,uncertain,uncertain_review_required,insufficient_evidence,0.4,False,{},development,,,,0.0,,,,
frp:siberia_wildfire:siberia_wildfire__4fff0f3b-bc89-4baf-8c7b-4b33aad77faa.zip:588,frp:siberia_wildfire,588,57.79962985406996,76.77732680615588,1993-06-07 16:09:43.928092+00:00,291.77000000000004,6.500193970295765,11.1647317056457,siberia_wildfire,siberia_wildfire__4fff0f3b-bc89-4baf-8c7b-4b33aad77faa.zip,,291.77000000000004,292.6930926216641,0.0,0.6554272188000005,6.500193970295765,11.1647317056457,92.56616798147972,921004.0,0.3132039087500003,0.3157654950000005,14.05438570017976,92.60475758459864,21.94738292694092,1.0,830.0,527.0,0.0,0.0,5.0,0.7837563273809072,1.0,,,,4,4,4,4,1993-06-07 16:09:43.928092+00:00,21782.620474616993,21782.620474616993,uncertain,uncertain_review_required,insufficient_evidence,0.4,False,{},development,,,,0.0,,,,
frp:sentinel_frp_combined:siberia_wildfire__4fff0f3b-bc89-4baf-8c7b-4b33aad77faa.zip:3677,frp:sentinel_frp_combined,3677,55.621989859567975,71.77753781877914,1993-06-07 16:09:24.758043+00:00,288.81,2.476457361291087,4.381473556975339,siberia_wildfire,siberia_wildfire__4fff0f3b-bc89-4baf-8c7b-4b33aad77faa.zip,,288.81,289.7214285714286,0.0,0.4085972476000007,2.476457361291087,4.381473556975339,82.86788728806108,934923.5,0.2885389982857144,0.276191999,16.036333269256478,92.54997237672964,24.334154844284058,1.0,1196.0,392.0,18.0,0.0,7.0,0.7723369592950734,1.0,,,,6,6,6,6,1993-06-07 16:09:24.758043+00:00,112387.27233122011,112387.27233122011,uncertain,uncertain_review_required,insufficient_evidence,0.4,False,{},development,,,,0.0,,,,
frp:amazon_basin:amazon_basin__1ca56dcb-14de-42ad-a977-68e3c0936a88.zip:60,frp:amazon_basin,60,-15.929741959781268,-72.49858281695867,1993-07-07 14:28:07.598090+00:00,315.67,8.02256334518413,1.6029576614148724,amazon_basin,amazon_basin__1ca56dcb-14de-42ad-a977-68e3c0936a88.zip,,315.67,298.32,1.0,0.8509863000000005,8.02256334518413,1.6029576614148724,68.47243977776064,958909.8125,0.4258944077777779,0.7455054999999999,24.948216594277937,52.706285786465,4.501865088939667,1.0,668.0,444.0,0.0,0.0,5.0,0.8657988807230307,1.0,,,,20,20,20,20,1993-07-07 14:28:07.598090+00:00,456814.17017566797,456814.17017566797,uncertain,uncertain_review_required,insufficient_evidence,0.4,False,{},development,,,,0.0,,,,
frp:sentinel_frp_combined:gulf_flaring__5354c465-ecde-4b9a-8a42-b93f56560577.zip:2414,frp:sentinel_frp_combined,2414,31.94401391934912,54.034862863575086,1993-09-07 17:58:28.339824+00:00,303.59000000000003,3.6326355689320624,0.9135714669087868,gulf_flaring,gulf_flaring__5354c465-ecde-4b9a-8a42-b93f56560577.zip,,303.59000000000003,296.500625,0.0,0.5800055537999997,3.6326355689320624,0.9135714669087868,119.47893090276418,906421.25,0.3891384090833334,0.5252331680000006,9.981136830822658,128.94864222435584,16.230517625808716,1.0,1100.0,34.0,0.0,0.0,5.0,0.8115382883201768,1.0,,,,2,2,2,2,1993-09-07 17:58:28.339824+00:00,243768.49600341098,243768.49600341098,uncertain,uncertain_review_required,insufficient_evidence,0.4,False,{},development,,,,0.0,,,,
frp:china_industrial:china_industrial__c1cd4b46-50c7-4dc6-b61f-79dd085a5792.zip:448,frp:china_industrial,448,41.83528989437605,119.28739469882828,1993-09-07 13:37:08.376561+00:00,303.64000000000004,5.435736747158083,0.8178790089953264,china_industrial,china_industrial__c1cd4b46-50c7-4dc6-b61f-79dd085a5792.zip,,303.64000000000004,290.840625,0.0,0.592912,5.435736747158083,0.8178790089953264,120.59578226896994,856725.1875,0.2978434825000002,0.527367520000001,10.00173467463431,121.95629509480128,22.510428428649902,1.0,894.0,1111.0,0.0,0.0,5.0,0.7836562907875761,1.0,,,,3,3,3,3,1993-09-07 13:37:08.376561+00:00,223633.06552403313,223633.06552403313,uncertain,uncertain_review_required,insufficient_evidence,0.4,False,{},development,,,,0.0,,,,
frp:china_industrial:china_industrial__c1cd4b46-50c7-4dc6-b61f-79dd085a5792.zip:506,frp:china_industrial,506,39.02158490147997,117.49254370335984,1993-09-07 13:36:29.096502+00:00,297.92,1.5765790545474931,1.5769213680101837,china_industrial,china_industrial__c1cd4b46-50c7-4dc6-b61f-79dd085a5792.zip,,297.92,296.553125,0.0,0.4687997599999998,1.5765790545474931,1.5769213680101837,113.09419076771395,862766.875,0.3912356675000002,0.4143934000000003,11.006730503107306,122.8867234943216,37.318084478378296,1.0,1119.0,847.0,0.0,0.0,5.0,0.7232825977055958,1.0,,,,6,6,6,6,1993-09-07 13:36:29.096502+00:00,22649.15794171762,22649.15794171762,uncertain,uncertain_review_required,insufficient_evidence,0.4,False,{},development,,,,0.0,,,,
frp:firms_viirs_noaa20_nrt_india:firms_viirs_noaa20_nrt_india.csv:218,frp:firms_viirs_noaa20_nrt_india,218,17.77075,75.83885,2026-08-31 08:30:00+00:00,338.77,1.97,0.0,,firms_viirs_noaa20_nrt_india.csv,,338.77,,,,1.97,0.0,,,,,,,,,,,,,,,,n,N20,D,0,0,0,0,2026-08-31 08:30:00+00:00,330261.8471369354,330261.8471369354,uncertain,uncertain_review_required,insufficient_evidence,0.4,False,{},development,,,,0.0,,,,
frp:sentinel_frp_combined:central_africa_wildfire__127ffed6-bb4b-43b2-a61c-acb9bc1d13e3.zip:576,frp:sentinel_frp_combined,576,-15.835700960018698,17.466987955900095,1993-06-07 20:52:04.053490+00:00,284.79,0.6194247468489928,0.442703954650505,central_africa_wildfire,central_africa_wildfire__127ffed6-bb4b-43b2-a61c-acb9bc1d13e3.zip,,284.79,285.79875,0.0,0.2729503355000001,0.6194247468489928,0.442703954650505,134.1473087660486,947619.6875,0.2414789230000001,0.2292602450000002,17.96398373791754,151.5163173157692,13.51951801776886,1.0,1224.0,257.0,0.0,0.0,5.0,0.8204107619555545,1.0,,,,6,6,6,6,1993-06-07 20:52:04.053490+00:00,1062096.417844215,1062096.417844215,uncertain,uncertain_review_required,insufficient_evidence,0.4,False,{},development,,,,0.0,,,,
frp:siberia_wildfire:siberia_wildfire__557fbf27-71ca-4b9d-8f46-75fa42ea7c15.zip:935,frp:siberia_wildfire,935,58.55867685215355,79.98477579805785,1993-06-07 15:08:56.170554+00:00,292.07,1.2129831546561989,15.55102955021984,siberia_wildfire,siberia_wildfire__557fbf27-71ca-4b9d-8f46-75fa42ea7c15.zip,,292.07,291.96400000000006,0.0,0.3693333199999998,1.2129831546561989,15.55102955021984,79.75644923263687,1066952.875,0.3200035000000002,0.3207570599999999,34.04902305441103,87.87243999514573,26.47390627861023,1.0,1471.0,860.0,0.0,0.0,5.0,0.7393832188980696,1.0,,,,1,1,1,1,1993-06-07 15:08:56.170554+00:00,27554.053051894436,27554.053051894436,uncertain,uncertain_review_required,insufficient_evidence,0.4,False,{},development,,,,0.0,,,,
frp:sentinel_frp_combined:siberia_wildfire__557fbf27-71ca-4b9d-8f46-75fa42ea7c15.zip:4094,frp:sentinel_frp_combined,4094,60.43957984740473,96.46770175644248,1993-06-07 15:08:40.499768+00:00,281.39000000000004,0.8869802366755288,0.18428505872741,siberia_wildfire,siberia_wildfire__557fbf27-71ca-4b9d-8f46-75fa42ea7c15.zip,,281.39000000000004,285.04928330928334,0.0,0.2700071399999998,0.8869802366755288,0.18428505872741,106.34560688141858,1070361.375,0.2336547014285716,0.1955931600000004,34.17337256094799,91.77787436829166,25.5166848897934,1.0,523.0,755.0,4.0,0.0,5.0,0.7431372044144731,1.0,,,,27,27,27,27,1993-06-07 15:08:40.499768+00:00,2485.818015840391,2485.818015840391,uncertain,uncertain_review_required,insufficient_evidence,0.4,False,{},development,,,,0.0,,,,
frp:sentinel_frp_combined:amazon_basin__abb5665d-9dc6-422b-ab36-0e683ba688a3.zip:143,frp:sentinel_frp_combined,143,-13.694639965424358,-65.80681283385377,1993-07-07 13:49:19.266762+00:00,320.05,17.034002206703363,2.442071171690575,amazon_basin,amazon_basin__abb5665d-9dc6-422b-ab36-0e683ba688a3.zip,,320.05,301.5480952380953,1.0,1.0023363700000003,17.034002206703363,2.442071171690575,76.9032910889963,1265693.25,0.4706039157000002,0.7456646000000002,47.75138886586714,53.229829430428126,33.936734199523926,1.0,282.0,284.0,0.0,0.0,7.0,0.6646373203273953,1.0,,,,2,2,2,2,1993-07-07 13:49:19.266762+00:00,413346.86443369096,413346.86443369096,uncertain,uncertain_review_required,insufficient_evidence,0.4,False,{},development,,,,0.0,,,,
frp:gulf_flaring:gulf_flaring__249f7eaa-a006-4cd8-bf84-2e9a2f5a5565.zip:517,frp:gulf_flaring,517,34.64048691254118,46.66260788218824,1993-09-06 07:09:26.087944+00:00,337.79,17.063352527315093,2.894182702314327,gulf_flaring,gulf_flaring__249f7eaa-a006-4cd8-bf84-2e9a2f5a5565.zip,,337.79,319.2381250000001,1.0,1.875706154000001,17.063352527315093,2.894182702314327,48.4417788199537,929604.75,0.978412695475001,0.7547668200000004,15.706168852070284,36.77763742775987,10.39067840576172,1.0,806.0,695.0,0.0,0.0,5.0,0.8385563793266236,1.0,,,,0,0,0,0,1993-09-06 07:09:26.087944+00:00,79826.97795263404,79826.97795263404,uncertain,uncertain_review_required,insufficient_evidence,0.4,False,{},development,,,,0.0,,,,
frp:gulf_flaring:gulf_flaring__5e582e3c-6d99-4d34-8298-72ea8ec7e6f3.zip:1386,frp:gulf_flaring,1386,30.363161923340385,47.60760987980234,1993-09-06 18:24:14.202703+00:00,306.18,1.252742252797549,1.0155579503812269,gulf_flaring,gulf_flaring__5e582e3c-6d99-4d34-8298-72ea8ec7e6f3.zip,,306.18,305.193125,0.0,0.6261653910000009,1.252742252797549,1.0155579503812269,118.8901771198646,916174.8125,0.5612679233750003,0.5840902320000002,11.924668678543457,129.65257656676098,16.634660005569458,1.0,1132.0,1062.0,0.0,0.0,5.0,0.808749384567194,1.0,,,,11,11,11,11,1993-09-06 18:24:14.202703+00:00,2939.833731339368,2939.833731339368,uncertain,uncertain_review_required,insufficient_evidence,0.4,False,{},development,,,,0.0,,,,
frp:gulf_flaring:gulf_flaring__249f7eaa-a006-4cd8-bf84-2e9a2f5a5565.zip:614,frp:gulf_flaring,614,36.42408790803802,50.83576787165202,1993-09-06 07:08:42.615431+00:00,313.38,5.611743547690239,1.0989502149802477,gulf_flaring,gulf_flaring__249f7eaa-a006-4cd8-bf84-2e9a2f5a5565.zip,,313.38,301.0444444444444,1.0,0.7777454112,5.611743547690239,1.0989502149802477,24.429886732816133,914831.0,0.4741960076555556,0.7243539720000001,11.645559821382864,35.901137657059735,9.916120171546936,1.0,1128.0,415.0,0.0,0.0,5.0,0.8432221983523909,1.0,,,,46,46,46,46,1993-09-06 07:08:42.615431+00:00,84514.73936732128,84514.73936732128,uncertain,uncertain_review_required,insufficient_evidence,0.4,False,{},development,,,,0.0,,,,
frp:central_africa_wildfire:central_africa_wildfire__127ffed6-bb4b-43b2-a61c-acb9bc1d13e3.zip:237,frp:central_africa_wildfire,237,-7.511695981034791,24.679490937690275,1993-06-07 20:54:33.677176+00:00,297.3,2.0795111789772576,0.2428169699526938,central_africa_wildfire,central_africa_wildfire__127ffed6-bb4b-43b2-a61c-acb9bc1d13e3.zip,,297.3,290.4146153846154,0.0,0.3647631307000005,2.0795111789772576,0.2428169699526938,148.7752286233932,1291223.25,0.2974116545000003,0.4026489300000001,49.43107954337722,154.26342086035618,21.219486236572266,1.0,250.0,974.0,0.0,0.0,5.0,0.7186179092573056,1.0,,,,2,2,2,2,1993-06-07 20:54:33.677176+00:00,754815.8948228112,754815.8948228112,uncertain,uncertain_review_required,insufficient_evidence,0.4,False,{},development,,,,0.0,,,,
frp:firms_viirs_noaa20_nrt_india:firms_viirs_noaa20_nrt_india.csv:921,frp:firms_viirs_noaa20_nrt_india,921,8.62666,80.80608,2026-09-02 07:50:00+00:00,339.17,9.67,0.0,,firms_viirs_noaa20_nrt_india.csv,,339.17,,,,9.67,0.0,,,,,,,,,,,,,,,,l,N20,D,15,15,15,15,2026-09-02 07:50:00+00:00,207634.5625714985,207634.5625714985,uncertain,uncertain_review_required,insufficient_evidence,0.4,False,{},development,,,,0.0,,,,
frp:firms_modis_nrt_india:firms_modis_nrt_india.csv:45,frp:firms_modis_nrt_india,45,15.82576,79.85383,2026-09-01 09:58:00+00:00,327.58,16.92,0.0,,firms_modis_nrt_india.csv,,327.58,,,,16.92,0.0,,,,,,,,,,,,,,,,73,Aqua,D,1,1,1,1,2026-09-01 09:58:00+00:00,116998.49724739941,116998.49724739941,uncertain,uncertain_review_required,insufficient_evidence,0.4,False,{},development,,,,0.0,,,,
frp:firms_viirs_noaa20_nrt_india:firms_viirs_noaa20_nrt_india.csv:199,frp:firms_viirs_noaa20_nrt_india,199,10.76564,78.65233,2026-08-31 08:28:00+00:00,338.36,5.89,0.0,,firms_viirs_noaa20_nrt_india.csv,,338.36,,,,5.89,0.0,,,,,,,,,,,,,,,,n,N20,D,1,1,1,1,2026-08-31 08:28:00+00:00,71704.45538732084,71704.45538732084,uncertain,uncertain_review_required,insufficient_evidence,0.4,False,{},development,emergency_or_transient_fire,wildfire_or_agricultural_burn,day_fire_far_from_flare,0.65,conf=n+D+flare71704m+p90=1+frp=5.9,,,
frp:firms_viirs_snpp_nrt_india:firms_viirs_snpp_nrt_india.csv:75,frp:firms_viirs_snpp_nrt_india,75,8.51151,80.56882,2026-08-31 08:07:00+00:00,332.96,4.3,0.0,,firms_viirs_snpp_nrt_india.csv,,332.96,,,,4.3,0.0,,,,,,,,,,,,,,,,n,N,D,0,0,0,0,2026-08-31 08:07:00+00:00,185260.4828033671,185260.4828033671,uncertain,uncertain_review_required,insufficient_evidence,0.4,False,{},development,emergency_or_transient_fire,wildfire_or_agricultural_burn,day_fire_far_from_flare,0.65,conf=n+D+flare185260m+p90=0+frp=4.3,,,
frp:central_africa_wildfire:central_africa_wildfire__127ffed6-bb4b-43b2-a61c-acb9bc1d13e3.zip:611,frp:central_africa_wildfire,611,-7.5102309810384895,22.90514094217008,1993-06-07 20:54:20.488808+00:00,288.6,5.156035757728135,11.772266747067723,central_africa_wildfire,central_africa_wildfire__127ffed6-bb4b-43b2-a61c-acb9bc1d13e3.zip,,288.6,289.7901717032967,0.0,0.4824425530000001,5.156035757728135,11.772266747067723,155.40484329519137,1149050.875,0.2968985175000003,0.2735737400000003,39.22625010292617,152.865317128471,25.42887222766876,1.0,441.0,1020.0,0.0,0.0,5.0,0.7318263729276897,1.0,,,,13,13,13,13,1993-06-07 20:54:20.488808+00:00,881770.167988925,881770.167988925,uncertain,uncertain_review_required,insufficient_evidence,0.4,False,{},development,,,,0.0,,,,
frp:firms_viirs_snpp_nrt_india:firms_viirs_snpp_nrt_india.csv:463,frp:firms_viirs_snpp_nrt_india,463,30.14654,67.36202,2026-09-01 07:56:00+00:00,336.1,6.34,0.0,,firms_viirs_snpp_nrt_india.csv,,336.1,,,,6.34,0.0,,,,,,,,,,,,,,,,n,N,D,0,0,0,0,2026-09-01 07:56:00+00:00,210759.79701207418,210759.79701207418,uncertain,uncertain_review_required,insufficient_evidence,0.4,False,{},development,emergency_or_transient_fire,wildfire_or_agricultural_burn,day_fire_far_from_flare,0.65,conf=n+D+flare210760m+p90=0+frp=6.3,,,
frp:sentinel_frp_combined:china_industrial__7ec3e6ea-d3da-4f48-9cb5-4105fb7e4a8b.zip:1403,frp:sentinel_frp_combined,1403,34.48651091292993,133.7031136624321,1993-09-07 12:56:07.038895+00:00,297.04,3.0047656197503305,16.051997257715474,china_industrial,china_industrial__7ec3e6ea-d3da-4f48-9cb5-4105fb7e4a8b.zip,,297.04,297.4627083333333,0.0,0.5282662849000004,3.0047656197503305,16.051997257715474,136.4884600423399,986530.875,0.3960242814285718,0.3981002040000003,24.157491798143056,129.5351002990231,42.608256816864014,1.0,681.0,227.0,0.0,0.0,5.0,0.6883555731304913,1.0,,,,16,16,16,16,1993-09-07 12:56:07.038895+00:00,180220.63140501778,180220.63140501778,uncertain,uncertain_review_required,insufficient_evidence,0.4,False,{},development,,,,0.0,,,,
frp:sentinel_frp_combined:central_africa_wildfire__127ffed6-bb4b-43b2-a61c-acb9bc1d13e3.zip:639,frp:sentinel_frp_combined,639,-9.199413976773712,21.978062944510725,1993-06-07 20:53:45.099644+00:00,296.65000000000003,1.7287185737811082,0.3355946586759875,central_africa_wildfire,central_africa_wildfire__127ffed6-bb4b-43b2-a61c-acb9bc1d13e3.zip,,296.65000000000003,289.8865625,0.0,0.3688275532000005,1.7287185737811082,0.3355946586759875,159.0847318124188,1045847.625,0.2975948449230771,0.3914968450000006,30.548963357139804,152.97943406319186,21.332130193710327,1.0,583.0,862.0,0.0,0.0,5.0,0.7682749146802453,1.0,,,,2,2,2,2,1993-06-07 20:53:45.099644+00:00,846998.2470808078,846998.2470808078,uncertain,uncertain_review_required,insufficient_evidence,0.4,False,{},development,,,,0.0,,,,
frp:siberia_wildfire:siberia_wildfire__4fff0f3b-bc89-4baf-8c7b-4b33aad77faa.zip:526,frp:siberia_wildfire,526,58.09391485332696,82.2713537922848,1993-06-07 16:09:55.603790+00:00,312.26,4.03025532598219,0.4156238691051083,siberia_wildfire,siberia_wildfire__4fff0f3b-bc89-4baf-8c7b-4b33aad77faa.zip,,312.26,289.6946569535648,0.0,0.4450732044000008,4.03025532598219,0.4156238691051083,108.83764472721208,1097842.625,0.2820122281111113,0.7444901199999997,35.20527964146972,94.0585978512469,27.234347820281982,1.0,506.0,482.0,15.0,0.0,7.0,0.7337525059353185,1.0,,,,59,59,59,59,1993-06-07 16:09:55.603790+00:00,164677.6838083475,164677.6838083475,uncertain,uncertain_review_required,insufficient_evidence,0.4,False,{},development,,,,0.0,,,,
frp:firms_viirs_snpp_nrt_india:firms_viirs_snpp_nrt_india.csv:631,frp:firms_viirs_snpp_nrt_india,631,7.86967,80.6083,2026-09-02 07:29:00+00:00,367.0,10.48,0.0,,firms_viirs_snpp_nrt_india.csv,,367.0,,,,10.48,0.0,,,,,,,,,,,,,,,,h,N,D,7,7,7,7,2026-09-02 07:29:00+00:00,124100.62289001903,124100.62289001903,uncertain,uncertain_review_required,insufficient_evidence,0.4,False,{},development,,,,0.0,,,,
frp:gulf_flaring:gulf_flaring__5c707fc0-3bc2-403e-a422-43b891010fe9.zip:1009,frp:gulf_flaring,1009,27.7123269300331,52.14343486835048,1993-09-07 17:57:40.363864+00:00,304.39000000000004,2.388842264832978,1.3996922239293572,gulf_flaring,gulf_flaring__5c707fc0-3bc2-403e-a422-43b891010fe9.zip,,304.39000000000004,302.4703621010987,0.0,0.599708005400001,2.388842264832978,1.3996922239293572,109.72270526454604,1040611.125,0.5015101697142862,0.542863990000001,29.50849357721274,130.17486210853497,29.490721940994263,1.0,1396.0,829.0,0.0,3.0,5.0,0.7355628394362211,1.0,,,,20,20,20,20,1993-09-07 17:57:40.363864+00:00,3371.8261892725836,3371.8261892725836,uncertain,uncertain_review_required,insufficient_evidence,0.4,False,{},development,,,,0.0,,,,
frp:central_africa_wildfire:central_africa_wildfire__0beec313-bad6-4801-9725-7642c0f06960.zip:104,frp:central_africa_wildfire,104,-0.7049629982201395,12.490611968464236,1993-06-07 21:35:28.013742+00:00,292.36,4.546310497293626,0.8535776466910641,central_africa_wildfire,central_africa_wildfire__0beec313-bad6-4801-9725-7642c0f06960.zip,,292.36,284.4438461538461,0.0,0.3539601000000003,4.546310497293626,0.8535776466910641,150.13676154018663,1275989.75,0.2302912200000001,0.3249788800000002,45.17325655807118,148.20899656992162,50.06191253662109,1.0,335.0,567.0,0.0,0.0,7.0,0.6049249940551508,1.0,,,,53,53,53,53,1993-06-07 21:35:28.013742+00:00,253160.35811798583,253160.35811798583,uncertain,uncertain_review_required,insufficient_evidence,0.4,False,{},development,,,,0.0,,,,
frp:gulf_flaring:gulf_flaring__5354c465-ecde-4b9a-8a42-b93f56560577.zip:932,frp:gulf_flaring,932,34.374759913212074,51.71025686944415,1993-09-07 17:59:19.649166+00:00,303.8,7.108900219102189,4.415739552827523,gulf_flaring,gulf_flaring__5354c465-ecde-4b9a-8a42-b93f56560577.zip,,303.8,297.3953448275862,0.0,0.7579966432000008,7.108900219102189,4.415739552827523,111.61960165825796,955566.25,0.464778783367925,0.5297828600000003,19.221398077528715,126.00868160865144,19.91411161422729,1.0,1242.0,348.0,790.0,706.0,47.0,0.7885153374512842,1.0,,,,20,20,20,20,1993-09-07 17:59:19.649166+00:00,45506.2868328815,45506.2868328815,uncertain,uncertain_review_required,insufficient_evidence,0.4,False,{},development,,,,0.0,,,,
frp:central_africa_wildfire:central_africa_wildfire__0beec313-bad6-4801-9725-7642c0f06960.zip:49,frp:central_africa_wildfire,49,-1.040440997373139,13.621557965608872,1993-06-07 21:35:31.307494+00:00,291.95000000000005,6.105947614245568,1.3236653308492323,central_africa_wildfire,central_africa_wildfire__0beec313-bad6-4801-9725-7642c0f06960.zip,,291.95000000000005,279.7409356725145,0.0,0.3321123000000003,6.105947614245568,1.3236653308492323,147.18116517672016,1406397.625,0.1830233000000001,0.3190372000000006,50.89626149412835,149.22125171324012,46.36273527145386,1.0,221.0,503.0,0.0,0.0,7.0,0.5911677383135616,1.0,,,,14,14,14,14,1993-06-07 21:35:31.307494+00:00,375286.2892109394,375286.2892109394,uncertain,uncertain_review_required,insufficient_evidence,0.4,False,{},development,,,,0.0,,,,
frp:central_africa_wildfire:central_africa_wildfire__127ffed6-bb4b-43b2-a61c-acb9bc1d13e3.zip:516,frp:central_africa_wildfire,516,-8.95688897738603,20.78843794751424,1993-06-07 20:53:46.308446+00:00,291.67,1.957457671520635,1.6580949895806436,central_africa_wildfire,central_africa_wildfire__127ffed6-bb4b-43b2-a61c-acb9bc1d13e3.zip,,291.67,288.3690035714285,0.0,0.3609855652000003,1.957457671520635,1.6580949895806436,158.01045561826507,974608.8125,0.2560655527500001,0.3143661450000002,22.589606622464032,151.84698675774845,23.304401636123657,1.0,704.0,918.0,0.0,0.0,5.0,0.7705565500092488,1.0,,,,5,5,5,5,1993-06-07 20:53:46.308446+00:00,945036.8378877641,945036.8378877641,uncertain,uncertain_review_required,insufficient_evidence,0.4,False,{},development,,,,0.0,,,,
frp:china_industrial:china_industrial__4af2f910-78e7-4124-ab1d-03549a936323.zip:294,frp:china_industrial,294,33.43954991557325,104.8556967352648,1993-09-07 14:36:51.855954+00:00,283.58000000000004,1.6457174207412288,0.7165538205261841,china_industrial,china_industrial__4af2f910-78e7-4124-ab1d-03549a936323.zip,,283.58000000000004,274.9075,0.0,0.2273440494000001,1.6457174207412288,0.7165538205261841,121.4328316188019,892255.6875,0.1439210042500001,0.2165555480000004,6.830849698903638,128.1506495019806,26.016891360282894,1.0,1031.0,187.0,0.0,0.0,5.0,0.7707076816693358,1.0,,,,4,4,4,4,1993-09-07 14:36:51.855954+00:00,244554.24744521527,244554.24744521527,uncertain,uncertain_review_required,insufficient_evidence,0.4,False,{},development,,,,0.0,,,,
frp:gulf_flaring:gulf_flaring__06ea85e3-0e01-4c85-b788-ed0287e7ac6d.zip:131,frp:gulf_flaring,131,31.195403921239176,48.05179787868087,1993-09-06 19:03:51.863679+00:00,298.64000000000004,4.931274795677626,5.69161378690359,gulf_flaring,gulf_flaring__06ea85e3-0e01-4c85-b788-ed0287e7ac6d.zip,,298.64000000000004,300.1252773417059,0.0,0.6022938400000011,4.931274795677626,5.69161378690359,148.0158037900895,1479475.0,0.4652188516666671,0.4274218800000008,54.05912897861232,135.14434477437865,14.469946086406708,1.0,151.0,957.0,0.0,0.0,5.0,0.7368810642986147,1.0,,,,15,15,15,15,1993-09-06 19:03:51.863679+00:00,10471.662012607227,10471.662012607227,uncertain,uncertain_review_required,insufficient_evidence,0.4,False,{},development,,,,0.0,,,,
frp:siberia_wildfire:siberia_wildfire__4fff0f3b-bc89-4baf-8c7b-4b33aad77faa.zip:473,frp:siberia_wildfire,473,55.764993859206925,72.49490081696797,1993-06-07 16:09:23.254347+00:00,293.77000000000004,9.407494588004276,3.212067877502112,siberia_wildfire,siberia_wildfire__4fff0f3b-bc89-4baf-8c7b-4b33aad77faa.zip,,293.77000000000004,291.0531250000001,0.0,0.768948191600001,9.407494588004276,3.212067877502112,83.57504935287399,920740.125,0.3062878316428574,0.3451384780000006,12.880988008172409,92.70074746449475,23.986952543258667,1.0,1148.0,391.0,0.0,0.0,5.0,0.7759477016749063,1.0,,,,11,11,11,11,1993-06-07 16:09:23.254347+00:00,90486.45804744562,90486.45804744562,uncertain,uncertain_review_required,insufficient_evidence,0.4,False,{},development,,,,0.0,,,,
frp:sentinel_frp_combined:central_africa_wildfire__0beec313-bad6-4801-9725-7642c0f06960.zip:270,frp:sentinel_frp_combined,270,-1.0527919973419555,13.72466196534856,1993-06-07 21:35:32.206955+00:00,291.27000000000004,5.013108164774695,1.1496626071343057,central_africa_wildfire,central_africa_wildfire__0beec313-bad6-4801-9725-7642c0f06960.zip,,291.27000000000004,279.7409356725145,0.0,0.3043729000000004,5.013108164774695,1.1496626071343057,146.85588146502886,1417601.625,0.1830233000000001,0.3095063200000005,51.41712076880773,149.30845876260028,45.37138080596924,1.0,210.0,499.0,0.0,0.0,7.0,0.5921125401977235,1.0,,,,23,23,23,23,1993-06-07 21:35:32.206955+00:00,386730.1222837254,386730.1222837254,uncertain,uncertain_review_required,insufficient_evidence,0.4,False,{},development,,,,0.0,,,,
frp:china_industrial:china_industrial__7ec3e6ea-d3da-4f48-9cb5-4105fb7e4a8b.zip:340,frp:china_industrial,340,34.49504591290838,133.7030246624323,1993-09-07 12:56:07.338798+00:00,297.77000000000004,9.6931536842792,65.37893209154936,china_industrial,china_industrial__7ec3e6ea-d3da-4f48-9cb5-4105fb7e4a8b.zip,,297.77000000000004,297.4627083333333,0.0,0.8021933062000003,9.6931536842792,65.37893209154936,136.52111360162553,987103.375,0.3960242814285718,0.4108716270000007,24.22446806936862,129.53305892990284,42.464824199676514,1.0,680.0,228.0,0.0,0.0,5.0,0.6888435206797525,1.0,,,,28,28,28,28,1993-09-07 12:56:07.338798+00:00,180471.46119162618,180471.46119162618,uncertain,uncertain_review_required,insufficient_evidence,0.4,False,{},development,,,,0.0,,,,
frp:sentinel_frp_combined:gulf_flaring__06ea85e3-0e01-4c85-b788-ed0287e7ac6d.zip:1753,frp:sentinel_frp_combined,1753,30.519877922944715,47.322447880522304,1993-09-06 19:03:32.068387+00:00,312.04,11.809052324739234,1.355355653653169,gulf_flaring,gulf_flaring__06ea85e3-0e01-4c85-b788-ed0287e7ac6d.zip,,312.04,303.416875,0.0,0.8914383800000014,11.809052324739234,1.355355653653169,148.55699705482542,1391614.375,0.5234784450000005,0.7393327600000006,50.3285106119791,135.2695439773752,16.83559274673462,1.0,232.0,893.0,0.0,0.0,5.0,0.7388801224642396,1.0,,,,18,18,18,18,1993-09-06 19:03:32.068387+00:00,2854.445754933912,2854.445754933912,uncertain,uncertain_review_required,insufficient_evidence,0.4,False,{},development,,,,0.0,,,,
frp:sentinel_frp_combined:amazon_basin__abb5665d-9dc6-422b-ab36-0e683ba688a3.zip:138,frp:sentinel_frp_combined,138,-13.392812966186398,-61.07463484580137,1993-07-07 13:48:18.401925+00:00,314.52000000000004,5.717326956914957,1.2651481669865186,amazon_basin,amazon_basin__abb5665d-9dc6-422b-ab36-0e683ba688a3.zip,,314.52000000000004,304.35687500000006,1.0,0.8128467268000013,5.717326956914957,1.2651481669865186,63.25596898700496,943476.3125,0.5439955396125005,0.5352374500000002,17.98143800343917,49.89189376160655,28.03977394104004,1.0,772.0,131.0,0.0,0.0,5.0,0.7559960407234982,1.0,,,,5,5,5,5,1993-07-07 13:48:18.401925+00:00,515104.5207494875,515104.5207494875,uncertain,uncertain_review_required,insufficient_evidence,0.4,False,{},development,,,,0.0,,,,
frp:gulf_flaring:gulf_flaring__07554d1c-45ab-471f-bda9-f460f68ae9e0.zip:473,frp:gulf_flaring,473,31.281757921021157,48.10488887854683,1993-09-07 18:37:05.748380+00:00,301.91,1.8367740143072748,2.0871169088823875,gulf_flaring,gulf_flaring__07554d1c-45ab-471f-bda9-f460f68ae9e0.zip,,301.91,302.35083333333336,0.0,0.58834136,1.8367740143072748,2.0871169088823875,136.29992291922022,905667.0625,0.5013842737500004,0.4907159300000004,19.005259146579533,131.73323143731093,31.322555899620056,1.0,757.0,1080.0,0.0,0.0,5.0,0.7417929262363944,1.0,,,,21,21,21,21,1993-09-07 18:37:05.748380+00:00,1576.2338520681512,1576.2338520681512,uncertain,uncertain_review_required,insufficient_evidence,0.4,False,{},development,,,,0.0,,,,
frp:siberia_wildfire:siberia_wildfire__4fff0f3b-bc89-4baf-8c7b-4b33aad77faa.zip:328,frp:siberia_wildfire,328,52.61591386715759,71.58979481925314,1993-06-07 16:08:44.269158+00:00,293.89000000000004,5.62716408326334,14.797849473349476,siberia_wildfire,siberia_wildfire__4fff0f3b-bc89-4baf-8c7b-4b33aad77faa.zip,,293.89000000000004,293.0519791666667,0.0,0.5912984224000004,5.62716408326334,14.797849473349476,84.38414817518667,994772.875,0.3301551742500004,0.3469494460000006,24.644656383963277,94.69226111516925,21.90810823440552,1.0,1324.0,84.0,0.0,0.0,5.0,0.7741646499988413,1.0,,,,26,26,26,26,1993-06-07 16:08:44.269158+00:00,296253.6846291088,296253.6846291088,uncertain,uncertain_review_required,insufficient_evidence,0.4,False,{},development,,,,0.0,,,,
frp:firms_viirs_noaa20_nrt_india:firms_viirs_noaa20_nrt_india.csv:772,frp:firms_viirs_noaa20_nrt_india,772,27.79342,75.33019,2026-09-01 20:40:00+00:00,305.85,0.88,0.0,,firms_viirs_noaa20_nrt_india.csv,,305.85,,,,0.88,0.0,,,,,,,,,,,,,,,,n,N20,N,0,0,0,0,2026-09-01 20:40:00+00:00,238077.25579441944,238077.25579441944,uncertain,uncertain_review_required,insufficient_evidence,0.4,False,{},development,,,,0.0,,,,
frp:central_africa_wildfire:central_africa_wildfire__127ffed6-bb4b-43b2-a61c-acb9bc1d13e3.zip:235,frp:central_africa_wildfire,235,-8.29995797904462,21.689016945240496,1993-06-07 20:54:00.399669+00:00,312.35,43.39982443353307,6.108742758538096,central_africa_wildfire,central_africa_wildfire__127ffed6-bb4b-43b2-a61c-acb9bc1d13e3.zip,,312.35,288.0972727272727,0.0,2.1286399680000008,43.39982443353307,6.108742758538096,158.44525561477772,1040352.125,0.2903310772727275,0.7471327000000006,30.04261797325844,152.30245649771786,24.154054164886475,1.0,591.0,966.0,5.0,0.0,5.0,0.7566421692670445,1.0,,,,13,13,13,13,1993-06-07 20:54:00.399669+00:00,928230.69902969,928230.69902969,uncertain,uncertain_review_required,insufficient_evidence,0.4,False,{},development,,,,0.0,,,,
frp:siberia_wildfire:siberia_wildfire__e868eda1-2872-460a-9018-a302eff3e322.zip:1408,frp:siberia_wildfire,1408,66.99136583086306,76.54442980674389,1993-06-07 15:10:57.045016+00:00,284.58000000000004,4.157783213528102,1.72526390004403,siberia_wildfire,siberia_wildfire__e868eda1-2872-460a-9018-a302eff3e322.zip,,284.58000000000004,282.9024999999999,1.0,0.43867025,4.157783213528102,1.72526390004403,71.85922682111938,885235.75,0.2103295443750001,0.2276227000000004,16.03314786678213,81.25942427188184,12.254859268665314,1.0,1197.0,569.0,0.0,0.0,5.0,0.8284189641288016,1.0,,,,4,4,4,4,1993-06-07 15:10:57.045016+00:00,11550.416633779601,11550.416633779601,uncertain,uncertain_review_required,insufficient_evidence,0.4,False,{},development,,,,0.0,,,,
frp:firms_viirs_noaa20_nrt_india:firms_viirs_noaa20_nrt_india.csv:307,frp:firms_viirs_noaa20_nrt_india,307,4.24858,96.12131,2026-09-01 06:27:00+00:00,356.31,19.3,0.0,,firms_viirs_noaa20_nrt_india.csv,,356.31,,,,19.3,0.0,,,,,,,,,,,,,,,,l,N20,D,15,15,15,15,2026-09-01 06:27:00+00:00,151137.61895804643,151137.61895804643,uncertain,uncertain_review_required,insufficient_evidence,0.4,False,{},development,,,,0.0,,,,
frp:sentinel_frp_combined:china_industrial__0d7ba0c0-c144-44dc-bad0-007997140ad8.zip:1077,frp:sentinel_frp_combined,1077,21.225380946411065,105.31054373411644,1993-09-07 14:33:42.884722+00:00,297.18,3.815534062190546,1.085179632237729,china_industrial,china_industrial__0d7ba0c0-c144-44dc-bad0-007997140ad8.zip,,297.18,286.66408333333334,0.0,0.4031737697000007,3.815534062190546,1.085179632237729,116.38400480899033,990661.3125,0.2598123738750001,0.4005495180000001,24.12561120495204,135.487599863826,63.95326805114746,1.0,1314.0,70.0,0.0,0.0,7.0,0.6309605732849518,1.0,,,,18,18,18,18,1993-09-07 14:33:42.884722+00:00,213224.41284412824,213224.41284412824,uncertain,uncertain_review_required,insufficient_evidence,0.4,False,{},development,,,,0.0,,,,
frp:amazon_basin:amazon_basin__223f36a9-bb1f-4a89-8925-9c35d15292fd.zip:95,frp:amazon_basin,95,-12.118104969404726,-54.11701286336768,1993-07-07 13:47:49.057346+00:00,319.27000000000004,13.366021417345625,2.053579706998637,amazon_basin,amazon_basin__223f36a9-bb1f-4a89-8925-9c35d15292fd.zip,,319.27000000000004,299.3450000000001,1.0,0.9736379293000014,13.366021417345625,2.053579706998637,36.260386316492045,1101422.875,0.4423611775700005,0.6864507800000013,34.68619721003653,44.517044114594285,24.60622012615204,1.0,1479.0,1031.0,0.0,0.0,5.0,0.7460060363244312,1.0,,,,7,7,7,7,1993-07-07 13:47:49.057346+00:00,1201088.8814339982,1201088.8814339982,uncertain,uncertain_review_required,insufficient_evidence,0.4,False,{},development,,,,0.0,,,,
frp:siberia_wildfire:siberia_wildfire__4fff0f3b-bc89-4baf-8c7b-4b33aad77faa.zip:795,frp:siberia_wildfire,795,60.650064846873306,77.46903580440949,1993-06-07 16:10:33.116830+00:00,303.35,5.085247650174894,0.729201255068651,siberia_wildfire,siberia_wildfire__4fff0f3b-bc89-4baf-8c7b-4b33aad77faa.zip,,303.35,289.72571428571433,0.0,0.5204668381000002,5.085247650174894,0.729201255068651,96.10799830656369,971416.4375,0.2871197074545457,0.5200335200000005,22.213924452825765,90.58067818768328,26.04892611503601,1.0,708.0,823.0,0.0,2.0,5.0,0.7595657885792405,1.0,,,,5,5,5,5,1993-06-07 16:10:33.116830+00:00,19405.40350600598,19405.40350600598,uncertain,uncertain_review_required,insufficient_evidence,0.4,False,{},development,,,,0.0,,,,
frp:firms_modis_nrt_india:firms_modis_nrt_india.csv:75,frp:firms_modis_nrt_india,75,9.42805,80.39365,2026-09-02 03:32:00+00:00,318.82,6.72,0.0,,firms_modis_nrt_india.csv,,318.82,,,,6.72,0.0,,,,,,,,,,,,,,,,26,Terra,D,32,32,32,32,2026-09-02 03:32:00+00:00,171011.75685392498,171011.75685392498,uncertain,uncertain_review_required,insufficient_evidence,0.4,False,{},development,,,,0.0,,,,
frp:sentinel_frp_combined:siberia_wildfire__7b9d0178-7a9b-4f6d-84f2-e2ad5d35ae5d.zip:4205,frp:sentinel_frp_combined,4205,62.261562842804665,104.84986273527954,1993-06-07 13:28:42.937680+00:00,285.37,0.7693840153291953,0.3534700758901754,siberia_wildfire,siberia_wildfire__7b9d0178-7a9b-4f6d-84f2-e2ad5d35ae5d.zip,,285.37,283.733125,0.0,0.2581120800000003,0.7693840153291953,0.3534700758901754,75.69039569548465,942414.875,0.2200117700000001,0.23620863,23.597901211619966,85.24641715938675,17.565059423446655,1.0,1309.0,37.0,0.0,0.0,5.0,0.7952379056868633,1.0,,,,29,29,29,29,1993-06-07 13:28:42.937680+00:00,206447.46166126235,206447.46166126235,uncertain,uncertain_review_required,insufficient_evidence,0.4,False,{},development,,,,0.0,,,,
frp:siberia_wildfire:siberia_wildfire__b8f339af-5277-4545-be45-00e778ba15bd.zip:1200,frp:siberia_wildfire,1200,55.97284685868215,97.88778075285713,1993-06-07 14:28:26.469886+00:00,285.32,2.268798090349287,3.92269016259587,siberia_wildfire,siberia_wildfire__b8f339af-5277-4545-be45-00e778ba15bd.zip,,285.32,285.87881944444445,0.0,0.3562858012000001,2.268798090349287,3.92269016259587,83.71860185904869,915806.75,0.2453529094000002,0.2350412079999999,11.868539200678535,92.61129988112594,20.982929706573486,1.0,1132.0,409.0,0.0,0.0,5.0,0.7891257371313769,1.0,,,,37,37,37,37,1993-06-07 14:28:26.469886+00:00,276942.10724124603,276942.10724124603,uncertain,uncertain_review_required,insufficient_evidence,0.4,False,{},development,,,,0.0,,,,
frp:firms_viirs_snpp_nrt_india:firms_viirs_snpp_nrt_india.csv:665,frp:firms_viirs_snpp_nrt_india,665,8.43836,80.78616,2026-09-02 07:29:00+00:00,346.04,5.6,0.0,,firms_viirs_snpp_nrt_india.csv,,346.04,,,,5.6,0.0,,,,,,,,,,,,,,,,n,N,D,12,12,12,12,2026-09-02 07:29:00+00:00,188114.35119873803,188114.35119873803,uncertain,uncertain_review_required,insufficient_evidence,0.4,False,{},development,,,,0.0,,,,
frp:sentinel_frp_combined:china_industrial__7ec3e6ea-d3da-4f48-9cb5-4105fb7e4a8b.zip:1432,frp:sentinel_frp_combined,1432,36.97828390663881,126.67754068016995,1993-09-07 12:57:05.580715+00:00,293.57,2.8004853949184927,10.469011831692963,china_industrial,china_industrial__7ec3e6ea-d3da-4f48-9cb5-4105fb7e4a8b.zip,,293.57,294.5572142857143,0.0,0.4915306,2.8004853949184927,10.469011831692963,110.0538057619056,951497.375,0.3666152525000003,0.3421201979999999,18.60530065999989,123.85606162693853,24.59392547607422,1.0,1233.0,643.0,0.0,2.0,5.0,0.7691107104580192,1.0,,,,9,9,9,9,1993-09-07 12:57:05.580715+00:00,27774.560307970507,27774.560307970507,uncertain,uncertain_review_required,insufficient_evidence,0.4,False,{},development,,,,0.0,,,,
frp:siberia_wildfire:siberia_wildfire__4fff0f3b-bc89-4baf-8c7b-4b33aad77faa.zip:66,frp:siberia_wildfire,66,55.769631859195215,72.50945381693123,1993-06-07 16:09:23.254265+00:00,311.8,13.063885870823734,1.6778501539890756,siberia_wildfire,siberia_wildfire__4fff0f3b-bc89-4baf-8c7b-4b33aad77faa.zip,,311.8,290.49625000000003,0.0,0.9498447109000004,13.063885870823734,1.6778501539890756,83.59352052752405,920510.6875,0.3062878316428574,0.7311732600000003,12.81658093865392,92.70434919202764,24.024584412574768,1.0,1147.0,391.0,0.0,0.0,5.0,0.7758302266210005,1.0,,,,5,5,5,5,1993-06-07 16:09:23.254265+00:00,90415.84089089445,90415.84089089445,uncertain,uncertain_review_required,insufficient_evidence,0.4,False,{},development,,,,0.0,,,,
frp:sentinel_frp_combined:central_africa_wildfire__127ffed6-bb4b-43b2-a61c-acb9bc1d13e3.zip:926,frp:sentinel_frp_combined,926,-7.771476980378907,16.212998959066113,1993-06-07 20:54:16.944382+00:00,288.74,2.935103624952606,0.4420819839723618,central_africa_wildfire,central_africa_wildfire__127ffed6-bb4b-43b2-a61c-acb9bc1d13e3.zip,,288.74,273.3677777777778,0.0,0.2662177180999999,2.935103624952606,0.4420819839723618,134.1152082850511,925134.0625,0.122640544,0.2753192460000001,14.180915263575509,147.4854581272265,24.941376328468323,1.0,1167.0,1156.0,0.0,0.0,5.0,0.7711453150096835,1.0,,,,26,26,26,26,1993-06-07 20:54:16.944382+00:00,426352.96309692337,426352.96309692337,uncertain,uncertain_review_required,insufficient_evidence,0.4,False,{},development,,,,0.0,,,,
frp:siberia_wildfire:siberia_wildfire__4fff0f3b-bc89-4baf-8c7b-4b33aad77faa.zip:383,frp:siberia_wildfire,383,54.06949386348765,77.88467780336009,1993-06-07 16:08:40.034028+00:00,301.21000000000004,7.0940599987644894,0.8132659792720459,siberia_wildfire,siberia_wildfire__4fff0f3b-bc89-4baf-8c7b-4b33aad77faa.zip,,301.21000000000004,290.15000000000003,0.0,0.6737737806000006,7.0940599987644894,0.8132659792720459,93.9305306012358,908844.3125,0.3171457963076926,0.4755759970000007,11.140106068049024,95.88527922078688,21.694676637649536,1.0,876.0,108.0,0.0,1.0,5.0,0.7865120543467775,1.0,,,,38,38,38,38,1993-06-07 16:08:40.034028+00:00,198909.70169983935,198909.70169983935,uncertain,uncertain_review_required,insufficient_evidence,0.4,False,{},development,,,,0.0,,,,
frp:firms_viirs_noaa20_nrt_india:firms_viirs_noaa20_nrt_india.csv:677,frp:firms_viirs_noaa20_nrt_india,677,12.69653,75.9088,2026-09-01 08:09:00+00:00,340.08,7.3,0.0,,firms_viirs_noaa20_nrt_india.csv,,340.08,,,,7.3,0.0,,,,,,,,,,,,,,,,l,N20,D,0,0,0,0,2026-09-01 08:09:00+00:00,118318.12616691136,118318.12616691136,uncertain,uncertain_review_required,insufficient_evidence,0.4,False,{},development,uncertain,other_or_uncertain,low_confidence_isolated_day,0.6,conf=l+p90=0+D,,,
frp:gulf_flaring:gulf_flaring__5354c465-ecde-4b9a-8a42-b93f56560577.zip:865,frp:gulf_flaring,865,38.73356690220714,56.905704856326906,1993-09-07 18:00:17.202304+00:00,294.93,4.169118959891467,0.5989669251285015,gulf_flaring,gulf_flaring__5354c465-ecde-4b9a-8a42-b93f56560577.zip,,294.93,279.146,0.0,0.3628654708000004,4.169118959891467,0.5989669251285015,133.0678564573682,988321.4375,0.1771747142222223,0.3631787870000001,24.40264230471864,126.06114822340942,27.76133704185486,1.0,677.0,708.0,0.0,0.0,7.0,0.7500907408298738,1.0,,,,16,16,16,16,1993-09-07 18:00:17.202304+00:00,117181.90370849503,117181.90370849503,uncertain,uncertain_review_required,insufficient_evidence,0.4,False,{},development,,,,0.0,,,,
frp:siberia_wildfire:siberia_wildfire__7b9d0178-7a9b-4f6d-84f2-e2ad5d35ae5d.zip:1058,frp:siberia_wildfire,1058,62.25293384282645,104.42937573634116,1993-06-07 13:28:45.039049+00:00,285.14000000000004,1.7192280955072097,0.3318774850538865,siberia_wildfire,siberia_wildfire__7b9d0178-7a9b-4f6d-84f2-e2ad5d35ae5d.zip,,285.14000000000004,282.87699999999995,0.0,0.2941197400000006,1.7192280955072097,0.3318774850538865,75.68553566264579,954869.125,0.2102074366666668,0.2336558600000005,24.930956725022632,85.12307620588848,17.476107239723206,1.0,1329.0,45.0,0.0,0.0,5.0,0.7941555658060698,1.0,,,,15,15,15,15,1993-06-07 13:28:45.039049+00:00,226867.31692388994,226867.31692388994,uncertain,uncertain_review_required,insufficient_evidence,0.4,False,{},development,,,,0.0,,,,
frp:firms_viirs_snpp_nrt_india:firms_viirs_snpp_nrt_india.csv:269,frp:firms_viirs_snpp_nrt_india,269,7.86625,81.44823,2026-09-01 07:50:00+00:00,343.45,9.31,0.0,,firms_viirs_snpp_nrt_india.csv,,343.45,,,,9.31,0.0,,,,,,,,,,,,,,,,n,N,D,0,0,0,0,2026-09-01 07:50:00+00:00,192911.4919993955,192911.4919993955,uncertain,uncertain_review_required,insufficient_evidence,0.4,False,{},development,emergency_or_transient_fire,wildfire_or_agricultural_burn,day_fire_far_from_flare,0.65,conf=n+D+flare192911m+p90=0+frp=9.3,,,
frp:sentinel_frp_combined:china_industrial__c1cd4b46-50c7-4dc6-b61f-79dd085a5792.zip:1533,frp:sentinel_frp_combined,1533,34.40358891313929,117.96758370216048,1993-09-07 13:35:16.207096+00:00,299.73,3.9272925684246895,0.7178560147160762,china_industrial,china_industrial__c1cd4b46-50c7-4dc6-b61f-79dd085a5792.zip,,299.73,294.428125,0.0,0.5551655100000009,3.9272925684246895,0.7178560147160762,112.85505329591086,891246.0,0.3563161568750002,0.4477100900000004,17.075477347369972,126.08266046794148,24.94756031036377,1.0,1211.0,344.0,0.0,0.0,5.0,0.7689500170376913,1.0,,,,1,1,1,1,1993-09-07 13:35:16.207096+00:00,91079.25998914859,91079.25998914859,uncertain,uncertain_review_required,insufficient_evidence,0.4,False,{},development,,,,0.0,,,,
frp:firms_viirs_noaa20_nrt_india:firms_viirs_noaa20_nrt_india.csv:283,frp:firms_viirs_noaa20_nrt_india,283,24.65826,73.87632,2026-08-31 20:59:00+00:00,305.2,0.81,0.0,,firms_viirs_noaa20_nrt_india.csv,,305.2,,,,0.81,0.0,,,,,,,,,,,,,,,,n,N20,N,0,0,0,0,2026-08-31 20:59:00+00:00,193800.74062904745,193800.74062904745,uncertain,uncertain_review_required,insufficient_evidence,0.4,False,{},development,,,,0.0,,,,
frp:amazon_basin:amazon_basin__ee63b406-431f-44b5-afe5-b345d151571d.zip:242,frp:amazon_basin,242,-12.806494967666708,-64.63317583681692,1993-07-07 14:26:55.359660+00:00,326.79,16.89456948827533,1.9586563327450328,amazon_basin,amazon_basin__ee63b406-431f-44b5-afe5-b345d151571d.zip,,326.79,305.779,1.0,1.283809200000001,16.89456948827533,1.9586563327450328,38.05163930219766,1024045.25,0.5767705890000003,0.6619598000000002,30.98508595421449,45.51429009704306,30.141037940979004,1.0,1420.0,1123.0,0.0,2.0,5.0,0.7302721516253,1.0,,,,1,1,1,1,1993-07-07 14:26:55.359660+00:00,471681.57293039316,471681.57293039316,uncertain,uncertain_review_required,insufficient_evidence,0.4,False,{},development,,,,0.0,,,,
frp:siberia_wildfire:siberia_wildfire__7b9d0178-7a9b-4f6d-84f2-e2ad5d35ae5d.zip:1004,frp:siberia_wildfire,1004,62.25102884283126,105.00567273488616,1993-06-07 13:28:41.737247+00:00,284.74,0.9817505014190744,0.771314666221539,siberia_wildfire,siberia_wildfire__7b9d0178-7a9b-4f6d-84f2-e2ad5d35ae5d.zip,,284.74,283.733125,0.0,0.2688831300000002,0.9817505014190744,0.771314666221539,75.72643905149665,938483.0625,0.2200117700000001,0.2293291000000001,23.12992986217481,85.3120831223773,17.497037887573242,1.0,1302.0,32.0,0.0,0.0,5.0,0.796066452563209,1.0,,,,24,24,24,24,1993-06-07 13:28:41.737247+00:00,198450.5121080515,198450.5121080515,uncertain,uncertain_review_required,insufficient_evidence,0.4,False,{},development,,,,0.0,,,,
frp:firms_viirs_snpp_nrt_india:firms_viirs_snpp_nrt_india.csv:696,frp:firms_viirs_snpp_nrt_india,696,8.62972,80.6591,2026-09-02 07:29:00+00:00,341.84,6.08,0.0,,firms_viirs_snpp_nrt_india.csv,,341.84,,,,6.08,0.0,,,,,,,,,,,,,,,,n,N,D,14,14,14,14,2026-09-02 07:29:00+00:00,201170.2190481356,201170.2190481356,uncertain,uncertain_review_required,insufficient_evidence,0.4,False,{},development,,,,0.0,,,,
frp:siberia_wildfire:siberia_wildfire__b8f339af-5277-4545-be45-00e778ba15bd.zip:1196,frp:siberia_wildfire,1196,55.9645488587031,97.89380975284188,1993-06-07 14:28:26.169901+00:00,286.0,3.3405125265206803,36.94303574189284,siberia_wildfire,siberia_wildfire__b8f339af-5277-4545-be45-00e778ba15bd.zip,,286.0,285.87881944444445,0.0,0.4105217075,3.3405125265206803,36.94303574189284,83.72673263821515,915806.75,0.2453529094000002,0.2425752,11.868558108803438,92.61949190897896,20.93667507171631,1.0,1132.0,408.0,0.0,0.0,5.0,0.7893211246093258,1.0,,,,29,29,29,29,1993-06-07 14:28:26.169901+00:00,276741.3617345526,276741.3617345526,uncertain,uncertain_review_required,insufficient_evidence,0.4,False,{},development,,,,0.0,,,,
frp:firms_viirs_snpp_nrt_india:firms_viirs_snpp_nrt_india.csv:194,frp:firms_viirs_snpp_nrt_india,194,8.11194,79.87071,2026-08-31 20:44:00+00:00,322.48,2.58,0.0,,firms_viirs_snpp_nrt_india.csv,,322.48,,,,2.58,0.0,,,,,,,,,,,,,,,,n,N,N,1,1,1,1,2026-08-31 20:44:00+00:00,128456.01743036511,128456.01743036511,uncertain,uncertain_review_required,insufficient_evidence,0.4,False,{},development,,,,0.0,,,,
frp:sentinel_frp_combined:gulf_flaring__249f7eaa-a006-4cd8-bf84-2e9a2f5a5565.zip:2286,frp:sentinel_frp_combined,2286,31.03171992165244,48.27051587812866,1993-09-06 07:10:16.505308+00:00,323.76,6.168108190951132,2.062134736683109,gulf_flaring,gulf_flaring__249f7eaa-a006-4cd8-bf84-2e9a2f5a5565.zip,,323.76,314.271875,1.0,1.1492243559999995,6.168108190951132,2.062134736683109,27.17730693436072,893879.5,0.8099671995625007,0.7465454600000012,7.229653773552875,33.18308445035695,11.238540053367617,1.0,1044.0,1050.0,0.0,0.0,5.0,0.8377715396639349,1.0,,,,1,1,1,1,1993-09-06 07:10:16.505308+00:00,11505.773396668721,11505.773396668721,uncertain,uncertain_review_required,insufficient_evidence,0.4,False,{},development,,,,0.0,,,,
frp:sentinel_frp_combined:gulf_flaring__249f7eaa-a006-4cd8-bf84-2e9a2f5a5565.zip:2196,frp:sentinel_frp_combined,2196,30.81344092220354,46.78010888189158,1993-09-06 07:10:25.194212+00:00,356.26,44.24251038210827,7.095130107779505,gulf_flaring,gulf_flaring__249f7eaa-a006-4cd8-bf84-2e9a2f5a5565.zip,,356.26,320.2728571428572,1.0,3.3719425399999987,44.24251038210827,7.095130107779505,38.15556713271568,900880.4375,1.0460276920000011,0.755941300000001,9.135535587373706,33.96377211146687,17.28049123287201,1.0,911.0,1106.0,0.0,0.0,5.0,0.8070320761317168,1.0,,,,0,0,0,0,1993-09-06 07:10:25.194212+00:00,17216.473882143408,17216.473882143408,uncertain,uncertain_review_required,insufficient_evidence,0.4,False,{},development,,,,0.0,,,,
frp:sentinel_frp_combined:central_africa_wildfire__127ffed6-bb4b-43b2-a61c-acb9bc1d13e3.zip:409,frp:sentinel_frp_combined,409,-16.831045957505694,18.35830695364973,1993-06-07 20:51:42.748801+00:00,295.66,1.038628856932484,0.1688647102195823,central_africa_wildfire,central_africa_wildfire__127ffed6-bb4b-43b2-a61c-acb9bc1d13e3.zip,,295.66,286.235625,0.0,0.3005457435000002,1.038628856932484,0.1688647102195823,139.32211468218767,921726.875,0.2457033411875001,0.3750054820000004,13.30194569018172,152.5625708623382,12.37975001335144,1.0,1154.0,129.0,0.0,0.0,5.0,0.82933105181086,1.0,,,,0,0,0,0,1993-06-07 20:51:42.748801+00:00,1186277.5591525414,1186277.5591525414,uncertain,uncertain_review_required,insufficient_evidence,0.4,False,{},development,,,,0.0,,,,
frp:sentinel_frp_combined:siberia_wildfire__b8f339af-5277-4545-be45-00e778ba15bd.zip:4443,frp:sentinel_frp_combined,4443,58.20433985304817,106.5418077310078,1993-06-07 14:28:55.524401+00:00,279.44,1.6531873039584124,2.0782448049264146,siberia_wildfire,siberia_wildfire__b8f339af-5277-4545-be45-00e778ba15bd.zip,,279.44,280.418125,0.0,0.2571003675,1.6531873039584124,2.0782448049264146,105.92345745739478,1059644.375,0.1849465205714287,0.1774748319999999,31.874977062320085,93.67946794159388,16.04106366634369,1.0,560.0,505.0,0.0,0.0,5.0,0.7915443080320318,1.0,,,,6,6,6,6,1993-06-07 14:28:55.524401+00:00,3643.3780434457267,3643.3780434457267,uncertain,uncertain_review_required,insufficient_evidence,0.4,False,{},development,,,,0.0,,,,
frp:sentinel_frp_combined:gulf_flaring__5354c465-ecde-4b9a-8a42-b93f56560577.zip:2429,frp:sentinel_frp_combined,2429,32.40712191817988,51.2938418704955,1993-09-07 17:58:54.457167+00:00,293.72,2.6615075603445413,10.43784040264342,gulf_flaring,gulf_flaring__5354c465-ecde-4b9a-8a42-b93f56560577.zip,,293.72,294.3053333333334,0.0,0.4818366832000007,2.6615075603445413,10.43784040264342,109.35341683703328,1003830.8125,0.3561540471333337,0.3443839080000004,25.62256265331218,126.97428718533122,14.551221787929537,1.0,1337.0,149.0,1.0,0.0,5.0,0.807751344274951,1.0,,,,5,5,5,5,1993-09-07 17:58:54.457167+00:00,161671.13701294313,161671.13701294313,uncertain,uncertain_review_required,insufficient_evidence,0.4,False,{},development,,,,0.0,,,,
frp:central_africa_wildfire:central_africa_wildfire__127ffed6-bb4b-43b2-a61c-acb9bc1d13e3.zip:647,frp:central_africa_wildfire,647,-7.7806169803558305,16.281994958891914,1993-06-07 20:54:16.343827+00:00,288.59000000000003,3.7831593461138686,0.5738036904739515,central_africa_wildfire,central_africa_wildfire__127ffed6-bb4b-43b2-a61c-acb9bc1d13e3.zip,,288.59000000000003,273.3677777777778,0.0,0.3075093456000001,3.7831593461138686,0.5738036904739515,134.53712057743778,922742.9375,0.122640544,0.2734490610000004,13.719770752890616,147.54471532757816,25.728397130966187,1.0,1160.0,1153.0,0.0,0.0,5.0,0.7683503831039629,1.0,,,,5,5,5,5,1993-06-07 20:54:16.343827+00:00,434021.62466234795,434021.62466234795,uncertain,uncertain_review_required,insufficient_evidence,0.4,False,{},development,,,,0.0,,,,
frp:sentinel_frp_combined:central_africa_wildfire__91d9ed43-4cf6-47d5-bb87-1a1f26dd72d3.zip:1025,frp:sentinel_frp_combined,1025,1.610267995934464,9.8259349751919,1993-06-07 21:35:54.127246+00:00,293.11,4.269930546420345,0.7527298727066394,central_africa_wildfire,central_africa_wildfire__91d9ed43-4cf6-47d5-bb87-1a1f26dd72d3.zip,,293.11,283.71200000000005,0.0,0.3721012600000001,4.269930546420345,0.7527298727066394,150.796504902908,1032841.3125,0.2187319027272729,0.3359585400000002,31.509238180202548,144.79161289840965,54.62495827674866,1.0,569.0,86.0,0.0,0.0,7.0,0.6321512163849506,1.0,,,,43,43,43,43,1993-06-07 21:35:54.127246+00:00,47459.088116791085,47459.088116791085,uncertain,uncertain_review_required,insufficient_evidence,0.4,False,{},development,,,,0.0,,,,
frp:firms_modis_nrt_india:firms_modis_nrt_india.csv:72,frp:firms_modis_nrt_india,72,31.46483,92.0632,2026-09-02 03:28:00+00:00,305.46,20.06,0.0,,firms_modis_nrt_india.csv,,305.46,,,,20.06,0.0,,,,,,,,,,,,,,,,37,Terra,D,0,0,0,0,2026-09-02 03:28:00+00:00,531757.67063639,531757.67063639,uncertain,uncertain_review_required,insufficient_evidence,0.4,False,{},development,,,,0.0,,,,
frp:sentinel_frp_combined:gulf_flaring__5e582e3c-6d99-4d34-8298-72ea8ec7e6f3.zip:3037,frp:sentinel_frp_combined,3037,30.34827592337797,47.31490788054134,1993-09-06 18:24:15.704849+00:00,304.73,1.2708197829442758,8.703078590163432,gulf_flaring,gulf_flaring__5e582e3c-6d99-4d34-8298-72ea8ec7e6f3.zip,,304.73,304.63995833333337,0.0,0.6137360960000009,1.2708197829442758,8.703078590163432,117.630639356909,922742.9375,0.5502204770000004,0.5504905300000004,13.727480231977616,129.46786867891996,16.589712381362915,1.0,1160.0,1067.0,0.0,0.0,5.0,0.8079730807376458,1.0,,,,19,19,19,19,1993-09-06 18:24:15.704849+00:00,2448.6422129790667,2448.6422129790667,uncertain,uncertain_review_required,insufficient_evidence,0.4,False,{},development,,,,0.0,,,,
frp:sentinel_frp_combined:siberia_wildfire__4fff0f3b-bc89-4baf-8c7b-4b33aad77faa.zip:3503,frp:sentinel_frp_combined,3503,52.58757786722913,71.5574908193347,1993-06-07 16:08:44.269320+00:00,294.34000000000003,3.0703723954548146,5.2067644906042,siberia_wildfire,siberia_wildfire__4fff0f3b-bc89-4baf-8c7b-4b33aad77faa.zip,,294.34000000000003,293.0519791666667,0.0,0.4743642890000006,3.0703723954548146,5.2067644906042,84.39230031150545,996138.5,0.3301551742500004,0.3539359060000005,24.84375788090117,94.69819595639116,21.8145364522934,1.0,1327.0,82.0,0.0,0.0,5.0,0.7743257943360918,1.0,,,,27,27,27,27,1993-06-07 16:08:44.269320+00:00,299983.7313743423,299983.7313743423,uncertain,uncertain_review_required,insufficient_evidence,0.4,False,{},development,,,,0.0,,,,
frp:sentinel_frp_combined:central_africa_wildfire__127ffed6-bb4b-43b2-a61c-acb9bc1d13e3.zip:650,frp:sentinel_frp_combined,650,-9.012269977246206,22.680687942736768,1993-06-07 20:53:51.693919+00:00,289.13,2.0388561227185558,3.6380937446452672,central_africa_wildfire,central_africa_wildfire__127ffed6-bb4b-43b2-a61c-acb9bc1d13e3.zip,,289.13,289.3914285714286,0.0,0.3685023993999999,2.0388561227185558,3.6380937446452672,157.7603744357808,1102453.125,0.2863761543636365,0.2802457779999999,35.53739562105748,153.508683137225,21.83940887451172,1.0,503.0,864.0,0.0,0.0,5.0,0.7567023977173942,1.0,,,,13,13,13,13,1993-06-07 20:53:51.693919+00:00,793500.1742550574,793500.1742550574,uncertain,uncertain_review_required,insufficient_evidence,0.4,False,{},development,,,,0.0,,,,
frp:firms_viirs_noaa20_nrt_india:firms_viirs_noaa20_nrt_india.csv:178,frp:firms_viirs_noaa20_nrt_india,178,9.33629,76.59998,2026-08-31 08:28:00+00:00,331.62,2.3,0.0,,firms_viirs_noaa20_nrt_india.csv,,331.62,,,,2.3,0.0,,,,,,,,,,,,,,,,n,N20,D,0,0,0,0,2026-08-31 08:28:00+00:00,73250.41673607874,73250.41673607874,uncertain,uncertain_review_required,insufficient_evidence,0.4,False,{},development,,,,0.0,,,,
frp:sentinel_frp_combined:central_africa_wildfire__127ffed6-bb4b-43b2-a61c-acb9bc1d13e3.zip:770,frp:sentinel_frp_combined,770,-8.94886397740629,20.795256947497023,1993-06-07 20:53:46.308446+00:00,291.67,13.461966195482146,11.40316987470059,central_africa_wildfire,central_africa_wildfire__127ffed6-bb4b-43b2-a61c-acb9bc1d13e3.zip,,291.67,288.3690035714285,0.0,0.894686565400001,13.461966195482146,11.40316987470059,158.0296973734635,974608.8125,0.2560655527500001,0.3143661450000002,22.656872630961843,151.85362393583569,23.313250184059143,1.0,703.0,918.0,0.0,0.0,5.0,0.7704433761060084,1.0,,,,9,9,9,9,1993-06-07 20:53:46.308446+00:00,945597.336718977,945597.336718977,uncertain,uncertain_review_required,insufficient_evidence,0.4,False,{},development,,,,0.0,,,,
frp:gulf_flaring:gulf_flaring__06ea85e3-0e01-4c85-b788-ed0287e7ac6d.zip:42,frp:gulf_flaring,42,31.098994921482586,47.65346987968656,1993-09-06 19:03:45.865691+00:00,300.24,56.35618409144151,17.253360111041847,gulf_flaring,gulf_flaring__06ea85e3-0e01-4c85-b788-ed0287e7ac6d.zip,,300.24,299.03888888888895,0.0,2.180991200000004,56.35618409144151,17.253360111041847,148.25333937693782,1438314.625,0.4874405788888893,0.4574793200000002,52.29830470511931,135.02435758161846,15.819140434265137,1.0,190.0,952.0,0.0,0.0,5.0,0.7365124460624626,1.0,,,,57,57,57,57,1993-09-06 19:03:45.865691+00:00,3200.1174316150277,3200.1174316150277,uncertain,uncertain_review_required,insufficient_evidence,0.4,False,{},development,,,,0.0,,,,
frp:sentinel_frp_combined:central_africa_wildfire__127ffed6-bb4b-43b2-a61c-acb9bc1d13e3.zip:976,frp:sentinel_frp_combined,976,-6.880666982627986,19.206838951507397,1993-06-07 20:54:20.816521+00:00,289.96000000000004,1.7743853752628824,2.671772124473537,central_africa_wildfire,central_africa_wildfire__127ffed6-bb4b-43b2-a61c-acb9bc1d13e3.zip,,289.96000000000004,289.013125,0.0,0.3636487648000006,1.7743853752628824,2.671772124473537,152.19948371291065,923784.625,0.2792315546250002,0.2910030760000004,14.577425491428382,149.50930883372942,30.5435049533844,1.0,823.0,1179.0,0.0,0.0,5.0,0.7488991995343358,1.0,,,,18,18,18,18,1993-06-07 20:54:20.816521+00:00,739314.5456142324,739314.5456142324,uncertain,uncertain_review_required,insufficient_evidence,0.4,False,{},development,,,,0.0,,,,
frp:sentinel_frp_combined:china_industrial__c1cd4b46-50c7-4dc6-b61f-79dd085a5792.zip:1549,frp:sentinel_frp_combined,1549,35.18143391117542,116.38773370614922,1993-09-07 13:35:39.914736+00:00,294.98,1.814582566385738,0.8308669444085679,china_industrial,china_industrial__c1cd4b46-50c7-4dc6-b61f-79dd085a5792.zip,,294.98,293.841875,0.0,0.4292385800000002,1.814582566385738,0.8308669444085679,107.98647088073707,954869.125,0.3446955292307694,0.3647862000000003,24.929723427688582,124.65407836786906,25.598248600959774,1.0,1327.0,465.0,0.0,0.0,5.0,0.7580792734137152,1.0,,,,2,2,2,2,1993-09-07 13:35:39.914736+00:00,81584.49237945474,81584.49237945474,uncertain,uncertain_review_required,insufficient_evidence,0.4,False,{},development,,,,0.0,,,,
frp:gulf_flaring:gulf_flaring__5354c465-ecde-4b9a-8a42-b93f56560577.zip:794,frp:gulf_flaring,794,32.434445918110896,51.28697687051283,1993-09-07 17:58:55.057139+00:00,295.72,3.493791289600273,8.138975833956701,gulf_flaring,gulf_flaring__5354c465-ecde-4b9a-8a42-b93f56560577.zip,,295.72,294.3053333333334,0.0,0.5211167920000008,3.493791289600273,8.138975833956701,109.3375545275186,1003830.8125,0.3561540471333337,0.3759809440000005,25.62245168897929,126.95324302736525,14.571492731571198,1.0,1337.0,152.0,1.0,0.0,5.0,0.8076422485359248,1.0,,,,27,27,27,27,1993-09-07 17:58:55.057139+00:00,162139.0520794955,162139.0520794955,uncertain,uncertain_review_required,insufficient_evidence,0.4,False,{},development,,,,0.0,,,,
frp:firms_viirs_snpp_nrt_india:firms_viirs_snpp_nrt_india.csv:447,frp:firms_viirs_snpp_nrt_india,447,13.20734,79.73056,2026-09-01 07:50:00+00:00,330.12,3.71,0.0,,firms_viirs_snpp_nrt_india.csv,,330.12,,,,3.71,0.0,,,,,,,,,,,,,,,,l,N,D,0,0,0,0,2026-09-01 07:50:00+00:00,60186.58284897407,60186.58284897407,uncertain,uncertain_review_required,insufficient_evidence,0.4,False,{},development,uncertain,other_or_uncertain,low_confidence_isolated_day,0.6,conf=l+p90=0+D,,,
frp:central_africa_wildfire:central_africa_wildfire__127ffed6-bb4b-43b2-a61c-acb9bc1d13e3.zip:460,frp:central_africa_wildfire,460,-8.54122897843547,23.6417979403102,1993-06-07 20:54:06.086064+00:00,288.43,1.6961808811952452,6.353790719115008,central_africa_wildfire,central_africa_wildfire__127ffed6-bb4b-43b2-a61c-acb9bc1d13e3.zip,,288.43,288.263125,0.0,0.3295938503000002,1.6961808811952452,6.353790719115008,154.14042279701894,1188733.25,0.2672917644444447,0.271454197,42.2215838482289,154.0193447634556,21.045042276382446,1.0,388.0,890.0,0.0,0.0,5.0,0.7440196817719461,1.0,,,,2,2,2,2,1993-06-07 20:54:06.086064+00:00,743906.554394254,743906.554394254,uncertain,uncertain_review_required,insufficient_evidence,0.4,False,{},development,,,,0.0,,,,
frp:firms_viirs_snpp_nrt_india:firms_viirs_snpp_nrt_india.csv:692,frp:firms_viirs_snpp_nrt_india,692,8.59681,80.66502,2026-09-02 07:29:00+00:00,332.41,3.05,0.0,,firms_viirs_snpp_nrt_india.csv,,332.41,,,,3.05,0.0,,,,,,,,,,,,,,,,n,N,D,15,15,15,15,2026-09-02 07:29:00+00:00,198054.91492502508,198054.91492502508,uncertain,uncertain_review_required,insufficient_evidence,0.4,False,{},development,,,,0.0,,,,
frp:gulf_flaring:gulf_flaring__5354c465-ecde-4b9a-8a42-b93f56560577.zip:841,frp:gulf_flaring,841,38.69664990230035,56.852887856460256,1993-09-07 18:00:16.602728+00:00,295.88,2.35542777458427,0.3255645197067268,gulf_flaring,gulf_flaring__5354c465-ecde-4b9a-8a42-b93f56560577.zip,,295.88,279.146,0.0,0.2829674642000004,2.35542777458427,0.3255645197067268,132.88442871928507,985357.375,0.1771747142222223,0.3785821759999999,24.068393976503103,126.05860952979896,26.8542594909668,1.0,682.0,705.0,0.0,0.0,7.0,0.754135658426755,1.0,,,,33,33,33,33,1993-09-07 18:00:16.602728+00:00,123250.30874530031,123250.30874530031,uncertain,uncertain_review_required,insufficient_evidence,0.4,False,{},development,,,,0.0,,,,
frp:siberia_wildfire:siberia_wildfire__4fff0f3b-bc89-4baf-8c7b-4b33aad77faa.zip:782,frp:siberia_wildfire,782,60.57971284705093,77.54783780421053,1993-06-07 16:10:31.916712+00:00,291.16,3.463378843765932,109.59113307529954,siberia_wildfire,siberia_wildfire__4fff0f3b-bc89-4baf-8c7b-4b33aad77faa.zip,,291.16,291.2332142857144,0.0,0.4608096272000007,3.463378843765932,109.59113307529954,96.2735905069062,972493.5,0.3033424460000002,0.3072294600000003,22.34803427285164,90.66136891183464,25.78316068649292,1.0,706.0,814.0,0.0,0.0,5.0,0.7604759844724065,1.0,,,,2,2,2,2,1993-06-07 16:10:31.916712+00:00,27753.92362964035,27753.92362964035,uncertain,uncertain_review_required,insufficient_evidence,0.4,False,{},development,,,,0.0,,,,
frp:sentinel_frp_combined:gulf_flaring__5e582e3c-6d99-4d34-8298-72ea8ec7e6f3.zip:2907,frp:sentinel_frp_combined,2907,25.685147935151235,49.50478487501243,1993-09-06 18:22:51.400945+00:00,300.56,2.155213732517129,1.9280547300682376,gulf_flaring,gulf_flaring__5e582e3c-6d99-4d34-8298-72ea8ec7e6f3.zip,,300.56,298.895625,0.0,0.5410695017000001,2.155213732517129,1.9280547300682376,125.19142912976685,898540.375,0.4318653993125003,0.462758728,8.574023311397205,133.70606589865668,24.555039405822757,1.0,1074.0,517.0,0.0,0.0,5.0,0.7758107529944409,1.0,,,,4,4,4,4,1993-09-06 18:22:51.400945+00:00,8142.379704323195,8142.379704323195,uncertain,uncertain_review_required,insufficient_evidence,0.4,False,{},development,,,,0.0,,,,
frp:china_industrial:china_industrial__4af2f910-78e7-4124-ab1d-03549a936323.zip:291,frp:china_industrial,291,33.423879915612815,104.8262747353391,1993-09-07 14:36:51.856198+00:00,283.43,1.4436234709868878,0.641395463997933,china_industrial,china_industrial__4af2f910-78e7-4124-ab1d-03549a936323.zip,,283.43,274.9075,0.0,0.2171690828000004,1.4436234709868878,0.641395463997933,121.2964843435318,892456.5,0.1439210042500001,0.2150217080000001,6.927648210511134,128.14347450709474,25.774627685546875,1.0,1034.0,186.0,0.0,0.0,5.0,0.7716119585094271,1.0,,,,9,9,9,9,1993-09-07 14:36:51.856198+00:00,243173.1114734439,243173.1114734439,uncertain,uncertain_review_required,insufficient_evidence,0.4,False,{},development,,,,0.0,,,,
frp:siberia_wildfire:siberia_wildfire__4fff0f3b-bc89-4baf-8c7b-4b33aad77faa.zip:77,frp:siberia_wildfire,77,58.09916385331371,82.18922379249216,1993-06-07 16:09:55.304133+00:00,302.64000000000004,6.996062892877539,0.8248303943069567,siberia_wildfire,siberia_wildfire__4fff0f3b-bc89-4baf-8c7b-4b33aad77faa.zip,,302.64000000000004,289.8728571428571,0.0,0.5623515250000001,6.996062892877539,0.8248303943069567,108.56845856042275,1094230.125,0.2820122281111113,0.504919464000001,34.901678138812734,94.02293563001858,27.364049553871155,1.0,511.0,484.0,10.0,0.0,7.0,0.7338718055496622,1.0,,,,67,67,67,67,1993-06-07 16:09:55.304133+00:00,159870.69027654314,159870.69027654314,uncertain,uncertain_review_required,insufficient_evidence,0.4,False,{},development,,,,0.0,,,,
frp:sentinel_frp_combined:gulf_flaring__5e582e3c-6d99-4d34-8298-72ea8ec7e6f3.zip:2845,frp:sentinel_frp_combined,2845,31.067410921562328,47.45759888018108,1993-09-06 18:24:25.901889+00:00,308.89000000000004,2.423186710786672,0.3427987761304821,gulf_flaring,gulf_flaring__5e582e3c-6d99-4d34-8298-72ea8ec7e6f3.zip,,308.89000000000004,302.711875,0.0,0.6325081100000008,2.423186710786672,0.3427987761304821,118.5966241727876,914517.5,0.5065718961250003,0.6515353360000011,11.607100257125206,129.12560650888122,16.423938393592834,1.0,1127.0,1141.0,0.0,0.0,5.0,0.8098887473896323,1.0,,,,1,1,1,1,1993-09-06 18:24:25.901889+00:00,15230.286976179303,15230.286976179303,uncertain,uncertain_review_required,insufficient_evidence,0.4,False,{},development,,,,0.0,,,,
frp:sentinel_frp_combined:siberia_wildfire__4fff0f3b-bc89-4baf-8c7b-4b33aad77faa.zip:3809,frp:sentinel_frp_combined,3809,58.492443852320775,78.82455680098712,1993-06-07 16:09:55.917113+00:00,291.37,4.773138105498811,2.8403397066472924,siberia_wildfire,siberia_wildfire__4fff0f3b-bc89-4baf-8c7b-4b33aad77faa.zip,,291.37,288.696804519694,0.0,0.4950870238000003,4.773138105498811,2.8403397066472924,98.65731317351543,978486.9375,0.2780142674651165,0.3101680950000001,23.160459315106284,92.69567748765654,23.32338523864746,1.0,694.0,570.0,70.0,0.0,13.0,0.7698271068707649,1.0,,,,20,20,20,20,1993-06-07 16:09:55.917113+00:00,26735.05410019012,26735.05410019012,uncertain,uncertain_review_required,insufficient_evidence,0.4,False,{},development,,,,0.0,,,,
frp:sentinel_frp_combined:siberia_wildfire__557fbf27-71ca-4b9d-8f46-75fa42ea7c15.zip:4069,frp:sentinel_frp_combined,4069,57.51465285478946,87.04589878023023,1993-06-07 15:07:58.548474+00:00,294.14000000000004,1.3554006740449598,5.879215679641452,siberia_wildfire,siberia_wildfire__557fbf27-71ca-4b9d-8f46-75fa42ea7c15.zip,,294.14000000000004,293.96,0.0,0.4197917400000005,1.3554006740449598,5.879215679641452,82.36034437416099,866011.4375,0.3497342584615387,0.3516066000000006,11.851971780128178,91.09955609592404,27.46624982357025,1.0,1133.0,592.0,0.0,0.0,5.0,0.7627461812729618,1.0,,,,4,4,4,4,1993-06-07 15:07:58.548474+00:00,144986.07324001883,144986.07324001883,uncertain,uncertain_review_required,insufficient_evidence,0.4,False,{},development,,,,0.0,,,,
frp:siberia_wildfire:siberia_wildfire__e868eda1-2872-460a-9018-a302eff3e322.zip:1392,frp:siberia_wildfire,1392,64.23804983781451,85.69836178363244,1993-06-07 15:09:45.927954+00:00,289.32,1.03619892702481,0.2063587340175652,siberia_wildfire,siberia_wildfire__e868eda1-2872-460a-9018-a302eff3e322.zip,,289.32,287.2414285714286,0.0,0.3120292000000007,1.03619892702481,0.2063587340175652,81.85532066411986,848722.8125,0.2576722792857145,0.2834032399999999,7.536482852597013,85.78865945361844,29.08058345317841,1.0,941.0,117.0,0.0,0.0,5.0,0.7586599778376726,1.0,,,,5,5,5,5,1993-06-07 15:09:45.927954+00:00,201200.26426499675,201200.26426499675,uncertain,uncertain_review_required,insufficient_evidence,0.4,False,{},development,,,,0.0,,,,
frp:sentinel_frp_combined:siberia_wildfire__7b9d0178-7a9b-4f6d-84f2-e2ad5d35ae5d.zip:4316,frp:sentinel_frp_combined,4316,65.49282083464652,114.38871271119626,1993-06-07 13:29:03.892065+00:00,277.39000000000004,0.5921887257680692,1.0040540269681788,siberia_wildfire,siberia_wildfire__7b9d0178-7a9b-4f6d-84f2-e2ad5d35ae5d.zip,,277.39000000000004,277.78375,0.0,0.1960653599999999,0.5921887257680692,1.0040540269681788,90.42057566084831,912962.375,0.1641569331250001,0.1609354400000003,19.96455590326333,85.81157353175166,9.927871286869047,1.0,741.0,196.0,0.0,0.0,5.0,0.8382387408385725,1.0,,,,24,24,24,24,1993-06-07 13:29:03.892065+00:00,299029.49070002895,299029.49070002895,uncertain,uncertain_review_required,insufficient_evidence,0.4,False,{},development,,,,0.0,,,,
frp:firms_viirs_snpp_nrt_india:firms_viirs_snpp_nrt_india.csv:36,frp:firms_viirs_snpp_nrt_india,36,7.94456,81.30545,2026-08-31 08:07:00+00:00,367.0,20.34,0.0,,firms_viirs_snpp_nrt_india.csv,,367.0,,,,20.34,0.0,,,,,,,,,,,,,,,,h,N,D,0,0,0,0,2026-08-31 08:07:00+00:00,184690.23957010597,184690.23957010597,uncertain,uncertain_review_required,insufficient_evidence,0.4,False,{},development,emergency_or_transient_fire,wildfire_or_agricultural_burn,day_fire_far_from_flare,0.65,conf=h+D+flare184690m+p90=0+frp=20.3,,,
frp:gulf_flaring:gulf_flaring__5354c465-ecde-4b9a-8a42-b93f56560577.zip:891,frp:gulf_flaring,891,38.742430902184765,56.82568085652895,1993-09-07 18:00:17.202795+00:00,292.92,3.8695079518742057,0.6137710928840572,gulf_flaring,gulf_flaring__5354c465-ecde-4b9a-8a42-b93f56560577.zip,,292.92,279.146,0.0,0.3508027432000006,3.8695079518742057,0.6137710928840572,132.8047136279457,984743.0625,0.1771747142222223,0.3323553720000002,24.00124485087995,126.0162085803789,27.17649638652801,1.0,683.0,710.0,0.0,0.0,7.0,0.7529334853343767,1.0,,,,48,48,48,48,1993-09-07 18:00:17.202795+00:00,120874.67858746053,120874.67858746053,uncertain,uncertain_review_required,insufficient_evidence,0.4,False,{},development,,,,0.0,,,,
frp:china_industrial:china_industrial__c1cd4b46-50c7-4dc6-b61f-79dd085a5792.zip:485,frp:china_industrial,485,35.3245449108141,116.81473570507114,1993-09-07 13:35:38.411788+00:00,295.49,1.488223296094455,2.5972251154192665,china_industrial,china_industrial__c1cd4b46-50c7-4dc6-b61f-79dd085a5792.zip,,295.49,294.8531250000001,0.0,0.4337803300000001,1.488223296094455,2.5972251154192665,109.33615701345204,930326.4375,0.3631337231250002,0.3730781800000001,22.17124343609333,124.81333735469472,27.83060073852539,1.0,1286.0,470.0,0.0,0.0,5.0,0.7525375276721428,1.0,,,,6,6,6,6,1993-09-07 13:35:38.411788+00:00,55743.27230986665,55743.27230986665,uncertain,uncertain_review_required,insufficient_evidence,0.4,False,{},development,,,,0.0,,,,
frp:firms_viirs_noaa20_nrt_india:firms_viirs_noaa20_nrt_india.csv:131,frp:firms_viirs_noaa20_nrt_india,131,8.64128,80.72565,2026-08-31 08:28:00+00:00,356.03,8.18,0.0,,firms_viirs_noaa20_nrt_india.csv,,356.03,,,,8.18,0.0,,,,,,,,,,,,,,,,n,N20,D,7,7,7,7,2026-08-31 08:28:00+00:00,205272.9426591368,205272.9426591368,uncertain,uncertain_review_required,insufficient_evidence,0.4,False,{},development,,,,0.0,,,,
frp:sentinel_frp_combined:siberia_wildfire__7b9d0178-7a9b-4f6d-84f2-e2ad5d35ae5d.zip:4323,frp:sentinel_frp_combined,4323,65.51795783458306,114.42024571111664,1993-06-07 13:29:04.491872+00:00,277.92,0.8166199301516197,4.38006030894296,siberia_wildfire,siberia_wildfire__7b9d0178-7a9b-4f6d-84f2-e2ad5d35ae5d.zip,,277.92,277.78375,0.0,0.20814222,0.8166199301516197,4.38006030894296,90.55998963802271,914062.1875,0.1641569331250001,0.1651733200000001,20.16702881830096,85.80676572568719,9.78974676132202,1.0,738.0,198.0,0.0,0.0,5.0,0.8389436436281523,1.0,,,,31,31,31,31,1993-06-07 13:29:04.491872+00:00,302008.3172138068,302008.3172138068,uncertain,uncertain_review_required,insufficient_evidence,0.4,False,{},development,,,,0.0,,,,
frp:sentinel_frp_combined:siberia_wildfire__7b9d0178-7a9b-4f6d-84f2-e2ad5d35ae5d.zip:4194,frp:sentinel_frp_combined,4194,62.251458842830175,104.9310747350745,1993-06-07 13:28:42.337463+00:00,283.36,1.7016773987701252,2.4135068323320046,siberia_wildfire,siberia_wildfire__7b9d0178-7a9b-4f6d-84f2-e2ad5d35ae5d.zip,,283.36,283.733125,0.0,0.3045078100000003,1.7016773987701252,2.4135068323320046,75.71088211231466,940480.0625,0.2200117700000001,0.2148802000000001,23.330492133922416,85.28511119338692,17.517794728279114,1.0,1305.0,34.0,0.0,0.0,5.0,0.7957530441911785,1.0,,,,40,40,40,40,1993-06-07 13:28:42.337463+00:00,202107.87334276753,202107.87334276753,uncertain,uncertain_review_required,insufficient_evidence,0.4,False,{},development,,,,0.0,,,,
frp:central_africa_wildfire:central_africa_wildfire__127ffed6-bb4b-43b2-a61c-acb9bc1d13e3.zip:636,frp:central_africa_wildfire,636,-7.208437981800444,19.270955951345517,1993-06-07 20:54:15.116815+00:00,288.90000000000003,1.3490231011356333,1.1225437030163783,central_africa_wildfire,central_africa_wildfire__127ffed6-bb4b-43b2-a61c-acb9bc1d13e3.zip,,288.90000000000003,289.42,0.0,0.3498627904000007,1.3490231011356333,1.1225437030163783,152.4472192252207,923426.0,0.2853898840714288,0.2773141100000004,14.51058977616578,149.72314596799131,30.05171513557434,1.0,824.0,1143.0,0.0,0.0,5.0,0.7510201545956441,1.0,,,,7,7,7,7,1993-06-07 20:54:15.116815+00:00,750039.639100354,750039.639100354,uncertain,uncertain_review_required,insufficient_evidence,0.4,False,{},development,,,,0.0,,,,
frp:sentinel_frp_combined:central_africa_wildfire__127ffed6-bb4b-43b2-a61c-acb9bc1d13e3.zip:495,frp:sentinel_frp_combined,495,-7.660845980658223,23.42974894084557,1993-06-07 20:54:21.085449+00:00,300.14000000000004,3.605349656879894,0.3707480603341546,central_africa_wildfire,central_africa_wildfire__127ffed6-bb4b-43b2-a61c-acb9bc1d13e3.zip,,300.14000000000004,288.83125000000007,0.0,0.4078974440000004,3.605349656879894,0.3707480603341546,153.86192422313542,1189751.625,0.2762626773571431,0.4545723820000008,42.22920096579352,153.37825532462253,22.93603539466858,1.0,388.0,990.0,0.0,0.0,5.0,0.7350083942945111,1.0,,,,0,0,0,0,1993-06-07 20:54:21.085449+00:00,829363.6258046789,829363.6258046789,uncertain,uncertain_review_required,insufficient_evidence,0.4,False,{},development,,,,0.0,,,,
frp:sentinel_frp_combined:central_africa_wildfire__0beec313-bad6-4801-9725-7642c0f06960.zip:389,frp:sentinel_frp_combined,389,0.6132039984518087,11.38376297125876,1993-06-07 21:35:44.218178+00:00,289.47,2.378010591835001,0.5773030720175165,central_africa_wildfire,central_africa_wildfire__0beec313-bad6-4801-9725-7642c0f06960.zip,,289.47,286.48285714285714,0.0,0.3238142400000005,2.378010591835001,0.5773030720175165,151.15575874758855,1176646.125,0.2486224697222223,0.2853505400000004,40.27524487488698,146.572634353569,47.073909282684326,1.0,424.0,736.0,0.0,0.0,17.0,0.6339747840394887,1.0,,,,22,22,22,22,1993-06-07 21:35:44.218178+00:00,227681.2606079148,227681.2606079148,uncertain,uncertain_review_required,insufficient_evidence,0.4,False,{},development,,,,0.0,,,,
frp:sentinel_frp_combined:central_africa_wildfire__127ffed6-bb4b-43b2-a61c-acb9bc1d13e3.zip:526,frp:sentinel_frp_combined,526,-7.60784398079204,16.887855957362262,1993-06-07 20:54:15.438245+00:00,304.3,1.5640588473107404,0.256605654908966,central_africa_wildfire,central_africa_wildfire__127ffed6-bb4b-43b2-a61c-acb9bc1d13e3.zip,,304.3,293.578125,0.0,0.4196122517999998,1.5640588473107404,0.256605654908966,138.5852231190142,903016.8125,0.3428144549333335,0.5408452000000002,9.419468357518596,147.9788040587956,29.397209644317627,1.0,1090.0,1157.0,0.0,0.0,5.0,0.756620530382476,1.0,,,,3,3,3,3,1993-06-07 20:54:15.438245+00:00,497422.99266645365,497422.99266645365,uncertain,uncertain_review_required,insufficient_evidence,0.4,False,{},development,,,,0.0,,,,
frp:sentinel_frp_combined:gulf_flaring__06ea85e3-0e01-4c85-b788-ed0287e7ac6d.zip:1809,frp:sentinel_frp_combined,1809,26.464993933182317,36.79500690710154,1993-09-06 19:02:19.851221+00:00,304.17,1.4100448592511134,0.562303148132569,gulf_flaring,gulf_flaring__06ea85e3-0e01-4c85-b788-ed0287e7ac6d.zip,,304.17,302.9741071428571,0.0,0.578326720000001,1.4100448592511134,0.562303148132569,112.69880011701582,959931.625,0.5228579447826089,0.5389950300000004,25.365257038250487,131.22424031887826,24.89297819137573,1.0,1333.0,671.0,108.0,0.0,17.0,0.7603872819487552,1.0,,,,1,1,1,1,1993-09-06 19:02:19.851221+00:00,267724.0300674279,267724.0300674279,uncertain,uncertain_review_required,insufficient_evidence,0.4,False,{},development,,,,0.0,,,,
frp:sentinel_frp_combined:gulf_flaring__5e582e3c-6d99-4d34-8298-72ea8ec7e6f3.zip:3149,frp:sentinel_frp_combined,3149,31.272778921043823,48.099634878560096,1993-09-06 18:24:25.896674+00:00,298.46000000000004,6.5716612480763255,5.633130421747097,gulf_flaring,gulf_flaring__5e582e3c-6d99-4d34-8298-72ea8ec7e6f3.zip,,298.46000000000004,299.5,0.0,0.7968665958999998,6.5716612480763255,5.633130421747097,121.4543110227754,896494.125,0.4452416597500002,0.4232405440000006,7.982827677905123,129.40801474970223,13.953883171081545,1.0,1062.0,1148.0,0.0,0.0,5.0,0.8234153961463978,1.0,,,,5,5,5,5,1993-09-06 18:24:25.896674+00:00,1606.579210843618,1606.579210843618,uncertain,uncertain_review_required,insufficient_evidence,0.4,False,{},development,,,,0.0,,,,
frp:sentinel_frp_combined:siberia_wildfire__4fff0f3b-bc89-4baf-8c7b-4b33aad77faa.zip:3895,frp:sentinel_frp_combined,3895,58.545220852187526,77.74488880371302,1993-06-07 16:09:56.521631+00:00,291.73,3.8105409008751887,3.102049176136242,siberia_wildfire,siberia_wildfire__4fff0f3b-bc89-4baf-8c7b-4b33aad77faa.zip,,291.73,290.5662469040742,0.0,0.4824425530000001,3.8105409008751887,3.102049176136242,95.61520858088204,950879.75,0.2837197354117649,0.3152057550000002,19.196630330671617,92.33134329618376,23.2691752910614,1.0,753.0,592.0,0.0,0.0,7.0,0.7741582010237202,1.0,,,,26,26,26,26,1993-06-07 16:09:56.521631+00:00,18935.640389666045,18935.640389666045,uncertain,uncertain_review_required,insufficient_evidence,0.4,False,{},development,,,,0.0,,,,
frp:central_africa_wildfire:central_africa_wildfire__127ffed6-bb4b-43b2-a61c-acb9bc1d13e3.zip:553,frp:central_africa_wildfire,553,-8.286949979077463,21.66706894529591,1993-06-07 20:54:00.399763+00:00,288.41,3.4139791157303714,33.15189081335634,central_africa_wildfire,central_africa_wildfire__127ffed6-bb4b-43b2-a61c-acb9bc1d13e3.zip,,288.41,288.71540404040405,0.0,0.4219706377000007,3.4139791157303714,33.15189081335634,158.44429576241876,1039582.25,0.2903310772727275,0.2712048390000003,29.91453793973377,152.27939419017846,24.34239935874939,1.0,593.0,968.0,4.0,0.0,5.0,0.7560310693815642,1.0,,,,14,14,14,14,1993-06-07 20:54:00.399763+00:00,931037.8485040434,931037.8485040434,uncertain,uncertain_review_required,insufficient_evidence,0.4,False,{},development,,,,0.0,,,,
frp:gulf_flaring:gulf_flaring__5c707fc0-3bc2-403e-a422-43b891010fe9.zip:1024,frp:gulf_flaring,1024,30.238116923656094,56.87234185641114,1993-09-07 17:57:51.723278+00:00,291.95000000000005,1.1993887869833642,1.605270971536107,gulf_flaring,gulf_flaring__5c707fc0-3bc2-403e-a422-43b891010fe9.zip,,291.95000000000005,290.55687500000005,0.0,0.3639620824000003,1.1993887869833642,1.605270971536107,131.361145065858,907678.625,0.2997789579375002,0.3182843250000006,10.876816962356692,131.77663975217587,12.916103959083555,1.0,881.0,989.0,0.0,0.0,5.0,0.827680206373084,1.0,,,,5,5,5,5,1993-09-07 17:57:51.723278+00:00,163574.7195719896,163574.7195719896,uncertain,uncertain_review_required,insufficient_evidence,0.4,False,{},development,,,,0.0,,,,
frp:firms_viirs_noaa20_nrt_india:firms_viirs_noaa20_nrt_india.csv:789,frp:firms_viirs_noaa20_nrt_india,789,21.10419,72.64568,2026-09-01 20:42:00+00:00,323.91,4.03,0.0,,firms_viirs_noaa20_nrt_india.csv,,323.91,,,,4.03,0.0,,,,,,,,,,,,,,,,n,N20,N,13,13,13,13,2026-09-01 20:42:00+00:00,10997.508053339552,10997.508053339552,uncertain,uncertain_review_required,insufficient_evidence,0.4,False,{},development,,,,0.0,,,,
frp:sentinel_frp_combined:siberia_wildfire__4fff0f3b-bc89-4baf-8c7b-4b33aad77faa.zip:3538,frp:sentinel_frp_combined,3538,53.981942863708696,77.60304780407114,1993-06-07 16:08:39.135695+00:00,290.56,2.4945021137455754,3.018598691498446,siberia_wildfire,siberia_wildfire__4fff0f3b-bc89-4baf-8c7b-4b33aad77faa.zip,,290.56,289.6946875,0.0,0.4156211372000004,2.4945021137455754,3.018598691498446,93.16808180467288,903105.75,0.2868837585000003,0.29906414,9.954257368213462,95.85284615884451,21.48448944091797,1.0,896.0,104.0,0.0,0.0,5.0,0.7879752673424719,1.0,,,,4,4,4,4,1993-06-07 16:08:39.135695+00:00,184228.28226432175,184228.28226432175,uncertain,uncertain_review_required,insufficient_evidence,0.4,False,{},development,,,,0.0,,,,
frp:central_africa_wildfire:central_africa_wildfire__0beec313-bad6-4801-9725-7642c0f06960.zip:28,frp:central_africa_wildfire,28,-1.0351999973863713,13.720658965358666,1993-06-07 21:35:32.506942+00:00,291.49,5.569866513119352,1.2534744386496195,central_africa_wildfire,central_africa_wildfire__0beec313-bad6-4801-9725-7642c0f06960.zip,,291.49,279.7409356725145,0.0,0.3179159200000001,5.569866513119352,1.2534744386496195,146.8538332932031,1417601.625,0.1830233000000001,0.3125898400000001,51.41722208580043,149.29379907336656,45.48904800415039,1.0,210.0,501.0,0.0,0.0,7.0,0.5916602252432425,1.0,,,,33,33,33,33,1993-06-07 21:35:32.506942+00:00,386311.780469477,386311.780469477,uncertain,uncertain_review_required,insufficient_evidence,0.4,False,{},development,,,,0.0,,,,
frp:firms_viirs_snpp_nrt_india:firms_viirs_snpp_nrt_india.csv:448,frp:firms_viirs_snpp_nrt_india,448,13.85649,79.3286,2026-09-01 07:50:00+00:00,340.87,4.74,0.0,,firms_viirs_snpp_nrt_india.csv,,340.87,,,,4.74,0.0,,,,,,,,,,,,,,,,n,N,D,3,3,3,3,2026-09-01 07:50:00+00:00,126547.07918356954,126547.07918356954,uncertain,uncertain_review_required,insufficient_evidence,0.4,False,{},development,,,,0.0,,,,
