event_id,split,timestamp_utc,latitude,longitude,source_dataset,frp,brightness_temperature,frp_uncertainty,Day_night,n_cloud,n_water,prior_detections_7d,prior_detections_30d,prior_detections_90d,stationary_count_90d,nearest_flare_distance_m,nearest_industrial_distance_m,label_stage_1,label_stage_2,label_source,label_confidence,label_provenance,expert_label_stage_1,expert_label_stage_2,expert_notes
frp:firms_modis_nrt_india:firms_modis_nrt_india.csv:91,ranking,2026-09-02 08:54:00+00:00,4.12734,97.32111,frp:firms_modis_nrt_india,11.15,309.63,0.0,,,,0,0,0,0,95648.17766099643,95648.17766099643,uncertain,uncertain_review_required,insufficient_evidence,0.4,{},,,
frp:firms_modis_nrt_india:firms_modis_nrt_india.csv:92,ranking,2026-09-02 08:54:00+00:00,4.12923,97.33354,frp:firms_modis_nrt_india,8.02,305.94,0.0,,,,1,1,1,1,94996.35807360044,94996.35807360044,uncertain,uncertain_review_required,insufficient_evidence,0.4,{},,,
frp:firms_modis_nrt_india:firms_modis_nrt_india.csv:93,ranking,2026-09-02 08:58:00+00:00,16.98392,99.37228,frp:firms_modis_nrt_india,6.24,317.14,0.0,,,,0,0,0,0,54861.75247326171,54861.75247326171,uncertain,uncertain_review_required,insufficient_evidence,0.4,{},,,
frp:firms_modis_nrt_india:firms_modis_nrt_india.csv:94,ranking,2026-09-02 09:02:00+00:00,24.94081,90.9631,frp:firms_modis_nrt_india,7.84,314.15,0.0,,,,0,0,0,0,71954.87056999336,71954.87056999336,uncertain,uncertain_review_required,insufficient_evidence,0.4,{},,,
frp:firms_modis_nrt_india:firms_modis_nrt_india.csv:95,ranking,2026-09-02 09:02:00+00:00,29.54871,90.99774,frp:firms_modis_nrt_india,8.01,312.16,0.0,,,,0,0,0,0,339564.04643985594,339564.04643985594,uncertain,uncertain_review_required,insufficient_evidence,0.4,{},,,
frp:firms_modis_nrt_india:firms_modis_nrt_india.csv:96,ranking,2026-09-02 09:02:00+00:00,29.66946,91.32726,frp:firms_modis_nrt_india,10.86,314.07,0.0,,,,1,1,1,1,358478.79588277306,358478.79588277306,uncertain,uncertain_review_required,insufficient_evidence,0.4,{},,,
frp:firms_modis_nrt_india:firms_modis_nrt_india.csv:97,ranking,2026-09-02 09:05:00+00:00,32.90065,84.57795,frp:firms_modis_nrt_india,15.84,304.55,0.0,,,,0,0,0,0,658933.7014267157,658933.7014267157,uncertain,uncertain_review_required,insufficient_evidence,0.4,{},,,
frp:firms_modis_nrt_india:firms_modis_nrt_india.csv:98,ranking,2026-09-02 09:05:00+00:00,32.90652,84.57077,frp:firms_modis_nrt_india,28.86,308.89,0.0,,,,1,1,1,1,658345.9843404037,658345.9843404037,uncertain,uncertain_review_required,insufficient_evidence,0.4,{},,,
frp:firms_modis_nrt_india:firms_modis_nrt_india.csv:99,ranking,2026-09-02 10:34:00+00:00,12.09725,77.06553,frp:firms_modis_nrt_india,11.21,316.63,0.0,,,,1,1,1,1,247772.67743687006,247772.67743687006,uncertain,uncertain_review_required,insufficient_evidence,0.4,{},,,
frp:firms_modis_nrt_india:firms_modis_nrt_india.csv:100,ranking,2026-09-02 10:38:00+00:00,24.76172,67.71741,frp:firms_modis_nrt_india,20.93,327.52,0.0,,,,0,0,0,0,29343.946657790806,29343.946657790806,uncertain,uncertain_review_required,insufficient_evidence,0.4,{},,,
frp:firms_modis_nrt_india:firms_modis_nrt_india.csv:101,ranking,2026-09-02 10:38:00+00:00,24.94252,68.30282,frp:firms_modis_nrt_india,8.85,315.87,0.0,,,,0,0,0,0,21195.80640185392,21195.80640185392,uncertain,uncertain_review_required,insufficient_evidence,0.4,{},,,
frp:firms_modis_nrt_india:firms_modis_nrt_india.csv:102,ranking,2026-09-02 10:41:00+00:00,38.04405,67.26559,frp:firms_modis_nrt_india,12.88,331.25,0.0,,,,28,28,28,28,76812.37881130993,76812.37881130993,uncertain,uncertain_review_required,insufficient_evidence,0.4,{},,,
frp:firms_modis_nrt_india:firms_modis_nrt_india.csv:103,ranking,2026-09-02 10:41:00+00:00,38.05271,67.26351,frp:firms_modis_nrt_india,7.4,326.88,0.0,,,,27,27,27,27,76065.42343933949,76065.42343933949,uncertain,uncertain_review_required,insufficient_evidence,0.4,{},,,
frp:firms_modis_nrt_india:firms_modis_nrt_india.csv:104,ranking,2026-09-02 22:46:00+00:00,15.18033,76.67941,frp:firms_modis_nrt_india,4.73,304.8,0.0,,,,32,32,32,32,311700.0349811152,311700.0349811152,uncertain,uncertain_review_required,insufficient_evidence,0.4,{},,,
frp:firms_modis_nrt_india:firms_modis_nrt_india.csv:105,ranking,2026-09-02 22:46:00+00:00,15.18183,76.66988,frp:firms_modis_nrt_india,5.39,305.82,0.0,,,,31,31,31,31,311184.71406668215,311184.71406668215,uncertain,uncertain_review_required,insufficient_evidence,0.4,{},,,
frp:firms_modis_nrt_india:firms_modis_nrt_india.csv:106,ranking,2026-09-02 22:46:00+00:00,15.18333,76.66036,frp:firms_modis_nrt_india,4.18,304.19,0.0,,,,30,30,30,30,310672.7092628452,310672.7092628452,uncertain,uncertain_review_required,insufficient_evidence,0.4,{},,,
frp:firms_modis_nrt_india:firms_modis_nrt_india.csv:107,ranking,2026-09-03 02:28:00+00:00,23.5102,99.83031,frp:firms_modis_nrt_india,6.24,307.15,0.0,,,,0,0,0,0,576216.1037304973,576216.1037304973,uncertain,uncertain_review_required,insufficient_evidence,0.4,{},,,
frp:firms_modis_nrt_india:firms_modis_nrt_india.csv:108,ranking,2026-09-03 02:28:00+00:00,24.12035,99.56926,frp:firms_modis_nrt_india,4.41,302.29,0.0,,,,0,0,0,0,508015.2636328933,508015.2636328933,uncertain,uncertain_review_required,insufficient_evidence,0.4,{},,,
frp:firms_modis_nrt_india:firms_modis_nrt_india.csv:109,ranking,2026-09-03 02:28:00+00:00,27.3769,95.34052,frp:firms_modis_nrt_india,5.24,309.74,0.0,,,,1,1,1,1,3402.0938964665734,3402.0938964665734,uncertain,uncertain_review_required,insufficient_evidence,0.4,{},,,
frp:firms_modis_nrt_india:firms_modis_nrt_india.csv:110,ranking,2026-09-03 02:32:00+00:00,17.65281,99.8603,frp:firms_modis_nrt_india,8.55,307.74,0.0,,,,0,0,0,0,68956.25774318757,68956.25774318757,uncertain,uncertain_review_required,insufficient_evidence,0.4,{},,,
frp:firms_modis_nrt_india:firms_modis_nrt_india.csv:111,ranking,2026-09-03 02:32:00+00:00,18.09081,99.51323,frp:firms_modis_nrt_india,9.99,310.81,0.0,,,,0,0,0,0,126913.12690341151,126913.12690341151,uncertain,uncertain_review_required,insufficient_evidence,0.4,{},,,
frp:firms_modis_nrt_india:firms_modis_nrt_india.csv:112,ranking,2026-09-03 04:04:00+00:00,35.70596,73.66457,frp:firms_modis_nrt_india,5.79,305.63,0.0,,,,3,3,3,3,252674.72483527055,252674.72483527055,uncertain,uncertain_review_required,insufficient_evidence,0.4,{},,,
frp:firms_modis_nrt_india:firms_modis_nrt_india.csv:113,ranking,2026-09-03 04:06:00+00:00,28.3301,67.90549,frp:firms_modis_nrt_india,10.67,318.72,0.0,,,,1,1,1,1,77581.09705092946,77581.09705092946,uncertain,uncertain_review_required,insufficient_evidence,0.4,{},,,
frp:firms_modis_nrt_india:firms_modis_nrt_india.csv:114,ranking,2026-09-03 04:06:00+00:00,29.90999,74.94506,frp:firms_modis_nrt_india,13.22,321.82,0.0,,,,0,0,0,0,559.0279134788818,559.0279134788818,emergency_or_transient_fire,industrial_fire_candidate,industrial_proximity,0.72,{},,,
frp:firms_modis_nrt_india:firms_modis_nrt_india.csv:115,ranking,2026-09-03 09:34:00+00:00,8.04322,80.37193,frp:firms_modis_nrt_india,33.86,311.26,0.0,,,,3,3,3,3,128879.63309508274,128879.63309508274,uncertain,uncertain_review_required,insufficient_evidence,0.4,{},,,
frp:firms_modis_nrt_india:firms_modis_nrt_india.csv:116,ranking,2026-09-03 09:34:00+00:00,8.38286,80.17326,frp:firms_modis_nrt_india,37.63,312.39,0.0,,,,28,28,28,28,160026.06140692276,160026.06140692276,uncertain,uncertain_review_required,insufficient_evidence,0.4,{},,,
frp:firms_modis_nrt_india:firms_modis_nrt_india.csv:117,ranking,2026-09-03 09:34:00+00:00,8.38678,80.13944,frp:firms_modis_nrt_india,35.49,311.45,0.0,,,,21,21,21,21,159944.63532865213,159944.63532865213,uncertain,uncertain_review_required,insufficient_evidence,0.4,{},,,
frp:firms_modis_nrt_india:firms_modis_nrt_india.csv:118,ranking,2026-09-03 09:34:00+00:00,8.39301,80.17519,frp:firms_modis_nrt_india,38.23,312.49,0.0,,,,24,24,24,24,161173.75544236504,161173.75544236504,uncertain,uncertain_review_required,insufficient_evidence,0.4,{},,,
frp:firms_modis_nrt_india:firms_modis_nrt_india.csv:119,ranking,2026-09-03 09:34:00+00:00,8.42492,80.70513,frp:firms_modis_nrt_india,44.32,314.8,0.0,,,,4,4,4,4,182606.71458150866,182606.71458150866,uncertain,uncertain_review_required,insufficient_evidence,0.4,{},,,
frp:firms_modis_nrt_india:firms_modis_nrt_india.csv:120,ranking,2026-09-03 09:39:00+00:00,23.67901,86.394,frp:firms_modis_nrt_india,10.45,318.19,0.0,,,,7,7,7,7,100995.6751233726,100995.6751233726,uncertain,uncertain_review_required,insufficient_evidence,0.4,{},,,
frp:firms_modis_nrt_india:firms_modis_nrt_india.csv:121,ranking,2026-09-03 09:39:00+00:00,23.70473,86.44762,frp:firms_modis_nrt_india,7.61,315.73,0.0,,,,1,1,1,1,95940.68395010901,95940.68395010901,uncertain,uncertain_review_required,insufficient_evidence,0.4,{},,,
frp:firms_modis_nrt_india:firms_modis_nrt_india.csv:122,ranking,2026-09-03 09:39:00+00:00,23.73263,86.43703,frp:firms_modis_nrt_india,7.89,313.69,0.0,,,,12,12,12,12,97498.96050612992,97498.96050612992,uncertain,uncertain_review_required,insufficient_evidence,0.4,{},,,
frp:firms_modis_nrt_india:firms_modis_nrt_india.csv:123,ranking,2026-09-03 09:39:00+00:00,23.76878,86.19783,frp:firms_modis_nrt_india,4.41,310.67,0.0,,,,4,4,4,4,122172.73746311259,122172.73746311259,uncertain,uncertain_review_required,insufficient_evidence,0.4,{},,,
frp:firms_modis_nrt_india:firms_modis_nrt_india.csv:124,ranking,2026-09-03 09:39:00+00:00,23.77018,86.20729,frp:firms_modis_nrt_india,3.71,310.01,0.0,,,,5,5,5,5,121251.01353572578,121251.01353572578,uncertain,uncertain_review_required,insufficient_evidence,0.4,{},,,
frp:firms_modis_nrt_india:firms_modis_nrt_india.csv:125,ranking,2026-09-03 09:39:00+00:00,23.8012,86.33105,frp:firms_modis_nrt_india,8.56,316.91,0.0,,,,9,9,9,9,109588.36051101887,109588.36051101887,uncertain,uncertain_review_required,insufficient_evidence,0.4,{},,,
frp:firms_modis_nrt_india:firms_modis_nrt_india.csv:126,ranking,2026-09-03 09:39:00+00:00,29.9098,74.95193,frp:firms_modis_nrt_india,48.91,314.59,0.0,,,,1,1,1,1,189.76593443392204,189.76593443392204,emergency_or_transient_fire,industrial_fire_candidate,industrial_proximity,0.72,{},,,
frp:firms_modis_nrt_india:firms_modis_nrt_india.csv:127,ranking,2026-09-03 14:57:00+00:00,6.70138,80.90991,frp:firms_modis_nrt_india,6.58,304.22,0.0,,,,0,0,0,0,109118.71609656604,109118.71609656604,uncertain,uncertain_review_required,insufficient_evidence,0.4,{},,,
frp:firms_modis_nrt_india:firms_modis_nrt_india.csv:128,ranking,2026-09-03 14:59:00+00:00,8.1126,80.81148,frp:firms_modis_nrt_india,24.73,320.19,0.0,,,,9,9,9,9,159102.50894013734,159102.50894013734,uncertain,uncertain_review_required,insufficient_evidence,0.4,{},,,
frp:firms_modis_nrt_india:firms_modis_nrt_india.csv:129,ranking,2026-09-03 15:01:00+00:00,20.79402,85.25333,frp:firms_modis_nrt_india,9.82,309.46,0.0,,,,0,0,0,0,78553.51617022148,78553.51617022148,uncertain,uncertain_review_required,insufficient_evidence,0.4,{},,,
frp:firms_modis_nrt_india:firms_modis_nrt_india.csv:130,ranking,2026-09-03 15:01:00+00:00,20.965,86.0109,frp:firms_modis_nrt_india,21.12,315.98,0.0,,,,10,10,10,10,19550.193868767365,19550.193868767365,uncertain,uncertain_review_required,insufficient_evidence,0.4,{},,,
frp:firms_modis_nrt_india:firms_modis_nrt_india.csv:131,ranking,2026-09-03 15:01:00+00:00,23.76469,86.39982,frp:firms_modis_nrt_india,13.02,309.0,0.0,,,,31,31,31,31,101887.83903069496,101887.83903069496,uncertain,uncertain_review_required,insufficient_evidence,0.4,{},,,
frp:firms_modis_nrt_india:firms_modis_nrt_india.csv:132,ranking,2026-09-03 15:01:00+00:00,23.76543,86.40535,frp:firms_modis_nrt_india,10.39,306.51,0.0,,,,33,33,33,33,101353.30479138484,101353.30479138484,uncertain,uncertain_review_required,insufficient_evidence,0.4,{},,,
frp:firms_modis_nrt_india:firms_modis_nrt_india.csv:133,ranking,2026-09-03 15:01:00+00:00,23.80301,86.32922,frp:firms_modis_nrt_india,6.61,302.27,0.0,,,,9,9,9,9,109814.92951149661,109814.92951149661,uncertain,uncertain_review_required,insufficient_evidence,0.4,{},,,
frp:firms_modis_nrt_india:firms_modis_nrt_india.csv:134,ranking,2026-09-03 21:44:00+00:00,20.9705,85.17382,frp:firms_modis_nrt_india,15.42,301.86,0.0,,,,1,1,1,1,79622.73306384525,79622.73306384525,uncertain,uncertain_review_required,insufficient_evidence,0.4,{},,,
frp:firms_modis_nrt_india:firms_modis_nrt_india.csv:135,ranking,2026-09-04 08:39:00+00:00,27.72401,94.38616,frp:firms_modis_nrt_india,10.09,307.63,0.0,,,,0,0,0,0,64008.99590000853,64008.99590000853,uncertain,uncertain_review_required,insufficient_evidence,0.4,{},,,
frp:firms_modis_nrt_india:firms_modis_nrt_india.csv:136,ranking,2026-09-04 08:39:00+00:00,28.49372,97.0218,frp:firms_modis_nrt_india,6.66,307.78,0.0,,,,8,8,8,8,141849.86473335428,141849.86473335428,uncertain,uncertain_review_required,insufficient_evidence,0.4,{},,,
frp:firms_modis_nrt_india:firms_modis_nrt_india.csv:137,ranking,2026-09-04 08:39:00+00:00,28.91519,98.9416,frp:firms_modis_nrt_india,3.96,300.23,0.0,,,,0,0,0,0,321825.761043161,321825.761043161,uncertain,uncertain_review_required,insufficient_evidence,0.4,{},,,
frp:firms_modis_nrt_india:firms_modis_nrt_india.csv:138,ranking,2026-09-04 08:39:00+00:00,28.98604,97.82861,frp:firms_modis_nrt_india,6.15,302.57,0.0,,,,0,0,0,0,236442.2770559995,236442.2770559995,uncertain,uncertain_review_required,insufficient_evidence,0.4,{},,,
frp:firms_modis_nrt_india:firms_modis_nrt_india.csv:139,ranking,2026-09-04 08:39:00+00:00,31.91947,94.04725,frp:firms_modis_nrt_india,13.57,306.87,0.0,,,,0,0,0,0,490008.82343828067,490008.82343828067,uncertain,uncertain_review_required,insufficient_evidence,0.4,{},,,
frp:firms_modis_nrt_india:firms_modis_nrt_india.csv:140,ranking,2026-09-04 10:11:00+00:00,6.62039,80.99422,frp:firms_modis_nrt_india,17.8,324.2,0.0,,,,0,0,0,0,120640.6886391696,120640.6886391696,uncertain,uncertain_review_required,insufficient_evidence,0.4,{},,,
frp:firms_modis_nrt_india:firms_modis_nrt_india.csv:141,ranking,2026-09-04 10:11:00+00:00,6.71896,81.6102,frp:firms_modis_nrt_india,15.79,327.05,0.0,,,,17,17,17,17,184532.85960373245,184532.85960373245,uncertain,uncertain_review_required,insufficient_evidence,0.4,{},,,
frp:firms_modis_nrt_india:firms_modis_nrt_india.csv:142,ranking,2026-09-04 10:11:00+00:00,7.35013,81.76538,frp:firms_modis_nrt_india,9.14,323.6,0.0,,,,16,16,16,16,204239.83513126435,204239.83513126435,uncertain,uncertain_review_required,insufficient_evidence,0.4,{},,,
frp:firms_modis_nrt_india:firms_modis_nrt_india.csv:143,ranking,2026-09-04 10:11:00+00:00,7.39409,79.91153,frp:firms_modis_nrt_india,10.16,319.29,0.0,,,,1,1,1,1,48540.14175234012,48540.14175234012,uncertain,uncertain_review_required,insufficient_evidence,0.4,{},,,
frp:firms_modis_nrt_india:firms_modis_nrt_india.csv:144,ranking,2026-09-04 10:11:00+00:00,7.41744,81.26687,frp:firms_modis_nrt_india,13.42,320.77,0.0,,,,15,15,15,15,153258.2639024156,153258.2639024156,uncertain,uncertain_review_required,insufficient_evidence,0.4,{},,,
frp:firms_modis_nrt_india:firms_modis_nrt_india.csv:145,ranking,2026-09-04 10:11:00+00:00,7.5951,80.13949,frp:firms_modis_nrt_india,5.58,314.57,0.0,,,,0,0,0,0,73465.78984434404,73465.78984434404,uncertain,uncertain_review_required,insufficient_evidence,0.4,{},,,
frp:firms_modis_nrt_india:firms_modis_nrt_india.csv:146,ranking,2026-09-04 10:11:00+00:00,7.72259,81.00729,frp:firms_modis_nrt_india,12.4,323.54,0.0,,,,0,0,0,0,143608.6477508628,143608.6477508628,uncertain,uncertain_review_required,insufficient_evidence,0.4,{},,,
frp:firms_modis_nrt_india:firms_modis_nrt_india.csv:147,ranking,2026-09-04 10:11:00+00:00,7.91257,80.55402,frp:firms_modis_nrt_india,12.01,322.77,0.0,,,,7,7,7,7,124755.59390570188,124755.59390570188,uncertain,uncertain_review_required,insufficient_evidence,0.4,{},,,
frp:firms_modis_nrt_india:firms_modis_nrt_india.csv:148,ranking,2026-09-04 10:11:00+00:00,7.91386,80.56277,frp:firms_modis_nrt_india,6.22,316.86,0.0,,,,6,6,6,6,125389.05996511053,125389.05996511053,uncertain,uncertain_review_required,insufficient_evidence,0.4,{},,,
frp:firms_modis_nrt_india:firms_modis_nrt_india.csv:149,ranking,2026-09-04 10:11:00+00:00,7.92033,81.49071,frp:firms_modis_nrt_india,5.99,321.24,0.0,,,,6,6,6,6,200056.12555861712,200056.12555861712,uncertain,uncertain_review_required,insufficient_evidence,0.4,{},,,
frp:firms_modis_nrt_india:firms_modis_nrt_india.csv:150,ranking,2026-09-04 10:11:00+00:00,7.92163,81.49973,frp:firms_modis_nrt_india,9.82,324.76,0.0,,,,4,4,4,4,200974.43549939053,200974.43549939053,uncertain,uncertain_review_required,insufficient_evidence,0.4,{},,,
frp:firms_modis_nrt_india:firms_modis_nrt_india.csv:151,ranking,2026-09-04 10:11:00+00:00,8.02364,80.35504,frp:firms_modis_nrt_india,7.37,319.01,0.0,,,,6,6,6,6,126186.8970460056,126186.8970460056,uncertain,uncertain_review_required,insufficient_evidence,0.4,{},,,
frp:firms_modis_nrt_india:firms_modis_nrt_india.csv:152,ranking,2026-09-04 10:11:00+00:00,8.10108,80.25701,frp:firms_modis_nrt_india,7.1,317.63,0.0,,,,0,0,0,0,131153.6649448787,131153.6649448787,uncertain,uncertain_review_required,insufficient_evidence,0.4,{},,,
frp:firms_modis_nrt_india:firms_modis_nrt_india.csv:153,ranking,2026-09-04 10:11:00+00:00,8.14641,80.0552,frp:firms_modis_nrt_india,6.31,317.03,0.0,,,,2,2,2,2,132388.76092568625,132388.76092568625,uncertain,uncertain_review_required,insufficient_evidence,0.4,{},,,
frp:firms_modis_nrt_india:firms_modis_nrt_india.csv:154,ranking,2026-09-04 10:11:00+00:00,8.14771,80.06399,frp:firms_modis_nrt_india,7.73,318.8,0.0,,,,1,1,1,1,132615.90637779207,132615.90637779207,uncertain,uncertain_review_required,insufficient_evidence,0.4,{},,,
frp:firms_modis_nrt_india:firms_modis_nrt_india.csv:155,ranking,2026-09-04 10:11:00+00:00,8.34716,80.67357,frp:firms_modis_nrt_india,6.82,320.39,0.0,,,,3,3,3,3,173327.02302807197,173327.02302807197,uncertain,uncertain_review_required,insufficient_evidence,0.4,{},,,
frp:firms_modis_nrt_india:firms_modis_nrt_india.csv:156,ranking,2026-09-04 10:11:00+00:00,8.40242,81.05322,frp:firms_modis_nrt_india,12.89,323.46,0.0,,,,15,15,15,15,200840.4269595334,200840.4269595334,uncertain,uncertain_review_required,insufficient_evidence,0.4,{},,,
frp:firms_modis_nrt_india:firms_modis_nrt_india.csv:157,ranking,2026-09-04 10:11:00+00:00,8.40886,80.79018,frp:firms_modis_nrt_india,12.44,325.42,0.0,,,,15,15,15,15,185475.04444307194,185475.04444307194,uncertain,uncertain_review_required,insufficient_evidence,0.4,{},,,
frp:firms_modis_nrt_india:firms_modis_nrt_india.csv:158,ranking,2026-09-04 10:11:00+00:00,8.41015,80.79899,frp:firms_modis_nrt_india,12.56,325.3,0.0,,,,13,13,13,13,186082.04507104962,186082.04507104962,uncertain,uncertain_review_required,insufficient_evidence,0.4,{},,,
frp:firms_modis_nrt_india:firms_modis_nrt_india.csv:159,ranking,2026-09-04 10:11:00+00:00,8.43541,80.51917,frp:firms_modis_nrt_india,10.88,323.86,0.0,,,,13,13,13,13,175400.99434787547,175400.99434787547,uncertain,uncertain_review_required,insufficient_evidence,0.4,{},,,
frp:firms_modis_nrt_india:firms_modis_nrt_india.csv:160,ranking,2026-09-04 10:11:00+00:00,8.47167,80.82819,frp:firms_modis_nrt_india,7.25,320.82,0.0,,,,29,29,29,29,193613.31648229,193613.31648229,uncertain,uncertain_review_required,insufficient_evidence,0.4,{},,,
frp:firms_modis_nrt_india:firms_modis_nrt_india.csv:161,ranking,2026-09-04 10:11:00+00:00,8.50162,80.16294,frp:firms_modis_nrt_india,6.67,317.96,0.0,,,,2,2,2,2,172941.10201418036,172941.10201418036,uncertain,uncertain_review_required,insufficient_evidence,0.4,{},,,
frp:firms_modis_nrt_india:firms_modis_nrt_india.csv:162,ranking,2026-09-04 10:11:00+00:00,8.52288,80.42865,frp:firms_modis_nrt_india,12.71,322.63,0.0,,,,9,9,9,9,181421.56727789706,181421.56727789706,uncertain,uncertain_review_required,insufficient_evidence,0.4,{},,,
frp:firms_modis_nrt_india:firms_modis_nrt_india.csv:163,ranking,2026-09-04 10:11:00+00:00,8.54296,80.7488,frp:firms_modis_nrt_india,15.15,326.14,0.0,,,,21,21,21,21,196491.5439162378,196491.5439162378,uncertain,uncertain_review_required,insufficient_evidence,0.4,{},,,
frp:firms_modis_nrt_india:firms_modis_nrt_india.csv:164,ranking,2026-09-04 10:11:00+00:00,8.54425,80.75762,frp:firms_modis_nrt_india,8.88,320.47,0.0,,,,27,27,27,27,197053.3622099075,197053.3622099075,uncertain,uncertain_review_required,insufficient_evidence,0.4,{},,,
frp:firms_modis_nrt_india:firms_modis_nrt_india.csv:165,ranking,2026-09-04 10:11:00+00:00,8.56481,80.89891,frp:firms_modis_nrt_india,9.24,320.64,0.0,,,,12,12,12,12,206471.87887364105,206471.87887364105,uncertain,uncertain_review_required,insufficient_evidence,0.4,{},,,
frp:firms_modis_nrt_india:firms_modis_nrt_india.csv:166,ranking,2026-09-04 10:11:00+00:00,8.61661,80.67717,frp:firms_modis_nrt_india,12.69,323.89,0.0,,,,20,20,20,20,200605.4819282821,200605.4819282821,uncertain,uncertain_review_required,insufficient_evidence,0.4,{},,,
frp:firms_modis_nrt_india:firms_modis_nrt_india.csv:167,ranking,2026-09-04 10:11:00+00:00,8.62212,81.10825,frp:firms_modis_nrt_india,12.53,323.5,0.0,,,,3,3,3,3,224198.32244349274,224198.32244349274,uncertain,uncertain_review_required,insufficient_evidence,0.4,{},,,
frp:firms_modis_nrt_india:firms_modis_nrt_india.csv:168,ranking,2026-09-04 10:11:00+00:00,8.62342,81.11718,frp:firms_modis_nrt_india,12.1,322.58,0.0,,,,3,3,3,3,224875.33155182796,224875.33155182796,uncertain,uncertain_review_required,insufficient_evidence,0.4,{},,,
frp:firms_modis_nrt_india:firms_modis_nrt_india.csv:169,ranking,2026-09-04 10:11:00+00:00,8.6301,80.34316,frp:firms_modis_nrt_india,11.49,324.39,0.0,,,,5,5,5,5,190547.55705835338,190547.55705835338,uncertain,uncertain_review_required,insufficient_evidence,0.4,{},,,
frp:firms_modis_nrt_india:firms_modis_nrt_india.csv:170,ranking,2026-09-04 10:11:00+00:00,8.6397,80.53,frp:firms_modis_nrt_india,10.68,321.93,0.0,,,,16,16,16,16,197188.3555142169,197188.3555142169,uncertain,uncertain_review_required,insufficient_evidence,0.4,{},,,
frp:firms_modis_nrt_india:firms_modis_nrt_india.csv:171,ranking,2026-09-04 10:11:00+00:00,8.64099,80.53877,frp:firms_modis_nrt_india,35.12,340.07,0.0,,,,12,12,12,12,197635.6725712764,197635.6725712764,uncertain,uncertain_review_required,insufficient_evidence,0.4,{},,,
frp:firms_modis_nrt_india:firms_modis_nrt_india.csv:172,ranking,2026-09-04 10:11:00+00:00,8.67888,80.92052,frp:firms_modis_nrt_india,11.9,324.86,0.0,,,,10,10,10,10,218668.03766166305,218668.03766166305,uncertain,uncertain_review_required,insufficient_evidence,0.4,{},,,
frp:firms_modis_nrt_india:firms_modis_nrt_india.csv:173,ranking,2026-09-04 10:11:00+00:00,9.13545,77.60182,frp:firms_modis_nrt_india,9.79,325.89,0.0,,,,2,2,2,2,161390.7742589421,161390.7742589421,uncertain,uncertain_review_required,insufficient_evidence,0.4,{},,,
frp:firms_modis_nrt_india:firms_modis_nrt_india.csv:174,ranking,2026-09-04 10:11:00+00:00,9.23719,80.31652,frp:firms_modis_nrt_india,6.5,317.73,0.0,,,,3,3,3,3,187870.99498709635,187870.99498709635,uncertain,uncertain_review_required,insufficient_evidence,0.4,{},,,
frp:firms_modis_nrt_india:firms_modis_nrt_india.csv:175,ranking,2026-09-04 10:11:00+00:00,9.37826,80.52258,frp:firms_modis_nrt_india,8.49,321.99,0.0,,,,2,2,2,2,181996.39131726528,181996.39131726528,uncertain,uncertain_review_required,insufficient_evidence,0.4,{},,,
frp:firms_modis_nrt_india:firms_modis_nrt_india.csv:176,ranking,2026-09-04 10:11:00+00:00,9.4218,80.3753,frp:firms_modis_nrt_india,37.48,343.53,0.0,,,,50,50,50,50,170869.8303236253,170869.8303236253,uncertain,uncertain_review_required,insufficient_evidence,0.4,{},,,
frp:firms_modis_nrt_india:firms_modis_nrt_india.csv:177,ranking,2026-09-04 10:11:00+00:00,9.42309,80.3841,frp:firms_modis_nrt_india,19.83,332.52,0.0,,,,49,49,49,49,171109.5662659412,171109.5662659412,uncertain,uncertain_review_required,insufficient_evidence,0.4,{},,,
frp:firms_modis_nrt_india:firms_modis_nrt_india.csv:178,ranking,2026-09-04 10:11:00+00:00,9.96503,77.89649,frp:firms_modis_nrt_india,12.21,325.22,0.0,,,,4,4,4,4,164741.22734658737,164741.22734658737,uncertain,uncertain_review_required,insufficient_evidence,0.4,{},,,
frp:firms_modis_nrt_india:firms_modis_nrt_india.csv:179,ranking,2026-09-04 10:13:00+00:00,15.17327,76.85405,frp:firms_modis_nrt_india,7.75,316.02,0.0,,,,0,0,0,0,323283.7401286121,323283.7401286121,uncertain,uncertain_review_required,insufficient_evidence,0.4,{},,,
frp:firms_modis_nrt_india:firms_modis_nrt_india.csv:180,ranking,2026-09-04 10:17:00+00:00,22.35515,82.29759,frp:firms_modis_nrt_india,11.76,310.67,0.0,,,,0,0,0,0,398888.21522421663,398888.21522421663,uncertain,uncertain_review_required,insufficient_evidence,0.4,{},,,
frp:firms_modis_nrt_india:firms_modis_nrt_india.csv:181,ranking,2026-09-04 10:17:00+00:00,22.35558,82.3031,frp:firms_modis_nrt_india,9.06,309.34,0.0,,,,1,1,1,1,398369.88531587634,398369.88531587634,uncertain,uncertain_review_required,insufficient_evidence,0.4,{},,,
frp:firms_modis_nrt_india:firms_modis_nrt_india.csv:182,ranking,2026-09-04 10:17:00+00:00,25.93598,72.1917,frp:firms_modis_nrt_india,10.29,324.63,0.0,,,,7,7,7,7,69231.48551397305,69231.48551397305,uncertain,uncertain_review_required,insufficient_evidence,0.4,{},,,
frp:firms_modis_nrt_india:firms_modis_nrt_india.csv:183,ranking,2026-09-04 10:19:00+00:00,29.90577,74.94418,frp:firms_modis_nrt_india,6.63,318.27,0.0,,,,7,7,7,7,691.830706383847,691.830706383847,emergency_or_transient_fire,industrial_fire_candidate,industrial_proximity,0.72,{},,,
frp:firms_modis_nrt_india:firms_modis_nrt_india.csv:184,ranking,2026-09-04 10:19:00+00:00,29.90727,74.95418,frp:firms_modis_nrt_india,7.68,319.63,0.0,,,,8,8,8,8,371.5680581516926,371.5680581516926,emergency_or_transient_fire,industrial_fire_candidate,industrial_proximity,0.72,{},,,
frp:firms_modis_nrt_india:firms_modis_nrt_india.csv:185,ranking,2026-09-04 10:19:00+00:00,30.72567,73.81611,frp:firms_modis_nrt_india,13.96,325.05,0.0,,,,0,0,0,0,141825.0745351454,141825.0745351454,uncertain,uncertain_review_required,insufficient_evidence,0.4,{},,,
frp:firms_modis_nrt_india:firms_modis_nrt_india.csv:186,ranking,2026-09-04 10:19:00+00:00,31.91783,72.34984,frp:firms_modis_nrt_india,9.24,317.96,0.0,,,,0,0,0,0,147394.86111836572,147394.86111836572,uncertain,uncertain_review_required,insufficient_evidence,0.4,{},,,
frp:firms_viirs_noaa20_nrt_india:firms_viirs_noaa20_nrt_india.csv:873,ranking,2026-09-02 07:50:00+00:00,7.36965,81.71751,frp:firms_viirs_noaa20_nrt_india,4.07,343.15,0.0,,,,7,7,7,7,199562.47976700577,199562.47976700577,uncertain,uncertain_review_required,insufficient_evidence,0.4,{},,,
frp:firms_viirs_noaa20_nrt_india:firms_viirs_noaa20_nrt_india.csv:874,ranking,2026-09-02 07:50:00+00:00,7.37502,81.22704,frp:firms_viirs_noaa20_nrt_india,3.74,336.8,0.0,,,,11,11,11,11,147583.97308794648,147583.97308794648,uncertain,uncertain_review_required,insufficient_evidence,0.4,{},,,
frp:firms_viirs_noaa20_nrt_india:firms_viirs_noaa20_nrt_india.csv:875,ranking,2026-09-02 07:50:00+00:00,7.37671,81.00835,frp:firms_viirs_noaa20_nrt_india,5.52,342.73,0.0,,,,1,1,1,1,124965.24958615977,124965.24958615977,uncertain,uncertain_review_required,insufficient_evidence,0.4,{},,,
frp:firms_viirs_noaa20_nrt_india:firms_viirs_noaa20_nrt_india.csv:876,ranking,2026-09-02 07:50:00+00:00,7.38808,81.55547,frp:firms_viirs_noaa20_nrt_india,7.02,334.26,0.0,,,,0,0,0,0,182723.05659542888,182723.05659542888,uncertain,uncertain_review_required,insufficient_evidence,0.4,{},,,
frp:firms_viirs_noaa20_nrt_india:firms_viirs_noaa20_nrt_india.csv:877,ranking,2026-09-02 07:50:00+00:00,7.39,81.64273,frp:firms_viirs_noaa20_nrt_india,3.3,330.9,0.0,,,,2,2,2,2,192086.35210201362,192086.35210201362,uncertain,uncertain_review_required,insufficient_evidence,0.4,{},,,
frp:firms_viirs_noaa20_nrt_india:firms_viirs_noaa20_nrt_india.csv:878,ranking,2026-09-02 07:50:00+00:00,7.39067,81.73791,frp:firms_viirs_noaa20_nrt_india,4.04,337.33,0.0,,,,7,7,7,7,202290.6075257232,202290.6075257232,uncertain,uncertain_review_required,insufficient_evidence,0.4,{},,,
frp:firms_viirs_noaa20_nrt_india:firms_viirs_noaa20_nrt_india.csv:879,ranking,2026-09-02 07:50:00+00:00,7.39341,81.1824,frp:firms_viirs_noaa20_nrt_india,9.08,341.46,0.0,,,,7,7,7,7,143585.4904656476,143585.4904656476,uncertain,uncertain_review_required,insufficient_evidence,0.4,{},,,
frp:firms_viirs_noaa20_nrt_india:firms_viirs_noaa20_nrt_india.csv:880,ranking,2026-09-02 07:50:00+00:00,7.40896,81.14233,frp:firms_viirs_noaa20_nrt_india,8.42,340.44,0.0,,,,3,3,3,3,140034.51623388103,140034.51623388103,uncertain,uncertain_review_required,insufficient_evidence,0.4,{},,,
frp:firms_viirs_noaa20_nrt_india:firms_viirs_noaa20_nrt_india.csv:881,ranking,2026-09-02 07:50:00+00:00,7.4366,81.74654,frp:firms_viirs_noaa20_nrt_india,4.99,338.66,0.0,,,,1,1,1,1,204470.21035232025,204470.21035232025,uncertain,uncertain_review_required,insufficient_evidence,0.4,{},,,
frp:firms_viirs_noaa20_nrt_india:firms_viirs_noaa20_nrt_india.csv:882,ranking,2026-09-02 07:50:00+00:00,7.47624,80.90385,frp:firms_viirs_noaa20_nrt_india,7.72,346.83,0.0,,,,2,2,2,2,119245.20868269018,119245.20868269018,uncertain,uncertain_review_required,insufficient_evidence,0.4,{},,,
frp:firms_viirs_noaa20_nrt_india:firms_viirs_noaa20_nrt_india.csv:883,ranking,2026-09-02 07:50:00+00:00,7.48413,81.20615,frp:firms_viirs_noaa20_nrt_india,40.62,367.0,0.0,,,,1,1,1,1,149676.30117010867,149676.30117010867,uncertain,uncertain_review_required,insufficient_evidence,0.4,{},,,
frp:firms_viirs_noaa20_nrt_india:firms_viirs_noaa20_nrt_india.csv:884,ranking,2026-09-02 07:50:00+00:00,7.62752,80.83766,frp:firms_viirs_noaa20_nrt_india,8.77,337.9,0.0,,,,1,1,1,1,122303.3984802973,122303.3984802973,uncertain,uncertain_review_required,insufficient_evidence,0.4,{},,,
frp:firms_viirs_noaa20_nrt_india:firms_viirs_noaa20_nrt_india.csv:885,ranking,2026-09-02 07:50:00+00:00,7.68484,79.81175,frp:firms_viirs_noaa20_nrt_india,2.92,330.04,0.0,,,,0,0,0,0,82180.9834950353,82180.9834950353,uncertain,uncertain_review_required,insufficient_evidence,0.4,{},,,
frp:firms_viirs_noaa20_nrt_india:firms_viirs_noaa20_nrt_india.csv:886,ranking,2026-09-02 07:50:00+00:00,7.74461,81.15666,frp:firms_viirs_noaa20_nrt_india,10.47,350.8,0.0,,,,0,0,0,0,158534.7828095245,158534.7828095245,uncertain,uncertain_review_required,insufficient_evidence,0.4,{},,,
frp:firms_viirs_noaa20_nrt_india:firms_viirs_noaa20_nrt_india.csv:887,ranking,2026-09-02 07:50:00+00:00,7.78327,81.56092,frp:firms_viirs_noaa20_nrt_india,4.63,333.39,0.0,,,,2,2,2,2,199219.0110365928,199219.0110365928,uncertain,uncertain_review_required,insufficient_evidence,0.4,{},,,
frp:firms_viirs_noaa20_nrt_india:firms_viirs_noaa20_nrt_india.csv:888,ranking,2026-09-02 07:50:00+00:00,7.78796,80.06335,frp:firms_viirs_noaa20_nrt_india,4.47,332.88,0.0,,,,1,1,1,1,92834.07560849946,92834.07560849946,uncertain,uncertain_review_required,insufficient_evidence,0.4,{},,,
frp:firms_viirs_noaa20_nrt_india:firms_viirs_noaa20_nrt_india.csv:889,ranking,2026-09-02 07:50:00+00:00,7.80048,80.11751,frp:firms_viirs_noaa20_nrt_india,4.65,336.6,0.0,,,,1,1,1,1,95146.97584602452,95146.97584602452,uncertain,uncertain_review_required,insufficient_evidence,0.4,{},,,
frp:firms_viirs_noaa20_nrt_india:firms_viirs_noaa20_nrt_india.csv:890,ranking,2026-09-02 07:50:00+00:00,7.8957,80.64471,frp:firms_viirs_noaa20_nrt_india,4.73,336.19,0.0,,,,12,12,12,12,128793.89016530885,128793.89016530885,uncertain,uncertain_review_required,insufficient_evidence,0.4,{},,,
frp:firms_viirs_noaa20_nrt_india:firms_viirs_noaa20_nrt_india.csv:891,ranking,2026-09-02 07:50:00+00:00,7.92456,80.65868,frp:firms_viirs_noaa20_nrt_india,28.55,340.81,0.0,,,,5,5,5,5,132294.41148077048,132294.41148077048,uncertain,uncertain_review_required,insufficient_evidence,0.4,{},,,
frp:firms_viirs_noaa20_nrt_india:firms_viirs_noaa20_nrt_india.csv:892,ranking,2026-09-02 07:50:00+00:00,7.93985,81.29096,frp:firms_viirs_noaa20_nrt_india,6.37,340.28,0.0,,,,17,17,17,17,183094.60337334097,183094.60337334097,uncertain,uncertain_review_required,insufficient_evidence,0.4,{},,,
frp:firms_viirs_noaa20_nrt_india:firms_viirs_noaa20_nrt_india.csv:893,ranking,2026-09-02 07:50:00+00:00,7.94013,81.31534,frp:firms_viirs_noaa20_nrt_india,28.57,336.94,0.0,,,,16,16,16,16,185279.87757608513,185279.87757608513,uncertain,uncertain_review_required,insufficient_evidence,0.4,{},,,
frp:firms_viirs_noaa20_nrt_india:firms_viirs_noaa20_nrt_india.csv:894,ranking,2026-09-02 07:50:00+00:00,7.94048,81.29494,frp:firms_viirs_noaa20_nrt_india,6.37,342.25,0.0,,,,15,15,15,15,183488.9554697098,183488.9554697098,uncertain,uncertain_review_required,insufficient_evidence,0.4,{},,,
frp:firms_viirs_noaa20_nrt_india:firms_viirs_noaa20_nrt_india.csv:895,ranking,2026-09-02 07:50:00+00:00,7.94302,81.31081,frp:firms_viirs_noaa20_nrt_india,38.88,345.85,0.0,,,,14,14,14,14,185065.4831031649,185065.4831031649,uncertain,uncertain_review_required,insufficient_evidence,0.4,{},,,
frp:firms_viirs_noaa20_nrt_india:firms_viirs_noaa20_nrt_india.csv:896,ranking,2026-09-02 07:50:00+00:00,7.944,81.29437,frp:firms_viirs_noaa20_nrt_india,6.37,336.53,0.0,,,,18,18,18,18,183670.86368492225,183670.86368492225,uncertain,uncertain_review_required,insufficient_evidence,0.4,{},,,
frp:firms_viirs_noaa20_nrt_india:firms_viirs_noaa20_nrt_india.csv:960,ranking,2026-09-02 07:52:00+00:00,14.29297,77.98297,frp:firms_viirs_noaa20_nrt_india,4.37,330.87,0.0,,,,0,0,0,0,278284.6580428427,278284.6580428427,uncertain,uncertain_review_required,insufficient_evidence,0.4,{},,,
frp:firms_viirs_noaa20_nrt_india:firms_viirs_noaa20_nrt_india.csv:961,ranking,2026-09-02 07:52:00+00:00,14.80575,77.70475,frp:firms_viirs_noaa20_nrt_india,5.17,336.23,0.0,,,,1,1,1,1,330837.3674653908,330837.3674653908,uncertain,uncertain_review_required,insufficient_evidence,0.4,{},,,
frp:firms_viirs_noaa20_nrt_india:firms_viirs_noaa20_nrt_india.csv:962,ranking,2026-09-02 07:52:00+00:00,14.8058,77.7021,frp:firms_viirs_noaa20_nrt_india,2.0,334.23,0.0,,,,0,0,0,0,331086.15521644324,331086.15521644324,uncertain,uncertain_review_required,insufficient_evidence,0.4,{},,,
frp:firms_viirs_noaa20_nrt_india:firms_viirs_noaa20_nrt_india.csv:963,ranking,2026-09-02 07:52:00+00:00,15.17519,76.65701,frp:firms_viirs_noaa20_nrt_india,4.69,334.72,0.0,,,,14,14,14,14,309742.33536934404,309742.33536934404,uncertain,uncertain_review_required,insufficient_evidence,0.4,{},,,
frp:firms_viirs_noaa20_nrt_india:firms_viirs_noaa20_nrt_india.csv:964,ranking,2026-09-02 07:52:00+00:00,15.18141,76.66771,frp:firms_viirs_noaa20_nrt_india,5.19,337.29,0.0,,,,15,15,15,15,311001.90381041827,311001.90381041827,uncertain,uncertain_review_required,insufficient_evidence,0.4,{},,,
frp:firms_viirs_noaa20_nrt_india:firms_viirs_noaa20_nrt_india.csv:965,ranking,2026-09-02 07:52:00+00:00,15.9894,78.40038,frp:firms_viirs_noaa20_nrt_india,4.33,333.48,0.0,,,,2,2,2,2,271348.76029475714,271348.76029475714,uncertain,uncertain_review_required,insufficient_evidence,0.4,{},,,
frp:firms_viirs_noaa20_nrt_india:firms_viirs_noaa20_nrt_india.csv:966,ranking,2026-09-02 07:52:00+00:00,16.01212,78.38377,frp:firms_viirs_noaa20_nrt_india,6.07,333.84,0.0,,,,1,1,1,1,273148.09300472867,273148.09300472867,uncertain,uncertain_review_required,insufficient_evidence,0.4,{},,,
frp:firms_viirs_noaa20_nrt_india:firms_viirs_noaa20_nrt_india.csv:967,ranking,2026-09-02 07:52:00+00:00,16.01283,78.38216,frp:firms_viirs_noaa20_nrt_india,8.35,338.02,0.0,,,,0,0,0,0,273321.27501152555,273321.27501152555,uncertain,uncertain_review_required,insufficient_evidence,0.4,{},,,
frp:firms_viirs_noaa20_nrt_india:firms_viirs_noaa20_nrt_india.csv:968,ranking,2026-09-02 07:52:00+00:00,17.47544,76.39265,frp:firms_viirs_noaa20_nrt_india,2.59,330.49,0.0,,,,0,0,0,0,397069.7833321572,397069.7833321572,uncertain,uncertain_review_required,insufficient_evidence,0.4,{},,,
frp:firms_viirs_noaa20_nrt_india:firms_viirs_noaa20_nrt_india.csv:969,ranking,2026-09-02 07:52:00+00:00,17.67695,75.30758,frp:firms_viirs_noaa20_nrt_india,7.62,341.2,0.0,,,,1,1,1,1,283566.8916274479,283566.8916274479,uncertain,uncertain_review_required,insufficient_evidence,0.4,{},,,
frp:firms_viirs_noaa20_nrt_india:firms_viirs_noaa20_nrt_india.csv:970,ranking,2026-09-02 07:56:00+00:00,25.84687,68.94135,frp:firms_viirs_noaa20_nrt_india,5.2,335.19,0.0,,,,0,0,0,0,1906.3254347481736,1906.3254347481736,uncertain,uncertain_review_required,insufficient_evidence,0.4,{},,,
frp:firms_viirs_noaa20_nrt_india:firms_viirs_noaa20_nrt_india.csv:971,ranking,2026-09-02 07:56:00+00:00,26.25158,73.33974,frp:firms_viirs_noaa20_nrt_india,5.6,334.79,0.0,,,,0,0,0,0,187227.35833110436,187227.35833110436,uncertain,uncertain_review_required,insufficient_evidence,0.4,{},,,
frp:firms_viirs_noaa20_nrt_india:firms_viirs_noaa20_nrt_india.csv:972,ranking,2026-09-02 07:56:00+00:00,27.4374,70.85754,frp:firms_viirs_noaa20_nrt_india,2.38,333.41,0.0,,,,0,0,0,0,134590.50860848543,134590.50860848543,uncertain,uncertain_review_required,insufficient_evidence,0.4,{},,,
frp:firms_viirs_noaa20_nrt_india:firms_viirs_noaa20_nrt_india.csv:973,ranking,2026-09-02 07:56:00+00:00,27.45672,70.78687,frp:firms_viirs_noaa20_nrt_india,9.37,352.55,0.0,,,,0,0,0,0,127491.90821530357,127491.90821530357,uncertain,uncertain_review_required,insufficient_evidence,0.4,{},,,
frp:firms_viirs_noaa20_nrt_india:firms_viirs_noaa20_nrt_india.csv:974,ranking,2026-09-02 07:56:00+00:00,27.4573,70.78467,frp:firms_viirs_noaa20_nrt_india,9.55,345.02,0.0,,,,1,1,1,1,127272.50993330458,127272.50993330458,uncertain,uncertain_review_required,insufficient_evidence,0.4,{},,,
frp:firms_viirs_noaa20_nrt_india:firms_viirs_noaa20_nrt_india.csv:975,ranking,2026-09-02 07:56:00+00:00,27.49127,68.25554,frp:firms_viirs_noaa20_nrt_india,7.78,332.55,0.0,,,,0,0,0,0,70313.91490750707,70313.91490750707,uncertain,uncertain_review_required,insufficient_evidence,0.4,{},,,
frp:firms_viirs_noaa20_nrt_india:firms_viirs_noaa20_nrt_india.csv:976,ranking,2026-09-02 07:56:00+00:00,27.49222,68.25951,frp:firms_viirs_noaa20_nrt_india,8.69,346.92,0.0,,,,1,1,1,1,70714.77322541915,70714.77322541915,uncertain,uncertain_review_required,insufficient_evidence,0.4,{},,,
frp:firms_viirs_noaa20_nrt_india:firms_viirs_noaa20_nrt_india.csv:977,ranking,2026-09-02 07:56:00+00:00,28.2292,67.89808,frp:firms_viirs_noaa20_nrt_india,1.91,330.95,0.0,,,,0,0,0,0,83353.59652658108,83353.59652658108,uncertain,uncertain_review_required,insufficient_evidence,0.4,{},,,
frp:firms_viirs_noaa20_nrt_india:firms_viirs_noaa20_nrt_india.csv:978,ranking,2026-09-02 07:56:00+00:00,30.20646,72.49904,frp:firms_viirs_noaa20_nrt_india,4.9,340.94,0.0,,,,0,0,0,0,150964.33969221154,150964.33969221154,uncertain,uncertain_review_required,insufficient_evidence,0.4,{},,,
frp:firms_viirs_noaa20_nrt_india:firms_viirs_noaa20_nrt_india.csv:979,ranking,2026-09-02 07:56:00+00:00,31.37824,72.49757,frp:firms_viirs_noaa20_nrt_india,3.39,337.71,0.0,,,,0,0,0,0,195886.95353475306,195886.95353475306,uncertain,uncertain_review_required,insufficient_evidence,0.4,{},,,
frp:firms_viirs_noaa20_nrt_india:firms_viirs_noaa20_nrt_india.csv:980,ranking,2026-09-02 07:56:00+00:00,31.44563,72.22283,frp:firms_viirs_noaa20_nrt_india,3.06,330.44,0.0,,,,0,0,0,0,188175.45080700502,188175.45080700502,uncertain,uncertain_review_required,insufficient_evidence,0.4,{},,,
frp:firms_viirs_noaa20_nrt_india:firms_viirs_noaa20_nrt_india.csv:981,ranking,2026-09-02 07:56:00+00:00,31.74076,72.19408,frp:firms_viirs_noaa20_nrt_india,6.45,341.47,0.0,,,,0,0,0,0,162994.15064543657,162994.15064543657,uncertain,uncertain_review_required,insufficient_evidence,0.4,{},,,
frp:firms_viirs_noaa20_nrt_india:firms_viirs_noaa20_nrt_india.csv:982,ranking,2026-09-02 07:58:00+00:00,38.05065,67.2653,frp:firms_viirs_noaa20_nrt_india,17.89,354.44,0.0,,,,25,25,25,25,76331.01680704615,76331.01680704615,uncertain,uncertain_review_required,insufficient_evidence,0.4,{},,,
frp:firms_viirs_noaa20_nrt_india:firms_viirs_noaa20_nrt_india.csv:983,ranking,2026-09-02 07:58:00+00:00,38.05121,67.26409,frp:firms_viirs_noaa20_nrt_india,20.67,348.21,0.0,,,,26,26,26,26,76209.42008370103,76209.42008370103,uncertain,uncertain_review_required,insufficient_evidence,0.4,{},,,
frp:firms_viirs_noaa20_nrt_india:firms_viirs_noaa20_nrt_india.csv:984,ranking,2026-09-02 18:43:00+00:00,7.8123,99.84207,frp:firms_viirs_noaa20_nrt_india,2.03,326.82,0.0,,,,1,1,1,1,188831.773248461,188831.773248461,uncertain,uncertain_review_required,insufficient_evidence,0.4,{},,,
frp:firms_viirs_noaa20_nrt_india:firms_viirs_noaa20_nrt_india.csv:985,ranking,2026-09-02 18:43:00+00:00,7.8129,99.83813,frp:firms_viirs_noaa20_nrt_india,2.03,309.26,0.0,,,,2,2,2,2,189179.77545663313,189179.77545663313,uncertain,uncertain_review_required,insufficient_evidence,0.4,{},,,
frp:firms_viirs_noaa20_nrt_india:firms_viirs_noaa20_nrt_india.csv:986,ranking,2026-09-02 20:17:00+00:00,35.7101,73.65376,frp:firms_viirs_noaa20_nrt_india,2.41,304.81,0.0,,,,0,0,0,0,252741.70131026916,252741.70131026916,uncertain,uncertain_review_required,insufficient_evidence,0.4,{},,,
frp:firms_viirs_noaa20_nrt_india:firms_viirs_noaa20_nrt_india.csv:987,ranking,2026-09-02 20:17:00+00:00,35.71066,73.64983,frp:firms_viirs_noaa20_nrt_india,2.51,314.17,0.0,,,,1,1,1,1,252669.4300861307,252669.4300861307,uncertain,uncertain_review_required,insufficient_evidence,0.4,{},,,
frp:firms_viirs_noaa20_nrt_india:firms_viirs_noaa20_nrt_india.csv:988,ranking,2026-09-02 20:19:00+00:00,29.26282,91.92296,frp:firms_viirs_noaa20_nrt_india,1.17,304.47,0.0,,,,5,5,5,5,333905.4225718762,333905.4225718762,uncertain,uncertain_review_required,insufficient_evidence,0.4,{},,,
frp:firms_viirs_noaa20_nrt_india:firms_viirs_noaa20_nrt_india.csv:989,ranking,2026-09-02 20:19:00+00:00,30.21693,76.76219,frp:firms_viirs_noaa20_nrt_india,1.37,306.64,0.0,,,,0,0,0,0,82948.24665789428,82948.24665789428,uncertain,uncertain_review_required,insufficient_evidence,0.4,{},,,
frp:firms_viirs_noaa20_nrt_india:firms_viirs_noaa20_nrt_india.csv:990,ranking,2026-09-02 20:19:00+00:00,32.57579,72.56024,frp:firms_viirs_noaa20_nrt_india,2.4,309.81,0.0,,,,2,2,2,2,77922.96208081838,77922.96208081838,uncertain,uncertain_review_required,insufficient_evidence,0.4,{},,,
frp:firms_viirs_noaa20_nrt_india:firms_viirs_noaa20_nrt_india.csv:991,ranking,2026-09-02 20:19:00+00:00,32.89006,71.61448,frp:firms_viirs_noaa20_nrt_india,2.2,308.04,0.0,,,,5,5,5,5,24282.00821457958,24282.00821457958,uncertain,uncertain_review_required,insufficient_evidence,0.4,{},,,
frp:firms_viirs_noaa20_nrt_india:firms_viirs_noaa20_nrt_india.csv:992,ranking,2026-09-02 20:19:00+00:00,32.89154,71.61494,frp:firms_viirs_noaa20_nrt_india,2.71,307.66,0.0,,,,4,4,4,4,24134.515456545607,24134.515456545607,uncertain,uncertain_review_required,insufficient_evidence,0.4,{},,,
frp:firms_viirs_noaa20_nrt_india:firms_viirs_noaa20_nrt_india.csv:993,ranking,2026-09-02 20:19:00+00:00,33.68822,72.71001,frp:firms_viirs_noaa20_nrt_india,1.55,303.25,0.0,,,,1,1,1,1,12007.27806102705,12007.27806102705,uncertain,uncertain_review_required,insufficient_evidence,0.4,{},,,
frp:firms_viirs_noaa20_nrt_india:firms_viirs_noaa20_nrt_india.csv:994,ranking,2026-09-02 20:21:00+00:00,20.83645,70.69326,frp:firms_viirs_noaa20_nrt_india,0.6,299.22,0.0,,,,0,0,0,0,142123.13421498725,142123.13421498725,uncertain,uncertain_review_required,insufficient_evidence,0.4,{},,,
frp:firms_viirs_noaa20_nrt_india:firms_viirs_noaa20_nrt_india.csv:995,ranking,2026-09-02 20:21:00+00:00,20.94764,86.04403,frp:firms_viirs_noaa20_nrt_india,1.03,299.83,0.0,,,,8,8,8,8,22951.911396582123,22951.911396582123,uncertain,uncertain_review_required,insufficient_evidence,0.4,{},,,
frp:firms_viirs_noaa20_nrt_india:firms_viirs_noaa20_nrt_india.csv:996,ranking,2026-09-02 20:21:00+00:00,20.95095,86.04876,frp:firms_viirs_noaa20_nrt_india,0.75,311.4,0.0,,,,6,6,6,6,22917.53857079174,22917.53857079174,uncertain,uncertain_review_required,insufficient_evidence,0.4,{},,,
frp:firms_viirs_noaa20_nrt_india:firms_viirs_noaa20_nrt_india.csv:997,ranking,2026-09-02 20:21:00+00:00,20.95171,86.04486,frp:firms_viirs_noaa20_nrt_india,0.75,300.84,0.0,,,,7,7,7,7,22620.81610145559,22620.81610145559,uncertain,uncertain_review_required,insufficient_evidence,0.4,{},,,
frp:firms_viirs_noaa20_nrt_india:firms_viirs_noaa20_nrt_india.csv:998,ranking,2026-09-02 20:21:00+00:00,21.10572,72.64827,frp:firms_viirs_noaa20_nrt_india,5.46,307.52,0.0,,,,15,15,15,15,10679.874203454552,10679.874203454552,uncertain,uncertain_review_required,insufficient_evidence,0.4,{},,,
frp:firms_viirs_noaa20_nrt_india:firms_viirs_noaa20_nrt_india.csv:999,ranking,2026-09-02 20:21:00+00:00,21.10632,72.64294,frp:firms_viirs_noaa20_nrt_india,5.46,338.93,0.0,,,,16,16,16,16,11133.097127257692,11133.097127257692,uncertain,uncertain_review_required,insufficient_evidence,0.4,{},,,
frp:firms_viirs_noaa20_nrt_india:firms_viirs_noaa20_nrt_india.csv:1000,ranking,2026-09-02 20:21:00+00:00,23.33018,70.21295,frp:firms_viirs_noaa20_nrt_india,0.47,303.22,0.0,,,,0,0,0,0,105828.61127759473,105828.61127759473,uncertain,uncertain_review_required,insufficient_evidence,0.4,{},,,
frp:firms_viirs_noaa20_nrt_india:firms_viirs_noaa20_nrt_india.csv:1001,ranking,2026-09-02 20:21:00+00:00,23.67866,86.39913,frp:firms_viirs_noaa20_nrt_india,2.48,309.46,0.0,,,,6,6,6,6,100472.1319467596,100472.1319467596,uncertain,uncertain_review_required,insufficient_evidence,0.4,{},,,
frp:firms_viirs_noaa20_nrt_india:firms_viirs_noaa20_nrt_india.csv:1002,ranking,2026-09-02 20:21:00+00:00,23.67937,86.09851,frp:firms_viirs_noaa20_nrt_india,1.02,295.04,0.0,,,,2,2,2,2,130955.36930207504,130955.36930207504,uncertain,uncertain_review_required,insufficient_evidence,0.4,{},,,
frp:firms_viirs_noaa20_nrt_india:firms_viirs_noaa20_nrt_india.csv:1003,ranking,2026-09-02 20:21:00+00:00,23.67938,86.39541,frp:firms_viirs_noaa20_nrt_india,1.58,309.72,0.0,,,,4,4,4,4,100857.41845322437,100857.41845322437,uncertain,uncertain_review_required,insufficient_evidence,0.4,{},,,
frp:firms_viirs_noaa20_nrt_india:firms_viirs_noaa20_nrt_india.csv:1004,ranking,2026-09-02 20:21:00+00:00,23.68009,86.39173,frp:firms_viirs_noaa20_nrt_india,1.58,306.7,0.0,,,,3,3,3,3,101238.54587677485,101238.54587677485,uncertain,uncertain_review_required,insufficient_evidence,0.4,{},,,
frp:firms_viirs_noaa20_nrt_india:firms_viirs_noaa20_nrt_india.csv:1005,ranking,2026-09-02 20:21:00+00:00,23.68032,86.09521,frp:firms_viirs_noaa20_nrt_india,1.58,295.21,0.0,,,,1,1,1,1,131298.98352945512,131298.98352945512,uncertain,uncertain_review_required,insufficient_evidence,0.4,{},,,
frp:firms_viirs_noaa20_nrt_india:firms_viirs_noaa20_nrt_india.csv:1006,ranking,2026-09-02 20:21:00+00:00,23.68334,86.39626,frp:firms_viirs_noaa20_nrt_india,1.58,310.63,0.0,,,,2,2,2,2,100820.40204867082,100820.40204867082,uncertain,uncertain_review_required,insufficient_evidence,0.4,{},,,
frp:firms_viirs_noaa20_nrt_india:firms_viirs_noaa20_nrt_india.csv:1007,ranking,2026-09-02 20:21:00+00:00,23.68404,86.39259,frp:firms_viirs_noaa20_nrt_india,1.58,319.58,0.0,,,,1,1,1,1,101200.54257358043,101200.54257358043,uncertain,uncertain_review_required,insufficient_evidence,0.4,{},,,
frp:firms_viirs_noaa20_nrt_india:firms_viirs_noaa20_nrt_india.csv:1008,ranking,2026-09-02 20:21:00+00:00,23.688,86.39345,frp:firms_viirs_noaa20_nrt_india,1.84,309.56,0.0,,,,0,0,0,0,101164.64435659046,101164.64435659046,uncertain,uncertain_review_required,insufficient_evidence,0.4,{},,,
frp:firms_viirs_noaa20_nrt_india:firms_viirs_noaa20_nrt_india.csv:1009,ranking,2026-09-02 20:21:00+00:00,23.6887,86.3898,frp:firms_viirs_noaa20_nrt_india,2.16,304.81,0.0,,,,5,5,5,5,101542.9103808485,101542.9103808485,uncertain,uncertain_review_required,insufficient_evidence,0.4,{},,,
frp:firms_viirs_noaa20_nrt_india:firms_viirs_noaa20_nrt_india.csv:1010,ranking,2026-09-02 20:21:00+00:00,23.69609,86.07645,frp:firms_viirs_noaa20_nrt_india,1.8,303.17,0.0,,,,3,3,3,3,133357.14694134964,133357.14694134964,uncertain,uncertain_review_required,insufficient_evidence,0.4,{},,,
frp:firms_viirs_noaa20_nrt_india:firms_viirs_noaa20_nrt_india.csv:1011,ranking,2026-09-02 20:21:00+00:00,23.75564,86.39656,frp:firms_viirs_noaa20_nrt_india,2.29,306.11,0.0,,,,17,17,17,17,102015.900714148,102015.900714148,uncertain,uncertain_review_required,insufficient_evidence,0.4,{},,,
frp:firms_viirs_noaa20_nrt_india:firms_viirs_noaa20_nrt_india.csv:1012,ranking,2026-09-02 20:21:00+00:00,23.75816,86.40479,frp:firms_viirs_noaa20_nrt_india,2.32,315.88,0.0,,,,14,14,14,14,101248.18242013597,101248.18242013597,uncertain,uncertain_review_required,insufficient_evidence,0.4,{},,,
frp:firms_viirs_noaa20_nrt_india:firms_viirs_noaa20_nrt_india.csv:1013,ranking,2026-09-02 20:21:00+00:00,23.75887,86.4011,frp:firms_viirs_noaa20_nrt_india,2.32,316.14,0.0,,,,24,24,24,24,101631.90606949759,101631.90606949759,uncertain,uncertain_review_required,insufficient_evidence,0.4,{},,,
frp:firms_viirs_noaa20_nrt_india:firms_viirs_noaa20_nrt_india.csv:1014,ranking,2026-09-02 20:21:00+00:00,23.76211,86.40564,frp:firms_viirs_noaa20_nrt_india,1.76,303.0,0.0,,,,25,25,25,25,101250.08484541635,101250.08484541635,uncertain,uncertain_review_required,insufficient_evidence,0.4,{},,,
frp:firms_viirs_noaa20_nrt_india:firms_viirs_noaa20_nrt_india.csv:1015,ranking,2026-09-02 20:21:00+00:00,23.76282,86.40197,frp:firms_viirs_noaa20_nrt_india,1.76,325.48,0.0,,,,26,26,26,26,101631.81731775995,101631.81731775995,uncertain,uncertain_review_required,insufficient_evidence,0.4,{},,,
frp:firms_viirs_noaa20_nrt_india:firms_viirs_noaa20_nrt_india.csv:1016,ranking,2026-09-02 20:21:00+00:00,23.76354,86.39828,frp:firms_viirs_noaa20_nrt_india,1.45,306.61,0.0,,,,21,21,21,21,102015.76412668916,102015.76412668916,uncertain,uncertain_review_required,insufficient_evidence,0.4,{},,,
frp:firms_viirs_noaa20_nrt_india:firms_viirs_noaa20_nrt_india.csv:1017,ranking,2026-09-02 20:21:00+00:00,23.76425,86.39459,frp:firms_viirs_noaa20_nrt_india,1.45,305.18,0.0,,,,27,27,27,27,102399.48699616348,102399.48699616348,uncertain,uncertain_review_required,insufficient_evidence,0.4,{},,,
frp:firms_viirs_noaa20_nrt_india:firms_viirs_noaa20_nrt_india.csv:1018,ranking,2026-09-02 20:21:00+00:00,23.76498,86.39088,frp:firms_viirs_noaa20_nrt_india,2.05,302.84,0.0,,,,28,28,28,28,102785.64609649056,102785.64609649056,uncertain,uncertain_review_required,insufficient_evidence,0.4,{},,,
frp:firms_viirs_noaa20_nrt_india:firms_viirs_noaa20_nrt_india.csv:1019,ranking,2026-09-02 20:21:00+00:00,23.76676,86.40286,frp:firms_viirs_noaa20_nrt_india,1.76,312.11,0.0,,,,23,23,23,23,101631.48979190545,101631.48979190545,uncertain,uncertain_review_required,insufficient_evidence,0.4,{},,,
frp:firms_viirs_noaa20_nrt_india:firms_viirs_noaa20_nrt_india.csv:1020,ranking,2026-09-02 20:21:00+00:00,23.77299,86.20249,frp:firms_viirs_noaa20_nrt_india,3.5,303.04,0.0,,,,2,2,2,2,121786.31347915583,121786.31347915583,uncertain,uncertain_review_required,insufficient_evidence,0.4,{},,,
frp:firms_viirs_noaa20_nrt_india:firms_viirs_noaa20_nrt_india.csv:1021,ranking,2026-09-02 20:21:00+00:00,23.77394,86.36584,frp:firms_viirs_noaa20_nrt_india,1.97,305.7,0.0,,,,23,23,23,23,105482.37291007559,105482.37291007559,uncertain,uncertain_review_required,insufficient_evidence,0.4,{},,,
frp:firms_viirs_noaa20_nrt_india:firms_viirs_noaa20_nrt_india.csv:1022,ranking,2026-09-02 20:21:00+00:00,23.77406,86.19703,frp:firms_viirs_noaa20_nrt_india,4.58,311.24,0.0,,,,3,3,3,3,122354.16159529459,122354.16159529459,uncertain,uncertain_review_required,insufficient_evidence,0.4,{},,,
frp:firms_viirs_noaa20_nrt_india:firms_viirs_noaa20_nrt_india.csv:1023,ranking,2026-09-02 20:21:00+00:00,23.77466,86.36218,frp:firms_viirs_noaa20_nrt_india,2.38,316.43,0.0,,,,22,22,22,22,105863.31103525653,105863.31103525653,uncertain,uncertain_review_required,insufficient_evidence,0.4,{},,,
frp:firms_viirs_noaa20_nrt_india:firms_viirs_noaa20_nrt_india.csv:1024,ranking,2026-09-02 20:21:00+00:00,23.77585,86.20872,frp:firms_viirs_noaa20_nrt_india,3.74,307.93,0.0,,,,1,1,1,1,121218.35684760613,121218.35684760613,uncertain,uncertain_review_required,insufficient_evidence,0.4,{},,,
frp:firms_viirs_noaa20_nrt_india:firms_viirs_noaa20_nrt_india.csv:1025,ranking,2026-09-02 20:21:00+00:00,23.77753,86.38976,frp:firms_viirs_noaa20_nrt_india,2.34,306.42,0.0,,,,19,19,19,19,103184.6200680301,103184.6200680301,uncertain,uncertain_review_required,insufficient_evidence,0.4,{},,,
frp:firms_viirs_noaa20_nrt_india:firms_viirs_noaa20_nrt_india.csv:1026,ranking,2026-09-02 20:21:00+00:00,23.77825,86.38604,frp:firms_viirs_noaa20_nrt_india,2.32,304.61,0.0,,,,18,18,18,18,103571.52153388866,103571.52153388866,uncertain,uncertain_review_required,insufficient_evidence,0.4,{},,,
frp:firms_viirs_noaa20_nrt_india:firms_viirs_noaa20_nrt_india.csv:1027,ranking,2026-09-02 20:21:00+00:00,23.77976,86.20955,frp:firms_viirs_noaa20_nrt_india,3.74,321.04,0.0,,,,0,0,0,0,121213.47313414536,121213.47313414536,uncertain,uncertain_review_required,insufficient_evidence,0.4,{},,,
frp:firms_viirs_noaa20_nrt_india:firms_viirs_noaa20_nrt_india.csv:1028,ranking,2026-09-02 20:21:00+00:00,23.7811,86.37132,frp:firms_viirs_noaa20_nrt_india,1.38,303.51,0.0,,,,18,18,18,18,105102.49017276171,105102.49017276171,uncertain,uncertain_review_required,insufficient_evidence,0.4,{},,,
frp:firms_viirs_noaa20_nrt_india:firms_viirs_noaa20_nrt_india.csv:1029,ranking,2026-09-02 20:21:00+00:00,23.78148,86.39063,frp:firms_viirs_noaa20_nrt_india,1.74,307.3,0.0,,,,15,15,15,15,103192.35054229997,103192.35054229997,uncertain,uncertain_review_required,insufficient_evidence,0.4,{},,,
frp:firms_viirs_noaa20_nrt_india:firms_viirs_noaa20_nrt_india.csv:1030,ranking,2026-09-02 20:21:00+00:00,24.6637,74.63227,frp:firms_viirs_noaa20_nrt_india,1.44,299.05,0.0,,,,0,0,0,0,255057.01300442804,255057.01300442804,uncertain,uncertain_review_required,insufficient_evidence,0.4,{},,,
frp:firms_viirs_noaa20_nrt_india:firms_viirs_noaa20_nrt_india.csv:1031,ranking,2026-09-02 20:21:00+00:00,24.71521,75.95151,frp:firms_viirs_noaa20_nrt_india,0.78,303.49,0.0,,,,0,0,0,0,123562.73345881725,123562.73345881725,uncertain,uncertain_review_required,insufficient_evidence,0.4,{},,,
frp:firms_viirs_noaa20_nrt_india:firms_viirs_noaa20_nrt_india.csv:1032,ranking,2026-09-02 20:21:00+00:00,24.76503,74.60659,frp:firms_viirs_noaa20_nrt_india,1.36,304.69,0.0,,,,5,5,5,5,258664.65148034497,258664.65148034497,uncertain,uncertain_review_required,insufficient_evidence,0.4,{},,,
frp:firms_viirs_noaa20_nrt_india:firms_viirs_noaa20_nrt_india.csv:1033,ranking,2026-09-02 20:21:00+00:00,24.76607,74.60828,frp:firms_viirs_noaa20_nrt_india,1.31,302.43,0.0,,,,4,4,4,4,258508.07819940418,258508.07819940418,uncertain,uncertain_review_required,insufficient_evidence,0.4,{},,,
frp:firms_viirs_noaa20_nrt_india:firms_viirs_noaa20_nrt_india.csv:1034,ranking,2026-09-02 20:21:00+00:00,25.39161,68.57956,frp:firms_viirs_noaa20_nrt_india,1.53,310.49,0.0,,,,4,4,4,4,829.4692314288397,829.4692314288397,emergency_or_transient_fire,industrial_fire_candidate,industrial_proximity,0.72,{},,,
frp:firms_viirs_noaa20_nrt_india:firms_viirs_noaa20_nrt_india.csv:1035,ranking,2026-09-02 20:23:00+00:00,12.59921,77.88294,frp:firms_viirs_noaa20_nrt_india,1.79,319.53,0.0,,,,2,2,2,2,251961.04469256787,251961.04469256787,uncertain,uncertain_review_required,insufficient_evidence,0.4,{},,,
frp:firms_viirs_noaa20_nrt_india:firms_viirs_noaa20_nrt_india.csv:1036,ranking,2026-09-02 20:23:00+00:00,12.8508,79.90537,frp:firms_viirs_noaa20_nrt_india,8.05,340.95,0.0,,,,2,2,2,2,53552.09400540656,53552.09400540656,uncertain,uncertain_review_required,insufficient_evidence,0.4,{},,,
frp:firms_viirs_noaa20_nrt_india:firms_viirs_noaa20_nrt_india.csv:1037,ranking,2026-09-02 20:23:00+00:00,12.97479,77.43371,frp:firms_viirs_noaa20_nrt_india,0.54,302.76,0.0,,,,0,0,0,0,278577.7195932991,278577.7195932991,uncertain,uncertain_review_required,insufficient_evidence,0.4,{},,,
frp:firms_viirs_noaa20_nrt_india:firms_viirs_noaa20_nrt_india.csv:1038,ranking,2026-09-02 20:23:00+00:00,13.14871,77.53867,frp:firms_viirs_noaa20_nrt_india,0.19,300.09,0.0,,,,0,0,0,0,290305.01013415284,290305.01013415284,uncertain,uncertain_review_required,insufficient_evidence,0.4,{},,,
frp:firms_viirs_noaa20_nrt_india:firms_viirs_noaa20_nrt_india.csv:1039,ranking,2026-09-02 20:23:00+00:00,13.16177,80.28377,frp:firms_viirs_noaa20_nrt_india,2.78,320.68,0.0,,,,0,0,0,0,208.81718787440602,208.81718787440602,emergency_or_transient_fire,industrial_fire_candidate,industrial_proximity,0.72,{},,,
frp:firms_viirs_noaa20_nrt_india:firms_viirs_noaa20_nrt_india.csv:1040,ranking,2026-09-02 20:23:00+00:00,13.39351,80.07467,frp:firms_viirs_noaa20_nrt_india,1.28,307.0,0.0,,,,0,0,0,0,31328.155797569594,31328.155797569594,uncertain,uncertain_review_required,insufficient_evidence,0.4,{},,,
frp:firms_viirs_noaa20_nrt_india:firms_viirs_noaa20_nrt_india.csv:1041,ranking,2026-09-02 20:23:00+00:00,13.89774,76.56654,frp:firms_viirs_noaa20_nrt_india,1.13,300.92,0.0,,,,1,1,1,1,209556.08183874935,209556.08183874935,uncertain,uncertain_review_required,insufficient_evidence,0.4,{},,,
frp:firms_viirs_noaa20_nrt_india:firms_viirs_noaa20_nrt_india.csv:1042,ranking,2026-09-02 20:23:00+00:00,15.16989,76.38091,frp:firms_viirs_noaa20_nrt_india,0.52,299.16,0.0,,,,5,5,5,5,291581.6909537986,291581.6909537986,uncertain,uncertain_review_required,insufficient_evidence,0.4,{},,,
frp:firms_viirs_noaa20_nrt_india:firms_viirs_noaa20_nrt_india.csv:1043,ranking,2026-09-02 20:23:00+00:00,15.17381,76.69349,frp:firms_viirs_noaa20_nrt_india,1.19,309.9,0.0,,,,25,25,25,25,312096.6263718957,312096.6263718957,uncertain,uncertain_review_required,insufficient_evidence,0.4,{},,,
frp:firms_viirs_noaa20_nrt_india:firms_viirs_noaa20_nrt_india.csv:1044,ranking,2026-09-02 20:23:00+00:00,15.17427,76.7852,frp:firms_viirs_noaa20_nrt_india,1.08,308.11,0.0,,,,1,1,1,1,318484.02325197856,318484.02325197856,uncertain,uncertain_review_required,insufficient_evidence,0.4,{},,,
frp:firms_viirs_noaa20_nrt_india:firms_viirs_noaa20_nrt_india.csv:1045,ranking,2026-09-02 20:23:00+00:00,15.17558,76.6577,frp:firms_viirs_noaa20_nrt_india,2.78,319.62,0.0,,,,28,28,28,28,309822.57844513684,309822.57844513684,uncertain,uncertain_review_required,insufficient_evidence,0.4,{},,,
frp:firms_viirs_noaa20_nrt_india:firms_viirs_noaa20_nrt_india.csv:1046,ranking,2026-09-02 20:23:00+00:00,15.17616,76.65379,frp:firms_viirs_noaa20_nrt_india,2.39,312.81,0.0,,,,29,29,29,29,309609.5491861763,309609.5491861763,uncertain,uncertain_review_required,insufficient_evidence,0.4,{},,,
frp:firms_viirs_noaa20_nrt_india:firms_viirs_noaa20_nrt_india.csv:1047,ranking,2026-09-02 20:23:00+00:00,15.18017,76.67442,frp:firms_viirs_noaa20_nrt_india,1.49,312.62,0.0,,,,25,25,25,25,311348.2818330704,311348.2818330704,uncertain,uncertain_review_required,insufficient_evidence,0.4,{},,,
frp:firms_viirs_noaa20_nrt_india:firms_viirs_noaa20_nrt_india.csv:1048,ranking,2026-09-02 20:23:00+00:00,15.18134,76.6666,frp:firms_viirs_noaa20_nrt_india,1.93,323.6,0.0,,,,26,26,26,26,310920.94543236546,310920.94543236546,uncertain,uncertain_review_required,insufficient_evidence,0.4,{},,,
frp:firms_viirs_noaa20_nrt_india:firms_viirs_noaa20_nrt_india.csv:1049,ranking,2026-09-02 20:23:00+00:00,15.18363,76.67496,frp:firms_viirs_noaa20_nrt_india,1.49,304.17,0.0,,,,24,24,24,24,311683.4877576507,311683.4877576507,uncertain,uncertain_review_required,insufficient_evidence,0.4,{},,,
frp:firms_viirs_noaa20_nrt_india:firms_viirs_noaa20_nrt_india.csv:1050,ranking,2026-09-02 20:23:00+00:00,15.18421,76.67104,frp:firms_viirs_noaa20_nrt_india,1.93,307.15,0.0,,,,23,23,23,23,311468.7281024133,311468.7281024133,uncertain,uncertain_review_required,insufficient_evidence,0.4,{},,,
frp:firms_viirs_noaa20_nrt_india:firms_viirs_noaa20_nrt_india.csv:1051,ranking,2026-09-02 20:23:00+00:00,15.18708,76.67549,frp:firms_viirs_noaa20_nrt_india,1.0,304.11,0.0,,,,22,22,22,22,312017.27801122994,312017.27801122994,uncertain,uncertain_review_required,insufficient_evidence,0.4,{},,,
frp:firms_viirs_noaa20_nrt_india:firms_viirs_noaa20_nrt_india.csv:1052,ranking,2026-09-02 20:23:00+00:00,15.18766,76.67159,frp:firms_viirs_noaa20_nrt_india,1.29,311.27,0.0,,,,21,21,21,21,311804.10340656695,311804.10340656695,uncertain,uncertain_review_required,insufficient_evidence,0.4,{},,,
frp:firms_viirs_noaa20_nrt_india:firms_viirs_noaa20_nrt_india.csv:1053,ranking,2026-09-02 20:23:00+00:00,15.33635,76.27782,frp:firms_viirs_noaa20_nrt_india,1.05,307.79,0.0,,,,4,4,4,4,301263.82929070864,301263.82929070864,uncertain,uncertain_review_required,insufficient_evidence,0.4,{},,,
frp:firms_viirs_noaa20_nrt_india:firms_viirs_noaa20_nrt_india.csv:1054,ranking,2026-09-02 20:23:00+00:00,16.87073,80.02078,frp:firms_viirs_noaa20_nrt_india,1.03,304.58,0.0,,,,0,0,0,0,140650.24907864557,140650.24907864557,uncertain,uncertain_review_required,insufficient_evidence,0.4,{},,,
frp:firms_viirs_noaa20_nrt_india:firms_viirs_noaa20_nrt_india.csv:1055,ranking,2026-09-02 20:25:00+00:00,6.61014,81.25643,frp:firms_viirs_noaa20_nrt_india,6.97,339.65,0.0,,,,1,1,1,1,148711.1393312561,148711.1393312561,uncertain,uncertain_review_required,insufficient_evidence,0.4,{},,,
frp:firms_viirs_noaa20_nrt_india:firms_viirs_noaa20_nrt_india.csv:1056,ranking,2026-09-02 20:25:00+00:00,6.76897,81.00152,frp:firms_viirs_noaa20_nrt_india,1.7,304.26,0.0,,,,5,5,5,5,117308.0732245002,117308.0732245002,uncertain,uncertain_review_required,insufficient_evidence,0.4,{},,,
frp:firms_viirs_noaa20_nrt_india:firms_viirs_noaa20_nrt_india.csv:1057,ranking,2026-09-02 20:25:00+00:00,6.77281,81.00163,frp:firms_viirs_noaa20_nrt_india,1.7,313.38,0.0,,,,6,6,6,6,117243.06773491905,117243.06773491905,uncertain,uncertain_review_required,insufficient_evidence,0.4,{},,,
frp:firms_viirs_noaa20_nrt_india:firms_viirs_noaa20_nrt_india.csv:1058,ranking,2026-09-02 20:25:00+00:00,7.38751,81.18162,frp:firms_viirs_noaa20_nrt_india,1.72,309.23,0.0,,,,9,9,9,9,143286.20186381793,143286.20186381793,uncertain,uncertain_review_required,insufficient_evidence,0.4,{},,,
frp:firms_viirs_noaa20_nrt_india:firms_viirs_noaa20_nrt_india.csv:1059,ranking,2026-09-02 20:25:00+00:00,7.48117,81.08661,frp:firms_viirs_noaa20_nrt_india,2.67,310.91,0.0,,,,1,1,1,1,137488.08751627716,137488.08751627716,uncertain,uncertain_review_required,insufficient_evidence,0.4,{},,,
frp:firms_viirs_noaa20_nrt_india:firms_viirs_noaa20_nrt_india.csv:1060,ranking,2026-09-02 20:25:00+00:00,7.55779,81.30125,frp:firms_viirs_noaa20_nrt_india,2.83,322.67,0.0,,,,5,5,5,5,162554.33027874806,162554.33027874806,uncertain,uncertain_review_required,insufficient_evidence,0.4,{},,,
frp:firms_viirs_noaa20_nrt_india:firms_viirs_noaa20_nrt_india.csv:1061,ranking,2026-09-02 20:25:00+00:00,7.76223,80.32127,frp:firms_viirs_noaa20_nrt_india,1.4,306.16,0.0,,,,1,1,1,1,97872.22815984112,97872.22815984112,uncertain,uncertain_review_required,insufficient_evidence,0.4,{},,,
frp:firms_viirs_noaa20_nrt_india:firms_viirs_noaa20_nrt_india.csv:1062,ranking,2026-09-02 20:25:00+00:00,7.96767,81.29025,frp:firms_viirs_noaa20_nrt_india,0.72,304.17,0.0,,,,20,20,20,20,184886.3611850804,184886.3611850804,uncertain,uncertain_review_required,insufficient_evidence,0.4,{},,,
frp:firms_viirs_noaa20_nrt_india:firms_viirs_noaa20_nrt_india.csv:1063,ranking,2026-09-02 20:25:00+00:00,8.08287,80.78834,frp:firms_viirs_noaa20_nrt_india,1.43,314.64,0.0,,,,9,9,9,9,154930.04556264175,154930.04556264175,uncertain,uncertain_review_required,insufficient_evidence,0.4,{},,,
frp:firms_viirs_noaa20_nrt_india:firms_viirs_noaa20_nrt_india.csv:1064,ranking,2026-09-02 20:25:00+00:00,8.08652,80.78899,frp:firms_viirs_noaa20_nrt_india,3.58,329.64,0.0,,,,10,10,10,10,155299.45977660015,155299.45977660015,uncertain,uncertain_review_required,insufficient_evidence,0.4,{},,,
frp:firms_viirs_noaa20_nrt_india:firms_viirs_noaa20_nrt_india.csv:1065,ranking,2026-09-02 20:25:00+00:00,9.55316,77.52426,frp:firms_viirs_noaa20_nrt_india,1.52,315.45,0.0,,,,18,18,18,18,132135.53058369245,132135.53058369245,uncertain,uncertain_review_required,insufficient_evidence,0.4,{},,,
frp:firms_viirs_noaa20_nrt_india:firms_viirs_noaa20_nrt_india.csv:1066,ranking,2026-09-02 20:25:00+00:00,9.55372,77.52083,frp:firms_viirs_noaa20_nrt_india,1.52,321.43,0.0,,,,19,19,19,19,131761.1217473594,131761.1217473594,uncertain,uncertain_review_required,insufficient_evidence,0.4,{},,,
frp:firms_viirs_noaa20_nrt_india:firms_viirs_noaa20_nrt_india.csv:1067,ranking,2026-09-02 20:25:00+00:00,9.55482,77.5139,frp:firms_viirs_noaa20_nrt_india,2.42,324.17,0.0,,,,26,26,26,26,131005.99703013495,131005.99703013495,uncertain,uncertain_review_required,insufficient_evidence,0.4,{},,,
frp:firms_viirs_noaa20_nrt_india:firms_viirs_noaa20_nrt_india.csv:1068,ranking,2026-09-02 20:25:00+00:00,9.55811,77.51443,frp:firms_viirs_noaa20_nrt_india,1.76,309.54,0.0,,,,20,20,20,20,130933.86956106749,130933.86956106749,uncertain,uncertain_review_required,insufficient_evidence,0.4,{},,,
frp:firms_viirs_noaa20_nrt_india:firms_viirs_noaa20_nrt_india.csv:1069,ranking,2026-09-02 20:25:00+00:00,9.56086,77.51841,frp:firms_viirs_noaa20_nrt_india,1.76,328.06,0.0,,,,21,21,21,21,131238.76565320053,131238.76565320053,uncertain,uncertain_review_required,insufficient_evidence,0.4,{},,,
frp:firms_viirs_noaa20_nrt_india:firms_viirs_noaa20_nrt_india.csv:1070,ranking,2026-09-02 20:25:00+00:00,9.5614,77.53619,frp:firms_viirs_noaa20_nrt_india,0.91,316.03,0.0,,,,22,22,22,22,133052.3731669516,133052.3731669516,uncertain,uncertain_review_required,insufficient_evidence,0.4,{},,,
frp:firms_viirs_noaa20_nrt_india:firms_viirs_noaa20_nrt_india.csv:1071,ranking,2026-09-02 20:25:00+00:00,9.56195,77.53275,frp:firms_viirs_noaa20_nrt_india,1.62,309.24,0.0,,,,23,23,23,23,132676.62710508215,132676.62710508215,uncertain,uncertain_review_required,insufficient_evidence,0.4,{},,,
frp:firms_viirs_noaa20_nrt_india:firms_viirs_noaa20_nrt_india.csv:1072,ranking,2026-09-02 20:25:00+00:00,9.56415,77.51893,frp:firms_viirs_noaa20_nrt_india,1.41,324.02,0.0,,,,24,24,24,24,131167.82092265275,131167.82092265275,uncertain,uncertain_review_required,insufficient_evidence,0.4,{},,,
frp:firms_viirs_noaa20_nrt_india:firms_viirs_noaa20_nrt_india.csv:1073,ranking,2026-09-02 20:25:00+00:00,9.5647,77.53674,frp:firms_viirs_noaa20_nrt_india,0.91,311.02,0.0,,,,25,25,25,25,132986.1069654875,132986.1069654875,uncertain,uncertain_review_required,insufficient_evidence,0.4,{},,,
frp:firms_viirs_noaa20_nrt_india:firms_viirs_noaa20_nrt_india.csv:1074,ranking,2026-09-02 20:25:00+00:00,9.5669,77.52291,frp:firms_viirs_noaa20_nrt_india,1.61,312.26,0.0,,,,28,28,28,28,131475.36105921667,131475.36105921667,uncertain,uncertain_review_required,insufficient_evidence,0.4,{},,,
frp:firms_viirs_noaa20_nrt_india:firms_viirs_noaa20_nrt_india.csv:1075,ranking,2026-09-02 20:25:00+00:00,9.56744,77.51945,frp:firms_viirs_noaa20_nrt_india,1.41,308.43,0.0,,,,27,27,27,27,131097.8822545499,131097.8822545499,uncertain,uncertain_review_required,insufficient_evidence,0.4,{},,,
frp:firms_viirs_noaa20_nrt_india:firms_viirs_noaa20_nrt_india.csv:1076,ranking,2026-09-02 20:25:00+00:00,11.59177,77.26229,frp:firms_viirs_noaa20_nrt_india,0.44,297.35,0.0,,,,12,12,12,12,204312.79163343305,204312.79163343305,uncertain,uncertain_review_required,insufficient_evidence,0.4,{},,,
frp:firms_viirs_noaa20_nrt_india:firms_viirs_noaa20_nrt_india.csv:1077,ranking,2026-09-02 20:25:00+00:00,11.59508,77.26291,frp:firms_viirs_noaa20_nrt_india,3.05,332.16,0.0,,,,11,11,11,11,204668.59496342586,204668.59496342586,uncertain,uncertain_review_required,insufficient_evidence,0.4,{},,,
frp:firms_viirs_noaa20_nrt_india:firms_viirs_noaa20_nrt_india.csv:1078,ranking,2026-09-02 20:25:00+00:00,11.81183,77.92081,frp:firms_viirs_noaa20_nrt_india,1.04,299.39,0.0,,,,9,9,9,9,187554.08731189926,187554.08731189926,uncertain,uncertain_review_required,insufficient_evidence,0.4,{},,,
frp:firms_viirs_noaa20_nrt_india:firms_viirs_noaa20_nrt_india.csv:1079,ranking,2026-09-02 20:25:00+00:00,11.81568,77.91785,frp:firms_viirs_noaa20_nrt_india,1.16,302.56,0.0,,,,8,8,8,8,188066.88064078504,188066.88064078504,uncertain,uncertain_review_required,insufficient_evidence,0.4,{},,,
frp:firms_viirs_noaa20_nrt_india:firms_viirs_noaa20_nrt_india.csv:1080,ranking,2026-09-02 20:25:00+00:00,12.08651,77.05036,frp:firms_viirs_noaa20_nrt_india,0.68,296.31,0.0,,,,1,1,1,1,246134.06895240973,246134.06895240973,uncertain,uncertain_review_required,insufficient_evidence,0.4,{},,,
frp:firms_viirs_noaa20_nrt_india:firms_viirs_noaa20_nrt_india.csv:1081,ranking,2026-09-02 21:57:00+00:00,38.05169,67.26579,frp:firms_viirs_noaa20_nrt_india,1.83,321.23,0.0,,,,31,31,31,31,76292.1449267532,76292.1449267532,uncertain,uncertain_review_required,insufficient_evidence,0.4,{},,,
frp:firms_viirs_noaa20_nrt_india:firms_viirs_noaa20_nrt_india.csv:1082,ranking,2026-09-02 21:57:00+00:00,38.39603,69.1136,frp:firms_viirs_noaa20_nrt_india,0.95,300.7,0.0,,,,3,3,3,3,219705.03919587095,219705.03919587095,uncertain,uncertain_review_required,insufficient_evidence,0.4,{},,,
frp:firms_viirs_noaa20_nrt_india:firms_viirs_noaa20_nrt_india.csv:1083,ranking,2026-09-02 21:57:00+00:00,38.39698,69.11475,frp:firms_viirs_noaa20_nrt_india,0.97,303.31,0.0,,,,4,4,4,4,219798.42839364472,219798.42839364472,uncertain,uncertain_review_required,insufficient_evidence,0.4,{},,,
frp:firms_viirs_noaa20_nrt_india:firms_viirs_noaa20_nrt_india.csv:1084,ranking,2026-09-02 21:59:00+00:00,33.29502,71.18554,frp:firms_viirs_noaa20_nrt_india,0.48,304.58,0.0,,,,6,6,6,6,51.166160209733135,51.166160209733135,emergency_or_transient_fire,industrial_fire_candidate,industrial_proximity,0.72,{},,,
frp:firms_viirs_noaa20_nrt_india:firms_viirs_noaa20_nrt_india.csv:1085,ranking,2026-09-02 21:59:00+00:00,33.29527,71.18355,frp:firms_viirs_noaa20_nrt_india,0.34,302.35,0.0,,,,5,5,5,5,159.50556292000073,159.50556292000073,emergency_or_transient_fire,industrial_fire_candidate,industrial_proximity,0.72,{},,,
frp:firms_viirs_noaa20_nrt_india:firms_viirs_noaa20_nrt_india.csv:1086,ranking,2026-09-02 22:01:00+00:00,25.38761,68.58076,frp:firms_viirs_noaa20_nrt_india,1.92,315.05,0.0,,,,7,7,7,7,370.99224522127025,370.99224522127025,emergency_or_transient_fire,industrial_fire_candidate,industrial_proximity,0.72,{},,,
frp:firms_viirs_noaa20_nrt_india:firms_viirs_noaa20_nrt_india.csv:1087,ranking,2026-09-03 05:50:00+00:00,11.78012,99.55573,frp:firms_viirs_noaa20_nrt_india,6.59,328.65,0.0,,,,1,1,1,1,197850.5631544698,197850.5631544698,uncertain,uncertain_review_required,insufficient_evidence,0.4,{},,,
frp:firms_viirs_noaa20_nrt_india:firms_viirs_noaa20_nrt_india.csv:1088,ranking,2026-09-03 05:50:00+00:00,11.78029,99.55335,frp:firms_viirs_noaa20_nrt_india,8.8,337.49,0.0,,,,0,0,0,0,198064.07089383694,198064.07089383694,uncertain,uncertain_review_required,insufficient_evidence,0.4,{},,,
frp:firms_viirs_noaa20_nrt_india:firms_viirs_noaa20_nrt_india.csv:1089,ranking,2026-09-03 05:53:00+00:00,16.64662,99.40947,frp:firms_viirs_noaa20_nrt_india,3.18,330.29,0.0,,,,0,0,0,0,43422.87811506566,43422.87811506566,uncertain,uncertain_review_required,insufficient_evidence,0.4,{},,,
frp:firms_viirs_noaa20_nrt_india:firms_viirs_noaa20_nrt_india.csv:1090,ranking,2026-09-03 07:29:00+00:00,6.21886,80.84835,frp:firms_viirs_noaa20_nrt_india,12.97,352.86,0.0,,,,1,1,1,1,128430.50616503802,128430.50616503802,uncertain,uncertain_review_required,insufficient_evidence,0.4,{},,,
frp:firms_viirs_noaa20_nrt_india:firms_viirs_noaa20_nrt_india.csv:1091,ranking,2026-09-03 07:29:00+00:00,6.21936,80.85124,frp:firms_viirs_noaa20_nrt_india,12.37,367.0,0.0,,,,0,0,0,0,128639.91510067535,128639.91510067535,uncertain,uncertain_review_required,insufficient_evidence,0.4,{},,,
frp:firms_viirs_noaa20_nrt_india:firms_viirs_noaa20_nrt_india.csv:1092,ranking,2026-09-03 07:29:00+00:00,6.26443,81.08537,frp:firms_viirs_noaa20_nrt_india,6.89,332.67,0.0,,,,1,1,1,1,146723.29869849456,146723.29869849456,uncertain,uncertain_review_required,insufficient_evidence,0.4,{},,,
frp:firms_viirs_noaa20_nrt_india:firms_viirs_noaa20_nrt_india.csv:1093,ranking,2026-09-03 07:29:00+00:00,6.8227,81.4789,frp:firms_viirs_noaa20_nrt_india,4.65,340.14,0.0,,,,11,11,11,11,168754.8093972479,168754.8093972479,uncertain,uncertain_review_required,insufficient_evidence,0.4,{},,,
frp:firms_viirs_noaa20_nrt_india:firms_viirs_noaa20_nrt_india.csv:1094,ranking,2026-09-03 07:29:00+00:00,6.8228,81.47654,frp:firms_viirs_noaa20_nrt_india,4.03,337.9,0.0,,,,10,10,10,10,168494.32917487004,168494.32917487004,uncertain,uncertain_review_required,insufficient_evidence,0.4,{},,,
frp:firms_viirs_noaa20_nrt_india:firms_viirs_noaa20_nrt_india.csv:1095,ranking,2026-09-03 07:29:00+00:00,6.92909,81.49213,frp:firms_viirs_noaa20_nrt_india,3.2,334.14,0.0,,,,4,4,4,4,169540.30611620445,169540.30611620445,uncertain,uncertain_review_required,insufficient_evidence,0.4,{},,,
frp:firms_viirs_noaa20_nrt_india:firms_viirs_noaa20_nrt_india.csv:1096,ranking,2026-09-03 07:29:00+00:00,6.93327,81.49461,frp:firms_viirs_noaa20_nrt_india,5.26,334.15,0.0,,,,3,3,3,3,169804.51386286243,169804.51386286243,uncertain,uncertain_review_required,insufficient_evidence,0.4,{},,,
frp:firms_viirs_noaa20_nrt_india:firms_viirs_noaa20_nrt_india.csv:1097,ranking,2026-09-03 07:29:00+00:00,7.0019,81.49043,frp:firms_viirs_noaa20_nrt_india,7.65,331.99,0.0,,,,1,1,1,1,169369.6172390353,169369.6172390353,uncertain,uncertain_review_required,insufficient_evidence,0.4,{},,,
frp:firms_viirs_noaa20_nrt_india:firms_viirs_noaa20_nrt_india.csv:1098,ranking,2026-09-03 07:29:00+00:00,7.09881,81.30836,frp:firms_viirs_noaa20_nrt_india,6.88,338.99,0.0,,,,0,0,0,0,149992.42815565778,149992.42815565778,uncertain,uncertain_review_required,insufficient_evidence,0.4,{},,,
frp:firms_viirs_noaa20_nrt_india:firms_viirs_noaa20_nrt_india.csv:1099,ranking,2026-09-03 07:29:00+00:00,7.13218,80.92467,frp:firms_viirs_noaa20_nrt_india,7.09,338.65,0.0,,,,2,2,2,2,108551.630972339,108551.630972339,uncertain,uncertain_review_required,insufficient_evidence,0.4,{},,,
frp:firms_viirs_noaa20_nrt_india:firms_viirs_noaa20_nrt_india.csv:1100,ranking,2026-09-03 07:29:00+00:00,7.13368,80.92213,frp:firms_viirs_noaa20_nrt_india,13.75,344.79,0.0,,,,1,1,1,1,108305.21628518906,108305.21628518906,uncertain,uncertain_review_required,insufficient_evidence,0.4,{},,,
frp:firms_viirs_noaa20_nrt_india:firms_viirs_noaa20_nrt_india.csv:1101,ranking,2026-09-03 07:29:00+00:00,7.13717,80.92435,frp:firms_viirs_noaa20_nrt_india,8.33,332.22,0.0,,,,0,0,0,0,108615.66192771083,108615.66192771083,uncertain,uncertain_review_required,insufficient_evidence,0.4,{},,,
frp:firms_viirs_noaa20_nrt_india:firms_viirs_noaa20_nrt_india.csv:1102,ranking,2026-09-03 07:29:00+00:00,7.14319,81.56036,frp:firms_viirs_noaa20_nrt_india,3.38,331.83,0.0,,,,5,5,5,5,178166.62498664416,178166.62498664416,uncertain,uncertain_review_required,insufficient_evidence,0.4,{},,,
frp:firms_viirs_noaa20_nrt_india:firms_viirs_noaa20_nrt_india.csv:1103,ranking,2026-09-03 07:29:00+00:00,7.21505,81.83522,frp:firms_viirs_noaa20_nrt_india,3.23,341.64,0.0,,,,4,4,4,4,209245.19622185788,209245.19622185788,uncertain,uncertain_review_required,insufficient_evidence,0.4,{},,,
frp:firms_viirs_noaa20_nrt_india:firms_viirs_noaa20_nrt_india.csv:1104,ranking,2026-09-03 07:29:00+00:00,7.30715,81.8511,frp:firms_viirs_noaa20_nrt_india,3.47,330.92,0.0,,,,2,2,2,2,212580.46133604692,212580.46133604692,uncertain,uncertain_review_required,insufficient_evidence,0.4,{},,,
frp:firms_viirs_noaa20_nrt_india:firms_viirs_noaa20_nrt_india.csv:1105,ranking,2026-09-03 07:29:00+00:00,7.30812,81.85378,frp:firms_viirs_noaa20_nrt_india,4.9,330.62,0.0,,,,1,1,1,1,212890.6170352684,212890.6170352684,uncertain,uncertain_review_required,insufficient_evidence,0.4,{},,,
frp:firms_viirs_noaa20_nrt_india:firms_viirs_noaa20_nrt_india.csv:1106,ranking,2026-09-03 07:29:00+00:00,7.36392,81.54081,frp:firms_viirs_noaa20_nrt_india,6.1,330.09,0.0,,,,2,2,2,2,180479.0953013937,180479.0953013937,uncertain,uncertain_review_required,insufficient_evidence,0.4,{},,,
frp:firms_viirs_noaa20_nrt_india:firms_viirs_noaa20_nrt_india.csv:1107,ranking,2026-09-03 07:29:00+00:00,7.36477,81.10838,frp:firms_viirs_noaa20_nrt_india,7.86,331.17,0.0,,,,8,8,8,8,134828.18357629082,134828.18357629082,uncertain,uncertain_review_required,insufficient_evidence,0.4,{},,,
frp:firms_viirs_noaa20_nrt_india:firms_viirs_noaa20_nrt_india.csv:1108,ranking,2026-09-03 07:29:00+00:00,7.36666,81.54342,frp:firms_viirs_noaa20_nrt_india,7.58,337.55,0.0,,,,3,3,3,3,180833.45722952113,180833.45722952113,uncertain,uncertain_review_required,insufficient_evidence,0.4,{},,,
frp:firms_viirs_noaa20_nrt_india:firms_viirs_noaa20_nrt_india.csv:1109,ranking,2026-09-03 07:29:00+00:00,7.37235,81.60337,frp:firms_viirs_noaa20_nrt_india,7.97,337.78,0.0,,,,2,2,2,2,187397.31769735122,187397.31769735122,uncertain,uncertain_review_required,insufficient_evidence,0.4,{},,,
frp:firms_viirs_noaa20_nrt_india:firms_viirs_noaa20_nrt_india.csv:1110,ranking,2026-09-03 07:29:00+00:00,7.37384,81.60008,frp:firms_viirs_noaa20_nrt_india,6.02,337.83,0.0,,,,2,2,2,2,187085.8155062387,187085.8155062387,uncertain,uncertain_review_required,insufficient_evidence,0.4,{},,,
frp:firms_viirs_noaa20_nrt_india:firms_viirs_noaa20_nrt_india.csv:1111,ranking,2026-09-03 07:29:00+00:00,7.38198,81.81867,frp:firms_viirs_noaa20_nrt_india,4.29,335.02,0.0,,,,4,4,4,4,210742.06275870145,210742.06275870145,uncertain,uncertain_review_required,insufficient_evidence,0.4,{},,,
frp:firms_viirs_noaa20_nrt_india:firms_viirs_noaa20_nrt_india.csv:1112,ranking,2026-09-03 07:29:00+00:00,7.40801,81.64283,frp:firms_viirs_noaa20_nrt_india,3.69,337.1,0.0,,,,3,3,3,3,192601.85403746972,192601.85403746972,uncertain,uncertain_review_required,insufficient_evidence,0.4,{},,,
frp:firms_viirs_noaa20_nrt_india:firms_viirs_noaa20_nrt_india.csv:1113,ranking,2026-09-03 07:29:00+00:00,7.44196,81.56097,frp:firms_viirs_noaa20_nrt_india,10.29,340.72,0.0,,,,0,0,0,0,184945.62239063805,184945.62239063805,uncertain,uncertain_review_required,insufficient_evidence,0.4,{},,,
frp:firms_viirs_noaa20_nrt_india:firms_viirs_noaa20_nrt_india.csv:1114,ranking,2026-09-03 07:29:00+00:00,7.4489,81.31174,frp:firms_viirs_noaa20_nrt_india,10.37,331.01,0.0,,,,4,4,4,4,159092.68603067123,159092.68603067123,uncertain,uncertain_review_required,insufficient_evidence,0.4,{},,,
frp:firms_viirs_noaa20_nrt_india:firms_viirs_noaa20_nrt_india.csv:1115,ranking,2026-09-03 07:29:00+00:00,7.44981,81.31694,frp:firms_viirs_noaa20_nrt_india,9.76,337.83,0.0,,,,3,3,3,3,159666.25632066588,159666.25632066588,uncertain,uncertain_review_required,insufficient_evidence,0.4,{},,,
frp:firms_viirs_noaa20_nrt_india:firms_viirs_noaa20_nrt_india.csv:1116,ranking,2026-09-03 07:29:00+00:00,7.45927,81.3151,frp:firms_viirs_noaa20_nrt_india,7.11,334.62,0.0,,,,2,2,2,2,159836.41005814323,159836.41005814323,uncertain,uncertain_review_required,insufficient_evidence,0.4,{},,,
frp:firms_viirs_noaa20_nrt_india:firms_viirs_noaa20_nrt_india.csv:1117,ranking,2026-09-03 07:29:00+00:00,7.46132,81.61855,frp:firms_viirs_noaa20_nrt_india,5.54,331.29,0.0,,,,4,4,4,4,191645.3320431667,191645.3320431667,uncertain,uncertain_review_required,insufficient_evidence,0.4,{},,,
frp:firms_viirs_noaa20_nrt_india:firms_viirs_noaa20_nrt_india.csv:1118,ranking,2026-09-03 07:29:00+00:00,7.52379,81.09198,frp:firms_viirs_noaa20_nrt_india,17.96,332.6,0.0,,,,2,2,2,2,140076.53538431425,140076.53538431425,uncertain,uncertain_review_required,insufficient_evidence,0.4,{},,,
frp:firms_viirs_noaa20_nrt_india:firms_viirs_noaa20_nrt_india.csv:1119,ranking,2026-09-03 07:29:00+00:00,7.55572,81.30218,frp:firms_viirs_noaa20_nrt_india,5.41,331.63,0.0,,,,6,6,6,6,162554.303237081,162554.303237081,uncertain,uncertain_review_required,insufficient_evidence,0.4,{},,,
frp:firms_viirs_noaa20_nrt_india:firms_viirs_noaa20_nrt_india.csv:1120,ranking,2026-09-03 07:29:00+00:00,7.62007,80.96745,frp:firms_viirs_noaa20_nrt_india,5.49,331.9,0.0,,,,1,1,1,1,133504.86918641807,133504.86918641807,uncertain,uncertain_review_required,insufficient_evidence,0.4,{},,,
frp:firms_viirs_noaa20_nrt_india:firms_viirs_noaa20_nrt_india.csv:1121,ranking,2026-09-03 07:29:00+00:00,7.68068,81.63508,frp:firms_viirs_noaa20_nrt_india,4.17,337.95,0.0,,,,0,0,0,0,201737.9394483041,201737.9394483041,uncertain,uncertain_review_required,insufficient_evidence,0.4,{},,,
frp:firms_viirs_noaa20_nrt_india:firms_viirs_noaa20_nrt_india.csv:1122,ranking,2026-09-03 07:29:00+00:00,7.6815,80.17891,frp:firms_viirs_noaa20_nrt_india,4.12,333.59,0.0,,,,0,0,0,0,83911.4264909358,83911.4264909358,uncertain,uncertain_review_required,insufficient_evidence,0.4,{},,,
frp:firms_viirs_noaa20_nrt_india:firms_viirs_noaa20_nrt_india.csv:1123,ranking,2026-09-03 07:29:00+00:00,7.73792,81.0778,frp:firms_viirs_noaa20_nrt_india,8.03,333.06,0.0,,,,0,0,0,0,150922.92083388817,150922.92083388817,uncertain,uncertain_review_required,insufficient_evidence,0.4,{},,,
frp:firms_viirs_noaa20_nrt_india:firms_viirs_noaa20_nrt_india.csv:1124,ranking,2026-09-03 07:29:00+00:00,7.88585,80.66019,frp:firms_viirs_noaa20_nrt_india,4.49,331.07,0.0,,,,10,10,10,10,128931.04530837598,128931.04530837598,uncertain,uncertain_review_required,insufficient_evidence,0.4,{},,,
frp:firms_viirs_noaa20_nrt_india:firms_viirs_noaa20_nrt_india.csv:1125,ranking,2026-09-03 07:29:00+00:00,7.96085,79.96597,frp:firms_viirs_noaa20_nrt_india,2.68,333.06,0.0,,,,0,0,0,0,111312.21120864901,111312.21120864901,uncertain,uncertain_review_required,insufficient_evidence,0.4,{},,,
frp:firms_viirs_noaa20_nrt_india:firms_viirs_noaa20_nrt_india.csv:1126,ranking,2026-09-03 07:29:00+00:00,8.10204,80.72932,frp:firms_viirs_noaa20_nrt_india,9.87,335.97,0.0,,,,0,0,0,0,152934.5071950546,152934.5071950546,uncertain,uncertain_review_required,insufficient_evidence,0.4,{},,,
frp:firms_viirs_noaa20_nrt_india:firms_viirs_noaa20_nrt_india.csv:1127,ranking,2026-09-03 07:29:00+00:00,8.10524,80.73309,frp:firms_viirs_noaa20_nrt_india,8.29,337.22,0.0,,,,1,1,1,1,153461.40445603893,153461.40445603893,uncertain,uncertain_review_required,insufficient_evidence,0.4,{},,,
frp:firms_viirs_noaa20_nrt_india:firms_viirs_noaa20_nrt_india.csv:1128,ranking,2026-09-03 07:29:00+00:00,8.19926,81.06908,frp:firms_viirs_noaa20_nrt_india,15.8,341.79,0.0,,,,0,0,0,0,184479.56796274893,184479.56796274893,uncertain,uncertain_review_required,insufficient_evidence,0.4,{},,,
frp:firms_viirs_noaa20_nrt_india:firms_viirs_noaa20_nrt_india.csv:1129,ranking,2026-09-03 07:29:00+00:00,8.24832,80.14695,frp:firms_viirs_noaa20_nrt_india,6.75,348.24,0.0,,,,4,4,4,4,144802.57277781388,144802.57277781388,uncertain,uncertain_review_required,insufficient_evidence,0.4,{},,,
frp:firms_viirs_noaa20_nrt_india:firms_viirs_noaa20_nrt_india.csv:1130,ranking,2026-09-03 07:29:00+00:00,8.26462,80.15033,frp:firms_viirs_noaa20_nrt_india,6.57,342.57,0.0,,,,9,9,9,9,146649.88980118468,146649.88980118468,uncertain,uncertain_review_required,insufficient_evidence,0.4,{},,,
frp:firms_viirs_noaa20_nrt_india:firms_viirs_noaa20_nrt_india.csv:1131,ranking,2026-09-03 07:29:00+00:00,8.28586,80.21172,frp:firms_viirs_noaa20_nrt_india,3.29,336.6,0.0,,,,6,6,6,6,150106.48028236855,150106.48028236855,uncertain,uncertain_review_required,insufficient_evidence,0.4,{},,,
frp:firms_viirs_noaa20_nrt_india:firms_viirs_noaa20_nrt_india.csv:1132,ranking,2026-09-03 07:29:00+00:00,8.30271,80.59719,frp:firms_viirs_noaa20_nrt_india,6.62,339.21,0.0,,,,2,2,2,2,165175.002402275,165175.002402275,uncertain,uncertain_review_required,insufficient_evidence,0.4,{},,,
frp:firms_viirs_noaa20_nrt_india:firms_viirs_noaa20_nrt_india.csv:1133,ranking,2026-09-03 07:29:00+00:00,8.30449,80.19914,frp:firms_viirs_noaa20_nrt_india,2.36,332.88,0.0,,,,14,14,14,14,151891.48025479726,151891.48025479726,uncertain,uncertain_review_required,insufficient_evidence,0.4,{},,,
frp:firms_viirs_noaa20_nrt_india:firms_viirs_noaa20_nrt_india.csv:1134,ranking,2026-09-03 07:29:00+00:00,8.33746,81.01548,frp:firms_viirs_noaa20_nrt_india,10.77,353.3,0.0,,,,15,15,15,15,192577.1301074466,192577.1301074466,uncertain,uncertain_review_required,insufficient_evidence,0.4,{},,,
frp:firms_viirs_noaa20_nrt_india:firms_viirs_noaa20_nrt_india.csv:1135,ranking,2026-09-03 07:29:00+00:00,8.36755,81.04775,frp:firms_viirs_noaa20_nrt_india,10.25,332.21,0.0,,,,10,10,10,10,197392.71222412455,197392.71222412455,uncertain,uncertain_review_required,insufficient_evidence,0.4,{},,,
frp:firms_viirs_noaa20_nrt_india:firms_viirs_noaa20_nrt_india.csv:1136,ranking,2026-09-03 07:29:00+00:00,8.44509,81.09625,frp:firms_viirs_noaa20_nrt_india,3.59,341.54,0.0,,,,7,7,7,7,207481.37725646127,207481.37725646127,uncertain,uncertain_review_required,insufficient_evidence,0.4,{},,,
frp:firms_viirs_noaa20_nrt_india:firms_viirs_noaa20_nrt_india.csv:1137,ranking,2026-09-03 07:31:00+00:00,8.34383,80.22264,frp:firms_viirs_noaa20_nrt_india,10.95,350.25,0.0,,,,9,9,9,9,156663.4119772461,156663.4119772461,uncertain,uncertain_review_required,insufficient_evidence,0.4,{},,,
frp:firms_viirs_noaa20_nrt_india:firms_viirs_noaa20_nrt_india.csv:1138,ranking,2026-09-03 07:31:00+00:00,8.34437,80.22562,frp:firms_viirs_noaa20_nrt_india,10.95,342.36,0.0,,,,7,7,7,7,156784.19011470588,156784.19011470588,uncertain,uncertain_review_required,insufficient_evidence,0.4,{},,,
frp:firms_viirs_noaa20_nrt_india:firms_viirs_noaa20_nrt_india.csv:1139,ranking,2026-09-03 07:31:00+00:00,8.35971,80.2533,frp:firms_viirs_noaa20_nrt_india,2.35,335.5,0.0,,,,11,11,11,11,159058.54565616915,159058.54565616915,uncertain,uncertain_review_required,insufficient_evidence,0.4,{},,,
frp:firms_viirs_noaa20_nrt_india:firms_viirs_noaa20_nrt_india.csv:1140,ranking,2026-09-03 07:31:00+00:00,8.41501,80.3905,frp:firms_viirs_noaa20_nrt_india,8.63,367.0,0.0,,,,8,8,8,8,168728.1710752303,168728.1710752303,uncertain,uncertain_review_required,insufficient_evidence,0.4,{},,,
frp:firms_viirs_noaa20_nrt_india:firms_viirs_noaa20_nrt_india.csv:1141,ranking,2026-09-03 07:31:00+00:00,8.46256,80.36608,frp:firms_viirs_noaa20_nrt_india,3.73,333.5,0.0,,,,19,19,19,19,173083.2644832619,173083.2644832619,uncertain,uncertain_review_required,insufficient_evidence,0.4,{},,,
frp:firms_viirs_noaa20_nrt_india:firms_viirs_noaa20_nrt_india.csv:1142,ranking,2026-09-03 07:31:00+00:00,8.49436,77.96617,frp:firms_viirs_noaa20_nrt_india,3.34,330.46,0.0,,,,0,0,0,0,237669.4364259813,237669.4364259813,uncertain,uncertain_review_required,insufficient_evidence,0.4,{},,,
frp:firms_viirs_noaa20_nrt_india:firms_viirs_noaa20_nrt_india.csv:1143,ranking,2026-09-03 07:31:00+00:00,8.51105,80.40782,frp:firms_viirs_noaa20_nrt_india,3.29,331.08,0.0,,,,6,6,6,6,179512.69653603737,179512.69653603737,uncertain,uncertain_review_required,insufficient_evidence,0.4,{},,,
frp:firms_viirs_noaa20_nrt_india:firms_viirs_noaa20_nrt_india.csv:1144,ranking,2026-09-03 07:31:00+00:00,8.52967,80.84583,frp:firms_viirs_noaa20_nrt_india,5.39,335.62,0.0,,,,21,21,21,21,200179.58525069387,200179.58525069387,uncertain,uncertain_review_required,insufficient_evidence,0.4,{},,,
frp:firms_viirs_noaa20_nrt_india:firms_viirs_noaa20_nrt_india.csv:1145,ranking,2026-09-03 07:31:00+00:00,8.53348,80.84363,frp:firms_viirs_noaa20_nrt_india,9.06,336.45,0.0,,,,17,17,17,17,200430.576749246,200430.576749246,uncertain,uncertain_review_required,insufficient_evidence,0.4,{},,,
frp:firms_viirs_noaa20_nrt_india:firms_viirs_noaa20_nrt_india.csv:1146,ranking,2026-09-03 07:31:00+00:00,8.58942,80.82306,frp:firms_viirs_noaa20_nrt_india,6.13,334.19,0.0,,,,13,13,13,13,204814.04370557255,204814.04370557255,uncertain,uncertain_review_required,insufficient_evidence,0.4,{},,,
frp:firms_viirs_noaa20_nrt_india:firms_viirs_noaa20_nrt_india.csv:1147,ranking,2026-09-03 07:31:00+00:00,8.6308,80.4159,frp:firms_viirs_noaa20_nrt_india,2.74,333.51,0.0,,,,1,1,1,1,192572.65878962885,192572.65878962885,uncertain,uncertain_review_required,insufficient_evidence,0.4,{},,,
frp:firms_viirs_noaa20_nrt_india:firms_viirs_noaa20_nrt_india.csv:1148,ranking,2026-09-03 07:31:00+00:00,8.72508,80.47949,frp:firms_viirs_noaa20_nrt_india,15.27,344.74,0.0,,,,0,0,0,0,204566.01718942146,204566.01718942146,uncertain,uncertain_review_required,insufficient_evidence,0.4,{},,,
frp:firms_viirs_noaa20_nrt_india:firms_viirs_noaa20_nrt_india.csv:1149,ranking,2026-09-03 07:31:00+00:00,8.79795,80.4024,frp:firms_viirs_noaa20_nrt_india,12.78,343.66,0.0,,,,2,2,2,2,210207.23490932956,210207.23490932956,uncertain,uncertain_review_required,insufficient_evidence,0.4,{},,,
frp:firms_viirs_noaa20_nrt_india:firms_viirs_noaa20_nrt_india.csv:1150,ranking,2026-09-03 07:31:00+00:00,8.79975,80.40611,frp:firms_viirs_noaa20_nrt_india,8.46,331.81,0.0,,,,3,3,3,3,210497.58709906857,210497.58709906857,uncertain,uncertain_review_required,insufficient_evidence,0.4,{},,,
frp:firms_viirs_noaa20_nrt_india:firms_viirs_noaa20_nrt_india.csv:1151,ranking,2026-09-03 07:31:00+00:00,8.86345,78.08493,frp:firms_viirs_noaa20_nrt_india,2.28,338.14,0.0,,,,1,1,1,1,222282.4833336932,222282.4833336932,uncertain,uncertain_review_required,insufficient_evidence,0.4,{},,,
frp:firms_viirs_noaa20_nrt_india:firms_viirs_noaa20_nrt_india.csv:1152,ranking,2026-09-03 07:31:00+00:00,8.9091,80.35435,frp:firms_viirs_noaa20_nrt_india,6.05,339.55,0.0,,,,2,2,2,2,221132.66246978505,221132.66246978505,uncertain,uncertain_review_required,insufficient_evidence,0.4,{},,,
frp:firms_viirs_noaa20_nrt_india:firms_viirs_noaa20_nrt_india.csv:1153,ranking,2026-09-03 07:31:00+00:00,8.94823,80.79115,frp:firms_viirs_noaa20_nrt_india,4.58,333.54,0.0,,,,4,4,4,4,238004.0767194457,238004.0767194457,uncertain,uncertain_review_required,insufficient_evidence,0.4,{},,,
frp:firms_viirs_noaa20_nrt_india:firms_viirs_noaa20_nrt_india.csv:1154,ranking,2026-09-03 07:31:00+00:00,8.995,78.11643,frp:firms_viirs_noaa20_nrt_india,3.27,341.06,0.0,,,,0,0,0,0,217555.16279285395,217555.16279285395,uncertain,uncertain_review_required,insufficient_evidence,0.4,{},,,
frp:firms_viirs_noaa20_nrt_india:firms_viirs_noaa20_nrt_india.csv:1155,ranking,2026-09-03 07:31:00+00:00,9.13227,80.27708,frp:firms_viirs_noaa20_nrt_india,4.0,340.2,0.0,,,,7,7,7,7,197739.71466537935,197739.71466537935,uncertain,uncertain_review_required,insufficient_evidence,0.4,{},,,
frp:firms_viirs_noaa20_nrt_india:firms_viirs_noaa20_nrt_india.csv:1156,ranking,2026-09-03 07:31:00+00:00,9.20978,80.65526,frp:firms_viirs_noaa20_nrt_india,6.78,338.21,0.0,,,,2,2,2,2,205318.9170920593,205318.9170920593,uncertain,uncertain_review_required,insufficient_evidence,0.4,{},,,
frp:firms_viirs_noaa20_nrt_india:firms_viirs_noaa20_nrt_india.csv:1157,ranking,2026-09-03 07:31:00+00:00,9.22214,80.69701,frp:firms_viirs_noaa20_nrt_india,8.65,335.77,0.0,,,,3,3,3,3,206300.00134603074,206300.00134603074,uncertain,uncertain_review_required,insufficient_evidence,0.4,{},,,
frp:firms_viirs_noaa20_nrt_india:firms_viirs_noaa20_nrt_india.csv:1158,ranking,2026-09-03 07:31:00+00:00,9.40467,80.27582,frp:firms_viirs_noaa20_nrt_india,7.92,344.59,0.0,,,,1,1,1,1,168795.60177886125,168795.60177886125,uncertain,uncertain_review_required,insufficient_evidence,0.4,{},,,
frp:firms_viirs_noaa20_nrt_india:firms_viirs_noaa20_nrt_india.csv:1159,ranking,2026-09-03 07:31:00+00:00,9.40643,80.27791,frp:firms_viirs_noaa20_nrt_india,11.41,342.51,0.0,,,,2,2,2,2,168684.75147075817,168684.75147075817,uncertain,uncertain_review_required,insufficient_evidence,0.4,{},,,
frp:firms_viirs_noaa20_nrt_india:firms_viirs_noaa20_nrt_india.csv:1160,ranking,2026-09-03 07:31:00+00:00,9.40674,80.45943,frp:firms_viirs_noaa20_nrt_india,8.78,337.9,0.0,,,,13,13,13,13,176126.2963288059,176126.2963288059,uncertain,uncertain_review_required,insufficient_evidence,0.4,{},,,
frp:firms_viirs_noaa20_nrt_india:firms_viirs_noaa20_nrt_india.csv:1161,ranking,2026-09-03 07:31:00+00:00,9.42708,80.41814,frp:firms_viirs_noaa20_nrt_india,8.81,332.15,0.0,,,,51,51,51,51,172187.1827098289,172187.1827098289,uncertain,uncertain_review_required,insufficient_evidence,0.4,{},,,
frp:firms_viirs_noaa20_nrt_india:firms_viirs_noaa20_nrt_india.csv:1162,ranking,2026-09-03 07:31:00+00:00,9.43313,80.38053,frp:firms_viirs_noaa20_nrt_india,8.46,343.61,0.0,,,,47,47,47,47,169928.70038697298,169928.70038697298,uncertain,uncertain_review_required,insufficient_evidence,0.4,{},,,
frp:firms_viirs_noaa20_nrt_india:firms_viirs_noaa20_nrt_india.csv:1163,ranking,2026-09-03 07:31:00+00:00,9.43566,80.38232,frp:firms_viirs_noaa20_nrt_india,3.98,342.04,0.0,,,,48,48,48,48,169745.97231371244,169745.97231371244,uncertain,uncertain_review_required,insufficient_evidence,0.4,{},,,
frp:firms_viirs_noaa20_nrt_india:firms_viirs_noaa20_nrt_india.csv:1164,ranking,2026-09-03 07:31:00+00:00,9.45518,80.50696,frp:firms_viirs_noaa20_nrt_india,8.3,344.57,0.0,,,,2,2,2,2,173596.99481977738,173596.99481977738,uncertain,uncertain_review_required,insufficient_evidence,0.4,{},,,
frp:firms_viirs_noaa20_nrt_india:firms_viirs_noaa20_nrt_india.csv:1165,ranking,2026-09-03 07:31:00+00:00,9.4573,80.46156,frp:firms_viirs_noaa20_nrt_india,5.33,331.23,0.0,,,,2,2,2,2,171152.38433649862,171152.38433649862,uncertain,uncertain_review_required,insufficient_evidence,0.4,{},,,
frp:firms_viirs_noaa20_nrt_india:firms_viirs_noaa20_nrt_india.csv:1166,ranking,2026-09-03 07:31:00+00:00,9.65053,78.06663,frp:firms_viirs_noaa20_nrt_india,5.67,343.52,0.0,,,,1,1,1,1,186710.64582827254,186710.64582827254,uncertain,uncertain_review_required,insufficient_evidence,0.4,{},,,
frp:firms_viirs_noaa20_nrt_india:firms_viirs_noaa20_nrt_india.csv:1167,ranking,2026-09-03 07:31:00+00:00,9.65259,78.06654,frp:firms_viirs_noaa20_nrt_india,6.03,335.92,0.0,,,,0,0,0,0,186657.9872502352,186657.9872502352,uncertain,uncertain_review_required,insufficient_evidence,0.4,{},,,
frp:firms_viirs_noaa20_nrt_india:firms_viirs_noaa20_nrt_india.csv:1168,ranking,2026-09-03 07:31:00+00:00,9.7496,78.01988,frp:firms_viirs_noaa20_nrt_india,9.94,342.77,0.0,,,,1,1,1,1,179876.04720773204,179876.04720773204,uncertain,uncertain_review_required,insufficient_evidence,0.4,{},,,
frp:firms_viirs_noaa20_nrt_india:firms_viirs_noaa20_nrt_india.csv:1169,ranking,2026-09-03 07:31:00+00:00,9.75129,78.01684,frp:firms_viirs_noaa20_nrt_india,10.6,343.09,0.0,,,,0,0,0,0,179520.78371682492,179520.78371682492,uncertain,uncertain_review_required,insufficient_evidence,0.4,{},,,
frp:firms_viirs_noaa20_nrt_india:firms_viirs_noaa20_nrt_india.csv:1170,ranking,2026-09-03 07:31:00+00:00,10.49617,79.46641,frp:firms_viirs_noaa20_nrt_india,3.94,343.03,0.0,,,,0,0,0,0,39311.681618863964,39311.681618863964,uncertain,uncertain_review_required,insufficient_evidence,0.4,{},,,
frp:firms_viirs_noaa20_nrt_india:firms_viirs_noaa20_nrt_india.csv:1171,ranking,2026-09-03 07:31:00+00:00,12.44623,79.14983,frp:firms_viirs_noaa20_nrt_india,3.06,338.77,0.0,,,,0,0,0,0,146395.63770392293,146395.63770392293,uncertain,uncertain_review_required,insufficient_evidence,0.4,{},,,
frp:firms_viirs_noaa20_nrt_india:firms_viirs_noaa20_nrt_india.csv:1172,ranking,2026-09-03 07:31:00+00:00,12.74508,78.65624,frp:firms_viirs_noaa20_nrt_india,4.03,335.06,0.0,,,,0,0,0,0,182362.90658510273,182362.90658510273,uncertain,uncertain_review_required,insufficient_evidence,0.4,{},,,
frp:firms_viirs_noaa20_nrt_india:firms_viirs_noaa20_nrt_india.csv:1173,ranking,2026-09-03 07:31:00+00:00,14.10816,77.59407,frp:firms_viirs_noaa20_nrt_india,3.39,330.93,0.0,,,,0,0,0,0,309239.30560503533,309239.30560503533,uncertain,uncertain_review_required,insufficient_evidence,0.4,{},,,
frp:firms_viirs_noaa20_nrt_india:firms_viirs_noaa20_nrt_india.csv:1174,ranking,2026-09-03 07:31:00+00:00,14.51504,99.54195,frp:firms_viirs_noaa20_nrt_india,6.36,329.83,0.0,,,,0,0,0,0,214282.90956733504,214282.90956733504,uncertain,uncertain_review_required,insufficient_evidence,0.4,{},,,
frp:firms_viirs_noaa20_nrt_india:firms_viirs_noaa20_nrt_india.csv:1175,ranking,2026-09-03 07:33:00+00:00,21.10291,72.64852,frp:firms_viirs_noaa20_nrt_india,9.08,334.62,0.0,,,,21,21,21,21,10814.956356191762,10814.956356191762,uncertain,uncertain_review_required,insufficient_evidence,0.4,{},,,
frp:firms_viirs_noaa20_nrt_india:firms_viirs_noaa20_nrt_india.csv:1176,ranking,2026-09-03 07:33:00+00:00,21.16354,72.67133,frp:firms_viirs_noaa20_nrt_india,5.44,338.1,0.0,,,,2,2,2,2,7001.526370448802,7001.526370448802,uncertain,uncertain_review_required,insufficient_evidence,0.4,{},,,
frp:firms_viirs_noaa20_nrt_india:firms_viirs_noaa20_nrt_india.csv:1177,ranking,2026-09-03 07:33:00+00:00,22.36557,87.30296,frp:firms_viirs_noaa20_nrt_india,9.64,343.37,0.0,,,,0,0,0,0,89514.06547491049,89514.06547491049,uncertain,uncertain_review_required,insufficient_evidence,0.4,{},,,
frp:firms_viirs_noaa20_nrt_india:firms_viirs_noaa20_nrt_india.csv:1178,ranking,2026-09-03 07:33:00+00:00,23.66255,87.15377,frp:firms_viirs_noaa20_nrt_india,3.12,330.63,0.0,,,,0,0,0,0,24840.556738283896,24840.556738283896,uncertain,uncertain_review_required,insufficient_evidence,0.4,{},,,
frp:firms_viirs_noaa20_nrt_india:firms_viirs_noaa20_nrt_india.csv:1179,ranking,2026-09-03 07:33:00+00:00,23.77443,86.36435,frp:firms_viirs_noaa20_nrt_india,4.56,340.16,0.0,,,,33,33,33,33,105641.9177372163,105641.9177372163,uncertain,uncertain_review_required,insufficient_evidence,0.4,{},,,
frp:firms_viirs_noaa20_nrt_india:firms_viirs_noaa20_nrt_india.csv:1180,ranking,2026-09-03 07:33:00+00:00,23.77833,86.3914,frp:firms_viirs_noaa20_nrt_india,5.61,333.93,0.0,,,,29,29,29,29,103040.50779890474,103040.50779890474,uncertain,uncertain_review_required,insufficient_evidence,0.4,{},,,
frp:firms_viirs_noaa20_nrt_india:firms_viirs_noaa20_nrt_india.csv:1181,ranking,2026-09-03 07:33:00+00:00,23.78466,85.55476,frp:firms_viirs_noaa20_nrt_india,2.83,332.14,0.0,,,,1,1,1,1,187205.52109101415,187205.52109101415,uncertain,uncertain_review_required,insufficient_evidence,0.4,{},,,
frp:firms_viirs_noaa20_nrt_india:firms_viirs_noaa20_nrt_india.csv:1182,ranking,2026-09-03 07:33:00+00:00,23.78796,85.55418,frp:firms_viirs_noaa20_nrt_india,2.83,332.27,0.0,,,,0,0,0,0,187307.32579727066,187307.32579727066,uncertain,uncertain_review_required,insufficient_evidence,0.4,{},,,
frp:firms_viirs_noaa20_nrt_india:firms_viirs_noaa20_nrt_india.csv:1183,ranking,2026-09-03 07:35:00+00:00,27.9844,95.93944,frp:firms_viirs_noaa20_nrt_india,7.85,348.14,0.0,,,,2,2,2,2,42319.96886541148,42319.96886541148,uncertain,uncertain_review_required,insufficient_evidence,0.4,{},,,
frp:firms_viirs_noaa20_nrt_india:firms_viirs_noaa20_nrt_india.csv:1184,ranking,2026-09-03 07:37:00+00:00,28.80634,71.15429,frp:firms_viirs_noaa20_nrt_india,11.08,367.0,0.0,,,,0,0,0,0,153116.35414824224,153116.35414824224,uncertain,uncertain_review_required,insufficient_evidence,0.4,{},,,
frp:firms_viirs_noaa20_nrt_india:firms_viirs_noaa20_nrt_india.csv:1185,ranking,2026-09-03 07:37:00+00:00,29.90034,70.05103,frp:firms_viirs_noaa20_nrt_india,2.92,335.7,0.0,,,,0,0,0,0,89647.71156756695,89647.71156756695,uncertain,uncertain_review_required,insufficient_evidence,0.4,{},,,
frp:firms_viirs_noaa20_nrt_india:firms_viirs_noaa20_nrt_india.csv:1186,ranking,2026-09-03 07:37:00+00:00,31.36748,72.16143,frp:firms_viirs_noaa20_nrt_india,2.41,330.66,0.0,,,,0,0,0,0,177807.92418121302,177807.92418121302,uncertain,uncertain_review_required,insufficient_evidence,0.4,{},,,
frp:firms_viirs_noaa20_nrt_india:firms_viirs_noaa20_nrt_india.csv:1187,ranking,2026-09-03 07:37:00+00:00,31.98055,72.40473,frp:firms_viirs_noaa20_nrt_india,3.05,337.52,0.0,,,,0,0,0,0,138740.21522887476,138740.21522887476,uncertain,uncertain_review_required,insufficient_evidence,0.4,{},,,
frp:firms_viirs_noaa20_nrt_india:firms_viirs_noaa20_nrt_india.csv:1188,ranking,2026-09-03 07:37:00+00:00,31.98557,72.40307,frp:firms_viirs_noaa20_nrt_india,2.79,331.06,0.0,,,,1,1,1,1,138346.9523587304,138346.9523587304,uncertain,uncertain_review_required,insufficient_evidence,0.4,{},,,
frp:firms_viirs_noaa20_nrt_india:firms_viirs_noaa20_nrt_india.csv:1189,ranking,2026-09-03 07:37:00+00:00,35.70685,73.66389,frp:firms_viirs_noaa20_nrt_india,8.0,339.6,0.0,,,,4,4,4,4,252743.7983093189,252743.7983093189,uncertain,uncertain_review_required,insufficient_evidence,0.4,{},,,
frp:firms_viirs_noaa20_nrt_india:firms_viirs_noaa20_nrt_india.csv:1190,ranking,2026-09-03 07:37:00+00:00,36.96366,81.34605,frp:firms_viirs_noaa20_nrt_india,3.32,336.29,0.0,,,,0,0,0,0,300099.2372586137,300099.2372586137,uncertain,uncertain_review_required,insufficient_evidence,0.4,{},,,
frp:firms_viirs_noaa20_nrt_india:firms_viirs_noaa20_nrt_india.csv:1191,ranking,2026-09-03 07:37:00+00:00,36.96758,81.34953,frp:firms_viirs_noaa20_nrt_india,4.37,332.26,0.0,,,,1,1,1,1,299568.07557911536,299568.07557911536,uncertain,uncertain_review_required,insufficient_evidence,0.4,{},,,
frp:firms_viirs_noaa20_nrt_india:firms_viirs_noaa20_nrt_india.csv:1192,ranking,2026-09-03 07:37:00+00:00,37.20362,79.3961,frp:firms_viirs_noaa20_nrt_india,7.35,346.41,0.0,,,,0,0,0,0,391427.0927174995,391427.0927174995,uncertain,uncertain_review_required,insufficient_evidence,0.4,{},,,
frp:firms_viirs_noaa20_nrt_india:firms_viirs_noaa20_nrt_india.csv:1193,ranking,2026-09-03 07:39:00+00:00,38.04778,67.26866,frp:firms_viirs_noaa20_nrt_india,7.97,352.04,0.0,,,,32,32,32,32,76760.271459557,76760.271459557,uncertain,uncertain_review_required,insufficient_evidence,0.4,{},,,
frp:firms_viirs_noaa20_nrt_india:firms_viirs_noaa20_nrt_india.csv:1194,ranking,2026-09-03 07:39:00+00:00,38.05264,67.264,frp:firms_viirs_noaa20_nrt_india,5.92,344.49,0.0,,,,33,33,33,33,76103.77411006959,76103.77411006959,uncertain,uncertain_review_required,insufficient_evidence,0.4,{},,,
frp:firms_viirs_noaa20_nrt_india:firms_viirs_noaa20_nrt_india.csv:1195,ranking,2026-09-03 09:15:00+00:00,21.16206,72.674,frp:firms_viirs_noaa20_nrt_india,6.29,341.15,0.0,,,,3,3,3,3,6702.053745342949,6702.053745342949,uncertain,uncertain_review_required,insufficient_evidence,0.4,{},,,
frp:firms_viirs_noaa20_nrt_india:firms_viirs_noaa20_nrt_india.csv:1196,ranking,2026-09-03 09:15:00+00:00,25.38581,68.58442,frp:firms_viirs_noaa20_nrt_india,1.58,330.2,0.0,,,,9,9,9,9,258.4872446934397,258.4872446934397,emergency_or_transient_fire,industrial_fire_candidate,industrial_proximity,0.72,{},,,
frp:firms_viirs_noaa20_nrt_india:firms_viirs_noaa20_nrt_india.csv:1197,ranking,2026-09-03 09:15:00+00:00,25.67347,68.72453,frp:firms_viirs_noaa20_nrt_india,1.64,330.05,0.0,,,,0,0,0,0,13740.146689383797,13740.146689383797,uncertain,uncertain_review_required,insufficient_evidence,0.4,{},,,
frp:firms_viirs_noaa20_nrt_india:firms_viirs_noaa20_nrt_india.csv:1198,ranking,2026-09-03 09:17:00+00:00,28.31022,67.91344,frp:firms_viirs_noaa20_nrt_india,1.9,337.72,0.0,,,,3,3,3,3,77791.67421342274,77791.67421342274,uncertain,uncertain_review_required,insufficient_evidence,0.4,{},,,
frp:firms_viirs_noaa20_nrt_india:firms_viirs_noaa20_nrt_india.csv:1199,ranking,2026-09-03 09:20:00+00:00,35.12086,67.43152,frp:firms_viirs_noaa20_nrt_india,2.9,335.09,0.0,,,,0,0,0,0,355502.06634117913,355502.06634117913,uncertain,uncertain_review_required,insufficient_evidence,0.4,{},,,
frp:firms_viirs_noaa20_nrt_india:firms_viirs_noaa20_nrt_india.csv:1200,ranking,2026-09-03 20:02:00+00:00,23.58009,86.72656,frp:firms_viirs_noaa20_nrt_india,1.11,308.13,0.0,,,,2,2,2,2,66507.92660095902,66507.92660095902,uncertain,uncertain_review_required,insufficient_evidence,0.4,{},,,
frp:firms_viirs_noaa20_nrt_india:firms_viirs_noaa20_nrt_india.csv:1201,ranking,2026-09-03 20:02:00+00:00,23.5834,86.7272,frp:firms_viirs_noaa20_nrt_india,1.11,310.78,0.0,,,,1,1,1,1,66444.58150027775,66444.58150027775,uncertain,uncertain_review_required,insufficient_evidence,0.4,{},,,
frp:firms_viirs_noaa20_nrt_india:firms_viirs_noaa20_nrt_india.csv:1202,ranking,2026-09-03 20:02:00+00:00,23.60976,85.67492,frp:firms_viirs_noaa20_nrt_india,0.81,309.37,0.0,,,,1,1,1,1,173698.30926249287,173698.30926249287,uncertain,uncertain_review_required,insufficient_evidence,0.4,{},,,
frp:firms_viirs_noaa20_nrt_india:firms_viirs_noaa20_nrt_india.csv:1203,ranking,2026-09-03 20:02:00+00:00,23.6138,86.7917,frp:firms_viirs_noaa20_nrt_india,1.37,311.92,0.0,,,,3,3,3,3,59998.180576010964,59998.180576010964,uncertain,uncertain_review_required,insufficient_evidence,0.4,{},,,
frp:firms_viirs_noaa20_nrt_india:firms_viirs_noaa20_nrt_india.csv:1204,ranking,2026-09-03 20:02:00+00:00,23.61443,86.78787,frp:firms_viirs_noaa20_nrt_india,1.32,309.85,0.0,,,,1,1,1,1,60392.16398861444,60392.16398861444,uncertain,uncertain_review_required,insufficient_evidence,0.4,{},,,
frp:firms_viirs_noaa20_nrt_india:firms_viirs_noaa20_nrt_india.csv:1205,ranking,2026-09-03 20:02:00+00:00,23.64655,85.43964,frp:firms_viirs_noaa20_nrt_india,2.11,323.37,0.0,,,,4,4,4,4,197757.51680225748,197757.51680225748,uncertain,uncertain_review_required,insufficient_evidence,0.4,{},,,
frp:firms_viirs_noaa20_nrt_india:firms_viirs_noaa20_nrt_india.csv:1206,ranking,2026-09-03 20:02:00+00:00,23.64714,85.43591,frp:firms_viirs_noaa20_nrt_india,1.38,312.95,0.0,,,,3,3,3,3,198139.36798508663,198139.36798508663,uncertain,uncertain_review_required,insufficient_evidence,0.4,{},,,
frp:firms_viirs_noaa20_nrt_india:firms_viirs_noaa20_nrt_india.csv:1207,ranking,2026-09-03 20:02:00+00:00,23.65043,85.43652,frp:firms_viirs_noaa20_nrt_india,1.64,320.82,0.0,,,,2,2,2,2,198089.45541172984,198089.45541172984,uncertain,uncertain_review_required,insufficient_evidence,0.4,{},,,
frp:firms_viirs_noaa20_nrt_india:firms_viirs_noaa20_nrt_india.csv:1208,ranking,2026-09-03 20:02:00+00:00,23.65641,85.50684,frp:firms_viirs_noaa20_nrt_india,0.98,310.37,0.0,,,,0,0,0,0,190956.48481014805,190956.48481014805,uncertain,uncertain_review_required,insufficient_evidence,0.4,{},,,
frp:firms_viirs_noaa20_nrt_india:firms_viirs_noaa20_nrt_india.csv:1209,ranking,2026-09-03 20:02:00+00:00,23.66284,87.15459,frp:firms_viirs_noaa20_nrt_india,3.1,323.26,0.0,,,,12,12,12,12,24775.68553398216,24775.68553398216,uncertain,uncertain_review_required,insufficient_evidence,0.4,{},,,
frp:firms_viirs_noaa20_nrt_india:firms_viirs_noaa20_nrt_india.csv:1210,ranking,2026-09-03 20:02:00+00:00,23.66344,84.99948,frp:firms_viirs_noaa20_nrt_india,0.92,306.55,0.0,,,,3,3,3,3,224886.99285513593,224886.99285513593,uncertain,uncertain_review_required,insufficient_evidence,0.4,{},,,
frp:firms_viirs_noaa20_nrt_india:firms_viirs_noaa20_nrt_india.csv:1211,ranking,2026-09-03 20:02:00+00:00,23.66433,86.91784,frp:firms_viirs_noaa20_nrt_india,1.07,306.56,0.0,,,,1,1,1,1,47983.65169695192,47983.65169695192,uncertain,uncertain_review_required,insufficient_evidence,0.4,{},,,
frp:firms_viirs_noaa20_nrt_india:firms_viirs_noaa20_nrt_india.csv:1212,ranking,2026-09-03 20:02:00+00:00,23.66554,87.1591,frp:firms_viirs_noaa20_nrt_india,0.9,308.6,0.0,,,,10,10,10,10,24470.589209971946,24470.589209971946,uncertain,uncertain_review_required,insufficient_evidence,0.4,{},,,
frp:firms_viirs_noaa20_nrt_india:firms_viirs_noaa20_nrt_india.csv:1213,ranking,2026-09-03 20:02:00+00:00,23.66618,87.15525,frp:firms_viirs_noaa20_nrt_india,0.9,304.39,0.0,,,,11,11,11,11,24858.580484798233,24858.580484798233,uncertain,uncertain_review_required,insufficient_evidence,0.4,{},,,
frp:firms_viirs_noaa20_nrt_india:firms_viirs_noaa20_nrt_india.csv:1214,ranking,2026-09-03 20:02:00+00:00,23.66732,84.99632,frp:firms_viirs_noaa20_nrt_india,0.92,303.53,0.0,,,,2,2,2,2,224662.06435995878,224662.06435995878,uncertain,uncertain_review_required,insufficient_evidence,0.4,{},,,
frp:firms_viirs_noaa20_nrt_india:firms_viirs_noaa20_nrt_india.csv:1215,ranking,2026-09-03 20:02:00+00:00,23.67437,86.3989,frp:firms_viirs_noaa20_nrt_india,1.25,303.78,0.0,,,,13,13,13,13,100444.68127594628,100444.68127594628,uncertain,uncertain_review_required,insufficient_evidence,0.4,{},,,
frp:firms_viirs_noaa20_nrt_india:firms_viirs_noaa20_nrt_india.csv:1216,ranking,2026-09-03 20:02:00+00:00,23.67766,86.39953,frp:firms_viirs_noaa20_nrt_india,1.25,312.42,0.0,,,,13,13,13,13,100419.60575200636,100419.60575200636,uncertain,uncertain_review_required,insufficient_evidence,0.4,{},,,
frp:firms_viirs_noaa20_nrt_india:firms_viirs_noaa20_nrt_india.csv:1217,ranking,2026-09-03 20:02:00+00:00,23.67827,86.39577,frp:firms_viirs_noaa20_nrt_india,0.87,306.12,0.0,,,,12,12,12,12,100807.58349015587,100807.58349015587,uncertain,uncertain_review_required,insufficient_evidence,0.4,{},,,
frp:firms_viirs_noaa20_nrt_india:firms_viirs_noaa20_nrt_india.csv:1218,ranking,2026-09-03 20:02:00+00:00,23.67887,86.39201,frp:firms_viirs_noaa20_nrt_india,0.87,304.49,0.0,,,,10,10,10,10,101195.44528460907,101195.44528460907,uncertain,uncertain_review_required,insufficient_evidence,0.4,{},,,
frp:firms_viirs_noaa20_nrt_india:firms_viirs_noaa20_nrt_india.csv:1219,ranking,2026-09-03 20:02:00+00:00,23.68316,87.13036,frp:firms_viirs_noaa20_nrt_india,1.98,310.17,0.0,,,,13,13,13,13,27943.73809026029,27943.73809026029,uncertain,uncertain_review_required,insufficient_evidence,0.4,{},,,
frp:firms_viirs_noaa20_nrt_india:firms_viirs_noaa20_nrt_india.csv:1220,ranking,2026-09-03 20:02:00+00:00,23.68547,86.39327,frp:firms_viirs_noaa20_nrt_india,4.04,327.45,0.0,,,,16,16,16,16,101149.9818685563,101149.9818685563,uncertain,uncertain_review_required,insufficient_evidence,0.4,{},,,
frp:firms_viirs_noaa20_nrt_india:firms_viirs_noaa20_nrt_india.csv:1221,ranking,2026-09-03 20:02:00+00:00,23.68607,86.38953,frp:firms_viirs_noaa20_nrt_india,2.12,306.72,0.0,,,,11,11,11,11,101535.97755089129,101535.97755089129,uncertain,uncertain_review_required,insufficient_evidence,0.4,{},,,
frp:firms_viirs_noaa20_nrt_india:firms_viirs_noaa20_nrt_india.csv:1222,ranking,2026-09-03 20:02:00+00:00,23.68842,87.11951,frp:firms_viirs_noaa20_nrt_india,3.08,317.5,0.0,,,,12,12,12,12,29192.15150301717,29192.15150301717,uncertain,uncertain_review_required,insufficient_evidence,0.4,{},,,
frp:firms_viirs_noaa20_nrt_india:firms_viirs_noaa20_nrt_india.csv:1223,ranking,2026-09-03 20:02:00+00:00,23.69164,87.1003,frp:firms_viirs_noaa20_nrt_india,1.63,306.55,0.0,,,,9,9,9,9,31120.508162338847,31120.508162338847,uncertain,uncertain_review_required,insufficient_evidence,0.4,{},,,
frp:firms_viirs_noaa20_nrt_india:firms_viirs_noaa20_nrt_india.csv:1224,ranking,2026-09-03 20:02:00+00:00,23.69175,87.12016,frp:firms_viirs_noaa20_nrt_india,1.08,305.18,0.0,,,,10,10,10,10,29290.783063853934,29290.783063853934,uncertain,uncertain_review_required,insufficient_evidence,0.4,{},,,
frp:firms_viirs_noaa20_nrt_india:firms_viirs_noaa20_nrt_india.csv:1225,ranking,2026-09-03 20:02:00+00:00,23.6924,87.11631,frp:firms_viirs_noaa20_nrt_india,1.93,305.7,0.0,,,,7,7,7,7,29675.569047688095,29675.569047688095,uncertain,uncertain_review_required,insufficient_evidence,0.4,{},,,
frp:firms_viirs_noaa20_nrt_india:firms_viirs_noaa20_nrt_india.csv:1226,ranking,2026-09-03 20:02:00+00:00,23.69433,87.10479,frp:firms_viirs_noaa20_nrt_india,1.14,306.35,0.0,,,,12,12,12,12,30828.335590459348,30828.335590459348,uncertain,uncertain_review_required,insufficient_evidence,0.4,{},,,
frp:firms_viirs_noaa20_nrt_india:firms_viirs_noaa20_nrt_india.csv:1227,ranking,2026-09-03 20:02:00+00:00,23.69442,85.37145,frp:firms_viirs_noaa20_nrt_india,1.11,311.67,0.0,,,,3,3,3,3,204931.6757607293,204931.6757607293,uncertain,uncertain_review_required,insufficient_evidence,0.4,{},,,
frp:firms_viirs_noaa20_nrt_india:firms_viirs_noaa20_nrt_india.csv:1228,ranking,2026-09-03 20:02:00+00:00,23.69444,87.12463,frp:firms_viirs_noaa20_nrt_india,1.08,308.89,0.0,,,,8,8,8,8,29014.067724808443,29014.067724808443,uncertain,uncertain_review_required,insufficient_evidence,0.4,{},,,
frp:firms_viirs_noaa20_nrt_india:firms_viirs_noaa20_nrt_india.csv:1229,ranking,2026-09-03 20:02:00+00:00,23.69508,87.1208,frp:firms_viirs_noaa20_nrt_india,1.08,310.26,0.0,,,,7,7,7,7,29394.812678833823,29394.812678833823,uncertain,uncertain_review_required,insufficient_evidence,0.4,{},,,
frp:firms_viirs_noaa20_nrt_india:firms_viirs_noaa20_nrt_india.csv:1230,ranking,2026-09-03 20:02:00+00:00,23.6953,86.07877,frp:firms_viirs_noaa20_nrt_india,0.53,302.86,0.0,,,,4,4,4,4,133113.69610179044,133113.69610179044,uncertain,uncertain_review_required,insufficient_evidence,0.4,{},,,
frp:firms_viirs_noaa20_nrt_india:firms_viirs_noaa20_nrt_india.csv:1231,ranking,2026-09-03 20:02:00+00:00,23.69626,87.09328,frp:firms_viirs_noaa20_nrt_india,1.31,312.84,0.0,,,,4,4,4,4,31983.093035393664,31983.093035393664,uncertain,uncertain_review_required,insufficient_evidence,0.4,{},,,
frp:firms_viirs_noaa20_nrt_india:firms_viirs_noaa20_nrt_india.csv:1232,ranking,2026-09-03 20:02:00+00:00,23.69672,85.29093,frp:firms_viirs_noaa20_nrt_india,0.87,307.13,0.0,,,,5,5,5,5,208858.72716351997,208858.72716351997,uncertain,uncertain_review_required,insufficient_evidence,0.4,{},,,
frp:firms_viirs_noaa20_nrt_india:firms_viirs_noaa20_nrt_india.csv:1233,ranking,2026-09-03 20:02:00+00:00,23.69674,85.35646,frp:firms_viirs_noaa20_nrt_india,0.59,304.52,0.0,,,,3,3,3,3,206453.20645715884,206453.20645715884,uncertain,uncertain_review_required,insufficient_evidence,0.4,{},,,
frp:firms_viirs_noaa20_nrt_india:firms_viirs_noaa20_nrt_india.csv:1234,ranking,2026-09-03 20:02:00+00:00,23.6973,85.28718,frp:firms_viirs_noaa20_nrt_india,0.87,306.02,0.0,,,,4,4,4,4,208942.01112956557,208942.01112956557,uncertain,uncertain_review_required,insufficient_evidence,0.4,{},,,
frp:firms_viirs_noaa20_nrt_india:firms_viirs_noaa20_nrt_india.csv:1235,ranking,2026-09-03 20:02:00+00:00,23.69766,87.10545,frp:firms_viirs_noaa20_nrt_india,1.14,306.8,0.0,,,,13,13,13,13,30925.457357042338,30925.457357042338,uncertain,uncertain_review_required,insufficient_evidence,0.4,{},,,
frp:firms_viirs_noaa20_nrt_india:firms_viirs_noaa20_nrt_india.csv:1236,ranking,2026-09-03 20:02:00+00:00,23.69829,85.36831,frp:firms_viirs_noaa20_nrt_india,1.17,310.07,0.0,,,,5,5,5,5,205275.60507096196,205275.60507096196,uncertain,uncertain_review_required,insufficient_evidence,0.4,{},,,
frp:firms_viirs_noaa20_nrt_india:firms_viirs_noaa20_nrt_india.csv:1237,ranking,2026-09-03 20:02:00+00:00,23.70932,85.42812,frp:firms_viirs_noaa20_nrt_india,0.45,303.85,0.0,,,,0,0,0,0,199274.86476866982,199274.86476866982,uncertain,uncertain_review_required,insufficient_evidence,0.4,{},,,
frp:firms_viirs_noaa20_nrt_india:firms_viirs_noaa20_nrt_india.csv:1238,ranking,2026-09-03 20:02:00+00:00,23.71023,86.45091,frp:firms_viirs_noaa20_nrt_india,1.04,306.45,0.0,,,,18,18,18,18,95699.79834051048,95699.79834051048,uncertain,uncertain_review_required,insufficient_evidence,0.4,{},,,
frp:firms_viirs_noaa20_nrt_india:firms_viirs_noaa20_nrt_india.csv:1239,ranking,2026-09-03 20:02:00+00:00,23.71049,85.2896,frp:firms_viirs_noaa20_nrt_india,0.48,302.26,0.0,,,,2,2,2,2,207490.42583278424,207490.42583278424,uncertain,uncertain_review_required,insufficient_evidence,0.4,{},,,
frp:firms_viirs_noaa20_nrt_india:firms_viirs_noaa20_nrt_india.csv:1240,ranking,2026-09-03 20:02:00+00:00,23.71084,86.44715,frp:firms_viirs_noaa20_nrt_india,2.49,322.03,0.0,,,,16,16,16,16,96088.45504313736,96088.45504313736,uncertain,uncertain_review_required,insufficient_evidence,0.4,{},,,
frp:firms_viirs_noaa20_nrt_india:firms_viirs_noaa20_nrt_india.csv:1241,ranking,2026-09-03 20:02:00+00:00,23.71121,86.424,frp:firms_viirs_noaa20_nrt_india,1.27,305.78,0.0,,,,35,35,35,35,98424.95891273858,98424.95891273858,uncertain,uncertain_review_required,insufficient_evidence,0.4,{},,,
frp:firms_viirs_noaa20_nrt_india:firms_viirs_noaa20_nrt_india.csv:1242,ranking,2026-09-03 20:02:00+00:00,23.71353,86.45154,frp:firms_viirs_noaa20_nrt_india,2.89,330.73,0.0,,,,15,15,15,15,95692.60269445695,95692.60269445695,uncertain,uncertain_review_required,insufficient_evidence,0.4,{},,,
frp:firms_viirs_noaa20_nrt_india:firms_viirs_noaa20_nrt_india.csv:1243,ranking,2026-09-03 20:02:00+00:00,23.71511,86.42087,frp:firms_viirs_noaa20_nrt_india,1.27,306.05,0.0,,,,30,30,30,30,98804.99453007727,98804.99453007727,uncertain,uncertain_review_required,insufficient_evidence,0.4,{},,,
frp:firms_viirs_noaa20_nrt_india:firms_viirs_noaa20_nrt_india.csv:1244,ranking,2026-09-03 20:02:00+00:00,23.71841,86.4215,frp:firms_viirs_noaa20_nrt_india,1.67,305.64,0.0,,,,29,29,29,29,98797.98007485236,98797.98007485236,uncertain,uncertain_review_required,insufficient_evidence,0.4,{},,,
frp:firms_viirs_noaa20_nrt_india:firms_viirs_noaa20_nrt_india.csv:1245,ranking,2026-09-03 20:02:00+00:00,23.71866,86.4409,frp:firms_viirs_noaa20_nrt_india,1.28,314.11,0.0,,,,13,13,13,13,96851.94125920611,96851.94125920611,uncertain,uncertain_review_required,insufficient_evidence,0.4,{},,,
frp:firms_viirs_noaa20_nrt_india:firms_viirs_noaa20_nrt_india.csv:1246,ranking,2026-09-03 20:02:00+00:00,23.71965,85.0089,frp:firms_viirs_noaa20_nrt_india,0.69,304.95,0.0,,,,2,2,2,2,218947.59926978065,218947.59926978065,uncertain,uncertain_review_required,insufficient_evidence,0.4,{},,,
frp:firms_viirs_noaa20_nrt_india:firms_viirs_noaa20_nrt_india.csv:1247,ranking,2026-09-03 20:02:00+00:00,23.72257,86.43778,frp:firms_viirs_noaa20_nrt_india,2.16,308.92,0.0,,,,18,18,18,18,97235.38482614215,97235.38482614215,uncertain,uncertain_review_required,insufficient_evidence,0.4,{},,,
frp:firms_viirs_noaa20_nrt_india:firms_viirs_noaa20_nrt_india.csv:1248,ranking,2026-09-03 20:02:00+00:00,23.725,86.42276,frp:firms_viirs_noaa20_nrt_india,1.75,313.03,0.0,,,,40,40,40,40,98787.99192671472,98787.99192671472,uncertain,uncertain_review_required,insufficient_evidence,0.4,{},,,
frp:firms_viirs_noaa20_nrt_india:firms_viirs_noaa20_nrt_india.csv:1249,ranking,2026-09-03 20:02:00+00:00,23.7255,85.52321,frp:firms_viirs_noaa20_nrt_india,0.25,301.47,0.0,,,,0,0,0,0,189752.7979855334,189752.7979855334,uncertain,uncertain_review_required,insufficient_evidence,0.4,{},,,
frp:firms_viirs_noaa20_nrt_india:firms_viirs_noaa20_nrt_india.csv:1250,ranking,2026-09-03 20:02:00+00:00,23.73697,86.43278,frp:firms_viirs_noaa20_nrt_india,3.28,341.06,0.0,,,,48,48,48,48,98009.69075185413,98009.69075185413,uncertain,uncertain_review_required,insufficient_evidence,0.4,{},,,
frp:firms_viirs_noaa20_nrt_india:firms_viirs_noaa20_nrt_india.csv:1251,ranking,2026-09-03 20:02:00+00:00,23.73758,86.42902,frp:firms_viirs_noaa20_nrt_india,1.41,312.53,0.0,,,,55,55,55,55,98398.37582023544,98398.37582023544,uncertain,uncertain_review_required,insufficient_evidence,0.4,{},,,
frp:firms_viirs_noaa20_nrt_india:firms_viirs_noaa20_nrt_india.csv:1252,ranking,2026-09-03 20:02:00+00:00,23.74007,85.00873,frp:firms_viirs_noaa20_nrt_india,2.7,317.46,0.0,,,,3,3,3,3,216974.51558234508,216974.51558234508,uncertain,uncertain_review_required,insufficient_evidence,0.4,{},,,
frp:firms_viirs_noaa20_nrt_india:firms_viirs_noaa20_nrt_india.csv:1253,ranking,2026-09-03 20:02:00+00:00,23.74027,86.43341,frp:firms_viirs_noaa20_nrt_india,3.28,309.02,0.0,,,,53,53,53,53,98012.55455529569,98012.55455529569,uncertain,uncertain_review_required,insufficient_evidence,0.4,{},,,
frp:firms_viirs_noaa20_nrt_india:firms_viirs_noaa20_nrt_india.csv:1254,ranking,2026-09-03 20:02:00+00:00,23.74545,85.50378,frp:firms_viirs_noaa20_nrt_india,0.59,301.96,0.0,,,,1,1,1,1,191913.22815590174,191913.22815590174,uncertain,uncertain_review_required,insufficient_evidence,0.4,{},,,
frp:firms_viirs_noaa20_nrt_india:firms_viirs_noaa20_nrt_india.csv:1255,ranking,2026-09-03 20:02:00+00:00,23.7532,86.41651,frp:firms_viirs_noaa20_nrt_india,1.06,307.79,0.0,,,,59,59,59,59,99971.13211149939,99971.13211149939,uncertain,uncertain_review_required,insufficient_evidence,0.4,{},,,
frp:firms_viirs_noaa20_nrt_india:firms_viirs_noaa20_nrt_india.csv:1256,ranking,2026-09-03 20:02:00+00:00,23.75456,85.85532,frp:firms_viirs_noaa20_nrt_india,0.89,309.18,0.0,,,,7,7,7,7,156438.6465200425,156438.6465200425,uncertain,uncertain_review_required,insufficient_evidence,0.4,{},,,
frp:firms_viirs_noaa20_nrt_india:firms_viirs_noaa20_nrt_india.csv:1257,ranking,2026-09-03 20:02:00+00:00,23.75515,85.85158,frp:firms_viirs_noaa20_nrt_india,0.89,308.36,0.0,,,,6,6,6,6,156824.41846914002,156824.41846914002,uncertain,uncertain_review_required,insufficient_evidence,0.4,{},,,
frp:firms_viirs_noaa20_nrt_india:firms_viirs_noaa20_nrt_india.csv:1258,ranking,2026-09-03 20:02:00+00:00,23.75785,85.85593,frp:firms_viirs_noaa20_nrt_india,0.89,305.14,0.0,,,,5,5,5,5,156421.6006211265,156421.6006211265,uncertain,uncertain_review_required,insufficient_evidence,0.4,{},,,
frp:firms_viirs_noaa20_nrt_india:firms_viirs_noaa20_nrt_india.csv:1259,ranking,2026-09-03 20:02:00+00:00,23.75844,85.8522,frp:firms_viirs_noaa20_nrt_india,0.89,310.78,0.0,,,,4,4,4,4,156806.39742759976,156806.39742759976,uncertain,uncertain_review_required,insufficient_evidence,0.4,{},,,
frp:firms_viirs_noaa20_nrt_india:firms_viirs_noaa20_nrt_india.csv:1260,ranking,2026-09-03 20:02:00+00:00,23.75893,86.40212,frp:firms_viirs_noaa20_nrt_india,0.96,302.01,0.0,,,,57,57,57,57,101531.40367082211,101531.40367082211,uncertain,uncertain_review_required,insufficient_evidence,0.4,{},,,
frp:firms_viirs_noaa20_nrt_india:firms_viirs_noaa20_nrt_india.csv:1261,ranking,2026-09-03 20:02:00+00:00,23.76222,86.40276,frp:firms_viirs_noaa20_nrt_india,1.1,308.28,0.0,,,,56,56,56,56,101539.73436981584,101539.73436981584,uncertain,uncertain_review_required,insufficient_evidence,0.4,{},,,
frp:firms_viirs_noaa20_nrt_india:firms_viirs_noaa20_nrt_india.csv:1262,ranking,2026-09-03 20:02:00+00:00,23.76552,86.40339,frp:firms_viirs_noaa20_nrt_india,1.1,312.99,0.0,,,,47,47,47,47,101550.64917384509,101550.64917384509,uncertain,uncertain_review_required,insufficient_evidence,0.4,{},,,
frp:firms_viirs_noaa20_nrt_india:firms_viirs_noaa20_nrt_india.csv:1263,ranking,2026-09-03 20:02:00+00:00,23.76881,86.40401,frp:firms_viirs_noaa20_nrt_india,0.93,303.73,0.0,,,,46,46,46,46,101563.69853099046,101563.69853099046,uncertain,uncertain_review_required,insufficient_evidence,0.4,{},,,
frp:firms_viirs_noaa20_nrt_india:firms_viirs_noaa20_nrt_india.csv:1264,ranking,2026-09-03 20:02:00+00:00,23.77119,86.19974,frp:firms_viirs_noaa20_nrt_india,0.99,304.78,0.0,,,,8,8,8,8,122027.16794742679,122027.16794742679,uncertain,uncertain_review_required,insufficient_evidence,0.4,{},,,
frp:firms_viirs_noaa20_nrt_india:firms_viirs_noaa20_nrt_india.csv:1265,ranking,2026-09-03 20:02:00+00:00,23.77179,86.196,frp:firms_viirs_noaa20_nrt_india,1.67,308.84,0.0,,,,9,9,9,9,122413.55882435298,122413.55882435298,uncertain,uncertain_review_required,insufficient_evidence,0.4,{},,,
frp:firms_viirs_noaa20_nrt_india:firms_viirs_noaa20_nrt_india.csv:1266,ranking,2026-09-03 20:02:00+00:00,23.77548,86.36273,frp:firms_viirs_noaa20_nrt_india,0.87,301.78,0.0,,,,58,58,58,58,105827.14565320656,105827.14565320656,uncertain,uncertain_review_required,insufficient_evidence,0.4,{},,,
frp:firms_viirs_noaa20_nrt_india:firms_viirs_noaa20_nrt_india.csv:1267,ranking,2026-09-03 20:02:00+00:00,23.77783,86.39025,frp:firms_viirs_noaa20_nrt_india,1.05,303.92,0.0,,,,51,51,51,51,103142.98895332275,103142.98895332275,uncertain,uncertain_review_required,insufficient_evidence,0.4,{},,,
frp:firms_viirs_noaa20_nrt_india:firms_viirs_noaa20_nrt_india.csv:1268,ranking,2026-09-03 20:02:00+00:00,23.77986,86.20908,frp:firms_viirs_noaa20_nrt_india,2.21,318.46,0.0,,,,10,10,10,10,121262.52214031744,121262.52214031744,uncertain,uncertain_review_required,insufficient_evidence,0.4,{},,,
frp:firms_viirs_noaa20_nrt_india:firms_viirs_noaa20_nrt_india.csv:1269,ranking,2026-09-03 20:02:00+00:00,23.78113,86.39088,frp:firms_viirs_noaa20_nrt_india,1.05,309.56,0.0,,,,53,53,53,53,103159.09182575364,103159.09182575364,uncertain,uncertain_review_required,insufficient_evidence,0.4,{},,,
frp:firms_viirs_noaa20_nrt_india:firms_viirs_noaa20_nrt_india.csv:1270,ranking,2026-09-03 20:02:00+00:00,23.78161,85.57585,frp:firms_viirs_noaa20_nrt_india,1.39,304.27,0.0,,,,6,6,6,6,185034.65774499677,185034.65774499677,uncertain,uncertain_review_required,insufficient_evidence,0.4,{},,,
frp:firms_viirs_noaa20_nrt_india:firms_viirs_noaa20_nrt_india.csv:1271,ranking,2026-09-03 20:02:00+00:00,23.78512,85.55343,frp:firms_viirs_noaa20_nrt_india,0.94,308.22,0.0,,,,5,5,5,5,187345.90028992356,187345.90028992356,uncertain,uncertain_review_required,insufficient_evidence,0.4,{},,,
frp:firms_viirs_noaa20_nrt_india:firms_viirs_noaa20_nrt_india.csv:1272,ranking,2026-09-03 20:02:00+00:00,23.78841,85.55404,frp:firms_viirs_noaa20_nrt_india,1.41,308.98,0.0,,,,4,4,4,4,187327.41425802856,187327.41425802856,uncertain,uncertain_review_required,insufficient_evidence,0.4,{},,,
frp:firms_viirs_noaa20_nrt_india:firms_viirs_noaa20_nrt_india.csv:1273,ranking,2026-09-03 20:02:00+00:00,23.79767,86.3515,frp:firms_viirs_noaa20_nrt_india,1.82,314.18,0.0,,,,34,34,34,34,107472.73367609814,107472.73367609814,uncertain,uncertain_review_required,insufficient_evidence,0.4,{},,,
frp:firms_viirs_noaa20_nrt_india:firms_viirs_noaa20_nrt_india.csv:1274,ranking,2026-09-03 20:02:00+00:00,23.80129,86.32899,frp:firms_viirs_noaa20_nrt_india,2.12,305.52,0.0,,,,20,20,20,20,109794.88033229273,109794.88033229273,uncertain,uncertain_review_required,insufficient_evidence,0.4,{},,,
frp:firms_viirs_noaa20_nrt_india:firms_viirs_noaa20_nrt_india.csv:1275,ranking,2026-09-03 20:02:00+00:00,23.80459,86.32961,frp:firms_viirs_noaa20_nrt_india,2.12,328.48,0.0,,,,18,18,18,18,109815.93221726913,109815.93221726913,uncertain,uncertain_review_required,insufficient_evidence,0.4,{},,,
frp:firms_viirs_noaa20_nrt_india:firms_viirs_noaa20_nrt_india.csv:1276,ranking,2026-09-03 20:02:00+00:00,23.81538,86.57941,frp:firms_viirs_noaa20_nrt_india,0.58,309.89,0.0,,,,0,0,0,0,85624.11597061013,85624.11597061013,uncertain,uncertain_review_required,insufficient_evidence,0.4,{},,,
frp:firms_viirs_noaa20_nrt_india:firms_viirs_noaa20_nrt_india.csv:1277,ranking,2026-09-03 20:02:00+00:00,23.82409,85.49904,frp:firms_viirs_noaa20_nrt_india,0.92,302.51,0.0,,,,1,1,1,1,188339.61292714422,188339.61292714422,uncertain,uncertain_review_required,insufficient_evidence,0.4,{},,,
frp:firms_viirs_noaa20_nrt_india:firms_viirs_noaa20_nrt_india.csv:1278,ranking,2026-09-03 20:02:00+00:00,23.82467,85.49529,frp:firms_viirs_noaa20_nrt_india,0.92,302.86,0.0,,,,0,0,0,0,188394.37718055642,188394.37718055642,uncertain,uncertain_review_required,insufficient_evidence,0.4,{},,,
frp:firms_viirs_noaa20_nrt_india:firms_viirs_noaa20_nrt_india.csv:1279,ranking,2026-09-03 20:02:00+00:00,23.82555,84.93825,frp:firms_viirs_noaa20_nrt_india,0.5,303.94,0.0,,,,1,1,1,1,212486.953505186,212486.953505186,uncertain,uncertain_review_required,insufficient_evidence,0.4,{},,,
frp:firms_viirs_noaa20_nrt_india:firms_viirs_noaa20_nrt_india.csv:1280,ranking,2026-09-03 20:02:00+00:00,23.84097,84.94881,frp:firms_viirs_noaa20_nrt_india,0.55,303.34,0.0,,,,0,0,0,0,210463.7008241493,210463.7008241493,uncertain,uncertain_review_required,insufficient_evidence,0.4,{},,,
frp:firms_viirs_noaa20_nrt_india:firms_viirs_noaa20_nrt_india.csv:1281,ranking,2026-09-03 20:02:00+00:00,23.84145,86.50287,frp:firms_viirs_noaa20_nrt_india,0.52,303.98,0.0,,,,0,0,0,0,93923.94282837851,93923.94282837851,uncertain,uncertain_review_required,insufficient_evidence,0.4,{},,,
frp:firms_viirs_noaa20_nrt_india:firms_viirs_noaa20_nrt_india.csv:1282,ranking,2026-09-03 20:02:00+00:00,23.85833,86.33572,frp:firms_viirs_noaa20_nrt_india,0.5,309.39,0.0,,,,0,0,0,0,110724.88256896441,110724.88256896441,uncertain,uncertain_review_required,insufficient_evidence,0.4,{},,,
frp:firms_viirs_noaa20_nrt_india:firms_viirs_noaa20_nrt_india.csv:1283,ranking,2026-09-03 20:02:00+00:00,24.11708,86.85863,frp:firms_viirs_noaa20_nrt_india,1.12,316.11,0.0,,,,3,3,3,3,80028.03653652522,80028.03653652522,uncertain,uncertain_review_required,insufficient_evidence,0.4,{},,,
frp:firms_viirs_noaa20_nrt_india:firms_viirs_noaa20_nrt_india.csv:1284,ranking,2026-09-03 20:02:00+00:00,24.11976,86.86308,frp:firms_viirs_noaa20_nrt_india,1.25,311.02,0.0,,,,2,2,2,2,79953.59019559383,79953.59019559383,uncertain,uncertain_review_required,insufficient_evidence,0.4,{},,,
frp:firms_viirs_noaa20_nrt_india:firms_viirs_noaa20_nrt_india.csv:1285,ranking,2026-09-03 20:02:00+00:00,25.94085,72.18671,frp:firms_viirs_noaa20_nrt_india,2.0,305.68,0.0,,,,1,1,1,1,68738.44938956009,68738.44938956009,uncertain,uncertain_review_required,insufficient_evidence,0.4,{},,,
frp:firms_viirs_noaa20_nrt_india:firms_viirs_noaa20_nrt_india.csv:1286,ranking,2026-09-03 20:02:00+00:00,26.52291,90.5325,frp:firms_viirs_noaa20_nrt_india,5.79,328.03,0.0,,,,1,1,1,1,66.79354351146705,66.79354351146705,emergency_or_transient_fire,industrial_fire_candidate,industrial_proximity,0.72,{},,,
frp:firms_viirs_noaa20_nrt_india:firms_viirs_noaa20_nrt_india.csv:1287,ranking,2026-09-03 20:02:00+00:00,26.7609,83.19978,frp:firms_viirs_noaa20_nrt_india,3.62,308.37,0.0,,,,1,1,1,1,322067.2839859816,322067.2839859816,uncertain,uncertain_review_required,insufficient_evidence,0.4,{},,,
frp:firms_viirs_noaa20_nrt_india:firms_viirs_noaa20_nrt_india.csv:1288,ranking,2026-09-03 20:02:00+00:00,28.71685,76.8332,frp:firms_viirs_noaa20_nrt_india,1.13,299.98,0.0,,,,0,0,0,0,82441.10537937163,82441.10537937163,uncertain,uncertain_review_required,insufficient_evidence,0.4,{},,,
frp:firms_viirs_noaa20_nrt_india:firms_viirs_noaa20_nrt_india.csv:1289,ranking,2026-09-03 20:02:00+00:00,28.74499,76.92669,frp:firms_viirs_noaa20_nrt_india,2.1,296.37,0.0,,,,0,0,0,0,79450.1285879719,79450.1285879719,uncertain,uncertain_review_required,insufficient_evidence,0.4,{},,,
frp:firms_viirs_noaa20_nrt_india:firms_viirs_noaa20_nrt_india.csv:1290,ranking,2026-09-03 20:02:00+00:00,29.47446,76.85703,frp:firms_viirs_noaa20_nrt_india,5.44,309.14,0.0,,,,7,7,7,7,155.50005305448852,155.50005305448852,emergency_or_transient_fire,industrial_fire_candidate,industrial_proximity,0.72,{},,,
frp:firms_viirs_noaa20_nrt_india:firms_viirs_noaa20_nrt_india.csv:1291,ranking,2026-09-03 20:02:00+00:00,29.47475,76.85314,frp:firms_viirs_noaa20_nrt_india,8.36,367.0,0.0,,,,6,6,6,6,476.23475156176886,476.23475156176886,emergency_or_transient_fire,industrial_fire_candidate,industrial_proximity,0.72,{},,,
frp:firms_viirs_noaa20_nrt_india:firms_viirs_noaa20_nrt_india.csv:1292,ranking,2026-09-03 20:02:00+00:00,29.47725,76.85763,frp:firms_viirs_noaa20_nrt_india,6.79,310.55,0.0,,,,5,5,5,5,186.37491766381316,186.37491766381316,emergency_or_transient_fire,industrial_fire_candidate,industrial_proximity,0.72,{},,,
frp:firms_viirs_noaa20_nrt_india:firms_viirs_noaa20_nrt_india.csv:1293,ranking,2026-09-03 20:02:00+00:00,29.47757,76.85374,frp:firms_viirs_noaa20_nrt_india,9.46,367.0,0.0,,,,4,4,4,4,463.7524860789132,463.7524860789132,emergency_or_transient_fire,industrial_fire_candidate,industrial_proximity,0.72,{},,,
frp:firms_viirs_noaa20_nrt_india:firms_viirs_noaa20_nrt_india.csv:1294,ranking,2026-09-03 20:02:00+00:00,29.48014,76.85374,frp:firms_viirs_noaa20_nrt_india,0.73,305.02,0.0,,,,3,3,3,3,649.6074564154814,649.6074564154814,emergency_or_transient_fire,industrial_fire_candidate,industrial_proximity,0.72,{},,,
frp:firms_viirs_noaa20_nrt_india:firms_viirs_noaa20_nrt_india.csv:1295,ranking,2026-09-03 20:02:00+00:00,29.91007,74.94244,frp:firms_viirs_noaa20_nrt_india,1.02,304.52,0.0,,,,3,3,3,3,805.8977635774115,805.8977635774115,emergency_or_transient_fire,industrial_fire_candidate,industrial_proximity,0.72,{},,,
frp:firms_viirs_noaa20_nrt_india:firms_viirs_noaa20_nrt_india.csv:1296,ranking,2026-09-03 20:02:00+00:00,29.91132,74.94312,frp:firms_viirs_noaa20_nrt_india,0.8,306.14,0.0,,,,2,2,2,2,785.7174409127717,785.7174409127717,emergency_or_transient_fire,industrial_fire_candidate,industrial_proximity,0.72,{},,,
frp:firms_viirs_noaa20_nrt_india:firms_viirs_noaa20_nrt_india.csv:1297,ranking,2026-09-03 20:04:00+00:00,16.87099,80.02061,frp:firms_viirs_noaa20_nrt_india,2.28,306.16,0.0,,,,1,1,1,1,140683.58235685757,140683.58235685757,uncertain,uncertain_review_required,insufficient_evidence,0.4,{},,,
frp:firms_viirs_noaa20_nrt_india:firms_viirs_noaa20_nrt_india.csv:1298,ranking,2026-09-03 20:04:00+00:00,17.35811,76.87943,frp:firms_viirs_noaa20_nrt_india,1.05,303.69,0.0,,,,1,1,1,1,449732.84974268696,449732.84974268696,uncertain,uncertain_review_required,insufficient_evidence,0.4,{},,,
frp:firms_viirs_noaa20_nrt_india:firms_viirs_noaa20_nrt_india.csv:1299,ranking,2026-09-03 20:04:00+00:00,17.59818,83.19147,frp:firms_viirs_noaa20_nrt_india,1.29,307.48,0.0,,,,6,6,6,6,11933.843208131748,11933.843208131748,uncertain,uncertain_review_required,insufficient_evidence,0.4,{},,,
frp:firms_viirs_noaa20_nrt_india:firms_viirs_noaa20_nrt_india.csv:1300,ranking,2026-09-03 20:04:00+00:00,17.60372,83.19993,frp:firms_viirs_noaa20_nrt_india,1.9,309.65,0.0,,,,3,3,3,3,10990.686760764704,10990.686760764704,uncertain,uncertain_review_required,insufficient_evidence,0.4,{},,,
frp:firms_viirs_noaa20_nrt_india:firms_viirs_noaa20_nrt_india.csv:1301,ranking,2026-09-03 20:04:00+00:00,17.60705,83.20048,frp:firms_viirs_noaa20_nrt_india,2.31,314.98,0.0,,,,4,4,4,4,10629.571603130615,10629.571603130615,uncertain,uncertain_review_required,insufficient_evidence,0.4,{},,,
frp:firms_viirs_noaa20_nrt_india:firms_viirs_noaa20_nrt_india.csv:1302,ranking,2026-09-03 20:04:00+00:00,17.60983,83.20471,frp:firms_viirs_noaa20_nrt_india,2.31,326.65,0.0,,,,5,5,5,5,10164.852546413373,10164.852546413373,uncertain,uncertain_review_required,insufficient_evidence,0.4,{},,,
frp:firms_viirs_noaa20_nrt_india:firms_viirs_noaa20_nrt_india.csv:1303,ranking,2026-09-03 20:04:00+00:00,17.69188,83.24426,frp:firms_viirs_noaa20_nrt_india,1.77,318.58,0.0,,,,0,0,0,0,286.1539826097658,286.1539826097658,emergency_or_transient_fire,industrial_fire_candidate,industrial_proximity,0.72,{},,,
frp:firms_viirs_noaa20_nrt_india:firms_viirs_noaa20_nrt_india.csv:1304,ranking,2026-09-03 20:04:00+00:00,17.96308,83.15963,frp:firms_viirs_noaa20_nrt_india,1.55,306.04,0.0,,,,0,0,0,0,31196.74545894842,31196.74545894842,uncertain,uncertain_review_required,insufficient_evidence,0.4,{},,,
frp:firms_viirs_noaa20_nrt_india:firms_viirs_noaa20_nrt_india.csv:1305,ranking,2026-09-03 20:06:00+00:00,9.54893,77.52233,frp:firms_viirs_noaa20_nrt_india,3.0,328.06,0.0,,,,33,33,33,33,132100.6863549609,132100.6863549609,uncertain,uncertain_review_required,insufficient_evidence,0.4,{},,,
frp:firms_viirs_noaa20_nrt_india:firms_viirs_noaa20_nrt_india.csv:1306,ranking,2026-09-03 20:06:00+00:00,9.54934,77.51951,frp:firms_viirs_noaa20_nrt_india,2.15,315.78,0.0,,,,31,31,31,31,131795.0509699097,131795.0509699097,uncertain,uncertain_review_required,insufficient_evidence,0.4,{},,,
frp:firms_viirs_noaa20_nrt_india:firms_viirs_noaa20_nrt_india.csv:1307,ranking,2026-09-03 20:06:00+00:00,9.55857,77.51196,frp:firms_viirs_noaa20_nrt_india,0.19,300.32,0.0,,,,31,31,31,31,130662.01543296754,130662.01543296754,uncertain,uncertain_review_required,insufficient_evidence,0.4,{},,,
frp:firms_viirs_noaa20_nrt_india:firms_viirs_noaa20_nrt_india.csv:1308,ranking,2026-09-03 20:06:00+00:00,9.73645,77.55113,frp:firms_viirs_noaa20_nrt_india,1.08,310.68,0.0,,,,0,0,0,0,129424.25402204288,129424.25402204288,uncertain,uncertain_review_required,insufficient_evidence,0.4,{},,,
frp:firms_viirs_noaa20_nrt_india:firms_viirs_noaa20_nrt_india.csv:1309,ranking,2026-09-03 20:06:00+00:00,10.61815,77.42112,frp:firms_viirs_noaa20_nrt_india,0.77,308.73,0.0,,,,0,0,0,0,134116.97904162898,134116.97904162898,uncertain,uncertain_review_required,insufficient_evidence,0.4,{},,,
frp:firms_viirs_noaa20_nrt_india:firms_viirs_noaa20_nrt_india.csv:1310,ranking,2026-09-03 20:06:00+00:00,11.17709,79.08981,frp:firms_viirs_noaa20_nrt_india,0.88,308.03,0.0,,,,3,3,3,3,46905.703491264285,46905.703491264285,uncertain,uncertain_review_required,insufficient_evidence,0.4,{},,,
frp:firms_viirs_noaa20_nrt_india:firms_viirs_noaa20_nrt_india.csv:1311,ranking,2026-09-03 20:06:00+00:00,13.412,78.25958,frp:firms_viirs_noaa20_nrt_india,0.43,303.36,0.0,,,,0,0,0,0,220902.41282942184,220902.41282942184,uncertain,uncertain_review_required,insufficient_evidence,0.4,{},,,
frp:firms_viirs_noaa20_nrt_india:firms_viirs_noaa20_nrt_india.csv:1312,ranking,2026-09-03 20:06:00+00:00,15.02147,78.0108,frp:firms_viirs_noaa20_nrt_india,1.15,299.92,0.0,,,,2,2,2,2,316779.58997432824,316779.58997432824,uncertain,uncertain_review_required,insufficient_evidence,0.4,{},,,
frp:firms_viirs_noaa20_nrt_india:firms_viirs_noaa20_nrt_india.csv:1313,ranking,2026-09-03 20:06:00+00:00,15.02509,78.01545,frp:firms_viirs_noaa20_nrt_india,1.15,308.47,0.0,,,,1,1,1,1,316625.18552486366,316625.18552486366,uncertain,uncertain_review_required,insufficient_evidence,0.4,{},,,
frp:firms_viirs_noaa20_nrt_india:firms_viirs_noaa20_nrt_india.csv:1314,ranking,2026-09-03 20:06:00+00:00,15.06992,76.86325,frp:firms_viirs_noaa20_nrt_india,1.13,298.07,0.0,,,,0,0,0,0,315498.13662516774,315498.13662516774,uncertain,uncertain_review_required,insufficient_evidence,0.4,{},,,
frp:firms_viirs_noaa20_nrt_india:firms_viirs_noaa20_nrt_india.csv:1315,ranking,2026-09-03 20:06:00+00:00,15.13724,76.70645,frp:firms_viirs_noaa20_nrt_india,0.62,303.86,0.0,,,,2,2,2,2,309863.5082485372,309863.5082485372,uncertain,uncertain_review_required,insufficient_evidence,0.4,{},,,
frp:firms_viirs_noaa20_nrt_india:firms_viirs_noaa20_nrt_india.csv:1316,ranking,2026-09-03 20:06:00+00:00,15.17367,76.78399,frp:firms_viirs_noaa20_nrt_india,1.27,303.2,0.0,,,,2,2,2,2,318348.62110823335,318348.62110823335,uncertain,uncertain_review_required,insufficient_evidence,0.4,{},,,
frp:firms_viirs_noaa20_nrt_india:firms_viirs_noaa20_nrt_india.csv:1317,ranking,2026-09-03 20:06:00+00:00,15.17583,76.65791,frp:firms_viirs_noaa20_nrt_india,3.54,312.3,0.0,,,,41,41,41,41,309858.36482517835,309858.36482517835,uncertain,uncertain_review_required,insufficient_evidence,0.4,{},,,
frp:firms_viirs_noaa20_nrt_india:firms_viirs_noaa20_nrt_india.csv:1318,ranking,2026-09-03 20:06:00+00:00,15.17644,76.6531,frp:firms_viirs_noaa20_nrt_india,2.15,311.26,0.0,,,,36,36,36,36,309587.39450306474,309587.39450306474,uncertain,uncertain_review_required,insufficient_evidence,0.4,{},,,
frp:firms_viirs_noaa20_nrt_india:firms_viirs_noaa20_nrt_india.csv:1319,ranking,2026-09-03 20:06:00+00:00,15.17711,77.10126,frp:firms_viirs_noaa20_nrt_india,0.93,300.53,0.0,,,,0,0,0,0,341875.57480178034,341875.57480178034,uncertain,uncertain_review_required,insufficient_evidence,0.4,{},,,
frp:firms_viirs_noaa20_nrt_india:firms_viirs_noaa20_nrt_india.csv:1320,ranking,2026-09-03 20:06:00+00:00,15.18254,76.67829,frp:firms_viirs_noaa20_nrt_india,2.6,306.64,0.0,,,,37,37,37,37,311814.74105891434,311814.74105891434,uncertain,uncertain_review_required,insufficient_evidence,0.4,{},,,
frp:firms_viirs_noaa20_nrt_india:firms_viirs_noaa20_nrt_india.csv:1321,ranking,2026-09-03 20:06:00+00:00,15.18315,76.67349,frp:firms_viirs_noaa20_nrt_india,3.3,309.9,0.0,,,,38,38,38,38,311542.65740826505,311542.65740826505,uncertain,uncertain_review_required,insufficient_evidence,0.4,{},,,
frp:firms_viirs_noaa20_nrt_india:firms_viirs_noaa20_nrt_india.csv:1322,ranking,2026-09-03 20:06:00+00:00,15.18376,76.66869,frp:firms_viirs_noaa20_nrt_india,3.3,317.37,0.0,,,,39,39,39,39,311271.2132892927,311271.2132892927,uncertain,uncertain_review_required,insufficient_evidence,0.4,{},,,
frp:firms_viirs_noaa20_nrt_india:firms_viirs_noaa20_nrt_india.csv:1323,ranking,2026-09-03 20:06:00+00:00,15.18437,76.66389,frp:firms_viirs_noaa20_nrt_india,4.2,316.88,0.0,,,,40,40,40,40,311000.41036965407,311000.41036965407,uncertain,uncertain_review_required,insufficient_evidence,0.4,{},,,
frp:firms_viirs_noaa20_nrt_india:firms_viirs_noaa20_nrt_india.csv:1324,ranking,2026-09-03 20:06:00+00:00,15.22415,76.75953,frp:firms_viirs_noaa20_nrt_india,1.9,308.39,0.0,,,,1,1,1,1,320928.39871930185,320928.39871930185,uncertain,uncertain_review_required,insufficient_evidence,0.4,{},,,
frp:firms_viirs_noaa20_nrt_india:firms_viirs_noaa20_nrt_india.csv:1325,ranking,2026-09-03 20:06:00+00:00,15.2287,76.76014,frp:firms_viirs_noaa20_nrt_india,1.69,318.43,0.0,,,,2,2,2,2,321358.97183564893,321358.97183564893,uncertain,uncertain_review_required,insufficient_evidence,0.4,{},,,
frp:firms_viirs_noaa20_nrt_india:firms_viirs_noaa20_nrt_india.csv:1326,ranking,2026-09-03 20:08:00+00:00,6.81165,81.62,frp:firms_viirs_noaa20_nrt_india,0.8,316.81,0.0,,,,9,9,9,9,184380.58225010592,184380.58225010592,uncertain,uncertain_review_required,insufficient_evidence,0.4,{},,,
frp:firms_viirs_noaa20_nrt_india:firms_viirs_noaa20_nrt_india.csv:1327,ranking,2026-09-03 20:08:00+00:00,6.81495,81.62053,frp:firms_viirs_noaa20_nrt_india,0.8,305.42,0.0,,,,7,7,7,7,184405.80096291835,184405.80096291835,uncertain,uncertain_review_required,insufficient_evidence,0.4,{},,,
frp:firms_viirs_noaa20_nrt_india:firms_viirs_noaa20_nrt_india.csv:1328,ranking,2026-09-03 20:08:00+00:00,6.81549,81.61707,frp:firms_viirs_noaa20_nrt_india,1.05,309.32,0.0,,,,8,8,8,8,184019.95585953834,184019.95585953834,uncertain,uncertain_review_required,insufficient_evidence,0.4,{},,,
frp:firms_viirs_noaa20_nrt_india:firms_viirs_noaa20_nrt_india.csv:1329,ranking,2026-09-03 20:08:00+00:00,6.82885,81.33916,frp:firms_viirs_noaa20_nrt_india,2.22,322.19,0.0,,,,2,2,2,2,153330.67658754208,153330.67658754208,uncertain,uncertain_review_required,insufficient_evidence,0.4,{},,,
frp:firms_viirs_noaa20_nrt_india:firms_viirs_noaa20_nrt_india.csv:1330,ranking,2026-09-03 20:08:00+00:00,6.8327,81.33623,frp:firms_viirs_noaa20_nrt_india,0.89,310.17,0.0,,,,1,1,1,1,152967.9236026084,152967.9236026084,uncertain,uncertain_review_required,insufficient_evidence,0.4,{},,,
frp:firms_viirs_noaa20_nrt_india:firms_viirs_noaa20_nrt_india.csv:1331,ranking,2026-09-03 20:08:00+00:00,7.38341,80.83238,frp:firms_viirs_noaa20_nrt_india,0.95,302.19,0.0,,,,2,2,2,2,107502.11224056905,107502.11224056905,uncertain,uncertain_review_required,insufficient_evidence,0.4,{},,,
frp:firms_viirs_noaa20_nrt_india:firms_viirs_noaa20_nrt_india.csv:1332,ranking,2026-09-03 20:08:00+00:00,8.26514,80.19796,frp:firms_viirs_noaa20_nrt_india,2.41,315.75,0.0,,,,11,11,11,11,147563.04403921516,147563.04403921516,uncertain,uncertain_review_required,insufficient_evidence,0.4,{},,,
frp:firms_viirs_noaa20_nrt_india:firms_viirs_noaa20_nrt_india.csv:1333,ranking,2026-09-03 20:08:00+00:00,8.26856,80.19849,frp:firms_viirs_noaa20_nrt_india,2.07,324.56,0.0,,,,10,10,10,10,147947.61060321648,147947.61060321648,uncertain,uncertain_review_required,insufficient_evidence,0.4,{},,,
frp:firms_viirs_noaa20_nrt_india:firms_viirs_noaa20_nrt_india.csv:1334,ranking,2026-09-03 20:08:00+00:00,8.29983,81.0357,frp:firms_viirs_noaa20_nrt_india,0.73,306.92,0.0,,,,10,10,10,10,190651.23924172934,190651.23924172934,uncertain,uncertain_review_required,insufficient_evidence,0.4,{},,,
frp:firms_viirs_noaa20_nrt_india:firms_viirs_noaa20_nrt_india.csv:1335,ranking,2026-09-03 20:08:00+00:00,8.57341,80.40363,frp:firms_viirs_noaa20_nrt_india,1.53,308.8,0.0,,,,7,7,7,7,186061.56211165263,186061.56211165263,uncertain,uncertain_review_required,insufficient_evidence,0.4,{},,,
frp:firms_viirs_noaa20_nrt_india:firms_viirs_noaa20_nrt_india.csv:1336,ranking,2026-09-03 20:08:00+00:00,8.62789,80.36659,frp:firms_viirs_noaa20_nrt_india,1.72,306.31,0.0,,,,3,3,3,3,190902.42716776062,190902.42716776062,uncertain,uncertain_review_required,insufficient_evidence,0.4,{},,,
frp:firms_viirs_noaa20_nrt_india:firms_viirs_noaa20_nrt_india.csv:1337,ranking,2026-09-03 20:08:00+00:00,8.75604,80.98608,frp:firms_viirs_noaa20_nrt_india,1.08,313.55,0.0,,,,3,3,3,3,229680.05831784054,229680.05831784054,uncertain,uncertain_review_required,insufficient_evidence,0.4,{},,,
frp:firms_viirs_noaa20_nrt_india:firms_viirs_noaa20_nrt_india.csv:1338,ranking,2026-09-03 21:40:00+00:00,32.64611,72.97604,frp:firms_viirs_noaa20_nrt_india,1.06,305.0,0.0,,,,0,0,0,0,48050.83728037452,48050.83728037452,uncertain,uncertain_review_required,insufficient_evidence,0.4,{},,,
frp:firms_viirs_noaa20_nrt_india:firms_viirs_noaa20_nrt_india.csv:1339,ranking,2026-09-03 21:40:00+00:00,32.72236,72.92319,frp:firms_viirs_noaa20_nrt_india,0.9,303.06,0.0,,,,1,1,1,1,43008.51050728307,43008.51050728307,uncertain,uncertain_review_required,insufficient_evidence,0.4,{},,,
frp:firms_viirs_noaa20_nrt_india:firms_viirs_noaa20_nrt_india.csv:1340,ranking,2026-09-03 21:40:00+00:00,32.88735,71.617,frp:firms_viirs_noaa20_nrt_india,3.17,307.21,0.0,,,,7,7,7,7,24634.78604246471,24634.78604246471,uncertain,uncertain_review_required,insufficient_evidence,0.4,{},,,
frp:firms_viirs_noaa20_nrt_india:firms_viirs_noaa20_nrt_india.csv:1341,ranking,2026-09-03 21:40:00+00:00,33.29866,71.1848,frp:firms_viirs_noaa20_nrt_india,1.0,308.47,0.0,,,,8,8,8,8,440.0747599783831,440.0747599783831,emergency_or_transient_fire,industrial_fire_candidate,industrial_proximity,0.72,{},,,
frp:firms_viirs_noaa20_nrt_india:firms_viirs_noaa20_nrt_india.csv:1342,ranking,2026-09-03 21:40:00+00:00,38.05102,67.26772,frp:firms_viirs_noaa20_nrt_india,7.19,309.46,0.0,,,,36,36,36,36,76470.64341201299,76470.64341201299,uncertain,uncertain_review_required,insufficient_evidence,0.4,{},,,
frp:firms_viirs_noaa20_nrt_india:firms_viirs_noaa20_nrt_india.csv:1343,ranking,2026-09-03 21:40:00+00:00,38.0519,67.26297,frp:firms_viirs_noaa20_nrt_india,7.19,329.78,0.0,,,,37,37,37,37,76084.9150244076,76084.9150244076,uncertain,uncertain_review_required,insufficient_evidence,0.4,{},,,
frp:firms_viirs_noaa20_nrt_india:firms_viirs_noaa20_nrt_india.csv:1344,ranking,2026-09-03 21:42:00+00:00,25.94266,72.1937,frp:firms_viirs_noaa20_nrt_india,1.66,315.55,0.0,,,,5,5,5,5,69440.56303905163,69440.56303905163,uncertain,uncertain_review_required,insufficient_evidence,0.4,{},,,
frp:firms_viirs_noaa20_nrt_india:firms_viirs_noaa20_nrt_india.csv:1345,ranking,2026-09-03 21:42:00+00:00,25.94423,72.19559,frp:firms_viirs_noaa20_nrt_india,1.92,310.82,0.0,,,,6,6,6,6,69632.7933944937,69632.7933944937,uncertain,uncertain_review_required,insufficient_evidence,0.4,{},,,
frp:firms_viirs_noaa20_nrt_india:firms_viirs_noaa20_nrt_india.csv:1346,ranking,2026-09-03 21:42:00+00:00,28.42469,69.70127,frp:firms_viirs_noaa20_nrt_india,1.58,308.89,0.0,,,,8,8,8,8,42805.181419332876,42805.181419332876,uncertain,uncertain_review_required,insufficient_evidence,0.4,{},,,
frp:firms_viirs_noaa20_nrt_india:firms_viirs_noaa20_nrt_india.csv:1347,ranking,2026-09-03 21:42:00+00:00,29.47193,76.86103,frp:firms_viirs_noaa20_nrt_india,3.16,313.99,0.0,,,,12,12,12,12,504.62841662912484,504.62841662912484,persistent_or_non_emergency_heat,persistent_industrial_heat_or_flare,known_flare_and_persistence,0.9,{},,,
frp:firms_viirs_noaa20_nrt_india:firms_viirs_noaa20_nrt_india.csv:1348,ranking,2026-09-03 21:42:00+00:00,29.47375,76.85448,frp:firms_viirs_noaa20_nrt_india,3.16,316.52,0.0,,,,14,14,14,14,394.8255258719721,394.8255258719721,persistent_or_non_emergency_heat,persistent_industrial_heat_or_flare,known_flare_and_persistence,0.9,{},,,
frp:firms_viirs_noaa20_nrt_india:firms_viirs_noaa20_nrt_india.csv:1349,ranking,2026-09-03 21:42:00+00:00,29.47733,76.8575,frp:firms_viirs_noaa20_nrt_india,5.4,334.66,0.0,,,,13,13,13,13,197.60601656679367,197.60601656679367,persistent_or_non_emergency_heat,persistent_industrial_heat_or_flare,known_flare_and_persistence,0.9,{},,,
frp:firms_viirs_noaa20_nrt_india:firms_viirs_noaa20_nrt_india.csv:1350,ranking,2026-09-03 21:42:00+00:00,29.90804,74.94972,frp:firms_viirs_noaa20_nrt_india,0.96,304.42,0.0,,,,4,4,4,4,101.88523404815571,101.88523404815571,emergency_or_transient_fire,industrial_fire_candidate,industrial_proximity,0.72,{},,,
frp:firms_viirs_noaa20_nrt_india:firms_viirs_noaa20_nrt_india.csv:1351,ranking,2026-09-03 21:44:00+00:00,20.36032,72.94863,frp:firms_viirs_noaa20_nrt_india,1.27,300.96,0.0,,,,2,2,2,2,90825.33162264829,90825.33162264829,uncertain,uncertain_review_required,insufficient_evidence,0.4,{},,,
frp:firms_viirs_noaa20_nrt_india:firms_viirs_noaa20_nrt_india.csv:1352,ranking,2026-09-03 21:44:00+00:00,21.10505,72.65266,frp:firms_viirs_noaa20_nrt_india,1.48,303.05,0.0,,,,27,27,27,27,10324.289946507897,10324.289946507897,uncertain,uncertain_review_required,insufficient_evidence,0.4,{},,,
frp:firms_viirs_noaa20_nrt_india:firms_viirs_noaa20_nrt_india.csv:1353,ranking,2026-09-03 21:44:00+00:00,21.10634,72.64722,frp:firms_viirs_noaa20_nrt_india,1.48,303.47,0.0,,,,29,29,29,29,10741.310353890976,10741.310353890976,uncertain,uncertain_review_required,insufficient_evidence,0.4,{},,,
frp:firms_viirs_noaa20_nrt_india:firms_viirs_noaa20_nrt_india.csv:1354,ranking,2026-09-03 21:44:00+00:00,21.1091,72.64794,frp:firms_viirs_noaa20_nrt_india,1.64,303.32,0.0,,,,28,28,28,28,10530.160805629837,10530.160805629837,uncertain,uncertain_review_required,insufficient_evidence,0.4,{},,,
frp:firms_viirs_noaa20_nrt_india:firms_viirs_noaa20_nrt_india.csv:1355,ranking,2026-09-03 21:44:00+00:00,21.11042,72.64252,frp:firms_viirs_noaa20_nrt_india,1.64,302.58,0.0,,,,30,30,30,30,10967.117675564163,10967.117675564163,uncertain,uncertain_review_required,insufficient_evidence,0.4,{},,,
frp:firms_viirs_noaa20_nrt_india:firms_viirs_noaa20_nrt_india.csv:1356,ranking,2026-09-03 21:44:00+00:00,21.16396,72.66865,frp:firms_viirs_noaa20_nrt_india,2.07,320.12,0.0,,,,9,9,9,9,7283.3261851915195,7283.3261851915195,uncertain,uncertain_review_required,insufficient_evidence,0.4,{},,,
frp:firms_viirs_noaa20_nrt_india:firms_viirs_noaa20_nrt_india.csv:1357,ranking,2026-09-03 21:44:00+00:00,21.1702,72.67035,frp:firms_viirs_noaa20_nrt_india,2.07,302.88,0.0,,,,8,8,8,8,7260.575950326882,7260.575950326882,uncertain,uncertain_review_required,insufficient_evidence,0.4,{},,,
frp:firms_viirs_noaa20_nrt_india:firms_viirs_noaa20_nrt_india.csv:1358,ranking,2026-09-03 21:44:00+00:00,23.49735,68.57843,frp:firms_viirs_noaa20_nrt_india,1.13,305.16,0.0,,,,1,1,1,1,119964.20193745593,119964.20193745593,uncertain,uncertain_review_required,insufficient_evidence,0.4,{},,,
frp:firms_viirs_noaa20_nrt_india:firms_viirs_noaa20_nrt_india.csv:1359,ranking,2026-09-04 07:09:00+00:00,4.25164,96.12012,frp:firms_viirs_noaa20_nrt_india,4.27,341.44,0.0,,,,27,27,27,27,150985.54486828315,150985.54486828315,uncertain,uncertain_review_required,insufficient_evidence,0.4,{},,,
frp:firms_viirs_noaa20_nrt_india:firms_viirs_noaa20_nrt_india.csv:1360,ranking,2026-09-04 07:09:00+00:00,4.25448,96.11596,frp:firms_viirs_noaa20_nrt_india,6.38,332.13,0.0,,,,25,25,25,25,151082.12889618677,151082.12889618677,uncertain,uncertain_review_required,insufficient_evidence,0.4,{},,,
frp:firms_viirs_noaa20_nrt_india:firms_viirs_noaa20_nrt_india.csv:1361,ranking,2026-09-04 07:09:00+00:00,4.25504,96.11962,frp:firms_viirs_noaa20_nrt_india,4.27,343.65,0.0,,,,24,24,24,24,150753.67421149713,150753.67421149713,uncertain,uncertain_review_required,insufficient_evidence,0.4,{},,,
frp:firms_viirs_noaa20_nrt_india:firms_viirs_noaa20_nrt_india.csv:1362,ranking,2026-09-04 07:09:00+00:00,4.25512,96.11546,frp:firms_viirs_noaa20_nrt_india,3.9,330.29,0.0,,,,23,23,23,23,151070.17686198576,151070.17686198576,uncertain,uncertain_review_required,insufficient_evidence,0.4,{},,,
frp:firms_viirs_noaa20_nrt_india:firms_viirs_noaa20_nrt_india.csv:1363,ranking,2026-09-04 07:09:00+00:00,4.25559,96.12328,frp:firms_viirs_noaa20_nrt_india,4.27,332.52,0.0,,,,21,21,21,21,150426.41842960223,150426.41842960223,uncertain,uncertain_review_required,insufficient_evidence,0.4,{},,,
frp:firms_viirs_noaa20_nrt_india:firms_viirs_noaa20_nrt_india.csv:1364,ranking,2026-09-04 07:09:00+00:00,4.25566,96.11913,frp:firms_viirs_noaa20_nrt_india,4.43,343.95,0.0,,,,22,22,22,22,150742.39024154344,150742.39024154344,uncertain,uncertain_review_required,insufficient_evidence,0.4,{},,,
frp:firms_viirs_noaa20_nrt_india:firms_viirs_noaa20_nrt_india.csv:1365,ranking,2026-09-04 07:09:00+00:00,4.25621,96.12279,frp:firms_viirs_noaa20_nrt_india,4.43,330.64,0.0,,,,26,26,26,26,150414.99174418632,150414.99174418632,uncertain,uncertain_review_required,insufficient_evidence,0.4,{},,,
frp:firms_viirs_noaa20_nrt_india:firms_viirs_noaa20_nrt_india.csv:1366,ranking,2026-09-04 07:09:00+00:00,5.31929,95.81129,frp:firms_viirs_noaa20_nrt_india,3.43,337.48,0.0,,,,1,1,1,1,139921.2510886741,139921.2510886741,uncertain,uncertain_review_required,insufficient_evidence,0.4,{},,,
frp:firms_viirs_noaa20_nrt_india:firms_viirs_noaa20_nrt_india.csv:1367,ranking,2026-09-04 07:12:00+00:00,6.82668,81.33308,frp:firms_viirs_noaa20_nrt_india,2.93,341.49,0.0,,,,3,3,3,3,152686.1042753204,152686.1042753204,uncertain,uncertain_review_required,insufficient_evidence,0.4,{},,,
frp:firms_viirs_noaa20_nrt_india:firms_viirs_noaa20_nrt_india.csv:1368,ranking,2026-09-04 07:12:00+00:00,6.82742,81.33201,frp:firms_viirs_noaa20_nrt_india,0.98,333.12,0.0,,,,4,4,4,4,152560.46152059996,152560.46152059996,uncertain,uncertain_review_required,insufficient_evidence,0.4,{},,,
frp:firms_viirs_noaa20_nrt_india:firms_viirs_noaa20_nrt_india.csv:1369,ranking,2026-09-04 07:12:00+00:00,6.89503,81.66534,frp:firms_viirs_noaa20_nrt_india,15.69,333.26,0.0,,,,1,1,1,1,188769.02475588798,188769.02475588798,uncertain,uncertain_review_required,insufficient_evidence,0.4,{},,,
frp:firms_viirs_noaa20_nrt_india:firms_viirs_noaa20_nrt_india.csv:1370,ranking,2026-09-04 07:12:00+00:00,6.896,81.67058,frp:firms_viirs_noaa20_nrt_india,9.7,332.33,0.0,,,,0,0,0,0,189342.74333732572,189342.74333732572,uncertain,uncertain_review_required,insufficient_evidence,0.4,{},,,
frp:firms_viirs_noaa20_nrt_india:firms_viirs_noaa20_nrt_india.csv:1371,ranking,2026-09-04 07:12:00+00:00,7.16258,81.81094,frp:firms_viirs_noaa20_nrt_india,5.04,334.7,0.0,,,,2,2,2,2,205882.4122497784,205882.4122497784,uncertain,uncertain_review_required,insufficient_evidence,0.4,{},,,
frp:firms_viirs_noaa20_nrt_india:firms_viirs_noaa20_nrt_india.csv:1372,ranking,2026-09-04 07:12:00+00:00,7.29266,81.13496,frp:firms_viirs_noaa20_nrt_india,7.34,333.31,0.0,,,,4,4,4,4,135194.40320865664,135194.40320865664,uncertain,uncertain_review_required,insufficient_evidence,0.4,{},,,
frp:firms_viirs_noaa20_nrt_india:firms_viirs_noaa20_nrt_india.csv:1373,ranking,2026-09-04 07:12:00+00:00,7.29266,81.82796,frp:firms_viirs_noaa20_nrt_india,5.6,344.67,0.0,,,,7,7,7,7,209783.34582789525,209783.34582789525,uncertain,uncertain_review_required,insufficient_evidence,0.4,{},,,
frp:firms_viirs_noaa20_nrt_india:firms_viirs_noaa20_nrt_india.csv:1374,ranking,2026-09-04 07:12:00+00:00,7.43091,81.71309,frp:firms_viirs_noaa20_nrt_india,6.07,329.71,0.0,,,,4,4,4,4,200743.6970441649,200743.6970441649,uncertain,uncertain_review_required,insufficient_evidence,0.4,{},,,
frp:firms_viirs_noaa20_nrt_india:firms_viirs_noaa20_nrt_india.csv:1375,ranking,2026-09-04 07:12:00+00:00,7.43366,81.71141,frp:firms_viirs_noaa20_nrt_india,6.1,333.44,0.0,,,,3,3,3,3,200644.29312668456,200644.29312668456,uncertain,uncertain_review_required,insufficient_evidence,0.4,{},,,
frp:firms_viirs_noaa20_nrt_india:firms_viirs_noaa20_nrt_india.csv:1376,ranking,2026-09-04 07:12:00+00:00,7.4607,81.24904,frp:firms_viirs_noaa20_nrt_india,3.69,333.01,0.0,,,,3,3,3,3,153081.4842314405,153081.4842314405,uncertain,uncertain_review_required,insufficient_evidence,0.4,{},,,
frp:firms_viirs_noaa20_nrt_india:firms_viirs_noaa20_nrt_india.csv:1377,ranking,2026-09-04 07:12:00+00:00,7.49698,81.7366,frp:firms_viirs_noaa20_nrt_india,3.05,332.32,0.0,,,,1,1,1,1,205250.8292819675,205250.8292819675,uncertain,uncertain_review_required,insufficient_evidence,0.4,{},,,
frp:firms_viirs_noaa20_nrt_india:firms_viirs_noaa20_nrt_india.csv:1378,ranking,2026-09-04 07:12:00+00:00,7.707,81.09916,frp:firms_viirs_noaa20_nrt_india,4.47,334.77,0.0,,,,2,2,2,2,150943.33054611008,150943.33054611008,uncertain,uncertain_review_required,insufficient_evidence,0.4,{},,,
frp:firms_viirs_noaa20_nrt_india:firms_viirs_noaa20_nrt_india.csv:1379,ranking,2026-09-04 07:12:00+00:00,7.70815,81.10244,frp:firms_viirs_noaa20_nrt_india,3.81,330.64,0.0,,,,1,1,1,1,151315.61283170368,151315.61283170368,uncertain,uncertain_review_required,insufficient_evidence,0.4,{},,,
frp:firms_viirs_noaa20_nrt_india:firms_viirs_noaa20_nrt_india.csv:1380,ranking,2026-09-04 07:12:00+00:00,8.01449,81.27029,frp:firms_viirs_noaa20_nrt_india,8.57,338.06,0.0,,,,5,5,5,5,186365.93383773018,186365.93383773018,uncertain,uncertain_review_required,insufficient_evidence,0.4,{},,,
frp:firms_viirs_noaa20_nrt_india:firms_viirs_noaa20_nrt_india.csv:1381,ranking,2026-09-04 07:12:00+00:00,8.20375,81.32036,frp:firms_viirs_noaa20_nrt_india,10.19,343.82,0.0,,,,2,2,2,2,204280.33944901655,204280.33944901655,uncertain,uncertain_review_required,insufficient_evidence,0.4,{},,,
frp:firms_viirs_noaa20_nrt_india:firms_viirs_noaa20_nrt_india.csv:1382,ranking,2026-09-04 07:12:00+00:00,8.20534,81.31903,frp:firms_viirs_noaa20_nrt_india,16.61,340.42,0.0,,,,1,1,1,1,204292.09057719738,204292.09057719738,uncertain,uncertain_review_required,insufficient_evidence,0.4,{},,,
frp:firms_viirs_noaa20_nrt_india:firms_viirs_noaa20_nrt_india.csv:1383,ranking,2026-09-04 07:12:00+00:00,8.39582,81.08801,frp:firms_viirs_noaa20_nrt_india,8.45,331.14,0.0,,,,4,4,4,4,202592.1094193726,202592.1094193726,uncertain,uncertain_review_required,insufficient_evidence,0.4,{},,,
frp:firms_viirs_noaa20_nrt_india:firms_viirs_noaa20_nrt_india.csv:1384,ranking,2026-09-04 07:12:00+00:00,8.40456,81.06378,frp:firms_viirs_noaa20_nrt_india,7.44,334.76,0.0,,,,10,10,10,10,201732.04959368758,201732.04959368758,uncertain,uncertain_review_required,insufficient_evidence,0.4,{},,,
frp:firms_viirs_noaa20_nrt_india:firms_viirs_noaa20_nrt_india.csv:1385,ranking,2026-09-04 07:12:00+00:00,8.40722,80.73176,frp:firms_viirs_noaa20_nrt_india,7.11,337.36,0.0,,,,8,8,8,8,182211.15115364792,182211.15115364792,uncertain,uncertain_review_required,insufficient_evidence,0.4,{},,,
frp:firms_viirs_noaa20_nrt_india:firms_viirs_noaa20_nrt_india.csv:1386,ranking,2026-09-04 07:12:00+00:00,8.54235,80.3744,frp:firms_viirs_noaa20_nrt_india,4.67,337.36,0.0,,,,3,3,3,3,181892.08489599527,181892.08489599527,uncertain,uncertain_review_required,insufficient_evidence,0.4,{},,,
frp:firms_viirs_noaa20_nrt_india:firms_viirs_noaa20_nrt_india.csv:1387,ranking,2026-09-04 07:12:00+00:00,8.54459,80.37231,frp:firms_viirs_noaa20_nrt_india,6.86,347.07,0.0,,,,4,4,4,4,182074.9486089819,182074.9486089819,uncertain,uncertain_review_required,insufficient_evidence,0.4,{},,,
frp:firms_viirs_noaa20_nrt_india:firms_viirs_noaa20_nrt_india.csv:1388,ranking,2026-09-04 07:12:00+00:00,8.54552,80.85181,frp:firms_viirs_noaa20_nrt_india,7.65,330.25,0.0,,,,12,12,12,12,202038.21855423367,202038.21855423367,uncertain,uncertain_review_required,insufficient_evidence,0.4,{},,,
frp:firms_viirs_noaa20_nrt_india:firms_viirs_noaa20_nrt_india.csv:1389,ranking,2026-09-04 07:14:00+00:00,16.00763,99.94904,frp:firms_viirs_noaa20_nrt_india,7.39,339.85,0.0,,,,0,0,0,0,63325.353668167496,63325.353668167496,uncertain,uncertain_review_required,insufficient_evidence,0.4,{},,,
frp:firms_viirs_noaa20_nrt_india:firms_viirs_noaa20_nrt_india.csv:1390,ranking,2026-09-04 07:14:00+00:00,16.43611,99.60104,frp:firms_viirs_noaa20_nrt_india,4.56,331.12,0.0,,,,3,3,3,3,29519.363664976318,29519.363664976318,uncertain,uncertain_review_required,insufficient_evidence,0.4,{},,,
frp:firms_viirs_noaa20_nrt_india:firms_viirs_noaa20_nrt_india.csv:1391,ranking,2026-09-04 07:14:00+00:00,16.43974,99.6751,frp:firms_viirs_noaa20_nrt_india,4.18,331.27,0.0,,,,0,0,0,0,22742.3461134398,22742.3461134398,uncertain,uncertain_review_required,insufficient_evidence,0.4,{},,,
frp:firms_viirs_noaa20_nrt_india:firms_viirs_noaa20_nrt_india.csv:1392,ranking,2026-09-04 07:14:00+00:00,16.54797,99.55754,frp:firms_viirs_noaa20_nrt_india,4.29,330.43,0.0,,,,3,3,3,3,30346.28166792155,30346.28166792155,uncertain,uncertain_review_required,insufficient_evidence,0.4,{},,,
frp:firms_viirs_noaa20_nrt_india:firms_viirs_noaa20_nrt_india.csv:1393,ranking,2026-09-04 07:14:00+00:00,16.54833,99.6031,frp:firms_viirs_noaa20_nrt_india,6.86,336.62,0.0,,,,0,0,0,0,25501.993833523364,25501.993833523364,uncertain,uncertain_review_required,insufficient_evidence,0.4,{},,,
frp:firms_viirs_noaa20_nrt_india:firms_viirs_noaa20_nrt_india.csv:1394,ranking,2026-09-04 07:14:00+00:00,17.60935,82.68137,frp:firms_viirs_noaa20_nrt_india,4.0,336.49,0.0,,,,0,0,0,0,60196.74136322795,60196.74136322795,uncertain,uncertain_review_required,insufficient_evidence,0.4,{},,,
frp:firms_viirs_noaa20_nrt_india:firms_viirs_noaa20_nrt_india.csv:1395,ranking,2026-09-04 07:16:00+00:00,20.88834,84.98114,frp:firms_viirs_noaa20_nrt_india,2.35,329.15,0.0,,,,0,0,0,0,101228.40930069903,101228.40930069903,uncertain,uncertain_review_required,insufficient_evidence,0.4,{},,,
frp:firms_viirs_noaa20_nrt_india:firms_viirs_noaa20_nrt_india.csv:1396,ranking,2026-09-04 07:16:00+00:00,21.74705,83.8432,frp:firms_viirs_noaa20_nrt_india,7.19,333.02,0.0,,,,0,0,0,0,226335.49437674545,226335.49437674545,uncertain,uncertain_review_required,insufficient_evidence,0.4,{},,,
frp:firms_viirs_noaa20_nrt_india:firms_viirs_noaa20_nrt_india.csv:1397,ranking,2026-09-04 07:16:00+00:00,23.69273,87.12243,frp:firms_viirs_noaa20_nrt_india,5.66,331.45,0.0,,,,19,19,19,19,29130.412875130296,29130.412875130296,uncertain,uncertain_review_required,insufficient_evidence,0.4,{},,,
frp:firms_viirs_noaa20_nrt_india:firms_viirs_noaa20_nrt_india.csv:1398,ranking,2026-09-04 07:16:00+00:00,23.71243,86.45306,frp:firms_viirs_noaa20_nrt_india,6.0,334.05,0.0,,,,24,24,24,24,95520.81145372457,95520.81145372457,uncertain,uncertain_review_required,insufficient_evidence,0.4,{},,,
frp:firms_viirs_noaa20_nrt_india:firms_viirs_noaa20_nrt_india.csv:1399,ranking,2026-09-04 07:16:00+00:00,26.99477,87.50374,frp:firms_viirs_noaa20_nrt_india,2.81,337.89,0.0,,,,0,0,0,0,224737.91162316053,224737.91162316053,uncertain,uncertain_review_required,insufficient_evidence,0.4,{},,,
frp:firms_viirs_noaa20_nrt_india:firms_viirs_noaa20_nrt_india.csv:1400,ranking,2026-09-04 07:16:00+00:00,28.49703,97.02219,frp:firms_viirs_noaa20_nrt_india,7.02,341.2,0.0,,,,7,7,7,7,142145.13116039918,142145.13116039918,uncertain,uncertain_review_required,insufficient_evidence,0.4,{},,,
frp:firms_viirs_noaa20_nrt_india:firms_viirs_noaa20_nrt_india.csv:1401,ranking,2026-09-04 07:16:00+00:00,28.49755,97.02412,frp:firms_viirs_noaa20_nrt_india,7.47,338.75,0.0,,,,6,6,6,6,142315.96306827586,142315.96306827586,uncertain,uncertain_review_required,insufficient_evidence,0.4,{},,,
frp:firms_viirs_noaa20_nrt_india:firms_viirs_noaa20_nrt_india.csv:1402,ranking,2026-09-04 08:52:00+00:00,6.79195,81.54296,frp:firms_viirs_noaa20_nrt_india,8.57,336.55,0.0,,,,8,8,8,8,176133.88558904876,176133.88558904876,uncertain,uncertain_review_required,insufficient_evidence,0.4,{},,,
frp:firms_viirs_noaa20_nrt_india:firms_viirs_noaa20_nrt_india.csv:1403,ranking,2026-09-04 08:52:00+00:00,6.79202,81.54022,frp:firms_viirs_noaa20_nrt_india,8.68,340.2,0.0,,,,9,9,9,9,175832.2706744279,175832.2706744279,uncertain,uncertain_review_required,insufficient_evidence,0.4,{},,,
frp:firms_viirs_noaa20_nrt_india:firms_viirs_noaa20_nrt_india.csv:1404,ranking,2026-09-04 08:52:00+00:00,7.44237,81.24368,frp:firms_viirs_noaa20_nrt_india,39.68,367.0,0.0,,,,8,8,8,8,151801.24117578333,151801.24117578333,uncertain,uncertain_review_required,insufficient_evidence,0.4,{},,,
frp:firms_viirs_noaa20_nrt_india:firms_viirs_noaa20_nrt_india.csv:1405,ranking,2026-09-04 08:52:00+00:00,7.70602,81.09903,frp:firms_viirs_noaa20_nrt_india,8.43,330.59,0.0,,,,3,3,3,3,150871.52281162268,150871.52281162268,uncertain,uncertain_review_required,insufficient_evidence,0.4,{},,,
frp:firms_viirs_noaa20_nrt_india:firms_viirs_noaa20_nrt_india.csv:1406,ranking,2026-09-04 08:52:00+00:00,7.70872,79.86331,frp:firms_viirs_noaa20_nrt_india,3.61,330.47,0.0,,,,2,2,2,2,83902.98422842607,83902.98422842607,uncertain,uncertain_review_required,insufficient_evidence,0.4,{},,,
frp:firms_viirs_noaa20_nrt_india:firms_viirs_noaa20_nrt_india.csv:1407,ranking,2026-09-04 08:52:00+00:00,7.71155,79.86526,frp:firms_viirs_noaa20_nrt_india,3.33,331.96,0.0,,,,1,1,1,1,84189.33971871625,84189.33971871625,uncertain,uncertain_review_required,insufficient_evidence,0.4,{},,,
frp:firms_viirs_noaa20_nrt_india:firms_viirs_noaa20_nrt_india.csv:1408,ranking,2026-09-04 08:52:00+00:00,7.90929,80.56167,frp:firms_viirs_noaa20_nrt_india,14.95,348.28,0.0,,,,4,4,4,4,124894.78405755243,124894.78405755243,uncertain,uncertain_review_required,insufficient_evidence,0.4,{},,,
frp:firms_viirs_noaa20_nrt_india:firms_viirs_noaa20_nrt_india.csv:1409,ranking,2026-09-04 08:52:00+00:00,7.91409,80.55795,frp:firms_viirs_noaa20_nrt_india,13.66,353.42,0.0,,,,5,5,5,5,125128.20818983298,125128.20818983298,uncertain,uncertain_review_required,insufficient_evidence,0.4,{},,,
frp:firms_viirs_noaa20_nrt_india:firms_viirs_noaa20_nrt_india.csv:1410,ranking,2026-09-04 08:52:00+00:00,8.2301,80.60484,frp:firms_viirs_noaa20_nrt_india,7.86,344.58,0.0,,,,9,9,9,9,158295.44433288643,158295.44433288643,uncertain,uncertain_review_required,insufficient_evidence,0.4,{},,,
frp:firms_viirs_noaa20_nrt_india:firms_viirs_noaa20_nrt_india.csv:1411,ranking,2026-09-04 08:52:00+00:00,8.23217,80.60614,frp:firms_viirs_noaa20_nrt_india,3.61,334.29,0.0,,,,8,8,8,8,158565.43400858398,158565.43400858398,uncertain,uncertain_review_required,insufficient_evidence,0.4,{},,,
frp:firms_viirs_noaa20_nrt_india:firms_viirs_noaa20_nrt_india.csv:1412,ranking,2026-09-04 08:52:00+00:00,8.42327,77.67912,frp:firms_viirs_noaa20_nrt_india,3.6,342.48,0.0,,,,1,1,1,1,221905.8338265917,221905.8338265917,uncertain,uncertain_review_required,insufficient_evidence,0.4,{},,,
frp:firms_viirs_noaa20_nrt_india:firms_viirs_noaa20_nrt_india.csv:1413,ranking,2026-09-04 08:52:00+00:00,8.42943,80.50793,frp:firms_viirs_noaa20_nrt_india,8.06,335.1,0.0,,,,10,10,10,10,174343.75702447345,174343.75702447345,uncertain,uncertain_review_required,insufficient_evidence,0.4,{},,,
frp:firms_viirs_noaa20_nrt_india:firms_viirs_noaa20_nrt_india.csv:1414,ranking,2026-09-04 08:52:00+00:00,8.43013,80.51373,frp:firms_viirs_noaa20_nrt_india,8.06,335.6,0.0,,,,11,11,11,11,174640.3872364383,174640.3872364383,uncertain,uncertain_review_required,insufficient_evidence,0.4,{},,,
frp:firms_viirs_noaa20_nrt_india:firms_viirs_noaa20_nrt_india.csv:1415,ranking,2026-09-04 08:52:00+00:00,8.4311,80.50901,frp:firms_viirs_noaa20_nrt_india,11.13,344.77,0.0,,,,12,12,12,12,174559.2501345219,174559.2501345219,uncertain,uncertain_review_required,insufficient_evidence,0.4,{},,,
frp:firms_viirs_noaa20_nrt_india:firms_viirs_noaa20_nrt_india.csv:1416,ranking,2026-09-04 08:52:00+00:00,8.53678,77.81892,frp:firms_viirs_noaa20_nrt_india,5.15,339.01,0.0,,,,0,0,0,0,222809.30551050423,222809.30551050423,uncertain,uncertain_review_required,insufficient_evidence,0.4,{},,,
frp:firms_viirs_noaa20_nrt_india:firms_viirs_noaa20_nrt_india.csv:1417,ranking,2026-09-04 08:52:00+00:00,8.53726,77.82267,frp:firms_viirs_noaa20_nrt_india,5.15,367.0,0.0,,,,1,1,1,1,223060.70323174124,223060.70323174124,uncertain,uncertain_review_required,insufficient_evidence,0.4,{},,,
frp:firms_viirs_noaa20_nrt_india:firms_viirs_noaa20_nrt_india.csv:1418,ranking,2026-09-04 08:52:00+00:00,8.55636,80.87636,frp:firms_viirs_noaa20_nrt_india,11.72,348.62,0.0,,,,15,15,15,15,204417.75841619904,204417.75841619904,uncertain,uncertain_review_required,insufficient_evidence,0.4,{},,,
frp:firms_viirs_noaa20_nrt_india:firms_viirs_noaa20_nrt_india.csv:1419,ranking,2026-09-04 08:52:00+00:00,8.56839,80.39928,frp:firms_viirs_noaa20_nrt_india,6.46,336.02,0.0,,,,12,12,12,12,185396.73793751007,185396.73793751007,uncertain,uncertain_review_required,insufficient_evidence,0.4,{},,,
frp:firms_viirs_noaa20_nrt_india:firms_viirs_noaa20_nrt_india.csv:1420,ranking,2026-09-04 08:52:00+00:00,8.69493,80.86718,frp:firms_viirs_noaa20_nrt_india,7.3,335.13,0.0,,,,14,14,14,14,217456.4679014538,217456.4679014538,uncertain,uncertain_review_required,insufficient_evidence,0.4,{},,,
frp:firms_viirs_noaa20_nrt_india:firms_viirs_noaa20_nrt_india.csv:1421,ranking,2026-09-04 08:52:00+00:00,8.69732,80.86606,frp:firms_viirs_noaa20_nrt_india,11.01,339.0,0.0,,,,13,13,13,13,217635.32446080766,217635.32446080766,uncertain,uncertain_review_required,insufficient_evidence,0.4,{},,,
frp:firms_viirs_noaa20_nrt_india:firms_viirs_noaa20_nrt_india.csv:1422,ranking,2026-09-04 08:52:00+00:00,8.73432,77.86235,frp:firms_viirs_noaa20_nrt_india,1.87,336.58,0.0,,,,1,1,1,1,211337.02933699894,211337.02933699894,uncertain,uncertain_review_required,insufficient_evidence,0.4,{},,,
frp:firms_viirs_noaa20_nrt_india:firms_viirs_noaa20_nrt_india.csv:1423,ranking,2026-09-04 08:52:00+00:00,8.83588,77.99625,frp:firms_viirs_noaa20_nrt_india,2.09,330.84,0.0,,,,0,0,0,0,215992.27166192257,215992.27166192257,uncertain,uncertain_review_required,insufficient_evidence,0.4,{},,,
frp:firms_viirs_noaa20_nrt_india:firms_viirs_noaa20_nrt_india.csv:1424,ranking,2026-09-04 08:52:00+00:00,8.84148,77.70094,frp:firms_viirs_noaa20_nrt_india,8.48,352.84,0.0,,,,3,3,3,3,190120.021158479,190120.021158479,uncertain,uncertain_review_required,insufficient_evidence,0.4,{},,,
frp:firms_viirs_noaa20_nrt_india:firms_viirs_noaa20_nrt_india.csv:1425,ranking,2026-09-04 08:52:00+00:00,8.84704,77.70026,frp:firms_viirs_noaa20_nrt_india,10.59,350.85,0.0,,,,2,2,2,2,189657.98248979377,189657.98248979377,uncertain,uncertain_review_required,insufficient_evidence,0.4,{},,,
frp:firms_viirs_noaa20_nrt_india:firms_viirs_noaa20_nrt_india.csv:1426,ranking,2026-09-04 08:52:00+00:00,9.227,77.50995,frp:firms_viirs_noaa20_nrt_india,5.08,333.23,0.0,,,,1,1,1,1,147321.76236001408,147321.76236001408,uncertain,uncertain_review_required,insufficient_evidence,0.4,{},,,
frp:firms_viirs_noaa20_nrt_india:firms_viirs_noaa20_nrt_india.csv:1427,ranking,2026-09-04 08:52:00+00:00,9.32813,77.77109,frp:firms_viirs_noaa20_nrt_india,2.23,344.38,0.0,,,,0,0,0,0,166796.56756881005,166796.56756881005,uncertain,uncertain_review_required,insufficient_evidence,0.4,{},,,
frp:firms_viirs_noaa20_nrt_india:firms_viirs_noaa20_nrt_india.csv:1428,ranking,2026-09-04 08:52:00+00:00,9.40713,80.29379,frp:firms_viirs_noaa20_nrt_india,5.73,340.05,0.0,,,,3,3,3,3,169185.21723898867,169185.21723898867,uncertain,uncertain_review_required,insufficient_evidence,0.4,{},,,
frp:firms_viirs_noaa20_nrt_india:firms_viirs_noaa20_nrt_india.csv:1429,ranking,2026-09-04 08:52:00+00:00,9.45251,80.50063,frp:firms_viirs_noaa20_nrt_india,4.9,331.41,0.0,,,,6,6,6,6,173543.07787930174,173543.07787930174,uncertain,uncertain_review_required,insufficient_evidence,0.4,{},,,
frp:firms_viirs_noaa20_nrt_india:firms_viirs_noaa20_nrt_india.csv:1430,ranking,2026-09-04 08:52:00+00:00,9.84708,78.08351,frp:firms_viirs_noaa20_nrt_india,2.27,330.17,0.0,,,,0,0,0,0,171614.6459747421,171614.6459747421,uncertain,uncertain_review_required,insufficient_evidence,0.4,{},,,
frp:firms_viirs_noaa20_nrt_india:firms_viirs_noaa20_nrt_india.csv:1431,ranking,2026-09-04 08:54:00+00:00,13.90252,78.07291,frp:firms_viirs_noaa20_nrt_india,2.74,330.71,0.0,,,,1,1,1,1,252929.09017615917,252929.09017615917,uncertain,uncertain_review_required,insufficient_evidence,0.4,{},,,
frp:firms_viirs_noaa20_nrt_india:firms_viirs_noaa20_nrt_india.csv:1432,ranking,2026-09-04 08:56:00+00:00,22.92564,70.10651,frp:firms_viirs_noaa20_nrt_india,6.03,330.89,0.0,,,,2,2,2,2,60121.37644562298,60121.37644562298,uncertain,uncertain_review_required,insufficient_evidence,0.4,{},,,
frp:firms_viirs_noaa20_nrt_india:firms_viirs_noaa20_nrt_india.csv:1433,ranking,2026-09-04 08:58:00+00:00,23.32104,68.85722,frp:firms_viirs_noaa20_nrt_india,9.54,336.7,0.0,,,,0,0,0,0,141670.00408739448,141670.00408739448,uncertain,uncertain_review_required,insufficient_evidence,0.4,{},,,
frp:firms_viirs_noaa20_nrt_india:firms_viirs_noaa20_nrt_india.csv:1434,ranking,2026-09-04 08:58:00+00:00,24.46648,68.4707,frp:firms_viirs_noaa20_nrt_india,2.73,332.04,0.0,,,,0,0,0,0,12507.162224325997,12507.162224325997,uncertain,uncertain_review_required,insufficient_evidence,0.4,{},,,
frp:firms_viirs_noaa20_nrt_india:firms_viirs_noaa20_nrt_india.csv:1435,ranking,2026-09-04 08:58:00+00:00,24.67282,67.68916,frp:firms_viirs_noaa20_nrt_india,2.77,335.17,0.0,,,,0,0,0,0,32563.61808922199,32563.61808922199,uncertain,uncertain_review_required,insufficient_evidence,0.4,{},,,
frp:firms_viirs_noaa20_nrt_india:firms_viirs_noaa20_nrt_india.csv:1436,ranking,2026-09-04 08:58:00+00:00,25.60187,68.655,frp:firms_viirs_noaa20_nrt_india,5.99,334.98,0.0,,,,0,0,0,0,19969.02530261933,19969.02530261933,uncertain,uncertain_review_required,insufficient_evidence,0.4,{},,,
frp:firms_viirs_noaa20_nrt_india:firms_viirs_noaa20_nrt_india.csv:1437,ranking,2026-09-04 08:58:00+00:00,25.69429,68.37287,frp:firms_viirs_noaa20_nrt_india,9.16,346.32,0.0,,,,0,0,0,0,32506.1743498648,32506.1743498648,uncertain,uncertain_review_required,insufficient_evidence,0.4,{},,,
frp:firms_viirs_noaa20_nrt_india:firms_viirs_noaa20_nrt_india.csv:1438,ranking,2026-09-04 08:58:00+00:00,25.80458,72.25359,frp:firms_viirs_noaa20_nrt_india,3.59,333.21,0.0,,,,0,0,0,0,74372.53441466768,74372.53441466768,uncertain,uncertain_review_required,insufficient_evidence,0.4,{},,,
frp:firms_viirs_noaa20_nrt_india:firms_viirs_noaa20_nrt_india.csv:1439,ranking,2026-09-04 08:58:00+00:00,25.80554,72.25489,frp:firms_viirs_noaa20_nrt_india,2.74,332.06,0.0,,,,1,1,1,1,74538.45852607266,74538.45852607266,uncertain,uncertain_review_required,insufficient_evidence,0.4,{},,,
frp:firms_viirs_noaa20_nrt_india:firms_viirs_noaa20_nrt_india.csv:1440,ranking,2026-09-04 08:58:00+00:00,26.22089,68.72581,frp:firms_viirs_noaa20_nrt_india,7.33,347.03,0.0,,,,0,0,0,0,9974.496130564501,9974.496130564501,uncertain,uncertain_review_required,insufficient_evidence,0.4,{},,,
frp:firms_viirs_noaa20_nrt_india:firms_viirs_noaa20_nrt_india.csv:1441,ranking,2026-09-04 08:58:00+00:00,26.26703,68.71362,frp:firms_viirs_noaa20_nrt_india,6.71,344.71,0.0,,,,0,0,0,0,14692.942750652903,14692.942750652903,uncertain,uncertain_review_required,insufficient_evidence,0.4,{},,,
frp:firms_viirs_noaa20_nrt_india:firms_viirs_noaa20_nrt_india.csv:1442,ranking,2026-09-04 08:58:00+00:00,28.45206,68.1468,frp:firms_viirs_noaa20_nrt_india,7.33,334.78,0.0,,,,2,2,2,2,50606.00699901061,50606.00699901061,uncertain,uncertain_review_required,insufficient_evidence,0.4,{},,,
frp:firms_viirs_noaa20_nrt_india:firms_viirs_noaa20_nrt_india.csv:1443,ranking,2026-09-04 08:58:00+00:00,28.45271,68.15234,frp:firms_viirs_noaa20_nrt_india,7.33,338.37,0.0,,,,1,1,1,1,50072.930846461364,50072.930846461364,uncertain,uncertain_review_required,insufficient_evidence,0.4,{},,,
frp:firms_viirs_noaa20_nrt_india:firms_viirs_noaa20_nrt_india.csv:1444,ranking,2026-09-04 08:58:00+00:00,29.33545,69.01601,frp:firms_viirs_noaa20_nrt_india,4.74,350.1,0.0,,,,2,2,2,2,79659.92616419951,79659.92616419951,uncertain,uncertain_review_required,insufficient_evidence,0.4,{},,,
frp:firms_viirs_noaa20_nrt_india:firms_viirs_noaa20_nrt_india.csv:1445,ranking,2026-09-04 08:58:00+00:00,29.90779,74.95393,frp:firms_viirs_noaa20_nrt_india,3.63,334.59,0.0,,,,6,6,6,6,330.4037331785369,330.4037331785369,emergency_or_transient_fire,industrial_fire_candidate,industrial_proximity,0.72,{},,,
frp:firms_viirs_noaa20_nrt_india:firms_viirs_noaa20_nrt_india.csv:1446,ranking,2026-09-04 09:00:00+00:00,32.43343,71.37107,frp:firms_viirs_noaa20_nrt_india,7.83,340.84,0.0,,,,1,1,1,1,76001.35828503268,76001.35828503268,uncertain,uncertain_review_required,insufficient_evidence,0.4,{},,,
frp:firms_viirs_noaa20_nrt_india:firms_viirs_noaa20_nrt_india.csv:1447,ranking,2026-09-04 09:00:00+00:00,32.4346,71.36937,frp:firms_viirs_noaa20_nrt_india,4.95,338.7,0.0,,,,2,2,2,2,75908.80584214244,75908.80584214244,uncertain,uncertain_review_required,insufficient_evidence,0.4,{},,,
frp:firms_viirs_noaa20_nrt_india:firms_viirs_noaa20_nrt_india.csv:1448,ranking,2026-09-04 09:02:00+00:00,38.05019,67.26635,frp:firms_viirs_noaa20_nrt_india,2.91,341.93,0.0,,,,40,40,40,40,76434.73188767035,76434.73188767035,uncertain,uncertain_review_required,insufficient_evidence,0.4,{},,,
frp:firms_viirs_snpp_nrt_india:firms_viirs_snpp_nrt_india.csv:735,ranking,2026-09-02 09:11:00+00:00,9.92334,78.1786,frp:firms_viirs_snpp_nrt_india,8.28,333.46,0.0,,,,1,1,1,1,158183.13887836202,158183.13887836202,uncertain,uncertain_review_required,insufficient_evidence,0.4,{},,,
frp:firms_viirs_snpp_nrt_india:firms_viirs_snpp_nrt_india.csv:736,ranking,2026-09-02 09:11:00+00:00,11.34867,77.58162,frp:firms_viirs_snpp_nrt_india,6.73,343.48,0.0,,,,0,0,0,0,197470.45823521577,197470.45823521577,uncertain,uncertain_review_required,insufficient_evidence,0.4,{},,,
frp:firms_viirs_snpp_nrt_india:firms_viirs_snpp_nrt_india.csv:737,ranking,2026-09-02 09:13:00+00:00,18.5739,72.24182,frp:firms_viirs_snpp_nrt_india,4.18,327.45,0.0,,,,1,1,1,1,361.4213709374368,361.4213709374368,emergency_or_transient_fire,industrial_fire_candidate,industrial_proximity,0.72,{},,,
frp:firms_viirs_snpp_nrt_india:firms_viirs_snpp_nrt_india.csv:738,ranking,2026-09-02 09:15:00+00:00,27.85456,72.35793,frp:firms_viirs_snpp_nrt_india,6.23,335.36,0.0,,,,0,0,0,0,229010.4726069759,229010.4726069759,uncertain,uncertain_review_required,insufficient_evidence,0.4,{},,,
frp:firms_viirs_snpp_nrt_india:firms_viirs_snpp_nrt_india.csv:739,ranking,2026-09-02 09:15:00+00:00,28.29682,67.82691,frp:firms_viirs_snpp_nrt_india,7.3,339.82,0.0,,,,1,1,1,1,86112.70935217635,86112.70935217635,uncertain,uncertain_review_required,insufficient_evidence,0.4,{},,,
frp:firms_viirs_snpp_nrt_india:firms_viirs_snpp_nrt_india.csv:740,ranking,2026-09-02 18:26:00+00:00,7.80859,99.84074,frp:firms_viirs_snpp_nrt_india,2.66,323.48,0.0,,,,0,0,0,0,189159.56380393752,189159.56380393752,uncertain,uncertain_review_required,insufficient_evidence,0.4,{},,,
frp:firms_viirs_snpp_nrt_india:firms_viirs_snpp_nrt_india.csv:741,ranking,2026-09-02 20:00:00+00:00,27.37742,95.33333,frp:firms_viirs_snpp_nrt_india,1.17,296.12,0.0,,,,0,0,0,0,3062.0830927977913,3062.0830927977913,uncertain,uncertain_review_required,insufficient_evidence,0.4,{},,,
frp:firms_viirs_snpp_nrt_india:firms_viirs_snpp_nrt_india.csv:742,ranking,2026-09-02 20:02:00+00:00,20.94712,86.04544,frp:firms_viirs_snpp_nrt_india,2.41,299.71,0.0,,,,0,0,0,0,23080.126534376403,23080.126534376403,uncertain,uncertain_review_required,insufficient_evidence,0.4,{},,,
frp:firms_viirs_snpp_nrt_india:firms_viirs_snpp_nrt_india.csv:743,ranking,2026-09-02 20:02:00+00:00,20.94769,86.04173,frp:firms_viirs_snpp_nrt_india,2.41,329.92,0.0,,,,1,1,1,1,22818.46503491443,22818.46503491443,uncertain,uncertain_review_required,insufficient_evidence,0.4,{},,,
frp:firms_viirs_snpp_nrt_india:firms_viirs_snpp_nrt_india.csv:744,ranking,2026-09-02 20:02:00+00:00,20.94987,86.04974,frp:firms_viirs_snpp_nrt_india,1.99,317.46,0.0,,,,3,3,3,3,23074.127548805034,23074.127548805034,uncertain,uncertain_review_required,insufficient_evidence,0.4,{},,,
frp:firms_viirs_snpp_nrt_india:firms_viirs_snpp_nrt_india.csv:745,ranking,2026-09-02 20:02:00+00:00,20.95044,86.04603,frp:firms_viirs_snpp_nrt_india,2.41,320.77,0.0,,,,2,2,2,2,22805.716278433327,22805.716278433327,uncertain,uncertain_review_required,insufficient_evidence,0.4,{},,,
frp:firms_viirs_snpp_nrt_india:firms_viirs_snpp_nrt_india.csv:746,ranking,2026-09-02 20:02:00+00:00,20.96373,86.04834,frp:firms_viirs_snpp_nrt_india,0.85,300.88,0.0,,,,6,6,6,6,21733.881116120247,21733.881116120247,uncertain,uncertain_review_required,insufficient_evidence,0.4,{},,,
frp:firms_viirs_snpp_nrt_india:firms_viirs_snpp_nrt_india.csv:747,ranking,2026-09-02 20:02:00+00:00,20.97057,86.0037,frp:firms_viirs_snpp_nrt_india,1.07,307.75,0.0,,,,2,2,2,2,18659.57698204194,18659.57698204194,uncertain,uncertain_review_required,insufficient_evidence,0.4,{},,,
frp:firms_viirs_snpp_nrt_india:firms_viirs_snpp_nrt_india.csv:748,ranking,2026-09-02 20:02:00+00:00,20.97389,86.00428,frp:firms_viirs_snpp_nrt_india,0.75,303.42,0.0,,,,2,2,2,2,18356.6751145802,18356.6751145802,uncertain,uncertain_review_required,insufficient_evidence,0.4,{},,,
frp:firms_viirs_snpp_nrt_india:firms_viirs_snpp_nrt_india.csv:749,ranking,2026-09-02 20:02:00+00:00,22.24434,87.38933,frp:firms_viirs_snpp_nrt_india,1.69,307.58,0.0,,,,0,0,0,0,76612.09433722556,76612.09433722556,uncertain,uncertain_review_required,insufficient_evidence,0.4,{},,,
frp:firms_viirs_snpp_nrt_india:firms_viirs_snpp_nrt_india.csv:750,ranking,2026-09-02 20:02:00+00:00,23.66686,86.09244,frp:firms_viirs_snpp_nrt_india,2.0,303.59,0.0,,,,0,0,0,0,131465.0191932053,131465.0191932053,uncertain,uncertain_review_required,insufficient_evidence,0.4,{},,,
frp:firms_viirs_snpp_nrt_india:firms_viirs_snpp_nrt_india.csv:751,ranking,2026-09-02 20:02:00+00:00,23.69712,85.35915,frp:firms_viirs_snpp_nrt_india,0.72,298.21,0.0,,,,0,0,0,0,206199.14926956216,206199.14926956216,uncertain,uncertain_review_required,insufficient_evidence,0.4,{},,,
frp:firms_viirs_snpp_nrt_india:firms_viirs_snpp_nrt_india.csv:752,ranking,2026-09-02 20:02:00+00:00,23.75301,86.3995,frp:firms_viirs_snpp_nrt_india,1.79,306.1,0.0,,,,13,13,13,13,101666.60101797273,101666.60101797273,uncertain,uncertain_review_required,insufficient_evidence,0.4,{},,,
frp:firms_viirs_snpp_nrt_india:firms_viirs_snpp_nrt_india.csv:753,ranking,2026-09-02 20:02:00+00:00,23.75577,86.40394,frp:firms_viirs_snpp_nrt_india,1.05,306.39,0.0,,,,11,11,11,11,101281.52041768972,101281.52041768972,uncertain,uncertain_review_required,insufficient_evidence,0.4,{},,,
frp:firms_viirs_snpp_nrt_india:firms_viirs_snpp_nrt_india.csv:754,ranking,2026-09-02 20:02:00+00:00,23.75693,86.39625,frp:firms_viirs_snpp_nrt_india,1.45,306.5,0.0,,,,9,9,9,9,102074.3507620264,102074.3507620264,uncertain,uncertain_review_required,insufficient_evidence,0.4,{},,,
frp:firms_viirs_snpp_nrt_india:firms_viirs_snpp_nrt_india.csv:755,ranking,2026-09-02 20:02:00+00:00,23.75911,86.40453,frp:firms_viirs_snpp_nrt_india,1.05,307.12,0.0,,,,5,5,5,5,101294.80531096696,101294.80531096696,uncertain,uncertain_review_required,insufficient_evidence,0.4,{},,,
frp:firms_viirs_snpp_nrt_india:firms_viirs_snpp_nrt_india.csv:756,ranking,2026-09-02 20:02:00+00:00,23.75969,86.40069,frp:firms_viirs_snpp_nrt_india,1.45,312.71,0.0,,,,4,4,4,4,101690.66430220265,101690.66430220265,uncertain,uncertain_review_required,insufficient_evidence,0.4,{},,,
frp:firms_viirs_snpp_nrt_india:firms_viirs_snpp_nrt_india.csv:757,ranking,2026-09-02 20:02:00+00:00,23.76244,86.40514,frp:firms_viirs_snpp_nrt_india,1.07,302.54,0.0,,,,3,3,3,3,101307.27198728625,101307.27198728625,uncertain,uncertain_review_required,insufficient_evidence,0.4,{},,,
frp:firms_viirs_snpp_nrt_india:firms_viirs_snpp_nrt_india.csv:758,ranking,2026-09-02 20:02:00+00:00,23.76303,86.40129,frp:firms_viirs_snpp_nrt_india,0.98,306.39,0.0,,,,2,2,2,2,101704.28807958007,101704.28807958007,uncertain,uncertain_review_required,insufficient_evidence,0.4,{},,,
frp:firms_viirs_snpp_nrt_india:firms_viirs_snpp_nrt_india.csv:759,ranking,2026-09-02 20:02:00+00:00,23.76419,86.39362,frp:firms_viirs_snpp_nrt_india,1.77,305.69,0.0,,,,1,1,1,1,102494.8868428167,102494.8868428167,uncertain,uncertain_review_required,insufficient_evidence,0.4,{},,,
frp:firms_viirs_snpp_nrt_india:firms_viirs_snpp_nrt_india.csv:760,ranking,2026-09-02 20:02:00+00:00,23.76637,86.40189,frp:firms_viirs_snpp_nrt_india,0.98,301.52,0.0,,,,6,6,6,6,101719.30570300572,101719.30570300572,uncertain,uncertain_review_required,insufficient_evidence,0.4,{},,,
frp:firms_viirs_snpp_nrt_india:firms_viirs_snpp_nrt_india.csv:761,ranking,2026-09-02 20:02:00+00:00,23.7665,86.37826,frp:firms_viirs_snpp_nrt_india,1.13,303.1,0.0,,,,0,0,0,0,104077.8671723385,104077.8671723385,uncertain,uncertain_review_required,insufficient_evidence,0.4,{},,,
frp:firms_viirs_snpp_nrt_india:firms_viirs_snpp_nrt_india.csv:762,ranking,2026-09-02 20:02:00+00:00,23.76929,86.01326,frp:firms_viirs_snpp_nrt_india,1.06,303.69,0.0,,,,2,2,2,2,140727.72325526574,140727.72325526574,uncertain,uncertain_review_required,insufficient_evidence,0.4,{},,,
frp:firms_viirs_snpp_nrt_india:firms_viirs_snpp_nrt_india.csv:763,ranking,2026-09-02 20:02:00+00:00,23.77496,85.99825,frp:firms_viirs_snpp_nrt_india,0.93,304.92,0.0,,,,0,0,0,0,142331.7507777334,142331.7507777334,uncertain,uncertain_review_required,insufficient_evidence,0.4,{},,,
frp:firms_viirs_snpp_nrt_india:firms_viirs_snpp_nrt_india.csv:764,ranking,2026-09-02 20:02:00+00:00,23.77536,86.38774,frp:firms_viirs_snpp_nrt_india,2.1,305.74,0.0,,,,8,8,8,8,103334.62583072291,103334.62583072291,uncertain,uncertain_review_required,insufficient_evidence,0.4,{},,,
frp:firms_viirs_snpp_nrt_india:firms_viirs_snpp_nrt_india.csv:765,ranking,2026-09-02 20:02:00+00:00,23.77554,85.99434,frp:firms_viirs_snpp_nrt_india,0.93,303.22,0.0,,,,1,1,1,1,142734.79680120543,142734.79680120543,uncertain,uncertain_review_required,insufficient_evidence,0.4,{},,,
frp:firms_viirs_snpp_nrt_india:firms_viirs_snpp_nrt_india.csv:766,ranking,2026-09-02 20:02:00+00:00,23.77812,86.39218,frp:firms_viirs_snpp_nrt_india,1.06,303.48,0.0,,,,7,7,7,7,102957.98273615046,102957.98273615046,uncertain,uncertain_review_required,insufficient_evidence,0.4,{},,,
frp:firms_viirs_snpp_nrt_india:firms_viirs_snpp_nrt_india.csv:767,ranking,2026-09-02 20:02:00+00:00,23.7787,86.38834,frp:firms_viirs_snpp_nrt_india,1.75,311.58,0.0,,,,10,10,10,10,103353.48847312217,103353.48847312217,uncertain,uncertain_review_required,insufficient_evidence,0.4,{},,,
frp:firms_viirs_snpp_nrt_india:firms_viirs_snpp_nrt_india.csv:768,ranking,2026-09-02 20:02:00+00:00,23.78102,86.37297,frp:firms_viirs_snpp_nrt_india,1.41,301.83,0.0,,,,13,13,13,13,104936.5336116012,104936.5336116012,uncertain,uncertain_review_required,insufficient_evidence,0.4,{},,,
frp:firms_viirs_snpp_nrt_india:firms_viirs_snpp_nrt_india.csv:769,ranking,2026-09-02 20:02:00+00:00,23.80136,86.32924,frp:firms_viirs_snpp_nrt_india,0.85,302.76,0.0,,,,0,0,0,0,109771.8258042504,109771.8258042504,uncertain,uncertain_review_required,insufficient_evidence,0.4,{},,,
frp:firms_viirs_snpp_nrt_india:firms_viirs_snpp_nrt_india.csv:770,ranking,2026-09-02 20:02:00+00:00,23.80471,86.32983,frp:firms_viirs_snpp_nrt_india,0.85,311.61,0.0,,,,1,1,1,1,109797.15621033695,109797.15621033695,uncertain,uncertain_review_required,insufficient_evidence,0.4,{},,,
frp:firms_viirs_snpp_nrt_india:firms_viirs_snpp_nrt_india.csv:771,ranking,2026-09-02 20:02:00+00:00,23.80529,86.32597,frp:firms_viirs_snpp_nrt_india,0.85,299.68,0.0,,,,2,2,2,2,110194.25430107063,110194.25430107063,uncertain,uncertain_review_required,insufficient_evidence,0.4,{},,,
frp:firms_viirs_snpp_nrt_india:firms_viirs_snpp_nrt_india.csv:772,ranking,2026-09-02 20:04:00+00:00,15.16884,76.38137,frp:firms_viirs_snpp_nrt_india,1.08,303.55,0.0,,,,4,4,4,4,291513.17204357777,291513.17204357777,uncertain,uncertain_review_required,insufficient_evidence,0.4,{},,,
frp:firms_viirs_snpp_nrt_india:firms_viirs_snpp_nrt_india.csv:773,ranking,2026-09-02 20:04:00+00:00,15.17321,76.65722,frp:firms_viirs_snpp_nrt_india,1.52,298.31,0.0,,,,18,18,18,18,309585.1432887117,309585.1432887117,uncertain,uncertain_review_required,insufficient_evidence,0.4,{},,,
frp:firms_viirs_snpp_nrt_india:firms_viirs_snpp_nrt_india.csv:774,ranking,2026-09-02 20:04:00+00:00,15.17359,76.65408,frp:firms_viirs_snpp_nrt_india,1.23,300.96,0.0,,,,17,17,17,17,309406.48273976624,309406.48273976624,uncertain,uncertain_review_required,insufficient_evidence,0.4,{},,,
frp:firms_viirs_snpp_nrt_india:firms_viirs_snpp_nrt_india.csv:775,ranking,2026-09-02 20:04:00+00:00,15.17838,76.65782,frp:firms_viirs_snpp_nrt_india,1.94,304.14,0.0,,,,16,16,16,16,310073.0534902582,310073.0534902582,uncertain,uncertain_review_required,insufficient_evidence,0.4,{},,,
frp:firms_viirs_snpp_nrt_india:firms_viirs_snpp_nrt_india.csv:776,ranking,2026-09-02 20:04:00+00:00,15.17876,76.65467,frp:firms_viirs_snpp_nrt_india,1.51,303.64,0.0,,,,20,20,20,20,309894.0142713146,309894.0142713146,uncertain,uncertain_review_required,insufficient_evidence,0.4,{},,,
frp:firms_viirs_snpp_nrt_india:firms_viirs_snpp_nrt_india.csv:777,ranking,2026-09-02 20:04:00+00:00,15.18241,76.66785,frp:firms_viirs_snpp_nrt_india,2.21,303.1,0.0,,,,19,19,19,19,311097.80699647946,311097.80699647946,uncertain,uncertain_review_required,insufficient_evidence,0.4,{},,,
frp:firms_viirs_snpp_nrt_india:firms_viirs_snpp_nrt_india.csv:778,ranking,2026-09-02 20:04:00+00:00,15.78634,80.24809,frp:firms_viirs_snpp_nrt_india,1.63,304.51,0.0,,,,0,0,0,0,76403.20541817854,76403.20541817854,uncertain,uncertain_review_required,insufficient_evidence,0.4,{},,,
frp:firms_viirs_snpp_nrt_india:firms_viirs_snpp_nrt_india.csv:779,ranking,2026-09-02 20:04:00+00:00,17.60491,83.19991,frp:firms_viirs_snpp_nrt_india,1.14,295.25,0.0,,,,2,2,2,2,10871.041819493446,10871.041819493446,uncertain,uncertain_review_required,insufficient_evidence,0.4,{},,,
frp:firms_viirs_snpp_nrt_india:firms_viirs_snpp_nrt_india.csv:780,ranking,2026-09-02 20:04:00+00:00,17.60785,83.20464,frp:firms_viirs_snpp_nrt_india,0.82,298.93,0.0,,,,1,1,1,1,10370.439647809659,10370.439647809659,uncertain,uncertain_review_required,insufficient_evidence,0.4,{},,,
frp:firms_viirs_snpp_nrt_india:firms_viirs_snpp_nrt_india.csv:781,ranking,2026-09-02 20:04:00+00:00,17.61139,83.20518,frp:firms_viirs_snpp_nrt_india,1.06,299.79,0.0,,,,0,0,0,0,9985.819415212658,9985.819415212658,uncertain,uncertain_review_required,insufficient_evidence,0.4,{},,,
frp:firms_viirs_snpp_nrt_india:firms_viirs_snpp_nrt_india.csv:782,ranking,2026-09-02 20:04:00+00:00,18.68321,73.04121,frp:firms_viirs_snpp_nrt_india,3.91,301.76,0.0,,,,10,10,10,10,22824.227649195014,22824.227649195014,uncertain,uncertain_review_required,insufficient_evidence,0.4,{},,,
frp:firms_viirs_snpp_nrt_india:firms_viirs_snpp_nrt_india.csv:783,ranking,2026-09-02 20:04:00+00:00,18.68376,73.03494,frp:firms_viirs_snpp_nrt_india,2.69,307.43,0.0,,,,11,11,11,11,22431.485003632115,22431.485003632115,uncertain,uncertain_review_required,insufficient_evidence,0.4,{},,,
frp:firms_viirs_snpp_nrt_india:firms_viirs_snpp_nrt_india.csv:784,ranking,2026-09-02 20:04:00+00:00,18.6843,73.02866,frp:firms_viirs_snpp_nrt_india,2.69,303.48,0.0,,,,9,9,9,9,22052.14689617196,22052.14689617196,uncertain,uncertain_review_required,insufficient_evidence,0.4,{},,,
frp:firms_viirs_snpp_nrt_india:firms_viirs_snpp_nrt_india.csv:785,ranking,2026-09-02 20:04:00+00:00,21.16249,72.6673,frp:firms_viirs_snpp_nrt_india,1.98,304.69,0.0,,,,0,0,0,0,7396.348775622798,7396.348775622798,uncertain,uncertain_review_required,insufficient_evidence,0.4,{},,,
frp:firms_viirs_snpp_nrt_india:firms_viirs_snpp_nrt_india.csv:786,ranking,2026-09-02 20:04:00+00:00,21.1658,72.66228,frp:firms_viirs_snpp_nrt_india,1.54,301.64,0.0,,,,1,1,1,1,7969.277594305238,7969.277594305238,uncertain,uncertain_review_required,insufficient_evidence,0.4,{},,,
frp:firms_viirs_snpp_nrt_india:firms_viirs_snpp_nrt_india.csv:787,ranking,2026-09-02 20:06:00+00:00,7.47998,81.08479,frp:firms_viirs_snpp_nrt_india,2.11,311.65,0.0,,,,0,0,0,0,137250.40025946297,137250.40025946297,uncertain,uncertain_review_required,insufficient_evidence,0.4,{},,,
frp:firms_viirs_snpp_nrt_india:firms_viirs_snpp_nrt_india.csv:788,ranking,2026-09-02 20:06:00+00:00,7.5548,81.30308,frp:firms_viirs_snpp_nrt_india,3.47,323.29,0.0,,,,3,3,3,3,162603.45263572488,162603.45263572488,uncertain,uncertain_review_required,insufficient_evidence,0.4,{},,,
frp:firms_viirs_snpp_nrt_india:firms_viirs_snpp_nrt_india.csv:789,ranking,2026-09-02 20:06:00+00:00,7.55889,81.2997,frp:firms_viirs_snpp_nrt_india,1.3,309.37,0.0,,,,4,4,4,4,162448.27993982442,162448.27993982442,uncertain,uncertain_review_required,insufficient_evidence,0.4,{},,,
frp:firms_viirs_snpp_nrt_india:firms_viirs_snpp_nrt_india.csv:790,ranking,2026-09-02 20:06:00+00:00,7.76356,80.32153,frp:firms_viirs_snpp_nrt_india,1.7,306.91,0.0,,,,0,0,0,0,98018.81276540914,98018.81276540914,uncertain,uncertain_review_required,insufficient_evidence,0.4,{},,,
frp:firms_viirs_snpp_nrt_india:firms_viirs_snpp_nrt_india.csv:791,ranking,2026-09-02 20:06:00+00:00,7.96894,79.79425,frp:firms_viirs_snpp_nrt_india,3.02,308.78,0.0,,,,0,0,0,0,113623.15014275043,113623.15014275043,uncertain,uncertain_review_required,insufficient_evidence,0.4,{},,,
frp:firms_viirs_snpp_nrt_india:firms_viirs_snpp_nrt_india.csv:792,ranking,2026-09-02 20:06:00+00:00,7.97252,80.73882,frp:firms_viirs_snpp_nrt_india,2.91,321.51,0.0,,,,4,4,4,4,141844.5605967588,141844.5605967588,uncertain,uncertain_review_required,insufficient_evidence,0.4,{},,,
frp:firms_viirs_snpp_nrt_india:firms_viirs_snpp_nrt_india.csv:793,ranking,2026-09-02 20:06:00+00:00,8.01085,81.28994,frp:firms_viirs_snpp_nrt_india,1.23,306.92,0.0,,,,4,4,4,4,187802.8895665891,187802.8895665891,uncertain,uncertain_review_required,insufficient_evidence,0.4,{},,,
frp:firms_viirs_snpp_nrt_india:firms_viirs_snpp_nrt_india.csv:794,ranking,2026-09-02 20:06:00+00:00,8.08357,80.79222,frp:firms_viirs_snpp_nrt_india,6.49,328.17,0.0,,,,8,8,8,8,155246.19102486174,155246.19102486174,uncertain,uncertain_review_required,insufficient_evidence,0.4,{},,,
frp:firms_viirs_snpp_nrt_india:firms_viirs_snpp_nrt_india.csv:795,ranking,2026-09-02 20:06:00+00:00,8.08421,80.78805,frp:firms_viirs_snpp_nrt_india,6.49,330.49,0.0,,,,7,7,7,7,155031.17609331603,155031.17609331603,uncertain,uncertain_review_required,insufficient_evidence,0.4,{},,,
frp:firms_viirs_snpp_nrt_india:firms_viirs_snpp_nrt_india.csv:796,ranking,2026-09-02 20:06:00+00:00,8.35069,80.99633,frp:firms_viirs_snpp_nrt_india,0.44,308.39,0.0,,,,4,4,4,4,192484.43752793974,192484.43752793974,uncertain,uncertain_review_required,insufficient_evidence,0.4,{},,,
frp:firms_viirs_snpp_nrt_india:firms_viirs_snpp_nrt_india.csv:797,ranking,2026-09-02 20:06:00+00:00,9.55174,77.51925,frp:firms_viirs_snpp_nrt_india,0.75,300.72,0.0,,,,17,17,17,17,131675.14553993935,131675.14553993935,uncertain,uncertain_review_required,insufficient_evidence,0.4,{},,,
frp:firms_viirs_snpp_nrt_india:firms_viirs_snpp_nrt_india.csv:798,ranking,2026-09-02 20:06:00+00:00,9.55315,77.52262,frp:firms_viirs_snpp_nrt_india,2.59,321.0,0.0,,,,16,16,16,16,131967.20332570988,131967.20332570988,uncertain,uncertain_review_required,insufficient_evidence,0.4,{},,,
frp:firms_viirs_snpp_nrt_india:firms_viirs_snpp_nrt_india.csv:799,ranking,2026-09-02 20:06:00+00:00,9.55481,77.51051,frp:firms_viirs_snpp_nrt_india,0.75,305.7,0.0,,,,11,11,11,11,130657.890761929,130657.890761929,uncertain,uncertain_review_required,insufficient_evidence,0.4,{},,,
frp:firms_viirs_snpp_nrt_india:firms_viirs_snpp_nrt_india.csv:800,ranking,2026-09-02 20:06:00+00:00,9.55874,77.51527,frp:firms_viirs_snpp_nrt_india,2.55,299.36,0.0,,,,13,13,13,13,130996.20044228305,130996.20044228305,uncertain,uncertain_review_required,insufficient_evidence,0.4,{},,,
frp:firms_viirs_snpp_nrt_india:firms_viirs_snpp_nrt_india.csv:801,ranking,2026-09-02 20:06:00+00:00,9.55933,77.5109,frp:firms_viirs_snpp_nrt_india,0.75,299.08,0.0,,,,12,12,12,12,130523.76308176812,130523.76308176812,uncertain,uncertain_review_required,insufficient_evidence,0.4,{},,,
frp:firms_viirs_snpp_nrt_india:firms_viirs_snpp_nrt_india.csv:802,ranking,2026-09-02 20:06:00+00:00,9.56071,77.53418,frp:firms_viirs_snpp_nrt_india,2.32,314.02,0.0,,,,11,11,11,11,132870.75979829958,132870.75979829958,uncertain,uncertain_review_required,insufficient_evidence,0.4,{},,,
frp:firms_viirs_snpp_nrt_india:firms_viirs_snpp_nrt_india.csv:803,ranking,2026-09-02 20:06:00+00:00,9.56267,77.52,frp:firms_viirs_snpp_nrt_india,2.11,312.46,0.0,,,,15,15,15,15,131334.05925729408,131334.05925729408,uncertain,uncertain_review_required,insufficient_evidence,0.4,{},,,
frp:firms_viirs_snpp_nrt_india:firms_viirs_snpp_nrt_india.csv:804,ranking,2026-09-02 20:06:00+00:00,11.17563,79.08776,frp:firms_viirs_snpp_nrt_india,0.63,304.65,0.0,,,,2,2,2,2,46879.55893175418,46879.55893175418,uncertain,uncertain_review_required,insufficient_evidence,0.4,{},,,
frp:firms_viirs_snpp_nrt_india:firms_viirs_snpp_nrt_india.csv:805,ranking,2026-09-02 20:06:00+00:00,11.59482,77.264,frp:firms_viirs_snpp_nrt_india,1.73,308.29,0.0,,,,10,10,10,10,204699.71417311308,204699.71417311308,uncertain,uncertain_review_required,insufficient_evidence,0.4,{},,,
frp:firms_viirs_snpp_nrt_india:firms_viirs_snpp_nrt_india.csv:806,ranking,2026-09-02 20:06:00+00:00,11.59569,77.25757,frp:firms_viirs_snpp_nrt_india,1.73,301.79,0.0,,,,9,9,9,9,204452.12547297313,204452.12547297313,uncertain,uncertain_review_required,insufficient_evidence,0.4,{},,,
frp:firms_viirs_snpp_nrt_india:firms_viirs_snpp_nrt_india.csv:807,ranking,2026-09-02 20:06:00+00:00,11.80807,77.92142,frp:firms_viirs_snpp_nrt_india,2.3,313.58,0.0,,,,7,7,7,7,187253.98074292202,187253.98074292202,uncertain,uncertain_review_required,insufficient_evidence,0.4,{},,,
frp:firms_viirs_snpp_nrt_india:firms_viirs_snpp_nrt_india.csv:808,ranking,2026-09-02 20:06:00+00:00,12.84852,79.90374,frp:firms_viirs_snpp_nrt_india,4.0,334.6,0.0,,,,1,1,1,1,53850.45868309022,53850.45868309022,uncertain,uncertain_review_required,insufficient_evidence,0.4,{},,,
frp:firms_viirs_snpp_nrt_india:firms_viirs_snpp_nrt_india.csv:809,ranking,2026-09-02 20:06:00+00:00,12.85253,79.90434,frp:firms_viirs_snpp_nrt_india,5.36,343.13,0.0,,,,0,0,0,0,53514.498300763255,53514.498300763255,uncertain,uncertain_review_required,insufficient_evidence,0.4,{},,,
frp:firms_viirs_snpp_nrt_india:firms_viirs_snpp_nrt_india.csv:810,ranking,2026-09-02 20:06:00+00:00,13.09088,79.98233,frp:firms_viirs_snpp_nrt_india,0.52,304.44,0.0,,,,0,0,0,0,33596.1899718567,33596.1899718567,uncertain,uncertain_review_required,insufficient_evidence,0.4,{},,,
frp:firms_viirs_snpp_nrt_india:firms_viirs_snpp_nrt_india.csv:811,ranking,2026-09-02 20:08:00+00:00,6.3556,80.89746,frp:firms_viirs_snpp_nrt_india,2.06,304.67,0.0,,,,0,0,0,0,123755.26183595748,123755.26183595748,uncertain,uncertain_review_required,insufficient_evidence,0.4,{},,,
frp:firms_viirs_snpp_nrt_india:firms_viirs_snpp_nrt_india.csv:812,ranking,2026-09-02 20:08:00+00:00,6.35586,80.89634,frp:firms_viirs_snpp_nrt_india,1.69,309.53,0.0,,,,1,1,1,1,123635.6704414455,123635.6704414455,uncertain,uncertain_review_required,insufficient_evidence,0.4,{},,,
frp:firms_viirs_snpp_nrt_india:firms_viirs_snpp_nrt_india.csv:813,ranking,2026-09-02 20:08:00+00:00,6.35938,80.89688,frp:firms_viirs_snpp_nrt_india,1.33,309.14,0.0,,,,2,2,2,2,123473.34886379288,123473.34886379288,uncertain,uncertain_review_required,insufficient_evidence,0.4,{},,,
frp:firms_viirs_snpp_nrt_india:firms_viirs_snpp_nrt_india.csv:814,ranking,2026-09-02 20:08:00+00:00,6.60946,81.25787,frp:firms_viirs_snpp_nrt_india,4.13,336.98,0.0,,,,0,0,0,0,148884.47824921238,148884.47824921238,uncertain,uncertain_review_required,insufficient_evidence,0.4,{},,,
frp:firms_viirs_snpp_nrt_india:firms_viirs_snpp_nrt_india.csv:815,ranking,2026-09-02 20:08:00+00:00,6.73874,80.70068,frp:firms_viirs_snpp_nrt_india,0.37,300.53,0.0,,,,0,0,0,0,85762.08575810204,85762.08575810204,uncertain,uncertain_review_required,insufficient_evidence,0.4,{},,,
frp:firms_viirs_snpp_nrt_india:firms_viirs_snpp_nrt_india.csv:816,ranking,2026-09-02 20:08:00+00:00,6.77251,80.99814,frp:firms_viirs_snpp_nrt_india,1.18,303.55,0.0,,,,4,4,4,4,116869.88709689108,116869.88709689108,uncertain,uncertain_review_required,insufficient_evidence,0.4,{},,,
frp:firms_viirs_snpp_nrt_india:firms_viirs_snpp_nrt_india.csv:817,ranking,2026-09-02 20:08:00+00:00,6.79936,81.55991,frp:firms_viirs_snpp_nrt_india,0.61,306.69,0.0,,,,9,9,9,9,177908.75329234474,177908.75329234474,uncertain,uncertain_review_required,insufficient_evidence,0.4,{},,,
frp:firms_viirs_snpp_nrt_india:firms_viirs_snpp_nrt_india.csv:818,ranking,2026-09-02 20:08:00+00:00,6.85798,80.95795,frp:firms_viirs_snpp_nrt_india,0.78,299.78,0.0,,,,0,0,0,0,111130.46785641463,111130.46785641463,uncertain,uncertain_review_required,insufficient_evidence,0.4,{},,,
frp:firms_viirs_snpp_nrt_india:firms_viirs_snpp_nrt_india.csv:819,ranking,2026-09-02 20:08:00+00:00,6.97714,80.86381,frp:firms_viirs_snpp_nrt_india,0.61,302.77,0.0,,,,0,0,0,0,100165.68749998622,100165.68749998622,uncertain,uncertain_review_required,insufficient_evidence,0.4,{},,,
frp:firms_viirs_snpp_nrt_india:firms_viirs_snpp_nrt_india.csv:820,ranking,2026-09-02 21:40:00+00:00,31.3686,76.35826,frp:firms_viirs_snpp_nrt_india,0.62,302.36,0.0,,,,0,0,0,0,210933.10449978744,210933.10449978744,uncertain,uncertain_review_required,insufficient_evidence,0.4,{},,,
frp:firms_viirs_snpp_nrt_india:firms_viirs_snpp_nrt_india.csv:821,ranking,2026-09-02 21:40:00+00:00,33.29454,71.18691,frp:firms_viirs_snpp_nrt_india,1.12,307.08,0.0,,,,3,3,3,3,166.44874280880134,166.44874280880134,emergency_or_transient_fire,industrial_fire_candidate,industrial_proximity,0.72,{},,,
frp:firms_viirs_snpp_nrt_india:firms_viirs_snpp_nrt_india.csv:822,ranking,2026-09-02 21:40:00+00:00,33.29733,71.18526,frp:firms_viirs_snpp_nrt_india,0.66,306.32,0.0,,,,4,4,4,4,291.35551331933027,291.35551331933027,emergency_or_transient_fire,industrial_fire_candidate,industrial_proximity,0.72,{},,,
frp:firms_viirs_snpp_nrt_india:firms_viirs_snpp_nrt_india.csv:823,ranking,2026-09-02 21:40:00+00:00,35.70838,73.66257,frp:firms_viirs_snpp_nrt_india,0.87,297.97,0.0,,,,2,2,2,2,252857.57180538014,252857.57180538014,uncertain,uncertain_review_required,insufficient_evidence,0.4,{},,,
frp:firms_viirs_snpp_nrt_india:firms_viirs_snpp_nrt_india.csv:824,ranking,2026-09-02 21:40:00+00:00,38.05121,67.26681,frp:firms_viirs_snpp_nrt_india,5.78,322.01,0.0,,,,29,29,29,29,76395.2245229195,76395.2245229195,uncertain,uncertain_review_required,insufficient_evidence,0.4,{},,,
frp:firms_viirs_snpp_nrt_india:firms_viirs_snpp_nrt_india.csv:825,ranking,2026-09-02 21:40:00+00:00,38.05194,67.26241,frp:firms_viirs_snpp_nrt_india,4.63,310.73,0.0,,,,30,30,30,30,76043.91022491016,76043.91022491016,uncertain,uncertain_review_required,insufficient_evidence,0.4,{},,,
frp:firms_viirs_snpp_nrt_india:firms_viirs_snpp_nrt_india.csv:826,ranking,2026-09-02 21:40:00+00:00,38.32614,68.98837,frp:firms_viirs_snpp_nrt_india,0.9,306.21,0.0,,,,1,1,1,1,209462.02338742453,209462.02338742453,uncertain,uncertain_review_required,insufficient_evidence,0.4,{},,,
frp:firms_viirs_snpp_nrt_india:firms_viirs_snpp_nrt_india.csv:827,ranking,2026-09-02 21:40:00+00:00,38.39471,69.11421,frp:firms_viirs_snpp_nrt_india,0.73,301.67,0.0,,,,2,2,2,2,219767.39270070553,219767.39270070553,uncertain,uncertain_review_required,insufficient_evidence,0.4,{},,,
frp:firms_viirs_snpp_nrt_india:firms_viirs_snpp_nrt_india.csv:828,ranking,2026-09-02 21:42:00+00:00,24.82198,73.09294,frp:firms_viirs_snpp_nrt_india,0.64,304.11,0.0,,,,0,0,0,0,142155.3278846499,142155.3278846499,uncertain,uncertain_review_required,insufficient_evidence,0.4,{},,,
frp:firms_viirs_snpp_nrt_india:firms_viirs_snpp_nrt_india.csv:829,ranking,2026-09-02 21:42:00+00:00,25.38768,68.58337,frp:firms_viirs_snpp_nrt_india,2.03,321.46,0.0,,,,6,6,6,6,364.86687745972574,364.86687745972574,emergency_or_transient_fire,industrial_fire_candidate,industrial_proximity,0.72,{},,,
frp:firms_viirs_snpp_nrt_india:firms_viirs_snpp_nrt_india.csv:830,ranking,2026-09-02 21:42:00+00:00,25.38928,68.58535,frp:firms_viirs_snpp_nrt_india,1.52,314.02,0.0,,,,5,5,5,5,610.3664694997567,610.3664694997567,emergency_or_transient_fire,industrial_fire_candidate,industrial_proximity,0.72,{},,,
frp:firms_viirs_snpp_nrt_india:firms_viirs_snpp_nrt_india.csv:831,ranking,2026-09-02 21:42:00+00:00,27.28717,73.83898,frp:firms_viirs_snpp_nrt_india,0.55,303.91,0.0,,,,1,1,1,1,277251.2014286999,277251.2014286999,uncertain,uncertain_review_required,insufficient_evidence,0.4,{},,,
frp:firms_viirs_snpp_nrt_india:firms_viirs_snpp_nrt_india.csv:832,ranking,2026-09-02 21:42:00+00:00,28.42361,69.70264,frp:firms_viirs_snpp_nrt_india,1.7,310.88,0.0,,,,6,6,6,6,42694.626941756964,42694.626941756964,uncertain,uncertain_review_required,insufficient_evidence,0.4,{},,,
frp:firms_viirs_snpp_nrt_india:firms_viirs_snpp_nrt_india.csv:833,ranking,2026-09-02 21:44:00+00:00,21.10142,72.64466,frp:firms_viirs_snpp_nrt_india,2.25,307.16,0.0,,,,17,17,17,17,11243.687596995931,11243.687596995931,uncertain,uncertain_review_required,insufficient_evidence,0.4,{},,,
frp:firms_viirs_snpp_nrt_india:firms_viirs_snpp_nrt_india.csv:834,ranking,2026-09-02 21:44:00+00:00,21.10334,72.63613,frp:firms_viirs_snpp_nrt_india,2.34,318.44,0.0,,,,18,18,18,18,11912.596438835793,11912.596438835793,uncertain,uncertain_review_required,insufficient_evidence,0.4,{},,,
frp:firms_viirs_snpp_nrt_india:firms_viirs_snpp_nrt_india.csv:835,ranking,2026-09-02 21:44:00+00:00,21.1071,72.64617,frp:firms_viirs_snpp_nrt_india,7.05,347.86,0.0,,,,19,19,19,19,10796.561525592071,10796.561525592071,uncertain,uncertain_review_required,insufficient_evidence,0.4,{},,,
frp:firms_viirs_snpp_nrt_india:firms_viirs_snpp_nrt_india.csv:836,ranking,2026-09-02 21:44:00+00:00,21.10903,72.63763,frp:firms_viirs_snpp_nrt_india,2.25,307.73,0.0,,,,20,20,20,20,11491.639928231325,11491.639928231325,uncertain,uncertain_review_required,insufficient_evidence,0.4,{},,,
frp:firms_viirs_snpp_nrt_india:firms_viirs_snpp_nrt_india.csv:837,ranking,2026-09-02 21:44:00+00:00,24.91473,67.44391,frp:firms_viirs_snpp_nrt_india,6.02,315.88,0.0,,,,0,0,0,0,4739.440575193624,4739.440575193624,uncertain,uncertain_review_required,insufficient_evidence,0.4,{},,,
frp:firms_viirs_snpp_nrt_india:firms_viirs_snpp_nrt_india.csv:838,ranking,2026-09-03 07:12:00+00:00,6.8226,81.4782,frp:firms_viirs_snpp_nrt_india,8.35,340.95,0.0,,,,9,9,9,9,168678.87478123282,168678.87478123282,uncertain,uncertain_review_required,insufficient_evidence,0.4,{},,,
frp:firms_viirs_snpp_nrt_india:firms_viirs_snpp_nrt_india.csv:839,ranking,2026-09-03 07:12:00+00:00,6.82737,81.47894,frp:firms_viirs_snpp_nrt_india,4.66,330.42,0.0,,,,8,8,8,8,168712.25435159254,168712.25435159254,uncertain,uncertain_review_required,insufficient_evidence,0.4,{},,,
frp:firms_viirs_snpp_nrt_india:firms_viirs_snpp_nrt_india.csv:840,ranking,2026-09-03 07:12:00+00:00,8.94729,80.78709,frp:firms_viirs_snpp_nrt_india,6.04,333.81,0.0,,,,3,3,3,3,237889.26042638242,237889.26042638242,uncertain,uncertain_review_required,insufficient_evidence,0.4,{},,,
frp:firms_viirs_snpp_nrt_india:firms_viirs_snpp_nrt_india.csv:841,ranking,2026-09-03 07:12:00+00:00,8.94969,80.79314,frp:firms_viirs_snpp_nrt_india,11.49,336.01,0.0,,,,2,2,2,2,237962.38205128865,237962.38205128865,uncertain,uncertain_review_required,insufficient_evidence,0.4,{},,,
frp:firms_viirs_snpp_nrt_india:firms_viirs_snpp_nrt_india.csv:842,ranking,2026-09-03 07:12:00+00:00,11.78242,99.55051,frp:firms_viirs_snpp_nrt_india,3.89,342.61,0.0,,,,2,2,2,2,198210.39339243984,198210.39339243984,uncertain,uncertain_review_required,insufficient_evidence,0.4,{},,,
frp:firms_viirs_snpp_nrt_india:firms_viirs_snpp_nrt_india.csv:843,ranking,2026-09-03 07:12:00+00:00,14.43034,99.94632,frp:firms_viirs_snpp_nrt_india,3.59,333.81,0.0,,,,0,0,0,0,179764.2465424874,179764.2465424874,uncertain,uncertain_review_required,insufficient_evidence,0.4,{},,,
frp:firms_viirs_snpp_nrt_india:firms_viirs_snpp_nrt_india.csv:844,ranking,2026-09-03 07:12:00+00:00,14.98567,99.96444,frp:firms_viirs_snpp_nrt_india,8.75,340.62,0.0,,,,0,0,0,0,176404.69691996087,176404.69691996087,uncertain,uncertain_review_required,insufficient_evidence,0.4,{},,,
frp:firms_viirs_snpp_nrt_india:firms_viirs_snpp_nrt_india.csv:845,ranking,2026-09-03 07:12:00+00:00,15.70281,99.74473,frp:firms_viirs_snpp_nrt_india,3.04,333.79,0.0,,,,0,0,0,0,96725.19070326319,96725.19070326319,uncertain,uncertain_review_required,insufficient_evidence,0.4,{},,,
frp:firms_viirs_snpp_nrt_india:firms_viirs_snpp_nrt_india.csv:846,ranking,2026-09-03 07:12:00+00:00,15.75,99.76556,frp:firms_viirs_snpp_nrt_india,7.0,340.99,0.0,,,,0,0,0,0,91285.0104854408,91285.0104854408,uncertain,uncertain_review_required,insufficient_evidence,0.4,{},,,
frp:firms_viirs_snpp_nrt_india:firms_viirs_snpp_nrt_india.csv:847,ranking,2026-09-03 07:12:00+00:00,15.9558,99.91003,frp:firms_viirs_snpp_nrt_india,3.61,335.24,0.0,,,,0,0,0,0,68431.9195743319,68431.9195743319,uncertain,uncertain_review_required,insufficient_evidence,0.4,{},,,
frp:firms_viirs_snpp_nrt_india:firms_viirs_snpp_nrt_india.csv:848,ranking,2026-09-03 07:14:00+00:00,16.15343,99.92398,frp:firms_viirs_snpp_nrt_india,8.07,342.34,0.0,,,,0,0,0,0,46897.237406048574,46897.237406048574,uncertain,uncertain_review_required,insufficient_evidence,0.4,{},,,
frp:firms_viirs_snpp_nrt_india:firms_viirs_snpp_nrt_india.csv:849,ranking,2026-09-03 07:14:00+00:00,16.37197,99.9254,frp:firms_viirs_snpp_nrt_india,4.38,337.59,0.0,,,,0,0,0,0,23530.468522241157,23530.468522241157,uncertain,uncertain_review_required,insufficient_evidence,0.4,{},,,
frp:firms_viirs_snpp_nrt_india:firms_viirs_snpp_nrt_india.csv:850,ranking,2026-09-03 07:14:00+00:00,16.39378,99.60253,frp:firms_viirs_snpp_nrt_india,2.76,331.59,0.0,,,,1,1,1,1,31989.21449782479,31989.21449782479,uncertain,uncertain_review_required,insufficient_evidence,0.4,{},,,
frp:firms_viirs_snpp_nrt_india:firms_viirs_snpp_nrt_india.csv:851,ranking,2026-09-03 07:14:00+00:00,16.438,99.60117,frp:firms_viirs_snpp_nrt_india,3.92,337.64,0.0,,,,0,0,0,0,29403.572781278108,29403.572781278108,uncertain,uncertain_review_required,insufficient_evidence,0.4,{},,,
frp:firms_viirs_snpp_nrt_india:firms_viirs_snpp_nrt_india.csv:852,ranking,2026-09-03 07:14:00+00:00,16.65174,99.63386,frp:firms_viirs_snpp_nrt_india,3.66,332.82,0.0,,,,0,0,0,0,20279.570438182458,20279.570438182458,uncertain,uncertain_review_required,insufficient_evidence,0.4,{},,,
frp:firms_viirs_snpp_nrt_india:firms_viirs_snpp_nrt_india.csv:853,ranking,2026-09-03 07:16:00+00:00,23.80334,86.3283,frp:firms_viirs_snpp_nrt_india,4.25,329.9,0.0,,,,4,4,4,4,109914.38307210855,109914.38307210855,uncertain,uncertain_review_required,insufficient_evidence,0.4,{},,,
frp:firms_viirs_snpp_nrt_india:firms_viirs_snpp_nrt_india.csv:854,ranking,2026-09-03 07:16:00+00:00,26.52341,90.53152,frp:firms_viirs_snpp_nrt_india,3.17,337.85,0.0,,,,0,0,0,0,179.0148029267578,179.0148029267578,emergency_or_transient_fire,industrial_fire_candidate,industrial_proximity,0.72,{},,,
frp:firms_viirs_snpp_nrt_india:firms_viirs_snpp_nrt_india.csv:855,ranking,2026-09-03 07:16:00+00:00,26.80206,90.32026,frp:firms_viirs_snpp_nrt_india,4.05,331.09,0.0,,,,0,0,0,0,37588.10506294215,37588.10506294215,uncertain,uncertain_review_required,insufficient_evidence,0.4,{},,,
frp:firms_viirs_snpp_nrt_india:firms_viirs_snpp_nrt_india.csv:856,ranking,2026-09-03 07:16:00+00:00,26.88079,92.32764,frp:firms_viirs_snpp_nrt_india,6.54,335.88,0.0,,,,0,0,0,0,179261.44239256065,179261.44239256065,uncertain,uncertain_review_required,insufficient_evidence,0.4,{},,,
frp:firms_viirs_snpp_nrt_india:firms_viirs_snpp_nrt_india.csv:857,ranking,2026-09-03 07:16:00+00:00,27.37946,95.33263,frp:firms_viirs_snpp_nrt_india,1.57,333.29,0.0,,,,2,2,2,2,3235.7611833798946,3235.7611833798946,uncertain,uncertain_review_required,insufficient_evidence,0.4,{},,,
frp:firms_viirs_snpp_nrt_india:firms_viirs_snpp_nrt_india.csv:858,ranking,2026-09-03 07:16:00+00:00,27.44875,97.90619,frp:firms_viirs_snpp_nrt_india,2.94,335.84,0.0,,,,0,0,0,0,184444.51225071368,184444.51225071368,uncertain,uncertain_review_required,insufficient_evidence,0.4,{},,,
frp:firms_viirs_snpp_nrt_india:firms_viirs_snpp_nrt_india.csv:859,ranking,2026-09-03 07:16:00+00:00,27.98586,95.93726,frp:firms_viirs_snpp_nrt_india,5.03,334.3,0.0,,,,0,0,0,0,42270.57537427634,42270.57537427634,uncertain,uncertain_review_required,insufficient_evidence,0.4,{},,,
frp:firms_viirs_snpp_nrt_india:firms_viirs_snpp_nrt_india.csv:860,ranking,2026-09-03 07:16:00+00:00,27.99035,95.94063,frp:firms_viirs_snpp_nrt_india,6.05,340.52,0.0,,,,1,1,1,1,42851.85347300144,42851.85347300144,uncertain,uncertain_review_required,insufficient_evidence,0.4,{},,,
frp:firms_viirs_snpp_nrt_india:firms_viirs_snpp_nrt_india.csv:861,ranking,2026-09-03 07:16:00+00:00,28.181,95.66731,frp:firms_viirs_snpp_nrt_india,5.65,333.32,0.0,,,,0,0,0,0,50459.69410367391,50459.69410367391,uncertain,uncertain_review_required,insufficient_evidence,0.4,{},,,
frp:firms_viirs_snpp_nrt_india:firms_viirs_snpp_nrt_india.csv:862,ranking,2026-09-03 07:16:00+00:00,28.4979,97.02413,frp:firms_viirs_snpp_nrt_india,6.62,337.33,0.0,,,,1,1,1,1,142345.10777496718,142345.10777496718,uncertain,uncertain_review_required,insufficient_evidence,0.4,{},,,
frp:firms_viirs_snpp_nrt_india:firms_viirs_snpp_nrt_india.csv:863,ranking,2026-09-03 07:20:00+00:00,37.98243,94.34124,frp:firms_viirs_snpp_nrt_india,2.46,340.44,0.0,,,,0,0,0,0,295677.58077752247,295677.58077752247,uncertain,uncertain_review_required,insufficient_evidence,0.4,{},,,
frp:firms_viirs_snpp_nrt_india:firms_viirs_snpp_nrt_india.csv:864,ranking,2026-09-03 08:52:00+00:00,6.44193,81.0908,frp:firms_viirs_snpp_nrt_india,6.84,348.26,0.0,,,,5,5,5,5,137873.96958894134,137873.96958894134,uncertain,uncertain_review_required,insufficient_evidence,0.4,{},,,
frp:firms_viirs_snpp_nrt_india:firms_viirs_snpp_nrt_india.csv:865,ranking,2026-09-03 08:52:00+00:00,6.74363,81.52365,frp:firms_viirs_snpp_nrt_india,4.18,330.37,0.0,,,,3,3,3,3,174681.0927051796,174681.0927051796,uncertain,uncertain_review_required,insufficient_evidence,0.4,{},,,
frp:firms_viirs_snpp_nrt_india:firms_viirs_snpp_nrt_india.csv:866,ranking,2026-09-03 08:52:00+00:00,6.82773,81.55322,frp:firms_viirs_snpp_nrt_india,4.08,330.62,0.0,,,,12,12,12,12,176878.8417175026,176878.8417175026,uncertain,uncertain_review_required,insufficient_evidence,0.4,{},,,
frp:firms_viirs_snpp_nrt_india:firms_viirs_snpp_nrt_india.csv:867,ranking,2026-09-03 08:52:00+00:00,6.82839,81.55818,frp:firms_viirs_snpp_nrt_india,4.08,337.28,0.0,,,,13,13,13,13,177418.31173189226,177418.31173189226,uncertain,uncertain_review_required,insufficient_evidence,0.4,{},,,
frp:firms_viirs_snpp_nrt_india:firms_viirs_snpp_nrt_india.csv:868,ranking,2026-09-03 08:52:00+00:00,7.13617,80.9217,frp:firms_viirs_snpp_nrt_india,10.53,341.43,0.0,,,,3,3,3,3,108308.02322816837,108308.02322816837,uncertain,uncertain_review_required,insufficient_evidence,0.4,{},,,
frp:firms_viirs_snpp_nrt_india:firms_viirs_snpp_nrt_india.csv:869,ranking,2026-09-03 08:52:00+00:00,7.22182,80.83134,frp:firms_viirs_snpp_nrt_india,4.3,334.52,0.0,,,,0,0,0,0,100837.31109899019,100837.31109899019,uncertain,uncertain_review_required,insufficient_evidence,0.4,{},,,
frp:firms_viirs_snpp_nrt_india:firms_viirs_snpp_nrt_india.csv:870,ranking,2026-09-03 08:52:00+00:00,7.22432,80.83115,frp:firms_viirs_snpp_nrt_india,3.97,333.28,0.0,,,,1,1,1,1,100897.66205348141,100897.66205348141,uncertain,uncertain_review_required,insufficient_evidence,0.4,{},,,
frp:firms_viirs_snpp_nrt_india:firms_viirs_snpp_nrt_india.csv:871,ranking,2026-09-03 08:52:00+00:00,7.32894,81.20289,frp:firms_viirs_snpp_nrt_india,9.62,339.3,0.0,,,,7,7,7,7,143513.91841781064,143513.91841781064,uncertain,uncertain_review_required,insufficient_evidence,0.4,{},,,
frp:firms_viirs_snpp_nrt_india:firms_viirs_snpp_nrt_india.csv:872,ranking,2026-09-03 08:52:00+00:00,7.36543,81.77074,frp:firms_viirs_snpp_nrt_india,4.81,334.51,0.0,,,,7,7,7,7,205181.6415559031,205181.6415559031,uncertain,uncertain_review_required,insufficient_evidence,0.4,{},,,
frp:firms_viirs_snpp_nrt_india:firms_viirs_snpp_nrt_india.csv:873,ranking,2026-09-03 08:52:00+00:00,7.36605,81.10909,frp:firms_viirs_snpp_nrt_india,4.69,331.16,0.0,,,,8,8,8,8,134949.42337369255,134949.42337369255,uncertain,uncertain_review_required,insufficient_evidence,0.4,{},,,
frp:firms_viirs_snpp_nrt_india:firms_viirs_snpp_nrt_india.csv:874,ranking,2026-09-03 08:52:00+00:00,7.36618,81.10924,frp:firms_viirs_snpp_nrt_india,4.5,330.55,0.0,,,,9,9,9,9,134969.83919469718,134969.83919469718,uncertain,uncertain_review_required,insufficient_evidence,0.4,{},,,
frp:firms_viirs_snpp_nrt_india:firms_viirs_snpp_nrt_india.csv:875,ranking,2026-09-03 08:52:00+00:00,7.52924,81.65376,frp:firms_viirs_snpp_nrt_india,4.86,337.63,0.0,,,,0,0,0,0,197639.45248738283,197639.45248738283,uncertain,uncertain_review_required,insufficient_evidence,0.4,{},,,
frp:firms_viirs_snpp_nrt_india:firms_viirs_snpp_nrt_india.csv:876,ranking,2026-09-03 08:52:00+00:00,7.55661,80.95155,frp:firms_viirs_snpp_nrt_india,5.75,334.53,0.0,,,,0,0,0,0,128261.29882850063,128261.29882850063,uncertain,uncertain_review_required,insufficient_evidence,0.4,{},,,
frp:firms_viirs_snpp_nrt_india:firms_viirs_snpp_nrt_india.csv:877,ranking,2026-09-03 08:52:00+00:00,7.55712,80.94936,frp:firms_viirs_snpp_nrt_india,4.55,331.3,0.0,,,,1,1,1,1,128083.97932186046,128083.97932186046,uncertain,uncertain_review_required,insufficient_evidence,0.4,{},,,
frp:firms_viirs_snpp_nrt_india:firms_viirs_snpp_nrt_india.csv:878,ranking,2026-09-03 08:52:00+00:00,7.72298,81.26734,frp:firms_viirs_snpp_nrt_india,5.61,336.62,0.0,,,,4,4,4,4,167631.66427565948,167631.66427565948,uncertain,uncertain_review_required,insufficient_evidence,0.4,{},,,
frp:firms_viirs_snpp_nrt_india:firms_viirs_snpp_nrt_india.csv:879,ranking,2026-09-03 08:52:00+00:00,7.75647,81.23419,frp:firms_viirs_snpp_nrt_india,4.19,331.0,0.0,,,,2,2,2,2,166436.32975042728,166436.32975042728,uncertain,uncertain_review_required,insufficient_evidence,0.4,{},,,
frp:firms_viirs_snpp_nrt_india:firms_viirs_snpp_nrt_india.csv:880,ranking,2026-09-03 08:52:00+00:00,7.92578,81.39906,frp:firms_viirs_snpp_nrt_india,7.19,335.63,0.0,,,,9,9,9,9,191925.13963698182,191925.13963698182,uncertain,uncertain_review_required,insufficient_evidence,0.4,{},,,
frp:firms_viirs_snpp_nrt_india:firms_viirs_snpp_nrt_india.csv:881,ranking,2026-09-03 08:52:00+00:00,7.9395,81.25786,frp:firms_viirs_snpp_nrt_india,3.46,336.74,0.0,,,,10,10,10,10,180151.51595155965,180151.51595155965,uncertain,uncertain_review_required,insufficient_evidence,0.4,{},,,
frp:firms_viirs_snpp_nrt_india:firms_viirs_snpp_nrt_india.csv:882,ranking,2026-09-03 08:52:00+00:00,8.05081,81.30357,frp:firms_viirs_snpp_nrt_india,7.7,337.97,0.0,,,,7,7,7,7,191755.6402452728,191755.6402452728,uncertain,uncertain_review_required,insufficient_evidence,0.4,{},,,
frp:firms_viirs_snpp_nrt_india:firms_viirs_snpp_nrt_india.csv:883,ranking,2026-09-03 08:52:00+00:00,8.05333,80.59547,frp:firms_viirs_snpp_nrt_india,3.63,333.4,0.0,,,,8,8,8,8,140522.88309840322,140522.88309840322,uncertain,uncertain_review_required,insufficient_evidence,0.4,{},,,
frp:firms_viirs_snpp_nrt_india:firms_viirs_snpp_nrt_india.csv:884,ranking,2026-09-03 08:52:00+00:00,8.05642,81.2979,frp:firms_viirs_snpp_nrt_india,6.6,338.69,0.0,,,,4,4,4,4,191667.45293451354,191667.45293451354,uncertain,uncertain_review_required,insufficient_evidence,0.4,{},,,
frp:firms_viirs_snpp_nrt_india:firms_viirs_snpp_nrt_india.csv:885,ranking,2026-09-03 08:52:00+00:00,8.05706,81.30285,frp:firms_viirs_snpp_nrt_india,6.6,344.06,0.0,,,,5,5,5,5,192133.8837265377,192133.8837265377,uncertain,uncertain_review_required,insufficient_evidence,0.4,{},,,
frp:firms_viirs_snpp_nrt_india:firms_viirs_snpp_nrt_india.csv:886,ranking,2026-09-03 08:52:00+00:00,8.14806,81.33616,frp:firms_viirs_snpp_nrt_india,11.6,367.0,0.0,,,,3,3,3,3,201458.33936608193,201458.33936608193,uncertain,uncertain_review_required,insufficient_evidence,0.4,{},,,
frp:firms_viirs_snpp_nrt_india:firms_viirs_snpp_nrt_india.csv:887,ranking,2026-09-03 08:52:00+00:00,8.1625,81.34946,frp:firms_viirs_snpp_nrt_india,19.64,367.0,0.0,,,,1,1,1,1,203616.26389404063,203616.26389404063,uncertain,uncertain_review_required,insufficient_evidence,0.4,{},,,
frp:firms_viirs_snpp_nrt_india:firms_viirs_snpp_nrt_india.csv:888,ranking,2026-09-03 08:52:00+00:00,8.20065,81.06894,frp:firms_viirs_snpp_nrt_india,3.11,330.69,0.0,,,,1,1,1,1,184584.67669559212,184584.67669559212,uncertain,uncertain_review_required,insufficient_evidence,0.4,{},,,
frp:firms_viirs_snpp_nrt_india:firms_viirs_snpp_nrt_india.csv:889,ranking,2026-09-03 08:52:00+00:00,8.20337,80.99162,frp:firms_viirs_snpp_nrt_india,5.13,336.41,0.0,,,,1,1,1,1,179269.68513952362,179269.68513952362,uncertain,uncertain_review_required,insufficient_evidence,0.4,{},,,
frp:firms_viirs_snpp_nrt_india:firms_viirs_snpp_nrt_india.csv:890,ranking,2026-09-03 08:52:00+00:00,8.20392,80.99172,frp:firms_viirs_snpp_nrt_india,6.22,332.07,0.0,,,,0,0,0,0,179323.8268130687,179323.8268130687,uncertain,uncertain_review_required,insufficient_evidence,0.4,{},,,
frp:firms_viirs_snpp_nrt_india:firms_viirs_snpp_nrt_india.csv:891,ranking,2026-09-03 08:52:00+00:00,8.21999,80.57515,frp:firms_viirs_snpp_nrt_india,1.81,330.34,0.0,,,,5,5,5,5,155834.07712869282,155834.07712869282,uncertain,uncertain_review_required,insufficient_evidence,0.4,{},,,
frp:firms_viirs_snpp_nrt_india:firms_viirs_snpp_nrt_india.csv:892,ranking,2026-09-03 08:52:00+00:00,8.284,80.23323,frp:firms_viirs_snpp_nrt_india,8.64,330.92,0.0,,,,6,6,6,6,150366.25556897942,150366.25556897942,uncertain,uncertain_review_required,insufficient_evidence,0.4,{},,,
frp:firms_viirs_snpp_nrt_india:firms_viirs_snpp_nrt_india.csv:893,ranking,2026-09-03 08:52:00+00:00,8.28842,80.23164,frp:firms_viirs_snpp_nrt_india,7.83,331.07,0.0,,,,5,5,5,5,150812.18384689224,150812.18384689224,uncertain,uncertain_review_required,insufficient_evidence,0.4,{},,,
frp:firms_viirs_snpp_nrt_india:firms_viirs_snpp_nrt_india.csv:894,ranking,2026-09-03 08:52:00+00:00,8.39178,80.16251,frp:firms_viirs_snpp_nrt_india,46.39,340.35,0.0,,,,19,19,19,19,160835.33151085355,160835.33151085355,uncertain,uncertain_review_required,insufficient_evidence,0.4,{},,,
frp:firms_viirs_snpp_nrt_india:firms_viirs_snpp_nrt_india.csv:895,ranking,2026-09-03 08:52:00+00:00,8.39199,80.16026,frp:firms_viirs_snpp_nrt_india,23.58,334.57,0.0,,,,20,20,20,20,160823.63788664367,160823.63788664367,uncertain,uncertain_review_required,insufficient_evidence,0.4,{},,,
frp:firms_viirs_snpp_nrt_india:firms_viirs_snpp_nrt_india.csv:896,ranking,2026-09-03 08:52:00+00:00,8.3923,80.16667,frp:firms_viirs_snpp_nrt_india,41.89,351.18,0.0,,,,19,19,19,19,160957.90412669693,160957.90412669693,uncertain,uncertain_review_required,insufficient_evidence,0.4,{},,,
frp:firms_viirs_snpp_nrt_india:firms_viirs_snpp_nrt_india.csv:897,ranking,2026-09-03 08:52:00+00:00,8.39254,80.16441,frp:firms_viirs_snpp_nrt_india,62.8,367.0,0.0,,,,21,21,21,21,160948.66646683036,160948.66646683036,uncertain,uncertain_review_required,insufficient_evidence,0.4,{},,,
frp:firms_viirs_snpp_nrt_india:firms_viirs_snpp_nrt_india.csv:898,ranking,2026-09-03 08:52:00+00:00,8.4028,80.65507,frp:firms_viirs_snpp_nrt_india,5.58,332.44,0.0,,,,8,8,8,8,177962.02523031348,177962.02523031348,uncertain,uncertain_review_required,insufficient_evidence,0.4,{},,,
frp:firms_viirs_snpp_nrt_india:firms_viirs_snpp_nrt_india.csv:899,ranking,2026-09-03 08:52:00+00:00,8.4287,80.5266,frp:firms_viirs_snpp_nrt_india,6.28,330.2,0.0,,,,5,5,5,5,174995.67862267906,174995.67862267906,uncertain,uncertain_review_required,insufficient_evidence,0.4,{},,,
frp:firms_viirs_snpp_nrt_india:firms_viirs_snpp_nrt_india.csv:900,ranking,2026-09-03 08:52:00+00:00,8.43132,80.52473,frp:firms_viirs_snpp_nrt_india,7.77,346.03,0.0,,,,4,4,4,4,175193.7939873166,175193.7939873166,uncertain,uncertain_review_required,insufficient_evidence,0.4,{},,,
frp:firms_viirs_snpp_nrt_india:firms_viirs_snpp_nrt_india.csv:901,ranking,2026-09-03 08:52:00+00:00,8.55929,80.3675,frp:firms_viirs_snpp_nrt_india,17.44,367.0,0.0,,,,0,0,0,0,183525.69454616754,183525.69454616754,uncertain,uncertain_review_required,insufficient_evidence,0.4,{},,,
frp:firms_viirs_snpp_nrt_india:firms_viirs_snpp_nrt_india.csv:902,ranking,2026-09-03 08:52:00+00:00,8.564,80.79541,frp:firms_viirs_snpp_nrt_india,6.69,333.78,0.0,,,,19,19,19,19,200899.45051890958,200899.45051890958,uncertain,uncertain_review_required,insufficient_evidence,0.4,{},,,
frp:firms_viirs_snpp_nrt_india:firms_viirs_snpp_nrt_india.csv:903,ranking,2026-09-03 08:52:00+00:00,8.56422,80.79527,frp:firms_viirs_snpp_nrt_india,3.8,332.99,0.0,,,,18,18,18,18,200914.0644075392,200914.0644075392,uncertain,uncertain_review_required,insufficient_evidence,0.4,{},,,
frp:firms_viirs_snpp_nrt_india:firms_viirs_snpp_nrt_india.csv:904,ranking,2026-09-03 08:52:00+00:00,8.60062,80.454,frp:firms_viirs_snpp_nrt_india,2.76,335.49,0.0,,,,2,2,2,2,190502.3484806253,190502.3484806253,uncertain,uncertain_review_required,insufficient_evidence,0.4,{},,,
frp:firms_viirs_snpp_nrt_india:firms_viirs_snpp_nrt_india.csv:905,ranking,2026-09-03 08:52:00+00:00,8.60401,80.48016,frp:firms_viirs_snpp_nrt_india,6.33,334.16,0.0,,,,13,13,13,13,191710.84585842735,191710.84585842735,uncertain,uncertain_review_required,insufficient_evidence,0.4,{},,,
frp:firms_viirs_snpp_nrt_india:firms_viirs_snpp_nrt_india.csv:906,ranking,2026-09-03 08:52:00+00:00,8.60457,80.48453,frp:firms_viirs_snpp_nrt_india,5.78,331.25,0.0,,,,11,11,11,11,191915.60469220323,191915.60469220323,uncertain,uncertain_review_required,insufficient_evidence,0.4,{},,,
frp:firms_viirs_snpp_nrt_india:firms_viirs_snpp_nrt_india.csv:907,ranking,2026-09-03 08:52:00+00:00,8.62868,80.4115,frp:firms_viirs_snpp_nrt_india,4.52,334.84,0.0,,,,2,2,2,2,192218.27858982814,192218.27858982814,uncertain,uncertain_review_required,insufficient_evidence,0.4,{},,,
frp:firms_viirs_snpp_nrt_india:firms_viirs_snpp_nrt_india.csv:908,ranking,2026-09-03 08:52:00+00:00,8.62922,80.41586,frp:firms_viirs_snpp_nrt_india,4.52,339.61,0.0,,,,3,3,3,3,192402.01968744624,192402.01968744624,uncertain,uncertain_review_required,insufficient_evidence,0.4,{},,,
frp:firms_viirs_snpp_nrt_india:firms_viirs_snpp_nrt_india.csv:909,ranking,2026-09-03 08:52:00+00:00,8.63185,80.41512,frp:firms_viirs_snpp_nrt_india,7.79,342.85,0.0,,,,4,4,4,4,192662.7411543475,192662.7411543475,uncertain,uncertain_review_required,insufficient_evidence,0.4,{},,,
frp:firms_viirs_snpp_nrt_india:firms_viirs_snpp_nrt_india.csv:910,ranking,2026-09-03 08:52:00+00:00,8.6559,80.50523,frp:firms_viirs_snpp_nrt_india,8.48,349.78,0.0,,,,6,6,6,6,198045.29519938884,198045.29519938884,uncertain,uncertain_review_required,insufficient_evidence,0.4,{},,,
frp:firms_viirs_snpp_nrt_india:firms_viirs_snpp_nrt_india.csv:911,ranking,2026-09-03 08:52:00+00:00,8.65861,80.50542,frp:firms_viirs_snpp_nrt_india,11.33,356.68,0.0,,,,7,7,7,7,198338.59210264942,198338.59210264942,uncertain,uncertain_review_required,insufficient_evidence,0.4,{},,,
frp:firms_viirs_snpp_nrt_india:firms_viirs_snpp_nrt_india.csv:912,ranking,2026-09-03 08:52:00+00:00,8.66189,80.50454,frp:firms_viirs_snpp_nrt_india,5.56,333.14,0.0,,,,8,8,8,8,198656.41852787507,198656.41852787507,uncertain,uncertain_review_required,insufficient_evidence,0.4,{},,,
frp:firms_viirs_snpp_nrt_india:firms_viirs_snpp_nrt_india.csv:913,ranking,2026-09-03 08:52:00+00:00,8.81097,78.0528,frp:firms_viirs_snpp_nrt_india,0.97,333.07,0.0,,,,0,0,0,0,222661.6697036819,222661.6697036819,uncertain,uncertain_review_required,insufficient_evidence,0.4,{},,,
frp:firms_viirs_snpp_nrt_india:firms_viirs_snpp_nrt_india.csv:914,ranking,2026-09-03 08:52:00+00:00,8.82872,80.53358,frp:firms_viirs_snpp_nrt_india,7.51,335.37,0.0,,,,1,1,1,1,217313.40138145408,217313.40138145408,uncertain,uncertain_review_required,insufficient_evidence,0.4,{},,,
frp:firms_viirs_snpp_nrt_india:firms_viirs_snpp_nrt_india.csv:915,ranking,2026-09-03 08:52:00+00:00,8.86421,78.08301,frp:firms_viirs_snpp_nrt_india,2.55,337.52,0.0,,,,1,1,1,1,222059.92886491193,222059.92886491193,uncertain,uncertain_review_required,insufficient_evidence,0.4,{},,,
frp:firms_viirs_snpp_nrt_india:firms_viirs_snpp_nrt_india.csv:916,ranking,2026-09-03 08:52:00+00:00,8.86688,78.08226,frp:firms_viirs_snpp_nrt_india,1.34,334.12,0.0,,,,3,3,3,3,221827.45567969716,221827.45567969716,uncertain,uncertain_review_required,insufficient_evidence,0.4,{},,,
frp:firms_viirs_snpp_nrt_india:firms_viirs_snpp_nrt_india.csv:917,ranking,2026-09-03 08:52:00+00:00,8.8697,80.70795,frp:firms_viirs_snpp_nrt_india,2.61,331.08,0.0,,,,3,3,3,3,227923.65038641117,227923.65038641117,uncertain,uncertain_review_required,insufficient_evidence,0.4,{},,,
frp:firms_viirs_snpp_nrt_india:firms_viirs_snpp_nrt_india.csv:918,ranking,2026-09-03 08:52:00+00:00,8.99572,78.11298,frp:firms_viirs_snpp_nrt_india,1.58,337.77,0.0,,,,1,1,1,1,217186.55053837944,217186.55053837944,uncertain,uncertain_review_required,insufficient_evidence,0.4,{},,,
frp:firms_viirs_snpp_nrt_india:firms_viirs_snpp_nrt_india.csv:919,ranking,2026-09-03 08:52:00+00:00,8.99612,78.11604,frp:firms_viirs_snpp_nrt_india,1.58,340.09,0.0,,,,2,2,2,2,217456.1596873844,217456.1596873844,uncertain,uncertain_review_required,insufficient_evidence,0.4,{},,,
frp:firms_viirs_snpp_nrt_india:firms_viirs_snpp_nrt_india.csv:920,ranking,2026-09-03 08:52:00+00:00,9.09281,79.79891,frp:firms_viirs_snpp_nrt_india,4.75,331.83,0.0,,,,0,0,0,0,194385.51073522275,194385.51073522275,uncertain,uncertain_review_required,insufficient_evidence,0.4,{},,,
frp:firms_viirs_snpp_nrt_india:firms_viirs_snpp_nrt_india.csv:921,ranking,2026-09-03 08:52:00+00:00,9.2081,80.67667,frp:firms_viirs_snpp_nrt_india,4.85,332.64,0.0,,,,4,4,4,4,206592.46121571457,206592.46121571457,uncertain,uncertain_review_required,insufficient_evidence,0.4,{},,,
frp:firms_viirs_snpp_nrt_india:firms_viirs_snpp_nrt_india.csv:922,ranking,2026-09-03 08:52:00+00:00,9.20827,80.67661,frp:firms_viirs_snpp_nrt_india,6.18,333.84,0.0,,,,5,5,5,5,206572.70232696467,206572.70232696467,uncertain,uncertain_review_required,insufficient_evidence,0.4,{},,,
frp:firms_viirs_snpp_nrt_india:firms_viirs_snpp_nrt_india.csv:923,ranking,2026-09-03 08:52:00+00:00,9.3942,80.43369,frp:firms_viirs_snpp_nrt_india,7.95,335.74,0.0,,,,37,37,37,37,176221.05279348866,176221.05279348866,uncertain,uncertain_review_required,insufficient_evidence,0.4,{},,,
frp:firms_viirs_snpp_nrt_india:firms_viirs_snpp_nrt_india.csv:924,ranking,2026-09-03 08:52:00+00:00,9.39609,80.43563,frp:firms_viirs_snpp_nrt_india,6.93,331.09,0.0,,,,35,35,35,35,176116.07767923642,176116.07767923642,uncertain,uncertain_review_required,insufficient_evidence,0.4,{},,,
frp:firms_viirs_snpp_nrt_india:firms_viirs_snpp_nrt_india.csv:925,ranking,2026-09-03 08:52:00+00:00,9.40996,78.80921,frp:firms_viirs_snpp_nrt_india,0.73,341.22,0.0,,,,0,0,0,0,165264.8210371068,165264.8210371068,uncertain,uncertain_review_required,insufficient_evidence,0.4,{},,,
frp:firms_viirs_snpp_nrt_india:firms_viirs_snpp_nrt_india.csv:926,ranking,2026-09-03 08:52:00+00:00,10.23653,79.19613,frp:firms_viirs_snpp_nrt_india,11.42,367.0,0.0,,,,0,0,0,0,65248.23655564054,65248.23655564054,uncertain,uncertain_review_required,insufficient_evidence,0.4,{},,,
frp:firms_viirs_snpp_nrt_india:firms_viirs_snpp_nrt_india.csv:927,ranking,2026-09-03 08:52:00+00:00,10.9525,78.43614,frp:firms_viirs_snpp_nrt_india,2.9,334.3,0.0,,,,0,0,0,0,96349.43532979756,96349.43532979756,uncertain,uncertain_review_required,insufficient_evidence,0.4,{},,,
frp:firms_viirs_snpp_nrt_india:firms_viirs_snpp_nrt_india.csv:928,ranking,2026-09-03 08:52:00+00:00,11.5078,79.52651,frp:firms_viirs_snpp_nrt_india,4.34,346.56,0.0,,,,1,1,1,1,79010.62750349136,79010.62750349136,uncertain,uncertain_review_required,insufficient_evidence,0.4,{},,,
frp:firms_viirs_snpp_nrt_india:firms_viirs_snpp_nrt_india.csv:929,ranking,2026-09-03 08:52:00+00:00,11.50817,79.52599,frp:firms_viirs_snpp_nrt_india,2.7,344.98,0.0,,,,0,0,0,0,79068.80908334855,79068.80908334855,uncertain,uncertain_review_required,insufficient_evidence,0.4,{},,,
frp:firms_viirs_snpp_nrt_india:firms_viirs_snpp_nrt_india.csv:930,ranking,2026-09-03 08:56:00+00:00,18.51854,74.3471,frp:firms_viirs_snpp_nrt_india,4.86,334.46,0.0,,,,0,0,0,0,154239.5272382014,154239.5272382014,uncertain,uncertain_review_required,insufficient_evidence,0.4,{},,,
frp:firms_viirs_snpp_nrt_india:firms_viirs_snpp_nrt_india.csv:931,ranking,2026-09-03 08:56:00+00:00,18.51911,74.35187,frp:firms_viirs_snpp_nrt_india,4.86,330.29,0.0,,,,1,1,1,1,154711.05819141387,154711.05819141387,uncertain,uncertain_review_required,insufficient_evidence,0.4,{},,,
frp:firms_viirs_snpp_nrt_india:firms_viirs_snpp_nrt_india.csv:932,ranking,2026-09-03 08:56:00+00:00,18.56307,74.36423,frp:firms_viirs_snpp_nrt_india,7.46,332.55,0.0,,,,0,0,0,0,154847.24826574075,154847.24826574075,uncertain,uncertain_review_required,insufficient_evidence,0.4,{},,,
frp:firms_viirs_snpp_nrt_india:firms_viirs_snpp_nrt_india.csv:933,ranking,2026-09-03 08:56:00+00:00,18.69169,73.04173,frp:firms_viirs_snpp_nrt_india,5.14,334.81,0.0,,,,12,12,12,12,22057.315719124912,22057.315719124912,uncertain,uncertain_review_required,insufficient_evidence,0.4,{},,,
frp:firms_viirs_snpp_nrt_india:firms_viirs_snpp_nrt_india.csv:934,ranking,2026-09-03 08:56:00+00:00,21.10661,72.64839,frp:firms_viirs_snpp_nrt_india,4.4,332.65,0.0,,,,22,22,22,22,10620.596518271339,10620.596518271339,uncertain,uncertain_review_required,insufficient_evidence,0.4,{},,,
frp:firms_viirs_snpp_nrt_india:firms_viirs_snpp_nrt_india.csv:935,ranking,2026-09-03 08:56:00+00:00,22.4173,69.04085,frp:firms_viirs_snpp_nrt_india,5.33,340.77,0.0,,,,0,0,0,0,72209.96821565162,72209.96821565162,uncertain,uncertain_review_required,insufficient_evidence,0.4,{},,,
frp:firms_viirs_snpp_nrt_india:firms_viirs_snpp_nrt_india.csv:936,ranking,2026-09-03 08:56:00+00:00,22.92752,70.11013,frp:firms_viirs_snpp_nrt_india,3.07,330.19,0.0,,,,0,0,0,0,60470.536081394384,60470.536081394384,uncertain,uncertain_review_required,insufficient_evidence,0.4,{},,,
frp:firms_viirs_snpp_nrt_india:firms_viirs_snpp_nrt_india.csv:937,ranking,2026-09-03 08:56:00+00:00,22.93244,69.69634,frp:firms_viirs_snpp_nrt_india,4.13,330.89,0.0,,,,2,2,2,2,57327.627301853274,57327.627301853274,uncertain,uncertain_review_required,insufficient_evidence,0.4,{},,,
frp:firms_viirs_snpp_nrt_india:firms_viirs_snpp_nrt_india.csv:938,ranking,2026-09-03 08:56:00+00:00,24.57491,67.98416,frp:firms_viirs_snpp_nrt_india,3.45,336.67,0.0,,,,0,0,0,0,43273.254834702726,43273.254834702726,uncertain,uncertain_review_required,insufficient_evidence,0.4,{},,,
frp:firms_viirs_snpp_nrt_india:firms_viirs_snpp_nrt_india.csv:939,ranking,2026-09-03 08:58:00+00:00,25.3869,68.5815,frp:firms_viirs_snpp_nrt_india,2.61,331.52,0.0,,,,8,8,8,8,271.15491288247966,271.15491288247966,emergency_or_transient_fire,industrial_fire_candidate,industrial_proximity,0.72,{},,,
frp:firms_viirs_snpp_nrt_india:firms_viirs_snpp_nrt_india.csv:940,ranking,2026-09-03 08:58:00+00:00,27.69303,67.67126,frp:firms_viirs_snpp_nrt_india,8.24,343.74,0.0,,,,0,0,0,0,32721.497791156908,32721.497791156908,uncertain,uncertain_review_required,insufficient_evidence,0.4,{},,,
frp:firms_viirs_snpp_nrt_india:firms_viirs_snpp_nrt_india.csv:941,ranking,2026-09-03 08:58:00+00:00,28.1973,67.73838,frp:firms_viirs_snpp_nrt_india,5.62,335.73,0.0,,,,0,0,0,0,88449.07318144267,88449.07318144267,uncertain,uncertain_review_required,insufficient_evidence,0.4,{},,,
frp:firms_viirs_snpp_nrt_india:firms_viirs_snpp_nrt_india.csv:942,ranking,2026-09-03 08:58:00+00:00,28.31371,67.91131,frp:firms_viirs_snpp_nrt_india,9.15,344.31,0.0,,,,2,2,2,2,77814.75829993108,77814.75829993108,uncertain,uncertain_review_required,insufficient_evidence,0.4,{},,,
frp:firms_viirs_snpp_nrt_india:firms_viirs_snpp_nrt_india.csv:943,ranking,2026-09-03 08:58:00+00:00,29.88983,73.90404,frp:firms_viirs_snpp_nrt_india,1.81,333.23,0.0,,,,0,0,0,0,100905.76181116163,100905.76181116163,uncertain,uncertain_review_required,insufficient_evidence,0.4,{},,,
frp:firms_viirs_snpp_nrt_india:firms_viirs_snpp_nrt_india.csv:944,ranking,2026-09-03 09:00:00+00:00,38.05075,67.2674,frp:firms_viirs_snpp_nrt_india,12.43,344.43,0.0,,,,34,34,34,34,76467.52037921359,76467.52037921359,uncertain,uncertain_review_required,insufficient_evidence,0.4,{},,,
frp:firms_viirs_snpp_nrt_india:firms_viirs_snpp_nrt_india.csv:945,ranking,2026-09-03 09:00:00+00:00,38.0525,67.26641,frp:firms_viirs_snpp_nrt_india,8.56,349.31,0.0,,,,35,35,35,35,76278.30287797975,76278.30287797975,uncertain,uncertain_review_required,insufficient_evidence,0.4,{},,,
frp:firms_viirs_snpp_nrt_india:firms_viirs_snpp_nrt_india.csv:946,ranking,2026-09-03 19:40:00+00:00,32.51342,82.42087,frp:firms_viirs_snpp_nrt_india,0.12,311.6,0.0,,,,0,0,0,0,626969.9262937215,626969.9262937215,uncertain,uncertain_review_required,insufficient_evidence,0.4,{},,,
frp:firms_viirs_snpp_nrt_india:firms_viirs_snpp_nrt_india.csv:947,ranking,2026-09-03 19:40:00+00:00,35.99179,94.82908,frp:firms_viirs_snpp_nrt_india,0.74,299.89,0.0,,,,1,1,1,1,421280.32947145775,421280.32947145775,uncertain,uncertain_review_required,insufficient_evidence,0.4,{},,,
frp:firms_viirs_snpp_nrt_india:firms_viirs_snpp_nrt_india.csv:948,ranking,2026-09-03 19:40:00+00:00,37.34675,97.40954,frp:firms_viirs_snpp_nrt_india,0.8,298.59,0.0,,,,1,1,1,1,277236.6757011932,277236.6757011932,uncertain,uncertain_review_required,insufficient_evidence,0.4,{},,,
frp:firms_viirs_snpp_nrt_india:firms_viirs_snpp_nrt_india.csv:949,ranking,2026-09-03 19:42:00+00:00,26.75918,83.19909,frp:firms_viirs_snpp_nrt_india,1.16,306.85,0.0,,,,0,0,0,0,322043.0916885234,322043.0916885234,uncertain,uncertain_review_required,insufficient_evidence,0.4,{},,,
frp:firms_viirs_snpp_nrt_india:firms_viirs_snpp_nrt_india.csv:950,ranking,2026-09-03 19:45:00+00:00,23.56118,87.08237,frp:firms_viirs_snpp_nrt_india,2.48,307.04,0.0,,,,0,0,0,0,30301.606603163742,30301.606603163742,uncertain,uncertain_review_required,insufficient_evidence,0.4,{},,,
frp:firms_viirs_snpp_nrt_india:firms_viirs_snpp_nrt_india.csv:951,ranking,2026-09-03 19:45:00+00:00,23.58044,86.72423,frp:firms_viirs_snpp_nrt_india,1.24,309.01,0.0,,,,0,0,0,0,66745.4782724797,66745.4782724797,uncertain,uncertain_review_required,insufficient_evidence,0.4,{},,,
frp:firms_viirs_snpp_nrt_india:firms_viirs_snpp_nrt_india.csv:952,ranking,2026-09-03 19:45:00+00:00,23.6091,85.67449,frp:firms_viirs_snpp_nrt_india,0.98,308.9,0.0,,,,0,0,0,0,173741.04572696605,173741.04572696605,uncertain,uncertain_review_required,insufficient_evidence,0.4,{},,,
frp:firms_viirs_snpp_nrt_india:firms_viirs_snpp_nrt_india.csv:953,ranking,2026-09-03 19:45:00+00:00,23.61394,86.78859,frp:firms_viirs_snpp_nrt_india,1.7,309.63,0.0,,,,0,0,0,0,60315.37994180054,60315.37994180054,uncertain,uncertain_review_required,insufficient_evidence,0.4,{},,,
frp:firms_viirs_snpp_nrt_india:firms_viirs_snpp_nrt_india.csv:954,ranking,2026-09-03 19:45:00+00:00,23.63301,86.83422,frp:firms_viirs_snpp_nrt_india,0.84,306.94,0.0,,,,0,0,0,0,55868.281042563816,55868.281042563816,uncertain,uncertain_review_required,insufficient_evidence,0.4,{},,,
frp:firms_viirs_snpp_nrt_india:firms_viirs_snpp_nrt_india.csv:955,ranking,2026-09-03 19:45:00+00:00,23.64893,85.44199,frp:firms_viirs_snpp_nrt_india,1.15,304.53,0.0,,,,1,1,1,1,197526.96911408418,197526.96911408418,uncertain,uncertain_review_required,insufficient_evidence,0.4,{},,,
frp:firms_viirs_snpp_nrt_india:firms_viirs_snpp_nrt_india.csv:956,ranking,2026-09-03 19:45:00+00:00,23.64945,85.43736,frp:firms_viirs_snpp_nrt_india,4.0,328.16,0.0,,,,0,0,0,0,198000.24334437656,198000.24334437656,uncertain,uncertain_review_required,insufficient_evidence,0.4,{},,,
frp:firms_viirs_snpp_nrt_india:firms_viirs_snpp_nrt_india.csv:957,ranking,2026-09-03 19:45:00+00:00,23.66326,87.15506,frp:firms_viirs_snpp_nrt_india,2.72,315.58,0.0,,,,3,3,3,3,24749.432392988685,24749.432392988685,uncertain,uncertain_review_required,insufficient_evidence,0.4,{},,,
frp:firms_viirs_snpp_nrt_india:firms_viirs_snpp_nrt_india.csv:958,ranking,2026-09-03 19:45:00+00:00,23.6662,84.99924,frp:firms_viirs_snpp_nrt_india,1.64,305.61,0.0,,,,0,0,0,0,224629.05798364506,224629.05798364506,uncertain,uncertain_review_required,insufficient_evidence,0.4,{},,,
frp:firms_viirs_snpp_nrt_india:firms_viirs_snpp_nrt_india.csv:959,ranking,2026-09-03 19:45:00+00:00,23.66999,86.93584,frp:firms_viirs_snpp_nrt_india,0.5,305.31,0.0,,,,0,0,0,0,46323.90565628552,46323.90565628552,uncertain,uncertain_review_required,insufficient_evidence,0.4,{},,,
frp:firms_viirs_snpp_nrt_india:firms_viirs_snpp_nrt_india.csv:960,ranking,2026-09-03 19:45:00+00:00,23.67128,84.99492,frp:firms_viirs_snpp_nrt_india,0.81,302.0,0.0,,,,1,1,1,1,224344.19164762177,224344.19164762177,uncertain,uncertain_review_required,insufficient_evidence,0.4,{},,,
frp:firms_viirs_snpp_nrt_india:firms_viirs_snpp_nrt_india.csv:961,ranking,2026-09-03 19:45:00+00:00,23.67558,85.32627,frp:firms_viirs_snpp_nrt_india,0.87,302.56,0.0,,,,1,1,1,1,209420.1331992385,209420.1331992385,uncertain,uncertain_review_required,insufficient_evidence,0.4,{},,,
frp:firms_viirs_snpp_nrt_india:firms_viirs_snpp_nrt_india.csv:962,ranking,2026-09-03 19:45:00+00:00,23.68263,87.12968,frp:firms_viirs_snpp_nrt_india,1.02,304.46,0.0,,,,1,1,1,1,27981.921567617672,27981.921567617672,uncertain,uncertain_review_required,insufficient_evidence,0.4,{},,,
frp:firms_viirs_snpp_nrt_india:firms_viirs_snpp_nrt_india.csv:963,ranking,2026-09-03 19:45:00+00:00,23.68801,87.11914,frp:firms_viirs_snpp_nrt_india,1.93,310.76,0.0,,,,2,2,2,2,29207.106461974774,29207.106461974774,uncertain,uncertain_review_required,insufficient_evidence,0.4,{},,,
frp:firms_viirs_snpp_nrt_india:firms_viirs_snpp_nrt_india.csv:964,ranking,2026-09-03 19:45:00+00:00,23.69199,87.11974,frp:firms_viirs_snpp_nrt_india,1.93,307.04,0.0,,,,5,5,5,5,29340.891071991828,29340.891071991828,uncertain,uncertain_review_required,insufficient_evidence,0.4,{},,,
frp:firms_viirs_snpp_nrt_india:firms_viirs_snpp_nrt_india.csv:965,ranking,2026-09-03 19:45:00+00:00,23.69338,87.10863,frp:firms_viirs_snpp_nrt_india,1.71,305.36,0.0,,,,2,2,2,2,30429.29302288538,30429.29302288538,uncertain,uncertain_review_required,insufficient_evidence,0.4,{},,,
frp:firms_viirs_snpp_nrt_india:firms_viirs_snpp_nrt_india.csv:966,ranking,2026-09-03 19:45:00+00:00,23.69777,85.2904,frp:firms_viirs_snpp_nrt_india,1.48,303.8,0.0,,,,2,2,2,2,208770.63835641224,208770.63835641224,uncertain,uncertain_review_required,insufficient_evidence,0.4,{},,,
frp:firms_viirs_snpp_nrt_india:firms_viirs_snpp_nrt_india.csv:967,ranking,2026-09-03 19:45:00+00:00,23.69792,85.36774,frp:firms_viirs_snpp_nrt_india,0.93,302.62,0.0,,,,2,2,2,2,205331.14091183344,205331.14091183344,uncertain,uncertain_review_required,insufficient_evidence,0.4,{},,,
frp:firms_viirs_snpp_nrt_india:firms_viirs_snpp_nrt_india.csv:968,ranking,2026-09-03 19:45:00+00:00,23.70747,86.44939,frp:firms_viirs_snpp_nrt_india,0.94,305.52,0.0,,,,10,10,10,10,95806.92797615833,95806.92797615833,uncertain,uncertain_review_required,insufficient_evidence,0.4,{},,,
frp:firms_viirs_snpp_nrt_india:firms_viirs_snpp_nrt_india.csv:969,ranking,2026-09-03 19:45:00+00:00,23.71034,86.42485,frp:firms_viirs_snpp_nrt_india,1.8,309.97,0.0,,,,18,18,18,18,98325.09726393135,98325.09726393135,uncertain,uncertain_review_required,insufficient_evidence,0.4,{},,,
frp:firms_viirs_snpp_nrt_india:firms_viirs_snpp_nrt_india.csv:970,ranking,2026-09-03 19:45:00+00:00,23.71161,86.45001,frp:firms_viirs_snpp_nrt_india,1.59,317.27,0.0,,,,8,8,8,8,95813.67238717538,95813.67238717538,uncertain,uncertain_review_required,insufficient_evidence,0.4,{},,,
frp:firms_viirs_snpp_nrt_india:firms_viirs_snpp_nrt_india.csv:971,ranking,2026-09-03 19:45:00+00:00,23.7117,85.28757,frp:firms_viirs_snpp_nrt_india,0.73,301.95,0.0,,,,0,0,0,0,207443.8633357792,207443.8633357792,uncertain,uncertain_review_required,insufficient_evidence,0.4,{},,,
frp:firms_viirs_snpp_nrt_india:firms_viirs_snpp_nrt_india.csv:972,ranking,2026-09-03 19:45:00+00:00,23.71498,86.42139,frp:firms_viirs_snpp_nrt_india,1.61,307.53,0.0,,,,22,22,22,22,98750.475497457,98750.475497457,uncertain,uncertain_review_required,insufficient_evidence,0.4,{},,,
frp:firms_viirs_snpp_nrt_india:firms_viirs_snpp_nrt_india.csv:973,ranking,2026-09-03 19:45:00+00:00,23.71576,86.45063,frp:firms_viirs_snpp_nrt_india,1.59,309.84,0.0,,,,7,7,7,7,95822.8483787573,95822.8483787573,uncertain,uncertain_review_required,insufficient_evidence,0.4,{},,,
frp:firms_viirs_snpp_nrt_india:firms_viirs_snpp_nrt_india.csv:974,ranking,2026-09-03 19:45:00+00:00,23.71672,86.44246,frp:firms_viirs_snpp_nrt_india,0.91,305.75,0.0,,,,7,7,7,7,96661.02911843859,96661.02911843859,uncertain,uncertain_review_required,insufficient_evidence,0.4,{},,,
frp:firms_viirs_snpp_nrt_india:firms_viirs_snpp_nrt_india.csv:975,ranking,2026-09-03 19:45:00+00:00,23.71913,86.422,frp:firms_viirs_snpp_nrt_india,1.61,311.36,0.0,,,,18,18,18,18,98760.18233999325,98760.18233999325,uncertain,uncertain_review_required,insufficient_evidence,0.4,{},,,
frp:firms_viirs_snpp_nrt_india:firms_viirs_snpp_nrt_india.csv:976,ranking,2026-09-03 19:45:00+00:00,23.72328,86.4226,frp:firms_viirs_snpp_nrt_india,2.1,307.96,0.0,,,,19,19,19,19,98773.09169883237,98773.09169883237,uncertain,uncertain_review_required,insufficient_evidence,0.4,{},,,
frp:firms_viirs_snpp_nrt_india:firms_viirs_snpp_nrt_india.csv:977,ranking,2026-09-03 19:45:00+00:00,23.7255,86.43961,frp:firms_viirs_snpp_nrt_india,2.79,312.66,0.0,,,,6,6,6,6,97105.26922506574,97105.26922506574,uncertain,uncertain_review_required,insufficient_evidence,0.4,{},,,
frp:firms_viirs_snpp_nrt_india:firms_viirs_snpp_nrt_india.csv:978,ranking,2026-09-03 19:45:00+00:00,23.73892,86.43327,frp:firms_viirs_snpp_nrt_india,4.27,332.15,0.0,,,,29,29,29,29,97999.42430195276,97999.42430195276,uncertain,uncertain_review_required,insufficient_evidence,0.4,{},,,
frp:firms_viirs_snpp_nrt_india:firms_viirs_snpp_nrt_india.csv:979,ranking,2026-09-03 19:45:00+00:00,23.73894,85.0092,frp:firms_viirs_snpp_nrt_india,1.68,308.95,0.0,,,,0,0,0,0,217060.56853173068,217060.56853173068,uncertain,uncertain_review_required,insufficient_evidence,0.4,{},,,
frp:firms_viirs_snpp_nrt_india:firms_viirs_snpp_nrt_india.csv:980,ranking,2026-09-03 19:45:00+00:00,23.73955,85.01097,frp:firms_viirs_snpp_nrt_india,1.92,308.09,0.0,,,,1,1,1,1,216913.17928994528,216913.17928994528,uncertain,uncertain_review_required,insufficient_evidence,0.4,{},,,
frp:firms_viirs_snpp_nrt_india:firms_viirs_snpp_nrt_india.csv:981,ranking,2026-09-03 19:45:00+00:00,23.75333,86.41881,frp:firms_viirs_snpp_nrt_india,2.21,306.57,0.0,,,,38,38,38,38,99744.21465062787,99744.21465062787,uncertain,uncertain_review_required,insufficient_evidence,0.4,{},,,
frp:firms_viirs_snpp_nrt_india:firms_viirs_snpp_nrt_india.csv:982,ranking,2026-09-03 19:45:00+00:00,23.75436,85.85263,frp:firms_viirs_snpp_nrt_india,1.3,310.98,0.0,,,,3,3,3,3,156707.7467830871,156707.7467830871,uncertain,uncertain_review_required,insufficient_evidence,0.4,{},,,
frp:firms_viirs_snpp_nrt_india:firms_viirs_snpp_nrt_india.csv:983,ranking,2026-09-03 19:45:00+00:00,23.75678,85.85565,frp:firms_viirs_snpp_nrt_india,1.56,310.42,0.0,,,,0,0,0,0,156435.29119897552,156435.29119897552,uncertain,uncertain_review_required,insufficient_evidence,0.4,{},,,
frp:firms_viirs_snpp_nrt_india:firms_viirs_snpp_nrt_india.csv:984,ranking,2026-09-03 19:45:00+00:00,23.75731,85.85121,frp:firms_viirs_snpp_nrt_india,1.56,303.97,0.0,,,,1,1,1,1,156890.97690724104,156890.97690724104,uncertain,uncertain_review_required,insufficient_evidence,0.4,{},,,
frp:firms_viirs_snpp_nrt_india:firms_viirs_snpp_nrt_india.csv:985,ranking,2026-09-03 19:45:00+00:00,23.75867,85.85327,frp:firms_viirs_snpp_nrt_india,1.3,305.82,0.0,,,,2,2,2,2,156701.4837795721,156701.4837795721,uncertain,uncertain_review_required,insufficient_evidence,0.4,{},,,
frp:firms_viirs_snpp_nrt_india:firms_viirs_snpp_nrt_india.csv:986,ranking,2026-09-03 19:45:00+00:00,23.75945,86.403,frp:firms_viirs_snpp_nrt_india,1.9,311.53,0.0,,,,34,34,34,34,101454.90605957391,101454.90605957391,uncertain,uncertain_review_required,insufficient_evidence,0.4,{},,,
frp:firms_viirs_snpp_nrt_india:firms_viirs_snpp_nrt_india.csv:987,ranking,2026-09-03 19:45:00+00:00,23.75995,86.39886,frp:firms_viirs_snpp_nrt_india,1.13,303.16,0.0,,,,36,36,36,36,101878.95853094237,101878.95853094237,uncertain,uncertain_review_required,insufficient_evidence,0.4,{},,,
frp:firms_viirs_snpp_nrt_india:firms_viirs_snpp_nrt_india.csv:988,ranking,2026-09-03 19:45:00+00:00,23.76361,86.40362,frp:firms_viirs_snpp_nrt_india,1.9,319.57,0.0,,,,37,37,37,37,101484.88145107882,101484.88145107882,uncertain,uncertain_review_required,insufficient_evidence,0.4,{},,,
frp:firms_viirs_snpp_nrt_india:firms_viirs_snpp_nrt_india.csv:989,ranking,2026-09-03 19:45:00+00:00,23.76411,86.39948,frp:firms_viirs_snpp_nrt_india,1.13,301.48,0.0,,,,37,37,37,37,101908.78740554272,101908.78740554272,uncertain,uncertain_review_required,insufficient_evidence,0.4,{},,,
frp:firms_viirs_snpp_nrt_india:firms_viirs_snpp_nrt_india.csv:990,ranking,2026-09-03 19:45:00+00:00,23.76777,86.40421,frp:firms_viirs_snpp_nrt_india,2.0,320.79,0.0,,,,38,38,38,38,101519.98674225532,101519.98674225532,uncertain,uncertain_review_required,insufficient_evidence,0.4,{},,,
frp:firms_viirs_snpp_nrt_india:firms_viirs_snpp_nrt_india.csv:991,ranking,2026-09-03 19:45:00+00:00,23.76827,86.40009,frp:firms_viirs_snpp_nrt_india,1.42,301.49,0.0,,,,39,39,39,39,101941.74548614016,101941.74548614016,uncertain,uncertain_review_required,insufficient_evidence,0.4,{},,,
frp:firms_viirs_snpp_nrt_india:firms_viirs_snpp_nrt_india.csv:992,ranking,2026-09-03 19:45:00+00:00,23.77272,86.36308,frp:firms_viirs_snpp_nrt_india,1.88,311.0,0.0,,,,45,45,45,45,105729.86715330678,105729.86715330678,uncertain,uncertain_review_required,insufficient_evidence,0.4,{},,,
frp:firms_viirs_snpp_nrt_india:firms_viirs_snpp_nrt_india.csv:993,ranking,2026-09-03 19:45:00+00:00,23.7769,86.36366,frp:firms_viirs_snpp_nrt_india,1.88,309.48,0.0,,,,40,40,40,40,105766.9804420457,105766.9804420457,uncertain,uncertain_review_required,insufficient_evidence,0.4,{},,,
frp:firms_viirs_snpp_nrt_india:firms_viirs_snpp_nrt_india.csv:994,ranking,2026-09-03 19:45:00+00:00,23.77807,86.38908,frp:firms_viirs_snpp_nrt_india,1.38,317.93,0.0,,,,41,41,41,41,103264.99585637989,103264.99585637989,uncertain,uncertain_review_required,insufficient_evidence,0.4,{},,,
frp:firms_viirs_snpp_nrt_india:firms_viirs_snpp_nrt_india.csv:995,ranking,2026-09-03 19:45:00+00:00,23.77853,86.20712,frp:firms_viirs_snpp_nrt_india,1.4,305.87,0.0,,,,7,7,7,7,121431.91358797369,121431.91358797369,uncertain,uncertain_review_required,insufficient_evidence,0.4,{},,,
frp:firms_viirs_snpp_nrt_india:firms_viirs_snpp_nrt_india.csv:996,ranking,2026-09-03 19:45:00+00:00,23.78174,86.39377,frp:firms_viirs_snpp_nrt_india,1.38,300.97,0.0,,,,42,42,42,42,102886.737786246,102886.737786246,uncertain,uncertain_review_required,insufficient_evidence,0.4,{},,,
frp:firms_viirs_snpp_nrt_india:firms_viirs_snpp_nrt_india.csv:997,ranking,2026-09-03 19:45:00+00:00,23.78223,86.3897,frp:firms_viirs_snpp_nrt_india,1.38,305.21,0.0,,,,43,43,43,43,103302.81517973378,103302.81517973378,uncertain,uncertain_review_required,insufficient_evidence,0.4,{},,,
frp:firms_viirs_snpp_nrt_india:firms_viirs_snpp_nrt_india.csv:998,ranking,2026-09-03 19:45:00+00:00,23.78732,85.55491,frp:firms_viirs_snpp_nrt_india,1.46,301.71,0.0,,,,2,2,2,2,187225.13870226967,187225.13870226967,uncertain,uncertain_review_required,insufficient_evidence,0.4,{},,,
frp:firms_viirs_snpp_nrt_india:firms_viirs_snpp_nrt_india.csv:999,ranking,2026-09-03 19:45:00+00:00,23.78801,85.55334,frp:firms_viirs_snpp_nrt_india,0.87,308.69,0.0,,,,3,3,3,3,187392.85035023745,187392.85035023745,uncertain,uncertain_review_required,insufficient_evidence,0.4,{},,,
frp:firms_viirs_snpp_nrt_india:firms_viirs_snpp_nrt_india.csv:1000,ranking,2026-09-03 19:45:00+00:00,23.79508,86.35372,frp:firms_viirs_snpp_nrt_india,0.83,302.73,0.0,,,,25,25,25,25,107188.23436493453,107188.23436493453,uncertain,uncertain_review_required,insufficient_evidence,0.4,{},,,
frp:firms_viirs_snpp_nrt_india:firms_viirs_snpp_nrt_india.csv:1001,ranking,2026-09-03 19:45:00+00:00,23.79559,86.34954,frp:firms_viirs_snpp_nrt_india,0.83,297.82,0.0,,,,26,26,26,26,107615.48872547942,107615.48872547942,uncertain,uncertain_review_required,insufficient_evidence,0.4,{},,,
frp:firms_viirs_snpp_nrt_india:firms_viirs_snpp_nrt_india.csv:1002,ranking,2026-09-03 19:45:00+00:00,23.79659,86.2353,frp:firms_viirs_snpp_nrt_india,0.51,298.0,0.0,,,,6,6,6,6,118999.75518612802,118999.75518612802,uncertain,uncertain_review_required,insufficient_evidence,0.4,{},,,
frp:firms_viirs_snpp_nrt_india:firms_viirs_snpp_nrt_india.csv:1003,ranking,2026-09-03 19:45:00+00:00,23.79976,86.35018,frp:firms_viirs_snpp_nrt_india,0.74,300.15,0.0,,,,27,27,27,27,107655.94337325695,107655.94337325695,uncertain,uncertain_review_required,insufficient_evidence,0.4,{},,,
frp:firms_viirs_snpp_nrt_india:firms_viirs_snpp_nrt_india.csv:1004,ranking,2026-09-03 19:45:00+00:00,23.80228,86.32954,frp:firms_viirs_snpp_nrt_india,1.77,314.47,0.0,,,,12,12,12,12,109764.97418379514,109764.97418379514,uncertain,uncertain_review_required,insufficient_evidence,0.4,{},,,
frp:firms_viirs_snpp_nrt_india:firms_viirs_snpp_nrt_india.csv:1005,ranking,2026-09-03 19:45:00+00:00,23.80646,86.33013,frp:firms_viirs_snpp_nrt_india,1.77,307.16,0.0,,,,13,13,13,13,109811.71592009498,109811.71592009498,uncertain,uncertain_review_required,insufficient_evidence,0.4,{},,,
frp:firms_viirs_snpp_nrt_india:firms_viirs_snpp_nrt_india.csv:1006,ranking,2026-09-03 19:45:00+00:00,23.80754,86.32885,frp:firms_viirs_snpp_nrt_india,0.61,303.74,0.0,,,,13,13,13,13,109965.95770876526,109965.95770876526,uncertain,uncertain_review_required,insufficient_evidence,0.4,{},,,
frp:firms_viirs_snpp_nrt_india:firms_viirs_snpp_nrt_india.csv:1007,ranking,2026-09-03 19:45:00+00:00,24.11606,86.86103,frp:firms_viirs_snpp_nrt_india,2.21,316.46,0.0,,,,0,0,0,0,79781.72873549646,79781.72873549646,uncertain,uncertain_review_required,insufficient_evidence,0.4,{},,,
frp:firms_viirs_snpp_nrt_india:firms_viirs_snpp_nrt_india.csv:1008,ranking,2026-09-03 19:45:00+00:00,24.11965,86.86556,frp:firms_viirs_snpp_nrt_india,0.4,305.15,0.0,,,,1,1,1,1,79779.01914335386,79779.01914335386,uncertain,uncertain_review_required,insufficient_evidence,0.4,{},,,
frp:firms_viirs_snpp_nrt_india:firms_viirs_snpp_nrt_india.csv:1009,ranking,2026-09-03 19:47:00+00:00,6.81018,81.6179,frp:firms_viirs_snpp_nrt_india,2.04,309.69,0.0,,,,5,5,5,5,184164.66640834315,184164.66640834315,uncertain,uncertain_review_required,insufficient_evidence,0.4,{},,,
frp:firms_viirs_snpp_nrt_india:firms_viirs_snpp_nrt_india.csv:1010,ranking,2026-09-03 19:47:00+00:00,6.81469,81.61859,frp:firms_viirs_snpp_nrt_india,2.04,319.84,0.0,,,,6,6,6,6,184195.0404143553,184195.0404143553,uncertain,uncertain_review_required,insufficient_evidence,0.4,{},,,
frp:firms_viirs_snpp_nrt_india:firms_viirs_snpp_nrt_india.csv:1011,ranking,2026-09-03 19:47:00+00:00,6.83187,81.33813,frp:firms_viirs_snpp_nrt_india,2.09,315.79,0.0,,,,0,0,0,0,153185.44728047968,153185.44728047968,uncertain,uncertain_review_required,insufficient_evidence,0.4,{},,,
frp:firms_viirs_snpp_nrt_india:firms_viirs_snpp_nrt_india.csv:1012,ranking,2026-09-03 19:47:00+00:00,6.96157,79.96043,frp:firms_viirs_snpp_nrt_india,0.88,307.13,0.0,,,,2,2,2,2,478.2087173088417,478.2087173088417,emergency_or_transient_fire,industrial_fire_candidate,industrial_proximity,0.72,{},,,
frp:firms_viirs_snpp_nrt_india:firms_viirs_snpp_nrt_india.csv:1013,ranking,2026-09-03 19:47:00+00:00,7.38557,80.83266,frp:firms_viirs_snpp_nrt_india,1.68,304.7,0.0,,,,1,1,1,1,107635.0910145114,107635.0910145114,uncertain,uncertain_review_required,insufficient_evidence,0.4,{},,,
frp:firms_viirs_snpp_nrt_india:firms_viirs_snpp_nrt_india.csv:1014,ranking,2026-09-03 19:47:00+00:00,7.38579,80.83545,frp:firms_viirs_snpp_nrt_india,1.2,301.64,0.0,,,,0,0,0,0,107922.3257678658,107922.3257678658,uncertain,uncertain_review_required,insufficient_evidence,0.4,{},,,
frp:firms_viirs_snpp_nrt_india:firms_viirs_snpp_nrt_india.csv:1015,ranking,2026-09-03 19:47:00+00:00,15.02242,78.01557,frp:firms_viirs_snpp_nrt_india,2.54,301.82,0.0,,,,0,0,0,0,316435.2747134921,316435.2747134921,uncertain,uncertain_review_required,insufficient_evidence,0.4,{},,,
frp:firms_viirs_snpp_nrt_india:firms_viirs_snpp_nrt_india.csv:1016,ranking,2026-09-03 19:47:00+00:00,15.18083,76.6638,frp:firms_viirs_snpp_nrt_india,2.73,298.03,0.0,,,,35,35,35,35,310687.99127798533,310687.99127798533,uncertain,uncertain_review_required,insufficient_evidence,0.4,{},,,
frp:firms_viirs_snpp_nrt_india:firms_viirs_snpp_nrt_india.csv:1017,ranking,2026-09-03 19:47:00+00:00,15.18106,76.67557,frp:firms_viirs_snpp_nrt_india,1.25,302.03,0.0,,,,34,34,34,34,311502.91311876144,311502.91311876144,uncertain,uncertain_review_required,insufficient_evidence,0.4,{},,,
frp:firms_viirs_snpp_nrt_india:firms_viirs_snpp_nrt_india.csv:1018,ranking,2026-09-03 19:47:00+00:00,15.18172,76.66895,frp:firms_viirs_snpp_nrt_india,1.25,299.3,0.0,,,,33,33,33,33,311112.4076638793,311112.4076638793,uncertain,uncertain_review_required,insufficient_evidence,0.4,{},,,
frp:firms_viirs_snpp_nrt_india:firms_viirs_snpp_nrt_india.csv:1019,ranking,2026-09-03 19:47:00+00:00,17.3574,76.87903,frp:firms_viirs_snpp_nrt_india,0.63,295.01,0.0,,,,0,0,0,0,449723.64748114464,449723.64748114464,uncertain,uncertain_review_required,insufficient_evidence,0.4,{},,,
frp:firms_viirs_snpp_nrt_india:firms_viirs_snpp_nrt_india.csv:1020,ranking,2026-09-03 19:49:00+00:00,8.57317,80.40264,frp:firms_viirs_snpp_nrt_india,1.68,311.9,0.0,,,,6,6,6,6,186006.97832525586,186006.97832525586,uncertain,uncertain_review_required,insufficient_evidence,0.4,{},,,
frp:firms_viirs_snpp_nrt_india:firms_viirs_snpp_nrt_india.csv:1021,ranking,2026-09-03 19:49:00+00:00,9.54534,77.51893,frp:firms_viirs_snpp_nrt_india,2.19,301.06,0.0,,,,26,26,26,26,131891.9016366841,131891.9016366841,uncertain,uncertain_review_required,insufficient_evidence,0.4,{},,,
frp:firms_viirs_snpp_nrt_india:firms_viirs_snpp_nrt_india.csv:1022,ranking,2026-09-03 19:49:00+00:00,9.54608,77.51984,frp:firms_viirs_snpp_nrt_india,1.59,305.2,0.0,,,,27,27,27,27,131956.24539305185,131956.24539305185,uncertain,uncertain_review_required,insufficient_evidence,0.4,{},,,
frp:firms_viirs_snpp_nrt_india:firms_viirs_snpp_nrt_india.csv:1023,ranking,2026-09-03 21:23:00+00:00,22.33898,69.85583,frp:firms_viirs_snpp_nrt_india,2.56,307.29,0.0,,,,0,0,0,0,2684.8180816353065,2684.8180816353065,uncertain,uncertain_review_required,insufficient_evidence,0.4,{},,,
frp:firms_viirs_snpp_nrt_india:firms_viirs_snpp_nrt_india.csv:1024,ranking,2026-09-03 21:23:00+00:00,22.38261,73.12849,frp:firms_viirs_snpp_nrt_india,0.81,303.37,0.0,,,,3,3,3,3,2387.854296346408,2387.854296346408,uncertain,uncertain_review_required,insufficient_evidence,0.4,{},,,
frp:firms_viirs_snpp_nrt_india:firms_viirs_snpp_nrt_india.csv:1025,ranking,2026-09-03 21:23:00+00:00,22.92733,69.82601,frp:firms_viirs_snpp_nrt_india,2.2,305.45,0.0,,,,0,0,0,0,54509.481861525026,54509.481861525026,uncertain,uncertain_review_required,insufficient_evidence,0.4,{},,,
frp:firms_viirs_snpp_nrt_india:firms_viirs_snpp_nrt_india.csv:1026,ranking,2026-09-03 21:23:00+00:00,22.93135,69.70153,frp:firms_viirs_snpp_nrt_india,1.43,306.91,0.0,,,,3,3,3,3,57063.25316199765,57063.25316199765,uncertain,uncertain_review_required,insufficient_evidence,0.4,{},,,
frp:firms_viirs_snpp_nrt_india:firms_viirs_snpp_nrt_india.csv:1027,ranking,2026-09-03 21:23:00+00:00,22.93212,69.69724,frp:firms_viirs_snpp_nrt_india,1.43,321.98,0.0,,,,4,4,4,4,57267.51902437773,57267.51902437773,uncertain,uncertain_review_required,insufficient_evidence,0.4,{},,,
frp:firms_viirs_snpp_nrt_india:firms_viirs_snpp_nrt_india.csv:1028,ranking,2026-09-03 21:23:00+00:00,22.93487,69.70225,frp:firms_viirs_snpp_nrt_india,1.43,311.79,0.0,,,,5,5,5,5,57419.68763166842,57419.68763166842,uncertain,uncertain_review_required,insufficient_evidence,0.4,{},,,
frp:firms_viirs_snpp_nrt_india:firms_viirs_snpp_nrt_india.csv:1029,ranking,2026-09-03 21:23:00+00:00,22.93564,69.69796,frp:firms_viirs_snpp_nrt_india,1.43,316.67,0.0,,,,6,6,6,6,57622.70437953628,57622.70437953628,uncertain,uncertain_review_required,insufficient_evidence,0.4,{},,,
frp:firms_viirs_snpp_nrt_india:firms_viirs_snpp_nrt_india.csv:1030,ranking,2026-09-03 21:23:00+00:00,22.97782,72.56509,frp:firms_viirs_snpp_nrt_india,1.43,308.61,0.0,,,,0,0,0,0,49557.26087162825,49557.26087162825,uncertain,uncertain_review_required,insufficient_evidence,0.4,{},,,
frp:firms_viirs_snpp_nrt_india:firms_viirs_snpp_nrt_india.csv:1031,ranking,2026-09-03 21:23:00+00:00,23.12061,70.08583,frp:firms_viirs_snpp_nrt_india,3.65,325.11,0.0,,,,1,1,1,1,79563.75434729282,79563.75434729282,uncertain,uncertain_review_required,insufficient_evidence,0.4,{},,,
frp:firms_viirs_snpp_nrt_india:firms_viirs_snpp_nrt_india.csv:1032,ranking,2026-09-03 21:23:00+00:00,23.4967,68.57797,frp:firms_viirs_snpp_nrt_india,1.65,310.58,0.0,,,,0,0,0,0,120029.1926529984,120029.1926529984,uncertain,uncertain_review_required,insufficient_evidence,0.4,{},,,
frp:firms_viirs_snpp_nrt_india:firms_viirs_snpp_nrt_india.csv:1033,ranking,2026-09-03 21:23:00+00:00,24.68892,73.00289,frp:firms_viirs_snpp_nrt_india,2.05,302.62,0.0,,,,1,1,1,1,139834.53357591532,139834.53357591532,uncertain,uncertain_review_required,insufficient_evidence,0.4,{},,,
frp:firms_viirs_snpp_nrt_india:firms_viirs_snpp_nrt_india.csv:1034,ranking,2026-09-03 21:23:00+00:00,24.98972,66.93284,frp:firms_viirs_snpp_nrt_india,1.95,309.78,0.0,,,,0,0,0,0,24517.193721581556,24517.193721581556,uncertain,uncertain_review_required,insufficient_evidence,0.4,{},,,
frp:firms_viirs_snpp_nrt_india:firms_viirs_snpp_nrt_india.csv:1035,ranking,2026-09-03 21:23:00+00:00,28.42567,69.70049,frp:firms_viirs_snpp_nrt_india,1.59,319.9,0.0,,,,7,7,7,7,42908.846864710285,42908.846864710285,uncertain,uncertain_review_required,insufficient_evidence,0.4,{},,,
frp:firms_viirs_snpp_nrt_india:firms_viirs_snpp_nrt_india.csv:1036,ranking,2026-09-03 21:23:00+00:00,29.47329,76.85825,frp:firms_viirs_snpp_nrt_india,5.35,320.78,0.0,,,,8,8,8,8,258.2586676569892,258.2586676569892,emergency_or_transient_fire,industrial_fire_candidate,industrial_proximity,0.72,{},,,
frp:firms_viirs_snpp_nrt_india:firms_viirs_snpp_nrt_india.csv:1037,ranking,2026-09-03 21:23:00+00:00,29.47491,76.86111,frp:firms_viirs_snpp_nrt_india,4.53,321.58,0.0,,,,9,9,9,9,314.21867821617036,314.21867821617036,emergency_or_transient_fire,industrial_fire_candidate,industrial_proximity,0.72,{},,,
frp:firms_viirs_snpp_nrt_india:firms_viirs_snpp_nrt_india.csv:1038,ranking,2026-09-03 21:23:00+00:00,29.47618,76.85554,frp:firms_viirs_snpp_nrt_india,4.41,311.96,0.0,,,,11,11,11,11,243.19324162571942,243.19324162571942,persistent_or_non_emergency_heat,persistent_industrial_heat_or_flare,known_flare_and_persistence,0.9,{},,,
frp:firms_viirs_snpp_nrt_india:firms_viirs_snpp_nrt_india.csv:1039,ranking,2026-09-03 21:23:00+00:00,29.4779,76.85962,frp:firms_viirs_snpp_nrt_india,5.5,322.24,0.0,,,,10,10,10,10,302.03231558809705,302.03231558809705,persistent_or_non_emergency_heat,persistent_industrial_heat_or_flare,known_flare_and_persistence,0.9,{},,,
frp:firms_viirs_snpp_nrt_india:firms_viirs_snpp_nrt_india.csv:1040,ranking,2026-09-03 21:23:00+00:00,31.26022,76.92496,frp:firms_viirs_snpp_nrt_india,2.04,303.07,0.0,,,,0,0,0,0,198545.13084733053,198545.13084733053,uncertain,uncertain_review_required,insufficient_evidence,0.4,{},,,
frp:firms_viirs_snpp_nrt_india:firms_viirs_snpp_nrt_india.csv:1041,ranking,2026-09-03 21:23:00+00:00,31.42277,72.99947,frp:firms_viirs_snpp_nrt_india,0.81,312.39,0.0,,,,0,0,0,0,180842.2580352299,180842.2580352299,uncertain,uncertain_review_required,insufficient_evidence,0.4,{},,,
frp:firms_viirs_snpp_nrt_india:firms_viirs_snpp_nrt_india.csv:1042,ranking,2026-09-03 21:23:00+00:00,32.72092,72.92194,frp:firms_viirs_snpp_nrt_india,1.17,304.86,0.0,,,,0,0,0,0,43206.681069233455,43206.681069233455,uncertain,uncertain_review_required,insufficient_evidence,0.4,{},,,
frp:firms_viirs_snpp_nrt_india:firms_viirs_snpp_nrt_india.csv:1043,ranking,2026-09-03 21:23:00+00:00,32.88893,71.61838,frp:firms_viirs_snpp_nrt_india,2.91,314.87,0.0,,,,6,6,6,6,24500.467885003283,24500.467885003283,uncertain,uncertain_review_required,insufficient_evidence,0.4,{},,,
frp:firms_viirs_snpp_nrt_india:firms_viirs_snpp_nrt_india.csv:1044,ranking,2026-09-03 21:23:00+00:00,33.2953,71.1847,frp:firms_viirs_snpp_nrt_india,1.2,313.43,0.0,,,,7,7,7,7,76.67839340859958,76.67839340859958,emergency_or_transient_fire,industrial_fire_candidate,industrial_proximity,0.72,{},,,
frp:firms_viirs_snpp_nrt_india:firms_viirs_snpp_nrt_india.csv:1045,ranking,2026-09-03 21:23:00+00:00,33.40643,71.93991,frp:firms_viirs_snpp_nrt_india,0.6,307.17,0.0,,,,0,0,0,0,102.0920515532396,102.0920515532396,emergency_or_transient_fire,industrial_fire_candidate,industrial_proximity,0.72,{},,,
frp:firms_viirs_snpp_nrt_india:firms_viirs_snpp_nrt_india.csv:1046,ranking,2026-09-03 21:23:00+00:00,33.54525,71.54886,frp:firms_viirs_snpp_nrt_india,1.19,307.45,0.0,,,,0,0,0,0,33802.31300589265,33802.31300589265,uncertain,uncertain_review_required,insufficient_evidence,0.4,{},,,
frp:firms_viirs_snpp_nrt_india:firms_viirs_snpp_nrt_india.csv:1047,ranking,2026-09-03 21:23:00+00:00,33.90302,71.91702,frp:firms_viirs_snpp_nrt_india,3.14,306.15,0.0,,,,0,0,0,0,55180.85318211993,55180.85318211993,uncertain,uncertain_review_required,insufficient_evidence,0.4,{},,,
frp:firms_viirs_snpp_nrt_india:firms_viirs_snpp_nrt_india.csv:1048,ranking,2026-09-03 21:25:00+00:00,15.01009,77.61835,frp:firms_viirs_snpp_nrt_india,0.98,303.55,0.0,,,,1,1,1,1,350633.29468380514,350633.29468380514,uncertain,uncertain_review_required,insufficient_evidence,0.4,{},,,
frp:firms_viirs_snpp_nrt_india:firms_viirs_snpp_nrt_india.csv:1049,ranking,2026-09-03 21:25:00+00:00,15.07013,76.86538,frp:firms_viirs_snpp_nrt_india,1.56,303.5,0.0,,,,1,1,1,1,315672.2852296078,315672.2852296078,uncertain,uncertain_review_required,insufficient_evidence,0.4,{},,,
frp:firms_viirs_snpp_nrt_india:firms_viirs_snpp_nrt_india.csv:1050,ranking,2026-09-03 21:25:00+00:00,15.17637,77.09987,frp:firms_viirs_snpp_nrt_india,1.68,300.85,0.0,,,,1,1,1,1,341711.7505354337,341711.7505354337,uncertain,uncertain_review_required,insufficient_evidence,0.4,{},,,
frp:firms_viirs_snpp_nrt_india:firms_viirs_snpp_nrt_india.csv:1051,ranking,2026-09-03 21:25:00+00:00,15.17781,76.65665,frp:firms_viirs_snpp_nrt_india,3.05,313.84,0.0,,,,42,42,42,42,309944.9299474777,309944.9299474777,uncertain,uncertain_review_required,insufficient_evidence,0.4,{},,,
frp:firms_viirs_snpp_nrt_india:firms_viirs_snpp_nrt_india.csv:1052,ranking,2026-09-03 21:25:00+00:00,15.18179,76.66799,frp:firms_viirs_snpp_nrt_india,2.6,306.52,0.0,,,,43,43,43,43,311053.6528513565,311053.6528513565,uncertain,uncertain_review_required,insufficient_evidence,0.4,{},,,
frp:firms_viirs_snpp_nrt_india:firms_viirs_snpp_nrt_india.csv:1053,ranking,2026-09-03 21:25:00+00:00,15.19833,76.37807,frp:firms_viirs_snpp_nrt_india,1.14,297.68,0.0,,,,7,7,7,7,294027.6788943285,294027.6788943285,uncertain,uncertain_review_required,insufficient_evidence,0.4,{},,,
frp:firms_viirs_snpp_nrt_india:firms_viirs_snpp_nrt_india.csv:1054,ranking,2026-09-03 21:25:00+00:00,15.19921,76.37984,frp:firms_viirs_snpp_nrt_india,1.48,298.37,0.0,,,,6,6,6,6,294214.9429845318,294214.9429845318,uncertain,uncertain_review_required,insufficient_evidence,0.4,{},,,
frp:firms_viirs_snpp_nrt_india:firms_viirs_snpp_nrt_india.csv:1055,ranking,2026-09-03 21:25:00+00:00,16.18613,78.91606,frp:firms_viirs_snpp_nrt_india,3.56,303.5,0.0,,,,1,1,1,1,217526.16749494598,217526.16749494598,uncertain,uncertain_review_required,insufficient_evidence,0.4,{},,,
frp:firms_viirs_snpp_nrt_india:firms_viirs_snpp_nrt_india.csv:1056,ranking,2026-09-03 21:25:00+00:00,16.18728,78.91104,frp:firms_viirs_snpp_nrt_india,6.01,307.9,0.0,,,,0,0,0,0,218073.02458553237,218073.02458553237,uncertain,uncertain_review_required,insufficient_evidence,0.4,{},,,
frp:firms_viirs_snpp_nrt_india:firms_viirs_snpp_nrt_india.csv:1057,ranking,2026-09-03 21:25:00+00:00,18.68138,73.03857,frp:firms_viirs_snpp_nrt_india,1.63,306.06,0.0,,,,14,14,14,14,22853.8678247709,22853.8678247709,uncertain,uncertain_review_required,insufficient_evidence,0.4,{},,,
frp:firms_viirs_snpp_nrt_india:firms_viirs_snpp_nrt_india.csv:1058,ranking,2026-09-03 21:25:00+00:00,18.68235,73.03365,frp:firms_viirs_snpp_nrt_india,1.63,304.96,0.0,,,,13,13,13,13,22499.020185319743,22499.020185319743,uncertain,uncertain_review_required,insufficient_evidence,0.4,{},,,
frp:firms_viirs_snpp_nrt_india:firms_viirs_snpp_nrt_india.csv:1059,ranking,2026-09-03 21:25:00+00:00,18.68331,73.0287,frp:firms_viirs_snpp_nrt_india,2.72,301.11,0.0,,,,15,15,15,15,22150.58133387206,22150.58133387206,uncertain,uncertain_review_required,insufficient_evidence,0.4,{},,,
frp:firms_viirs_snpp_nrt_india:firms_viirs_snpp_nrt_india.csv:1060,ranking,2026-09-03 21:25:00+00:00,18.68517,73.04121,frp:firms_viirs_snpp_nrt_india,2.63,303.66,0.0,,,,19,19,19,19,22639.069760935934,22639.069760935934,uncertain,uncertain_review_required,insufficient_evidence,0.4,{},,,
frp:firms_viirs_snpp_nrt_india:firms_viirs_snpp_nrt_india.csv:1061,ranking,2026-09-03 21:25:00+00:00,18.68594,73.03958,frp:firms_viirs_snpp_nrt_india,1.63,303.16,0.0,,,,16,16,16,16,22475.733823611714,22475.733823611714,uncertain,uncertain_review_required,insufficient_evidence,0.4,{},,,
frp:firms_viirs_snpp_nrt_india:firms_viirs_snpp_nrt_india.csv:1062,ranking,2026-09-03 21:25:00+00:00,18.68717,73.03136,frp:firms_viirs_snpp_nrt_india,3.48,303.75,0.0,,,,17,17,17,17,21914.16857631388,21914.16857631388,uncertain,uncertain_review_required,insufficient_evidence,0.4,{},,,
frp:firms_viirs_snpp_nrt_india:firms_viirs_snpp_nrt_india.csv:1063,ranking,2026-09-03 21:25:00+00:00,18.69051,73.04059,frp:firms_viirs_snpp_nrt_india,2.42,303.23,0.0,,,,18,18,18,18,22102.335536292223,22102.335536292223,uncertain,uncertain_review_required,insufficient_evidence,0.4,{},,,
frp:firms_viirs_snpp_nrt_india:firms_viirs_snpp_nrt_india.csv:1064,ranking,2026-09-03 21:25:00+00:00,19.67624,71.67017,frp:firms_viirs_snpp_nrt_india,2.7,324.65,0.0,,,,0,0,0,0,34596.68536413792,34596.68536413792,uncertain,uncertain_review_required,insufficient_evidence,0.4,{},,,
frp:firms_viirs_snpp_nrt_india:firms_viirs_snpp_nrt_india.csv:1065,ranking,2026-09-03 21:25:00+00:00,20.35351,72.95026,frp:firms_viirs_snpp_nrt_india,0.44,295.9,0.0,,,,0,0,0,0,91601.2117673206,91601.2117673206,uncertain,uncertain_review_required,insufficient_evidence,0.4,{},,,
frp:firms_viirs_snpp_nrt_india:firms_viirs_snpp_nrt_india.csv:1066,ranking,2026-09-03 21:25:00+00:00,20.35693,72.94828,frp:firms_viirs_snpp_nrt_india,1.12,312.62,0.0,,,,1,1,1,1,91182.5154216413,91182.5154216413,uncertain,uncertain_review_required,insufficient_evidence,0.4,{},,,
frp:firms_viirs_snpp_nrt_india:firms_viirs_snpp_nrt_india.csv:1067,ranking,2026-09-03 21:25:00+00:00,20.86657,70.56716,frp:firms_viirs_snpp_nrt_india,1.43,305.32,0.0,,,,0,0,0,0,155619.0260030995,155619.0260030995,uncertain,uncertain_review_required,insufficient_evidence,0.4,{},,,
frp:firms_viirs_snpp_nrt_india:firms_viirs_snpp_nrt_india.csv:1068,ranking,2026-09-03 21:25:00+00:00,20.90932,71.46124,frp:firms_viirs_snpp_nrt_india,0.99,307.63,0.0,,,,5,5,5,5,68994.55991384322,68994.55991384322,uncertain,uncertain_review_required,insufficient_evidence,0.4,{},,,
frp:firms_viirs_snpp_nrt_india:firms_viirs_snpp_nrt_india.csv:1069,ranking,2026-09-03 21:25:00+00:00,20.91002,71.45757,frp:firms_viirs_snpp_nrt_india,0.89,304.58,0.0,,,,4,4,4,4,69364.00998834205,69364.00998834205,uncertain,uncertain_review_required,insufficient_evidence,0.4,{},,,
frp:firms_viirs_snpp_nrt_india:firms_viirs_snpp_nrt_india.csv:1070,ranking,2026-09-03 21:25:00+00:00,21.10058,72.63622,frp:firms_viirs_snpp_nrt_india,1.6,307.03,0.0,,,,23,23,23,23,12049.851896629465,12049.851896629465,uncertain,uncertain_review_required,insufficient_evidence,0.4,{},,,
frp:firms_viirs_snpp_nrt_india:firms_viirs_snpp_nrt_india.csv:1071,ranking,2026-09-03 21:25:00+00:00,21.10314,72.64573,frp:firms_viirs_snpp_nrt_india,2.61,307.67,0.0,,,,24,24,24,24,11051.143481091289,11051.143481091289,uncertain,uncertain_review_required,insufficient_evidence,0.4,{},,,
frp:firms_viirs_snpp_nrt_india:firms_viirs_snpp_nrt_india.csv:1072,ranking,2026-09-03 21:25:00+00:00,21.10483,72.63718,frp:firms_viirs_snpp_nrt_india,1.6,307.78,0.0,,,,25,25,25,25,11739.641199963662,11739.641199963662,uncertain,uncertain_review_required,insufficient_evidence,0.4,{},,,
frp:firms_viirs_snpp_nrt_india:firms_viirs_snpp_nrt_india.csv:1073,ranking,2026-09-03 21:25:00+00:00,21.10739,72.64669,frp:firms_viirs_snpp_nrt_india,7.81,342.3,0.0,,,,26,26,26,26,10733.78283045359,10733.78283045359,uncertain,uncertain_review_required,insufficient_evidence,0.4,{},,,
frp:firms_viirs_snpp_nrt_india:firms_viirs_snpp_nrt_india.csv:1074,ranking,2026-09-03 21:25:00+00:00,21.16286,72.67182,frp:firms_viirs_snpp_nrt_india,4.97,331.87,0.0,,,,4,4,4,4,6939.109018462791,6939.109018462791,uncertain,uncertain_review_required,insufficient_evidence,0.4,{},,,
frp:firms_viirs_snpp_nrt_india:firms_viirs_snpp_nrt_india.csv:1075,ranking,2026-09-03 21:25:00+00:00,21.1644,72.67298,frp:firms_viirs_snpp_nrt_india,4.37,336.65,0.0,,,,5,5,5,5,6849.917985369901,6849.917985369901,uncertain,uncertain_review_required,insufficient_evidence,0.4,{},,,
frp:firms_viirs_snpp_nrt_india:firms_viirs_snpp_nrt_india.csv:1076,ranking,2026-09-03 21:25:00+00:00,21.16523,72.66869,frp:firms_viirs_snpp_nrt_india,4.37,321.34,0.0,,,,6,6,6,6,7304.1655154539185,7304.1655154539185,uncertain,uncertain_review_required,insufficient_evidence,0.4,{},,,
frp:firms_viirs_snpp_nrt_india:firms_viirs_snpp_nrt_india.csv:1077,ranking,2026-09-03 21:25:00+00:00,21.16711,72.67277,frp:firms_viirs_snpp_nrt_india,7.63,339.36,0.0,,,,7,7,7,7,6933.155347622048,6933.155347622048,uncertain,uncertain_review_required,insufficient_evidence,0.4,{},,,
frp:firms_viirs_snpp_nrt_india:firms_viirs_snpp_nrt_india.csv:1078,ranking,2026-09-03 21:25:00+00:00,25.94198,72.19152,frp:firms_viirs_snpp_nrt_india,4.61,328.97,0.0,,,,2,2,2,2,69221.32435788221,69221.32435788221,uncertain,uncertain_review_required,insufficient_evidence,0.4,{},,,
frp:firms_viirs_snpp_nrt_india:firms_viirs_snpp_nrt_india.csv:1079,ranking,2026-09-03 21:25:00+00:00,25.94338,72.19575,frp:firms_viirs_snpp_nrt_india,2.18,311.07,0.0,,,,3,3,3,3,69646.95992232744,69646.95992232744,uncertain,uncertain_review_required,insufficient_evidence,0.4,{},,,
frp:firms_viirs_snpp_nrt_india:firms_viirs_snpp_nrt_india.csv:1080,ranking,2026-09-03 21:25:00+00:00,25.94437,72.19054,frp:firms_viirs_snpp_nrt_india,2.7,317.01,0.0,,,,4,4,4,4,69128.26825321844,69128.26825321844,uncertain,uncertain_review_required,insufficient_evidence,0.4,{},,,
frp:firms_viirs_snpp_nrt_india:firms_viirs_snpp_nrt_india.csv:1081,ranking,2026-09-03 21:25:00+00:00,26.87735,73.51431,frp:firms_viirs_snpp_nrt_india,1.4,305.85,0.0,,,,3,3,3,3,226637.13715158345,226637.13715158345,uncertain,uncertain_review_required,insufficient_evidence,0.4,{},,,
frp:firms_viirs_snpp_nrt_india:firms_viirs_snpp_nrt_india.csv:1082,ranking,2026-09-03 21:25:00+00:00,27.081,73.81882,frp:firms_viirs_snpp_nrt_india,0.77,306.77,0.0,,,,0,0,0,0,263900.28064709617,263900.28064709617,uncertain,uncertain_review_required,insufficient_evidence,0.4,{},,,
frp:firms_viirs_snpp_nrt_india:firms_viirs_snpp_nrt_india.csv:1083,ranking,2026-09-03 21:25:00+00:00,27.28717,73.83929,frp:firms_viirs_snpp_nrt_india,0.98,306.83,0.0,,,,2,2,2,2,277277.05405600107,277277.05405600107,uncertain,uncertain_review_required,insufficient_evidence,0.4,{},,,
frp:firms_viirs_snpp_nrt_india:firms_viirs_snpp_nrt_india.csv:1084,ranking,2026-09-04 06:50:00+00:00,4.25555,96.1206,frp:firms_viirs_snpp_nrt_india,7.83,336.47,0.0,,,,20,20,20,20,150637.15883285092,150637.15883285092,uncertain,uncertain_review_required,insufficient_evidence,0.4,{},,,
frp:firms_viirs_snpp_nrt_india:firms_viirs_snpp_nrt_india.csv:1085,ranking,2026-09-04 06:52:00+00:00,5.32268,95.81181,frp:firms_viirs_snpp_nrt_india,4.83,332.53,0.0,,,,0,0,0,0,139892.57630518038,139892.57630518038,uncertain,uncertain_review_required,insufficient_evidence,0.4,{},,,
frp:firms_viirs_snpp_nrt_india:firms_viirs_snpp_nrt_india.csv:1086,ranking,2026-09-04 06:52:00+00:00,8.04414,99.48122,frp:firms_viirs_snpp_nrt_india,2.16,332.41,0.0,,,,0,0,0,0,215249.90151464366,215249.90151464366,uncertain,uncertain_review_required,insufficient_evidence,0.4,{},,,
frp:firms_viirs_snpp_nrt_india:firms_viirs_snpp_nrt_india.csv:1087,ranking,2026-09-04 06:52:00+00:00,11.15891,99.39375,frp:firms_viirs_snpp_nrt_india,1.45,331.05,0.0,,,,0,0,0,0,217667.94619898024,217667.94619898024,uncertain,uncertain_review_required,insufficient_evidence,0.4,{},,,
frp:firms_viirs_snpp_nrt_india:firms_viirs_snpp_nrt_india.csv:1088,ranking,2026-09-04 06:54:00+00:00,12.75382,92.88086,frp:firms_viirs_snpp_nrt_india,2.49,332.85,0.0,,,,0,0,0,0,334109.27843805565,334109.27843805565,uncertain,uncertain_review_required,insufficient_evidence,0.4,{},,,
frp:firms_viirs_snpp_nrt_india:firms_viirs_snpp_nrt_india.csv:1089,ranking,2026-09-04 06:54:00+00:00,14.70363,99.98467,frp:firms_viirs_snpp_nrt_india,2.5,335.42,0.0,,,,0,0,0,0,203516.66576422224,203516.66576422224,uncertain,uncertain_review_required,insufficient_evidence,0.4,{},,,
frp:firms_viirs_snpp_nrt_india:firms_viirs_snpp_nrt_india.csv:1090,ranking,2026-09-04 06:54:00+00:00,15.03571,99.99015,frp:firms_viirs_snpp_nrt_india,4.87,335.72,0.0,,,,1,1,1,1,171090.0871396601,171090.0871396601,uncertain,uncertain_review_required,insufficient_evidence,0.4,{},,,
frp:firms_viirs_snpp_nrt_india:firms_viirs_snpp_nrt_india.csv:1091,ranking,2026-09-04 06:54:00+00:00,15.04753,99.99985,frp:firms_viirs_snpp_nrt_india,5.09,347.31,0.0,,,,2,2,2,2,169881.79415114634,169881.79415114634,uncertain,uncertain_review_required,insufficient_evidence,0.4,{},,,
frp:firms_viirs_snpp_nrt_india:firms_viirs_snpp_nrt_india.csv:1092,ranking,2026-09-04 06:54:00+00:00,15.04929,99.98805,frp:firms_viirs_snpp_nrt_india,9.35,334.55,0.0,,,,3,3,3,3,169565.68436097188,169565.68436097188,uncertain,uncertain_review_required,insufficient_evidence,0.4,{},,,
frp:firms_viirs_snpp_nrt_india:firms_viirs_snpp_nrt_india.csv:1093,ranking,2026-09-04 06:54:00+00:00,15.05093,99.99932,frp:firms_viirs_snpp_nrt_india,5.09,341.6,0.0,,,,0,0,0,0,169499.9481910537,169499.9481910537,uncertain,uncertain_review_required,insufficient_evidence,0.4,{},,,
frp:firms_viirs_snpp_nrt_india:firms_viirs_snpp_nrt_india.csv:1094,ranking,2026-09-04 06:54:00+00:00,15.75637,99.84379,frp:firms_viirs_snpp_nrt_india,3.1,334.36,0.0,,,,1,1,1,1,90215.89890483493,90215.89890483493,uncertain,uncertain_review_required,insufficient_evidence,0.4,{},,,
frp:firms_viirs_snpp_nrt_india:firms_viirs_snpp_nrt_india.csv:1095,ranking,2026-09-04 06:54:00+00:00,15.76589,99.86161,frp:firms_viirs_snpp_nrt_india,2.49,330.52,0.0,,,,0,0,0,0,89182.8266388201,89182.8266388201,uncertain,uncertain_review_required,insufficient_evidence,0.4,{},,,
frp:firms_viirs_snpp_nrt_india:firms_viirs_snpp_nrt_india.csv:1096,ranking,2026-09-04 06:54:00+00:00,15.86407,99.98608,frp:firms_viirs_snpp_nrt_india,4.91,343.11,0.0,,,,0,0,0,0,79747.936757717,79747.936757717,uncertain,uncertain_review_required,insufficient_evidence,0.4,{},,,
frp:firms_viirs_snpp_nrt_india:firms_viirs_snpp_nrt_india.csv:1097,ranking,2026-09-04 06:54:00+00:00,15.86748,99.98557,frp:firms_viirs_snpp_nrt_india,4.91,334.84,0.0,,,,1,1,1,1,79365.36925007481,79365.36925007481,uncertain,uncertain_review_required,insufficient_evidence,0.4,{},,,
frp:firms_viirs_snpp_nrt_india:firms_viirs_snpp_nrt_india.csv:1098,ranking,2026-09-04 06:54:00+00:00,15.8953,99.98515,frp:firms_viirs_snpp_nrt_india,1.9,335.01,0.0,,,,2,2,2,2,76323.685847075,76323.685847075,uncertain,uncertain_review_required,insufficient_evidence,0.4,{},,,
frp:firms_viirs_snpp_nrt_india:firms_viirs_snpp_nrt_india.csv:1099,ranking,2026-09-04 06:54:00+00:00,15.96726,99.85712,frp:firms_viirs_snpp_nrt_india,1.27,333.96,0.0,,,,0,0,0,0,66786.42397025513,66786.42397025513,uncertain,uncertain_review_required,insufficient_evidence,0.4,{},,,
frp:firms_viirs_snpp_nrt_india:firms_viirs_snpp_nrt_india.csv:1100,ranking,2026-09-04 06:54:00+00:00,15.99054,99.84965,frp:firms_viirs_snpp_nrt_india,4.0,344.23,0.0,,,,1,1,1,1,64182.89694514202,64182.89694514202,uncertain,uncertain_review_required,insufficient_evidence,0.4,{},,,
frp:firms_viirs_snpp_nrt_india:firms_viirs_snpp_nrt_india.csv:1101,ranking,2026-09-04 06:54:00+00:00,16.06623,99.93899,frp:firms_viirs_snpp_nrt_india,3.67,332.69,0.0,,,,0,0,0,0,56722.68237973179,56722.68237973179,uncertain,uncertain_review_required,insufficient_evidence,0.4,{},,,
frp:firms_viirs_snpp_nrt_india:firms_viirs_snpp_nrt_india.csv:1102,ranking,2026-09-04 06:54:00+00:00,16.06789,99.95044,frp:firms_viirs_snpp_nrt_india,12.7,342.49,0.0,,,,1,1,1,1,56778.73814310461,56778.73814310461,uncertain,uncertain_review_required,insufficient_evidence,0.4,{},,,
frp:firms_viirs_snpp_nrt_india:firms_viirs_snpp_nrt_india.csv:1103,ranking,2026-09-04 06:54:00+00:00,16.08764,99.79653,frp:firms_viirs_snpp_nrt_india,4.29,338.29,0.0,,,,0,0,0,0,53595.35661466685,53595.35661466685,uncertain,uncertain_review_required,insufficient_evidence,0.4,{},,,
frp:firms_viirs_snpp_nrt_india:firms_viirs_snpp_nrt_india.csv:1104,ranking,2026-09-04 06:54:00+00:00,16.20318,99.99667,frp:firms_viirs_snpp_nrt_india,7.74,346.24,0.0,,,,0,0,0,0,43781.89134497153,43781.89134497153,uncertain,uncertain_review_required,insufficient_evidence,0.4,{},,,
frp:firms_viirs_snpp_nrt_india:firms_viirs_snpp_nrt_india.csv:1105,ranking,2026-09-04 06:54:00+00:00,16.41041,99.54922,frp:firms_viirs_snpp_nrt_india,1.25,330.2,0.0,,,,0,0,0,0,35736.90621288864,35736.90621288864,uncertain,uncertain_review_required,insufficient_evidence,0.4,{},,,
frp:firms_viirs_snpp_nrt_india:firms_viirs_snpp_nrt_india.csv:1106,ranking,2026-09-04 06:54:00+00:00,16.45645,99.60351,frp:firms_viirs_snpp_nrt_india,3.15,334.55,0.0,,,,1,1,1,1,28228.019995504656,28228.019995504656,uncertain,uncertain_review_required,insufficient_evidence,0.4,{},,,
frp:firms_viirs_snpp_nrt_india:firms_viirs_snpp_nrt_india.csv:1107,ranking,2026-09-04 06:54:00+00:00,16.54704,99.74399,frp:firms_viirs_snpp_nrt_india,2.07,332.95,0.0,,,,0,0,0,0,10645.088053716378,10645.088053716378,uncertain,uncertain_review_required,insufficient_evidence,0.4,{},,,
frp:firms_viirs_snpp_nrt_india:firms_viirs_snpp_nrt_india.csv:1108,ranking,2026-09-04 06:54:00+00:00,16.55059,99.55396,frp:firms_viirs_snpp_nrt_india,3.87,334.32,0.0,,,,0,0,0,0,30707.23626363578,30707.23626363578,uncertain,uncertain_review_required,insufficient_evidence,0.4,{},,,
frp:firms_viirs_snpp_nrt_india:firms_viirs_snpp_nrt_india.csv:1109,ranking,2026-09-04 06:54:00+00:00,16.56131,99.55614,frp:firms_viirs_snpp_nrt_india,2.97,340.69,0.0,,,,1,1,1,1,30423.354471548315,30423.354471548315,uncertain,uncertain_review_required,insufficient_evidence,0.4,{},,,
frp:firms_viirs_snpp_nrt_india:firms_viirs_snpp_nrt_india.csv:1110,ranking,2026-09-04 06:54:00+00:00,16.73681,99.70715,frp:firms_viirs_snpp_nrt_india,1.86,331.27,0.0,,,,0,0,0,0,11006.538692017695,11006.538692017695,uncertain,uncertain_review_required,insufficient_evidence,0.4,{},,,
frp:firms_viirs_snpp_nrt_india:firms_viirs_snpp_nrt_india.csv:1111,ranking,2026-09-04 06:57:00+00:00,23.10249,98.62788,frp:firms_viirs_snpp_nrt_india,2.41,331.28,0.0,,,,0,0,0,0,511629.90699546074,511629.90699546074,uncertain,uncertain_review_required,insufficient_evidence,0.4,{},,,
frp:firms_viirs_snpp_nrt_india:firms_viirs_snpp_nrt_india.csv:1112,ranking,2026-09-04 06:57:00+00:00,23.90077,97.88943,frp:firms_viirs_snpp_nrt_india,2.14,332.03,0.0,,,,0,0,0,0,430988.38794916205,430988.38794916205,uncertain,uncertain_review_required,insufficient_evidence,0.4,{},,,
frp:firms_viirs_snpp_nrt_india:firms_viirs_snpp_nrt_india.csv:1113,ranking,2026-09-04 06:57:00+00:00,24.00891,96.12032,frp:firms_viirs_snpp_nrt_india,2.33,332.91,0.0,,,,0,0,0,0,317637.83535341476,317637.83535341476,uncertain,uncertain_review_required,insufficient_evidence,0.4,{},,,
frp:firms_viirs_snpp_nrt_india:firms_viirs_snpp_nrt_india.csv:1114,ranking,2026-09-04 06:57:00+00:00,24.25894,96.54393,frp:firms_viirs_snpp_nrt_india,9.92,347.19,0.0,,,,0,0,0,0,330872.6590350156,330872.6590350156,uncertain,uncertain_review_required,insufficient_evidence,0.4,{},,,
frp:firms_viirs_snpp_nrt_india:firms_viirs_snpp_nrt_india.csv:1115,ranking,2026-09-04 06:57:00+00:00,24.64905,97.89011,frp:firms_viirs_snpp_nrt_india,3.67,332.12,0.0,,,,0,0,0,0,357473.4604679182,357473.4604679182,uncertain,uncertain_review_required,insufficient_evidence,0.4,{},,,
frp:firms_viirs_snpp_nrt_india:firms_viirs_snpp_nrt_india.csv:1116,ranking,2026-09-04 06:57:00+00:00,24.71857,96.31367,frp:firms_viirs_snpp_nrt_india,1.73,334.03,0.0,,,,0,0,0,0,282223.5613949255,282223.5613949255,uncertain,uncertain_review_required,insufficient_evidence,0.4,{},,,
frp:firms_viirs_snpp_nrt_india:firms_viirs_snpp_nrt_india.csv:1117,ranking,2026-09-04 06:59:00+00:00,28.48777,97.02752,frp:firms_viirs_snpp_nrt_india,4.09,336.61,0.0,,,,2,2,2,2,141750.17398153624,141750.17398153624,uncertain,uncertain_review_required,insufficient_evidence,0.4,{},,,
frp:firms_viirs_snpp_nrt_india:firms_viirs_snpp_nrt_india.csv:1118,ranking,2026-09-04 06:59:00+00:00,28.49742,97.02155,frp:firms_viirs_snpp_nrt_india,4.7,333.49,0.0,,,,3,3,3,3,142134.30436710274,142134.30436710274,uncertain,uncertain_review_required,insufficient_evidence,0.4,{},,,
frp:firms_viirs_snpp_nrt_india:firms_viirs_snpp_nrt_india.csv:1119,ranking,2026-09-04 06:59:00+00:00,28.49797,97.02557,frp:firms_viirs_snpp_nrt_india,4.68,333.53,0.0,,,,5,5,5,5,142446.73869975164,142446.73869975164,uncertain,uncertain_review_required,insufficient_evidence,0.4,{},,,
frp:firms_viirs_snpp_nrt_india:firms_viirs_snpp_nrt_india.csv:1120,ranking,2026-09-04 06:59:00+00:00,28.50761,97.01961,frp:firms_viirs_snpp_nrt_india,4.56,334.19,0.0,,,,4,4,4,4,142838.19158906347,142838.19158906347,uncertain,uncertain_review_required,insufficient_evidence,0.4,{},,,
frp:firms_viirs_snpp_nrt_india:firms_viirs_snpp_nrt_india.csv:1121,ranking,2026-09-04 06:59:00+00:00,28.57115,96.95303,frp:firms_viirs_snpp_nrt_india,3.32,325.85,0.0,,,,0,0,0,0,143968.64691013686,143968.64691013686,uncertain,uncertain_review_required,insufficient_evidence,0.4,{},,,
frp:firms_viirs_snpp_nrt_india:firms_viirs_snpp_nrt_india.csv:1122,ranking,2026-09-04 06:59:00+00:00,29.18748,88.53117,frp:firms_viirs_snpp_nrt_india,2.61,326.49,0.0,,,,0,0,0,0,355706.2373714296,355706.2373714296,uncertain,uncertain_review_required,insufficient_evidence,0.4,{},,,
frp:firms_viirs_snpp_nrt_india:firms_viirs_snpp_nrt_india.csv:1123,ranking,2026-09-04 06:59:00+00:00,29.24429,91.86042,frp:firms_viirs_snpp_nrt_india,3.18,330.81,0.0,,,,2,2,2,2,329550.82327834563,329550.82327834563,uncertain,uncertain_review_required,insufficient_evidence,0.4,{},,,
frp:firms_viirs_snpp_nrt_india:firms_viirs_snpp_nrt_india.csv:1124,ranking,2026-09-04 06:59:00+00:00,29.2485,91.86387,frp:firms_viirs_snpp_nrt_india,2.42,328.58,0.0,,,,1,1,1,1,330113.89819190605,330113.89819190605,uncertain,uncertain_review_required,insufficient_evidence,0.4,{},,,
frp:firms_viirs_snpp_nrt_india:firms_viirs_snpp_nrt_india.csv:1125,ranking,2026-09-04 06:59:00+00:00,29.29299,88.90841,frp:firms_viirs_snpp_nrt_india,2.5,325.44,0.0,,,,0,0,0,0,346949.9144712636,346949.9144712636,uncertain,uncertain_review_required,insufficient_evidence,0.4,{},,,
frp:firms_viirs_snpp_nrt_india:firms_viirs_snpp_nrt_india.csv:1126,ranking,2026-09-04 06:59:00+00:00,36.3825,95.11243,frp:firms_viirs_snpp_nrt_india,12.39,353.38,0.0,,,,0,0,0,0,418434.1388824335,418434.1388824335,uncertain,uncertain_review_required,insufficient_evidence,0.4,{},,,
frp:firms_viirs_snpp_nrt_india:firms_viirs_snpp_nrt_india.csv:1127,ranking,2026-09-04 07:01:00+00:00,36.35168,95.24467,frp:firms_viirs_snpp_nrt_india,8.54,341.05,0.0,,,,4,4,4,4,430398.141326385,430398.141326385,uncertain,uncertain_review_required,insufficient_evidence,0.4,{},,,
frp:firms_viirs_snpp_nrt_india:firms_viirs_snpp_nrt_india.csv:1128,ranking,2026-09-04 07:01:00+00:00,36.35387,95.23476,frp:firms_viirs_snpp_nrt_india,7.5,345.86,0.0,,,,3,3,3,3,429507.49234011467,429507.49234011467,uncertain,uncertain_review_required,insufficient_evidence,0.4,{},,,
frp:firms_viirs_snpp_nrt_india:firms_viirs_snpp_nrt_india.csv:1129,ranking,2026-09-04 07:01:00+00:00,36.3573,95.23409,frp:firms_viirs_snpp_nrt_india,4.67,348.6,0.0,,,,2,2,2,2,429265.26691343484,429265.26691343484,uncertain,uncertain_review_required,insufficient_evidence,0.4,{},,,
frp:firms_viirs_snpp_nrt_india:firms_viirs_snpp_nrt_india.csv:1130,ranking,2026-09-04 07:01:00+00:00,36.35792,95.2387,frp:firms_viirs_snpp_nrt_india,8.53,348.36,0.0,,,,1,1,1,1,429588.8643472647,429588.8643472647,uncertain,uncertain_review_required,insufficient_evidence,0.4,{},,,
frp:firms_viirs_snpp_nrt_india:firms_viirs_snpp_nrt_india.csv:1131,ranking,2026-09-04 07:01:00+00:00,36.36073,95.23341,frp:firms_viirs_snpp_nrt_india,4.67,344.01,0.0,,,,0,0,0,0,429022.47963286977,429022.47963286977,uncertain,uncertain_review_required,insufficient_evidence,0.4,{},,,
frp:firms_viirs_snpp_nrt_india:firms_viirs_snpp_nrt_india.csv:1132,ranking,2026-09-04 08:33:00+00:00,6.34224,81.12547,frp:firms_viirs_snpp_nrt_india,3.7,337.03,0.0,,,,2,2,2,2,146239.9997475348,146239.9997475348,uncertain,uncertain_review_required,insufficient_evidence,0.4,{},,,
frp:firms_viirs_snpp_nrt_india:firms_viirs_snpp_nrt_india.csv:1133,ranking,2026-09-04 08:33:00+00:00,6.42538,81.01639,frp:firms_viirs_snpp_nrt_india,5.43,342.32,0.0,,,,2,2,2,2,131277.37342506886,131277.37342506886,uncertain,uncertain_review_required,insufficient_evidence,0.4,{},,,
frp:firms_viirs_snpp_nrt_india:firms_viirs_snpp_nrt_india.csv:1134,ranking,2026-09-04 08:33:00+00:00,6.42972,81.01575,frp:firms_viirs_snpp_nrt_india,5.43,342.18,0.0,,,,3,3,3,3,130996.03104299663,130996.03104299663,uncertain,uncertain_review_required,insufficient_evidence,0.4,{},,,
frp:firms_viirs_snpp_nrt_india:firms_viirs_snpp_nrt_india.csv:1135,ranking,2026-09-04 08:33:00+00:00,6.47065,81.08218,frp:firms_viirs_snpp_nrt_india,3.72,333.3,0.0,,,,4,4,4,4,135694.91408949942,135694.91408949942,uncertain,uncertain_review_required,insufficient_evidence,0.4,{},,,
frp:firms_viirs_snpp_nrt_india:firms_viirs_snpp_nrt_india.csv:1136,ranking,2026-09-04 08:33:00+00:00,6.5269,80.76523,frp:firms_viirs_snpp_nrt_india,4.39,332.45,0.0,,,,0,0,0,0,101457.1972419799,101457.1972419799,uncertain,uncertain_review_required,insufficient_evidence,0.4,{},,,
frp:firms_viirs_snpp_nrt_india:firms_viirs_snpp_nrt_india.csv:1137,ranking,2026-09-04 08:33:00+00:00,6.66989,80.91605,frp:firms_viirs_snpp_nrt_india,0.71,331.85,0.0,,,,1,1,1,1,110744.43747386218,110744.43747386218,uncertain,uncertain_review_required,insufficient_evidence,0.4,{},,,
frp:firms_viirs_snpp_nrt_india:firms_viirs_snpp_nrt_india.csv:1138,ranking,2026-09-04 08:33:00+00:00,6.71661,81.32898,frp:firms_viirs_snpp_nrt_india,2.4,331.0,0.0,,,,4,4,4,4,153926.03464522323,153926.03464522323,uncertain,uncertain_review_required,insufficient_evidence,0.4,{},,,
frp:firms_viirs_snpp_nrt_india:firms_viirs_snpp_nrt_india.csv:1139,ranking,2026-09-04 08:33:00+00:00,6.73734,81.53592,frp:firms_viirs_snpp_nrt_india,6.56,331.56,0.0,,,,6,6,6,6,176120.94021231748,176120.94021231748,uncertain,uncertain_review_required,insufficient_evidence,0.4,{},,,
frp:firms_viirs_snpp_nrt_india:firms_viirs_snpp_nrt_india.csv:1140,ranking,2026-09-04 08:33:00+00:00,6.75082,81.39299,frp:firms_viirs_snpp_nrt_india,6.91,339.34,0.0,,,,4,4,4,4,160286.63719902505,160286.63719902505,uncertain,uncertain_review_required,insufficient_evidence,0.4,{},,,
frp:firms_viirs_snpp_nrt_india:firms_viirs_snpp_nrt_india.csv:1141,ranking,2026-09-04 08:33:00+00:00,6.79404,81.53845,frp:firms_viirs_snpp_nrt_india,7.82,348.92,0.0,,,,7,7,7,7,175613.88597741383,175613.88597741383,uncertain,uncertain_review_required,insufficient_evidence,0.4,{},,,
frp:firms_viirs_snpp_nrt_india:firms_viirs_snpp_nrt_india.csv:1142,ranking,2026-09-04 08:33:00+00:00,6.79797,81.46822,frp:firms_viirs_snpp_nrt_india,4.24,337.38,0.0,,,,8,8,8,8,167857.5615468511,167857.5615468511,uncertain,uncertain_review_required,insufficient_evidence,0.4,{},,,
frp:firms_viirs_snpp_nrt_india:firms_viirs_snpp_nrt_india.csv:1143,ranking,2026-09-04 08:33:00+00:00,6.82711,81.33308,frp:firms_viirs_snpp_nrt_india,7.18,341.55,0.0,,,,5,5,5,5,152681.40651282313,152681.40651282313,uncertain,uncertain_review_required,insufficient_evidence,0.4,{},,,
frp:firms_viirs_snpp_nrt_india:firms_viirs_snpp_nrt_india.csv:1144,ranking,2026-09-04 08:33:00+00:00,6.82874,81.33171,frp:firms_viirs_snpp_nrt_india,6.6,343.08,0.0,,,,6,6,6,6,152513.18955216886,152513.18955216886,uncertain,uncertain_review_required,insufficient_evidence,0.4,{},,,
frp:firms_viirs_snpp_nrt_india:firms_viirs_snpp_nrt_india.csv:1145,ranking,2026-09-04 08:33:00+00:00,6.83144,81.47736,frp:firms_viirs_snpp_nrt_india,2.68,335.68,0.0,,,,12,12,12,12,168498.83648487035,168498.83648487035,uncertain,uncertain_review_required,insufficient_evidence,0.4,{},,,
frp:firms_viirs_snpp_nrt_india:firms_viirs_snpp_nrt_india.csv:1146,ranking,2026-09-04 08:33:00+00:00,6.90904,81.66004,frp:firms_viirs_snpp_nrt_india,8.05,336.95,0.0,,,,5,5,5,5,188128.41411642125,188128.41411642125,uncertain,uncertain_review_required,insufficient_evidence,0.4,{},,,
frp:firms_viirs_snpp_nrt_india:firms_viirs_snpp_nrt_india.csv:1147,ranking,2026-09-04 08:33:00+00:00,6.97485,81.5989,frp:firms_viirs_snpp_nrt_india,9.27,342.62,0.0,,,,19,19,19,19,181289.85660244935,181289.85660244935,uncertain,uncertain_review_required,insufficient_evidence,0.4,{},,,
frp:firms_viirs_snpp_nrt_india:firms_viirs_snpp_nrt_india.csv:1148,ranking,2026-09-04 08:33:00+00:00,7.20339,81.01457,frp:firms_viirs_snpp_nrt_india,6.32,333.96,0.0,,,,2,2,2,2,119858.18700458003,119858.18700458003,uncertain,uncertain_review_required,insufficient_evidence,0.4,{},,,
frp:firms_viirs_snpp_nrt_india:firms_viirs_snpp_nrt_india.csv:1149,ranking,2026-09-04 08:33:00+00:00,7.30575,81.13636,frp:firms_viirs_snpp_nrt_india,5.23,334.07,0.0,,,,5,5,5,5,135746.4015412306,135746.4015412306,uncertain,uncertain_review_required,insufficient_evidence,0.4,{},,,
frp:firms_viirs_snpp_nrt_india:firms_viirs_snpp_nrt_india.csv:1150,ranking,2026-09-04 08:33:00+00:00,7.3628,81.3008,frp:firms_viirs_snpp_nrt_india,7.25,344.12,0.0,,,,7,7,7,7,154937.59345360775,154937.59345360775,uncertain,uncertain_review_required,insufficient_evidence,0.4,{},,,
frp:firms_viirs_snpp_nrt_india:firms_viirs_snpp_nrt_india.csv:1151,ranking,2026-09-04 08:33:00+00:00,7.36553,81.29984,frp:firms_viirs_snpp_nrt_india,6.37,340.27,0.0,,,,7,7,7,7,154923.89782468512,154923.89782468512,uncertain,uncertain_review_required,insufficient_evidence,0.4,{},,,
frp:firms_viirs_snpp_nrt_india:firms_viirs_snpp_nrt_india.csv:1152,ranking,2026-09-04 08:33:00+00:00,7.38462,79.87064,frp:firms_viirs_snpp_nrt_india,2.9,333.64,0.0,,,,0,0,0,0,48173.006474270915,48173.006474270915,uncertain,uncertain_review_required,insufficient_evidence,0.4,{},,,
frp:firms_viirs_snpp_nrt_india:firms_viirs_snpp_nrt_india.csv:1153,ranking,2026-09-04 08:33:00+00:00,7.38789,81.28361,frp:firms_viirs_snpp_nrt_india,2.35,332.09,0.0,,,,6,6,6,6,153958.70801901017,153958.70801901017,uncertain,uncertain_review_required,insufficient_evidence,0.4,{},,,
frp:firms_viirs_snpp_nrt_india:firms_viirs_snpp_nrt_india.csv:1154,ranking,2026-09-04 08:33:00+00:00,7.38853,81.28822,frp:firms_viirs_snpp_nrt_india,5.15,331.69,0.0,,,,4,4,4,4,154464.31529209955,154464.31529209955,uncertain,uncertain_review_required,insufficient_evidence,0.4,{},,,
frp:firms_viirs_snpp_nrt_india:firms_viirs_snpp_nrt_india.csv:1155,ranking,2026-09-04 08:33:00+00:00,7.39238,81.28298,frp:firms_viirs_snpp_nrt_india,5.24,336.26,0.0,,,,4,4,4,4,154047.06515457938,154047.06515457938,uncertain,uncertain_review_required,insufficient_evidence,0.4,{},,,
frp:firms_viirs_snpp_nrt_india:firms_viirs_snpp_nrt_india.csv:1156,ranking,2026-09-04 08:33:00+00:00,7.39301,81.28756,frp:firms_viirs_snpp_nrt_india,5.67,330.06,0.0,,,,2,2,2,2,154548.88992220114,154548.88992220114,uncertain,uncertain_review_required,insufficient_evidence,0.4,{},,,
frp:firms_viirs_snpp_nrt_india:firms_viirs_snpp_nrt_india.csv:1157,ranking,2026-09-04 08:33:00+00:00,7.44182,81.24464,frp:firms_viirs_snpp_nrt_india,10.35,339.51,0.0,,,,7,7,7,7,151878.8047823562,151878.8047823562,uncertain,uncertain_review_required,insufficient_evidence,0.4,{},,,
frp:firms_viirs_snpp_nrt_india:firms_viirs_snpp_nrt_india.csv:1158,ranking,2026-09-04 08:33:00+00:00,7.4431,81.25359,frp:firms_viirs_snpp_nrt_india,11.29,339.75,0.0,,,,6,6,6,6,152852.81786357245,152852.81786357245,uncertain,uncertain_review_required,insufficient_evidence,0.4,{},,,
frp:firms_viirs_snpp_nrt_india:firms_viirs_snpp_nrt_india.csv:1159,ranking,2026-09-04 08:33:00+00:00,7.44566,81.23956,frp:firms_viirs_snpp_nrt_india,7.04,342.28,0.0,,,,5,5,5,5,151505.7246762006,151505.7246762006,uncertain,uncertain_review_required,insufficient_evidence,0.4,{},,,
frp:firms_viirs_snpp_nrt_india:firms_viirs_snpp_nrt_india.csv:1160,ranking,2026-09-04 08:33:00+00:00,7.44629,81.24397,frp:firms_viirs_snpp_nrt_india,10.35,349.63,0.0,,,,4,4,4,4,151985.1702146965,151985.1702146965,uncertain,uncertain_review_required,insufficient_evidence,0.4,{},,,
frp:firms_viirs_snpp_nrt_india:firms_viirs_snpp_nrt_india.csv:1161,ranking,2026-09-04 08:33:00+00:00,7.51962,81.10014,frp:firms_viirs_snpp_nrt_india,13.33,336.58,0.0,,,,3,3,3,3,140676.73901673753,140676.73901673753,uncertain,uncertain_review_required,insufficient_evidence,0.4,{},,,
frp:firms_viirs_snpp_nrt_india:firms_viirs_snpp_nrt_india.csv:1162,ranking,2026-09-04 08:33:00+00:00,7.61087,80.83186,frp:firms_viirs_snpp_nrt_india,3.4,332.6,0.0,,,,2,2,2,2,120677.48997037203,120677.48997037203,uncertain,uncertain_review_required,insufficient_evidence,0.4,{},,,
frp:firms_viirs_snpp_nrt_india:firms_viirs_snpp_nrt_india.csv:1163,ranking,2026-09-04 08:33:00+00:00,7.65727,80.49637,frp:firms_viirs_snpp_nrt_india,1.91,331.97,0.0,,,,0,0,0,0,97774.9202593188,97774.9202593188,uncertain,uncertain_review_required,insufficient_evidence,0.4,{},,,
frp:firms_viirs_snpp_nrt_india:firms_viirs_snpp_nrt_india.csv:1164,ranking,2026-09-04 08:35:00+00:00,7.66027,79.91571,frp:firms_viirs_snpp_nrt_india,4.3,330.12,0.0,,,,0,0,0,0,78013.84398638784,78013.84398638784,uncertain,uncertain_review_required,insufficient_evidence,0.4,{},,,
frp:firms_viirs_snpp_nrt_india:firms_viirs_snpp_nrt_india.csv:1165,ranking,2026-09-04 08:35:00+00:00,7.69514,80.13086,frp:firms_viirs_snpp_nrt_india,5.45,343.92,0.0,,,,2,2,2,2,83993.42244563252,83993.42244563252,uncertain,uncertain_review_required,insufficient_evidence,0.4,{},,,
frp:firms_viirs_snpp_nrt_india:firms_viirs_snpp_nrt_india.csv:1166,ranking,2026-09-04 08:35:00+00:00,7.71052,79.86343,frp:firms_viirs_snpp_nrt_india,3.6,340.21,0.0,,,,0,0,0,0,84100.01476643496,84100.01476643496,uncertain,uncertain_review_required,insufficient_evidence,0.4,{},,,
frp:firms_viirs_snpp_nrt_india:firms_viirs_snpp_nrt_india.csv:1167,ranking,2026-09-04 08:35:00+00:00,7.81016,79.9166,frp:firms_viirs_snpp_nrt_india,1.78,332.62,0.0,,,,0,0,0,0,94653.41527589147,94653.41527589147,uncertain,uncertain_review_required,insufficient_evidence,0.4,{},,,
frp:firms_viirs_snpp_nrt_india:firms_viirs_snpp_nrt_india.csv:1168,ranking,2026-09-04 08:35:00+00:00,7.81069,79.92027,frp:firms_viirs_snpp_nrt_india,3.19,342.74,0.0,,,,1,1,1,1,94694.36526849151,94694.36526849151,uncertain,uncertain_review_required,insufficient_evidence,0.4,{},,,
frp:firms_viirs_snpp_nrt_india:firms_viirs_snpp_nrt_india.csv:1169,ranking,2026-09-04 08:35:00+00:00,7.81293,79.91923,frp:firms_viirs_snpp_nrt_india,6.83,345.57,0.0,,,,2,2,2,2,94948.1110061967,94948.1110061967,uncertain,uncertain_review_required,insufficient_evidence,0.4,{},,,
frp:firms_viirs_snpp_nrt_india:firms_viirs_snpp_nrt_india.csv:1170,ranking,2026-09-04 08:35:00+00:00,7.87883,79.93985,frp:firms_viirs_snpp_nrt_india,2.72,335.54,0.0,,,,0,0,0,0,102203.47259534759,102203.47259534759,uncertain,uncertain_review_required,insufficient_evidence,0.4,{},,,
frp:firms_viirs_snpp_nrt_india:firms_viirs_snpp_nrt_india.csv:1171,ranking,2026-09-04 08:35:00+00:00,7.87908,80.031,frp:firms_viirs_snpp_nrt_india,3.08,338.52,0.0,,,,2,2,2,2,102544.73582970515,102544.73582970515,uncertain,uncertain_review_required,insufficient_evidence,0.4,{},,,
frp:firms_viirs_snpp_nrt_india:firms_viirs_snpp_nrt_india.csv:1172,ranking,2026-09-04 08:35:00+00:00,7.91133,80.55552,frp:firms_viirs_snpp_nrt_india,7.07,335.04,0.0,,,,2,2,2,2,124726.08586285643,124726.08586285643,uncertain,uncertain_review_required,insufficient_evidence,0.4,{},,,
frp:firms_viirs_snpp_nrt_india:firms_viirs_snpp_nrt_india.csv:1173,ranking,2026-09-04 08:35:00+00:00,7.91191,80.55957,frp:firms_viirs_snpp_nrt_india,7.48,342.84,0.0,,,,3,3,3,3,125017.72277965322,125017.72277965322,uncertain,uncertain_review_required,insufficient_evidence,0.4,{},,,
frp:firms_viirs_snpp_nrt_india:firms_viirs_snpp_nrt_india.csv:1174,ranking,2026-09-04 08:35:00+00:00,7.91323,80.55524,frp:firms_viirs_snpp_nrt_india,8.63,342.53,0.0,,,,0,0,0,0,124888.94954837004,124888.94954837004,uncertain,uncertain_review_required,insufficient_evidence,0.4,{},,,
frp:firms_viirs_snpp_nrt_india:firms_viirs_snpp_nrt_india.csv:1175,ranking,2026-09-04 08:35:00+00:00,7.91379,80.5593,frp:firms_viirs_snpp_nrt_india,10.66,342.55,0.0,,,,1,1,1,1,125178.90648797381,125178.90648797381,uncertain,uncertain_review_required,insufficient_evidence,0.4,{},,,
frp:firms_viirs_snpp_nrt_india:firms_viirs_snpp_nrt_india.csv:1176,ranking,2026-09-04 08:35:00+00:00,7.94364,80.12633,frp:firms_viirs_snpp_nrt_india,5.19,338.53,0.0,,,,4,4,4,4,110985.23534610782,110985.23534610782,uncertain,uncertain_review_required,insufficient_evidence,0.4,{},,,
frp:firms_viirs_snpp_nrt_india:firms_viirs_snpp_nrt_india.csv:1177,ranking,2026-09-04 08:35:00+00:00,7.94419,80.13013,frp:firms_viirs_snpp_nrt_india,7.55,341.27,0.0,,,,5,5,5,5,111116.94313613157,111116.94313613157,uncertain,uncertain_review_required,insufficient_evidence,0.4,{},,,
frp:firms_viirs_snpp_nrt_india:firms_viirs_snpp_nrt_india.csv:1178,ranking,2026-09-04 08:35:00+00:00,7.94493,80.62585,frp:firms_viirs_snpp_nrt_india,3.01,332.78,0.0,,,,10,10,10,10,132080.3751039109,132080.3751039109,uncertain,uncertain_review_required,insufficient_evidence,0.4,{},,,
frp:firms_viirs_snpp_nrt_india:firms_viirs_snpp_nrt_india.csv:1179,ranking,2026-09-04 08:35:00+00:00,7.94517,80.04884,frp:firms_viirs_snpp_nrt_india,4.21,338.79,0.0,,,,1,1,1,1,110036.11250993144,110036.11250993144,uncertain,uncertain_review_required,insufficient_evidence,0.4,{},,,
frp:firms_viirs_snpp_nrt_india:firms_viirs_snpp_nrt_india.csv:1180,ranking,2026-09-04 08:35:00+00:00,7.94696,80.04915,frp:firms_viirs_snpp_nrt_india,2.16,331.12,0.0,,,,0,0,0,0,110237.45997219782,110237.45997219782,uncertain,uncertain_review_required,insufficient_evidence,0.4,{},,,
frp:firms_viirs_snpp_nrt_india:firms_viirs_snpp_nrt_india.csv:1181,ranking,2026-09-04 08:35:00+00:00,7.94782,80.12575,frp:firms_viirs_snpp_nrt_india,5.19,342.94,0.0,,,,2,2,2,2,111432.64865646315,111432.64865646315,uncertain,uncertain_review_required,insufficient_evidence,0.4,{},,,
frp:firms_viirs_snpp_nrt_india:firms_viirs_snpp_nrt_india.csv:1182,ranking,2026-09-04 08:35:00+00:00,7.94837,80.12955,frp:firms_viirs_snpp_nrt_india,7.55,345.31,0.0,,,,3,3,3,3,111563.8422140187,111563.8422140187,uncertain,uncertain_review_required,insufficient_evidence,0.4,{},,,
frp:firms_viirs_snpp_nrt_india:firms_viirs_snpp_nrt_india.csv:1183,ranking,2026-09-04 08:35:00+00:00,7.9495,79.85543,frp:firms_viirs_snpp_nrt_india,3.96,339.74,0.0,,,,0,0,0,0,110607.55870935072,110607.55870935072,uncertain,uncertain_review_required,insufficient_evidence,0.4,{},,,
frp:firms_viirs_snpp_nrt_india:firms_viirs_snpp_nrt_india.csv:1184,ranking,2026-09-04 08:35:00+00:00,7.96289,81.33191,frp:firms_viirs_snpp_nrt_india,8.43,344.81,0.0,,,,22,22,22,22,188245.35439209742,188245.35439209742,uncertain,uncertain_review_required,insufficient_evidence,0.4,{},,,
frp:firms_viirs_snpp_nrt_india:firms_viirs_snpp_nrt_india.csv:1185,ranking,2026-09-04 08:35:00+00:00,7.99274,80.41392,frp:firms_viirs_snpp_nrt_india,6.58,330.55,0.0,,,,5,5,5,5,125438.62013929333,125438.62013929333,uncertain,uncertain_review_required,insufficient_evidence,0.4,{},,,
frp:firms_viirs_snpp_nrt_india:firms_viirs_snpp_nrt_india.csv:1186,ranking,2026-09-04 08:35:00+00:00,7.9936,80.4128,frp:firms_viirs_snpp_nrt_india,3.91,334.52,0.0,,,,6,6,6,6,125476.60380524083,125476.60380524083,uncertain,uncertain_review_required,insufficient_evidence,0.4,{},,,
frp:firms_viirs_snpp_nrt_india:firms_viirs_snpp_nrt_india.csv:1187,ranking,2026-09-04 08:35:00+00:00,7.99599,81.46941,frp:firms_viirs_snpp_nrt_india,5.83,337.55,0.0,,,,2,2,2,2,202722.28314775688,202722.28314775688,uncertain,uncertain_review_required,insufficient_evidence,0.4,{},,,
frp:firms_viirs_snpp_nrt_india:firms_viirs_snpp_nrt_india.csv:1188,ranking,2026-09-04 08:35:00+00:00,8.00805,80.60468,frp:firms_viirs_snpp_nrt_india,1.61,330.09,0.0,,,,15,15,15,15,136719.6260292448,136719.6260292448,uncertain,uncertain_review_required,insufficient_evidence,0.4,{},,,
frp:firms_viirs_snpp_nrt_india:firms_viirs_snpp_nrt_india.csv:1189,ranking,2026-09-04 08:35:00+00:00,8.01845,80.61577,frp:firms_viirs_snpp_nrt_india,2.8,330.07,0.0,,,,11,11,11,11,138344.79650786312,138344.79650786312,uncertain,uncertain_review_required,insufficient_evidence,0.4,{},,,
frp:firms_viirs_snpp_nrt_india:firms_viirs_snpp_nrt_india.csv:1190,ranking,2026-09-04 08:35:00+00:00,8.02105,80.30539,frp:firms_viirs_snpp_nrt_india,3.0,335.51,0.0,,,,0,0,0,0,124112.93668665444,124112.93668665444,uncertain,uncertain_review_required,insufficient_evidence,0.4,{},,,
frp:firms_viirs_snpp_nrt_india:firms_viirs_snpp_nrt_india.csv:1191,ranking,2026-09-04 08:35:00+00:00,8.02395,80.62332,frp:firms_viirs_snpp_nrt_india,9.3,343.11,0.0,,,,10,10,10,10,139302.7552402091,139302.7552402091,uncertain,uncertain_review_required,insufficient_evidence,0.4,{},,,
frp:firms_viirs_snpp_nrt_india:firms_viirs_snpp_nrt_india.csv:1192,ranking,2026-09-04 08:35:00+00:00,8.02528,80.62028,frp:firms_viirs_snpp_nrt_india,6.82,342.88,0.0,,,,9,9,9,9,139251.91324751053,139251.91324751053,uncertain,uncertain_review_required,insufficient_evidence,0.4,{},,,
frp:firms_viirs_snpp_nrt_india:firms_viirs_snpp_nrt_india.csv:1193,ranking,2026-09-04 08:35:00+00:00,8.05665,80.10335,frp:firms_viirs_snpp_nrt_india,2.21,334.82,0.0,,,,0,0,0,0,123030.04266001804,123030.04266001804,uncertain,uncertain_review_required,insufficient_evidence,0.4,{},,,
frp:firms_viirs_snpp_nrt_india:firms_viirs_snpp_nrt_india.csv:1194,ranking,2026-09-04 08:35:00+00:00,8.12243,80.51514,frp:firms_viirs_snpp_nrt_india,6.02,334.58,0.0,,,,0,0,0,0,143193.46016639553,143193.46016639553,uncertain,uncertain_review_required,insufficient_evidence,0.4,{},,,
frp:firms_viirs_snpp_nrt_india:firms_viirs_snpp_nrt_india.csv:1195,ranking,2026-09-04 08:35:00+00:00,8.14543,80.06309,frp:firms_viirs_snpp_nrt_india,2.4,331.23,0.0,,,,0,0,0,0,132354.55448888836,132354.55448888836,uncertain,uncertain_review_required,insufficient_evidence,0.4,{},,,
frp:firms_viirs_snpp_nrt_india:firms_viirs_snpp_nrt_india.csv:1196,ranking,2026-09-04 08:35:00+00:00,8.17443,81.31121,frp:firms_viirs_snpp_nrt_india,14.58,351.92,0.0,,,,5,5,5,5,201341.88180845504,201341.88180845504,uncertain,uncertain_review_required,insufficient_evidence,0.4,{},,,
frp:firms_viirs_snpp_nrt_india:firms_viirs_snpp_nrt_india.csv:1197,ranking,2026-09-04 08:35:00+00:00,8.20822,80.68834,frp:firms_viirs_snpp_nrt_india,4.09,330.26,0.0,,,,3,3,3,3,160550.51627828265,160550.51627828265,uncertain,uncertain_review_required,insufficient_evidence,0.4,{},,,
frp:firms_viirs_snpp_nrt_india:firms_viirs_snpp_nrt_india.csv:1198,ranking,2026-09-04 08:35:00+00:00,8.22253,81.08371,frp:firms_viirs_snpp_nrt_india,5.88,336.55,0.0,,,,2,2,2,2,187482.95406813244,187482.95406813244,uncertain,uncertain_review_required,insufficient_evidence,0.4,{},,,
frp:firms_viirs_snpp_nrt_india:firms_viirs_snpp_nrt_india.csv:1199,ranking,2026-09-04 08:35:00+00:00,8.23714,80.64191,frp:firms_viirs_snpp_nrt_india,2.94,331.67,0.0,,,,3,3,3,3,160871.8470031478,160871.8470031478,uncertain,uncertain_review_required,insufficient_evidence,0.4,{},,,
frp:firms_viirs_snpp_nrt_india:firms_viirs_snpp_nrt_india.csv:1200,ranking,2026-09-04 08:35:00+00:00,8.23842,80.64211,frp:firms_viirs_snpp_nrt_india,7.04,339.6,0.0,,,,2,2,2,2,161007.810353711,161007.810353711,uncertain,uncertain_review_required,insufficient_evidence,0.4,{},,,
frp:firms_viirs_snpp_nrt_india:firms_viirs_snpp_nrt_india.csv:1201,ranking,2026-09-04 08:35:00+00:00,8.24209,80.64552,frp:firms_viirs_snpp_nrt_india,6.02,337.12,0.0,,,,1,1,1,1,161544.45842009084,161544.45842009084,uncertain,uncertain_review_required,insufficient_evidence,0.4,{},,,
frp:firms_viirs_snpp_nrt_india:firms_viirs_snpp_nrt_india.csv:1202,ranking,2026-09-04 08:35:00+00:00,8.2431,80.11183,frp:firms_viirs_snpp_nrt_india,1.97,330.25,0.0,,,,2,2,2,2,143715.89350983957,143715.89350983957,uncertain,uncertain_review_required,insufficient_evidence,0.4,{},,,
frp:firms_viirs_snpp_nrt_india:firms_viirs_snpp_nrt_india.csv:1203,ranking,2026-09-04 08:35:00+00:00,8.25259,80.78128,frp:firms_viirs_snpp_nrt_india,5.12,338.93,0.0,,,,1,1,1,1,170080.26628049635,170080.26628049635,uncertain,uncertain_review_required,insufficient_evidence,0.4,{},,,
frp:firms_viirs_snpp_nrt_india:firms_viirs_snpp_nrt_india.csv:1204,ranking,2026-09-04 08:35:00+00:00,8.25285,80.78179,frp:firms_viirs_snpp_nrt_india,6.36,331.85,0.0,,,,0,0,0,0,170134.73209044166,170134.73209044166,uncertain,uncertain_review_required,insufficient_evidence,0.4,{},,,
frp:firms_viirs_snpp_nrt_india:firms_viirs_snpp_nrt_india.csv:1205,ranking,2026-09-04 08:35:00+00:00,8.25512,80.10616,frp:firms_viirs_snpp_nrt_india,4.31,343.26,0.0,,,,3,3,3,3,144970.5468592092,144970.5468592092,uncertain,uncertain_review_required,insufficient_evidence,0.4,{},,,
frp:firms_viirs_snpp_nrt_india:firms_viirs_snpp_nrt_india.csv:1206,ranking,2026-09-04 08:35:00+00:00,8.27044,80.33495,frp:firms_viirs_snpp_nrt_india,3.03,332.14,0.0,,,,1,1,1,1,151584.63113700622,151584.63113700622,uncertain,uncertain_review_required,insufficient_evidence,0.4,{},,,
frp:firms_viirs_snpp_nrt_india:firms_viirs_snpp_nrt_india.csv:1207,ranking,2026-09-04 08:35:00+00:00,8.31202,80.59825,frp:firms_viirs_snpp_nrt_india,5.69,332.09,0.0,,,,2,2,2,2,166160.80550953883,166160.80550953883,uncertain,uncertain_review_required,insufficient_evidence,0.4,{},,,
frp:firms_viirs_snpp_nrt_india:firms_viirs_snpp_nrt_india.csv:1208,ranking,2026-09-04 08:35:00+00:00,8.31947,80.29152,frp:firms_viirs_snpp_nrt_india,8.9,342.47,0.0,,,,7,7,7,7,155628.01806144704,155628.01806144704,uncertain,uncertain_review_required,insufficient_evidence,0.4,{},,,
frp:firms_viirs_snpp_nrt_india:firms_viirs_snpp_nrt_india.csv:1209,ranking,2026-09-04 08:35:00+00:00,8.324,80.23045,frp:firms_viirs_snpp_nrt_india,7.54,345.94,0.0,,,,15,15,15,15,154663.82103857593,154663.82103857593,uncertain,uncertain_review_required,insufficient_evidence,0.4,{},,,
frp:firms_viirs_snpp_nrt_india:firms_viirs_snpp_nrt_india.csv:1210,ranking,2026-09-04 08:35:00+00:00,8.33193,80.77122,frp:firms_viirs_snpp_nrt_india,1.65,333.02,0.0,,,,8,8,8,8,177029.86021154944,177029.86021154944,uncertain,uncertain_review_required,insufficient_evidence,0.4,{},,,
frp:firms_viirs_snpp_nrt_india:firms_viirs_snpp_nrt_india.csv:1211,ranking,2026-09-04 08:35:00+00:00,8.35027,80.74276,frp:firms_viirs_snpp_nrt_india,14.51,336.8,0.0,,,,4,4,4,4,177235.09970457872,177235.09970457872,uncertain,uncertain_review_required,insufficient_evidence,0.4,{},,,
frp:firms_viirs_snpp_nrt_india:firms_viirs_snpp_nrt_india.csv:1212,ranking,2026-09-04 08:35:00+00:00,8.35087,80.747,frp:firms_viirs_snpp_nrt_india,19.72,343.16,0.0,,,,3,3,3,3,177522.10631758286,177522.10631758286,uncertain,uncertain_review_required,insufficient_evidence,0.4,{},,,
frp:firms_viirs_snpp_nrt_india:firms_viirs_snpp_nrt_india.csv:1213,ranking,2026-09-04 08:35:00+00:00,8.35448,80.74238,frp:firms_viirs_snpp_nrt_india,7.01,340.73,0.0,,,,2,2,2,2,177622.97778622387,177622.97778622387,uncertain,uncertain_review_required,insufficient_evidence,0.4,{},,,
frp:firms_viirs_snpp_nrt_india:firms_viirs_snpp_nrt_india.csv:1214,ranking,2026-09-04 08:35:00+00:00,8.35466,80.74216,frp:firms_viirs_snpp_nrt_india,8.59,336.97,0.0,,,,1,1,1,1,177628.62444961318,177628.62444961318,uncertain,uncertain_review_required,insufficient_evidence,0.4,{},,,
frp:firms_viirs_snpp_nrt_india:firms_viirs_snpp_nrt_india.csv:1215,ranking,2026-09-04 08:35:00+00:00,8.35526,80.7464,frp:firms_viirs_snpp_nrt_india,5.61,333.87,0.0,,,,6,6,6,6,177915.00325580672,177915.00325580672,uncertain,uncertain_review_required,insufficient_evidence,0.4,{},,,
frp:firms_viirs_snpp_nrt_india:firms_viirs_snpp_nrt_india.csv:1216,ranking,2026-09-04 08:35:00+00:00,8.38549,80.29862,frp:firms_viirs_snpp_nrt_india,2.31,330.45,0.0,,,,14,14,14,14,162947.4015636797,162947.4015636797,uncertain,uncertain_review_required,insufficient_evidence,0.4,{},,,
frp:firms_viirs_snpp_nrt_india:firms_viirs_snpp_nrt_india.csv:1217,ranking,2026-09-04 08:35:00+00:00,8.38778,80.78993,frp:firms_viirs_snpp_nrt_india,6.16,330.12,0.0,,,,10,10,10,10,183429.85535925865,183429.85535925865,uncertain,uncertain_review_required,insufficient_evidence,0.4,{},,,
frp:firms_viirs_snpp_nrt_india:firms_viirs_snpp_nrt_india.csv:1218,ranking,2026-09-04 08:35:00+00:00,8.40374,81.05544,frp:firms_viirs_snpp_nrt_india,8.74,341.59,0.0,,,,14,14,14,14,201104.7745079948,201104.7745079948,uncertain,uncertain_review_required,insufficient_evidence,0.4,{},,,
frp:firms_viirs_snpp_nrt_india:firms_viirs_snpp_nrt_india.csv:1219,ranking,2026-09-04 08:35:00+00:00,8.40438,81.05991,frp:firms_viirs_snpp_nrt_india,4.67,341.87,0.0,,,,13,13,13,13,201458.4503437635,201458.4503437635,uncertain,uncertain_review_required,insufficient_evidence,0.4,{},,,
frp:firms_viirs_snpp_nrt_india:firms_viirs_snpp_nrt_india.csv:1220,ranking,2026-09-04 08:35:00+00:00,8.40441,80.68349,frp:firms_viirs_snpp_nrt_india,1.64,332.62,0.0,,,,6,6,6,6,179499.08266376116,179499.08266376116,uncertain,uncertain_review_required,insufficient_evidence,0.4,{},,,
frp:firms_viirs_snpp_nrt_india:firms_viirs_snpp_nrt_india.csv:1221,ranking,2026-09-04 08:35:00+00:00,8.40566,81.0557,frp:firms_viirs_snpp_nrt_india,9.69,342.53,0.0,,,,12,12,12,12,201292.33071776002,201292.33071776002,uncertain,uncertain_review_required,insufficient_evidence,0.4,{},,,
frp:firms_viirs_snpp_nrt_india:firms_viirs_snpp_nrt_india.csv:1222,ranking,2026-09-04 08:35:00+00:00,8.40626,81.06018,frp:firms_viirs_snpp_nrt_india,8.49,334.05,0.0,,,,12,12,12,12,201642.9420194971,201642.9420194971,uncertain,uncertain_review_required,insufficient_evidence,0.4,{},,,
frp:firms_viirs_snpp_nrt_india:firms_viirs_snpp_nrt_india.csv:1223,ranking,2026-09-04 08:35:00+00:00,8.41519,80.446,frp:firms_viirs_snpp_nrt_india,2.86,331.74,0.0,,,,9,9,9,9,170581.56950321584,170581.56950321584,uncertain,uncertain_review_required,insufficient_evidence,0.4,{},,,
frp:firms_viirs_snpp_nrt_india:firms_viirs_snpp_nrt_india.csv:1224,ranking,2026-09-04 08:35:00+00:00,8.41545,80.41713,frp:firms_viirs_snpp_nrt_india,4.37,330.78,0.0,,,,9,9,9,9,169629.9887602129,169629.9887602129,uncertain,uncertain_review_required,insufficient_evidence,0.4,{},,,
frp:firms_viirs_snpp_nrt_india:firms_viirs_snpp_nrt_india.csv:1225,ranking,2026-09-04 08:35:00+00:00,8.42824,80.5067,frp:firms_viirs_snpp_nrt_india,6.04,341.31,0.0,,,,4,4,4,4,174172.54212834276,174172.54212834276,uncertain,uncertain_review_required,insufficient_evidence,0.4,{},,,
frp:firms_viirs_snpp_nrt_india:firms_viirs_snpp_nrt_india.csv:1226,ranking,2026-09-04 08:35:00+00:00,8.43036,80.50778,frp:firms_viirs_snpp_nrt_india,22.75,350.84,0.0,,,,6,6,6,6,174434.90644723384,174434.90644723384,uncertain,uncertain_review_required,insufficient_evidence,0.4,{},,,
frp:firms_viirs_snpp_nrt_india:firms_viirs_snpp_nrt_india.csv:1227,ranking,2026-09-04 08:35:00+00:00,8.43084,80.35042,frp:firms_viirs_snpp_nrt_india,5.74,335.17,0.0,,,,9,9,9,9,169230.30743982896,169230.30743982896,uncertain,uncertain_review_required,insufficient_evidence,0.4,{},,,
frp:firms_viirs_snpp_nrt_india:firms_viirs_snpp_nrt_india.csv:1228,ranking,2026-09-04 08:35:00+00:00,8.43256,80.50612,frp:firms_viirs_snpp_nrt_india,6.04,336.22,0.0,,,,8,8,8,8,174600.64933085782,174600.64933085782,uncertain,uncertain_review_required,insufficient_evidence,0.4,{},,,
frp:firms_viirs_snpp_nrt_india:firms_viirs_snpp_nrt_india.csv:1229,ranking,2026-09-04 08:35:00+00:00,8.43315,80.51025,frp:firms_viirs_snpp_nrt_india,6.04,342.96,0.0,,,,8,8,8,8,174820.49608851533,174820.49608851533,uncertain,uncertain_review_required,insufficient_evidence,0.4,{},,,
frp:firms_viirs_snpp_nrt_india:firms_viirs_snpp_nrt_india.csv:1230,ranking,2026-09-04 08:35:00+00:00,8.4458,80.23885,frp:firms_viirs_snpp_nrt_india,2.9,339.02,0.0,,,,7,7,7,7,168135.61445033582,168135.61445033582,uncertain,uncertain_review_required,insufficient_evidence,0.4,{},,,
frp:firms_viirs_snpp_nrt_india:firms_viirs_snpp_nrt_india.csv:1231,ranking,2026-09-04 08:35:00+00:00,8.45281,81.09965,frp:firms_viirs_snpp_nrt_india,5.03,333.83,0.0,,,,8,8,8,8,208390.8483123008,208390.8483123008,uncertain,uncertain_review_required,insufficient_evidence,0.4,{},,,
frp:firms_viirs_snpp_nrt_india:firms_viirs_snpp_nrt_india.csv:1232,ranking,2026-09-04 08:35:00+00:00,8.45517,80.40042,frp:firms_viirs_snpp_nrt_india,5.47,333.89,0.0,,,,23,23,23,23,173319.91852651295,173319.91852651295,uncertain,uncertain_review_required,insufficient_evidence,0.4,{},,,
frp:firms_viirs_snpp_nrt_india:firms_viirs_snpp_nrt_india.csv:1233,ranking,2026-09-04 08:35:00+00:00,8.46493,80.50307,frp:firms_viirs_snpp_nrt_india,2.89,331.6,0.0,,,,9,9,9,9,177866.02272512522,177866.02272512522,uncertain,uncertain_review_required,insufficient_evidence,0.4,{},,,
frp:firms_viirs_snpp_nrt_india:firms_viirs_snpp_nrt_india.csv:1234,ranking,2026-09-04 08:35:00+00:00,8.47596,80.45562,frp:firms_viirs_snpp_nrt_india,6.49,355.15,0.0,,,,5,5,5,5,177329.68703896084,177329.68703896084,uncertain,uncertain_review_required,insufficient_evidence,0.4,{},,,
frp:firms_viirs_snpp_nrt_india:firms_viirs_snpp_nrt_india.csv:1235,ranking,2026-09-04 08:35:00+00:00,8.48686,80.47081,frp:firms_viirs_snpp_nrt_india,10.21,346.93,0.0,,,,5,5,5,5,179004.93329171283,179004.93329171283,uncertain,uncertain_review_required,insufficient_evidence,0.4,{},,,
frp:firms_viirs_snpp_nrt_india:firms_viirs_snpp_nrt_india.csv:1236,ranking,2026-09-04 08:35:00+00:00,8.51423,80.24119,frp:firms_viirs_snpp_nrt_india,3.23,332.7,0.0,,,,0,0,0,0,175664.30203522535,175664.30203522535,uncertain,uncertain_review_required,insufficient_evidence,0.4,{},,,
frp:firms_viirs_snpp_nrt_india:firms_viirs_snpp_nrt_india.csv:1237,ranking,2026-09-04 08:35:00+00:00,8.52532,80.4322,frp:firms_viirs_snpp_nrt_india,3.64,333.29,0.0,,,,9,9,9,9,181793.84718776398,181793.84718776398,uncertain,uncertain_review_required,insufficient_evidence,0.4,{},,,
frp:firms_viirs_snpp_nrt_india:firms_viirs_snpp_nrt_india.csv:1238,ranking,2026-09-04 08:35:00+00:00,8.52704,80.43185,frp:firms_viirs_snpp_nrt_india,6.58,345.61,0.0,,,,7,7,7,7,181965.85363000244,181965.85363000244,uncertain,uncertain_review_required,insufficient_evidence,0.4,{},,,
frp:firms_viirs_snpp_nrt_india:firms_viirs_snpp_nrt_india.csv:1239,ranking,2026-09-04 08:35:00+00:00,8.52962,80.43159,frp:firms_viirs_snpp_nrt_india,3.64,335.64,0.0,,,,6,6,6,6,182232.33569038365,182232.33569038365,uncertain,uncertain_review_required,insufficient_evidence,0.4,{},,,
frp:firms_viirs_snpp_nrt_india:firms_viirs_snpp_nrt_india.csv:1240,ranking,2026-09-04 08:35:00+00:00,8.53881,80.8772,frp:firms_viirs_snpp_nrt_india,6.79,345.24,0.0,,,,15,15,15,15,202772.7031893256,202772.7031893256,uncertain,uncertain_review_required,insufficient_evidence,0.4,{},,,
frp:firms_viirs_snpp_nrt_india:firms_viirs_snpp_nrt_india.csv:1241,ranking,2026-09-04 08:35:00+00:00,8.55367,80.37032,frp:firms_viirs_snpp_nrt_india,4.39,338.51,0.0,,,,5,5,5,5,182997.40912666588,182997.40912666588,uncertain,uncertain_review_required,insufficient_evidence,0.4,{},,,
frp:firms_viirs_snpp_nrt_india:firms_viirs_snpp_nrt_india.csv:1242,ranking,2026-09-04 08:35:00+00:00,8.55657,80.87483,frp:firms_viirs_snpp_nrt_india,4.01,343.54,0.0,,,,13,13,13,13,204354.51244228752,204354.51244228752,uncertain,uncertain_review_required,insufficient_evidence,0.4,{},,,
frp:firms_viirs_snpp_nrt_india:firms_viirs_snpp_nrt_india.csv:1243,ranking,2026-09-04 08:35:00+00:00,8.56465,80.90033,frp:firms_viirs_snpp_nrt_india,4.82,337.52,0.0,,,,8,8,8,8,206535.2353098685,206535.2353098685,uncertain,uncertain_review_required,insufficient_evidence,0.4,{},,,
frp:firms_viirs_snpp_nrt_india:firms_viirs_snpp_nrt_india.csv:1244,ranking,2026-09-04 08:35:00+00:00,8.56527,80.90474,frp:firms_viirs_snpp_nrt_india,10.76,343.07,0.0,,,,5,5,5,5,206839.74336451406,206839.74336451406,uncertain,uncertain_review_required,insufficient_evidence,0.4,{},,,
frp:firms_viirs_snpp_nrt_india:firms_viirs_snpp_nrt_india.csv:1245,ranking,2026-09-04 08:35:00+00:00,8.56614,80.39735,frp:firms_viirs_snpp_nrt_india,6.06,330.59,0.0,,,,11,11,11,11,185099.50158363525,185099.50158363525,uncertain,uncertain_review_required,insufficient_evidence,0.4,{},,,
frp:firms_viirs_snpp_nrt_india:firms_viirs_snpp_nrt_india.csv:1246,ranking,2026-09-04 08:35:00+00:00,8.56671,80.40142,frp:firms_viirs_snpp_nrt_india,6.06,342.2,0.0,,,,13,13,13,13,185278.7881138028,185278.7881138028,uncertain,uncertain_review_required,insufficient_evidence,0.4,{},,,
frp:firms_viirs_snpp_nrt_india:firms_viirs_snpp_nrt_india.csv:1247,ranking,2026-09-04 08:35:00+00:00,8.57884,80.78347,frp:firms_viirs_snpp_nrt_india,4.34,330.04,0.0,,,,23,23,23,23,201767.81264097444,201767.81264097444,uncertain,uncertain_review_required,insufficient_evidence,0.4,{},,,
frp:firms_viirs_snpp_nrt_india:firms_viirs_snpp_nrt_india.csv:1248,ranking,2026-09-04 08:35:00+00:00,8.61746,77.98914,frp:firms_viirs_snpp_nrt_india,3.29,342.96,0.0,,,,0,0,0,0,230373.82276147214,230373.82276147214,uncertain,uncertain_review_required,insufficient_evidence,0.4,{},,,
frp:firms_viirs_snpp_nrt_india:firms_viirs_snpp_nrt_india.csv:1249,ranking,2026-09-04 08:35:00+00:00,8.62053,80.69478,frp:firms_viirs_snpp_nrt_india,7.09,342.6,0.0,,,,22,22,22,22,201779.85990081387,201779.85990081387,uncertain,uncertain_review_required,insufficient_evidence,0.4,{},,,
frp:firms_viirs_snpp_nrt_india:firms_viirs_snpp_nrt_india.csv:1250,ranking,2026-09-04 08:35:00+00:00,8.62115,80.41457,frp:firms_viirs_snpp_nrt_india,6.37,337.09,0.0,,,,8,8,8,8,191499.05277994456,191499.05277994456,uncertain,uncertain_review_required,insufficient_evidence,0.4,{},,,
frp:firms_viirs_snpp_nrt_india:firms_viirs_snpp_nrt_india.csv:1251,ranking,2026-09-04 08:35:00+00:00,8.62399,80.37293,frp:firms_viirs_snpp_nrt_india,4.39,336.9,0.0,,,,8,8,8,8,190648.04116124613,190648.04116124613,uncertain,uncertain_review_required,insufficient_evidence,0.4,{},,,
frp:firms_viirs_snpp_nrt_india:firms_viirs_snpp_nrt_india.csv:1252,ranking,2026-09-04 08:35:00+00:00,8.62594,80.79905,frp:firms_viirs_snpp_nrt_india,4.93,332.59,0.0,,,,16,16,16,16,207215.06445606044,207215.06445606044,uncertain,uncertain_review_required,insufficient_evidence,0.4,{},,,
frp:firms_viirs_snpp_nrt_india:firms_viirs_snpp_nrt_india.csv:1253,ranking,2026-09-04 08:35:00+00:00,8.62652,80.37279,frp:firms_viirs_snpp_nrt_india,2.77,330.42,0.0,,,,7,7,7,7,190917.36881976444,190917.36881976444,uncertain,uncertain_review_required,insufficient_evidence,0.4,{},,,
frp:firms_viirs_snpp_nrt_india:firms_viirs_snpp_nrt_india.csv:1254,ranking,2026-09-04 08:35:00+00:00,8.63034,80.41752,frp:firms_viirs_snpp_nrt_india,2.87,330.56,0.0,,,,8,8,8,8,192570.30961561576,192570.30961561576,uncertain,uncertain_review_required,insufficient_evidence,0.4,{},,,
frp:firms_viirs_snpp_nrt_india:firms_viirs_snpp_nrt_india.csv:1255,ranking,2026-09-04 08:35:00+00:00,8.63077,80.51368,frp:firms_viirs_snpp_nrt_india,2.23,330.62,0.0,,,,14,14,14,14,195676.79302196912,195676.79302196912,uncertain,uncertain_review_required,insufficient_evidence,0.4,{},,,
frp:firms_viirs_snpp_nrt_india:firms_viirs_snpp_nrt_india.csv:1256,ranking,2026-09-04 08:35:00+00:00,8.63132,81.00479,frp:firms_viirs_snpp_nrt_india,5.65,333.42,0.0,,,,15,15,15,15,218817.98968850917,218817.98968850917,uncertain,uncertain_review_required,insufficient_evidence,0.4,{},,,
frp:firms_viirs_snpp_nrt_india:firms_viirs_snpp_nrt_india.csv:1257,ranking,2026-09-04 08:35:00+00:00,8.63193,81.00928,frp:firms_viirs_snpp_nrt_india,5.65,332.22,0.0,,,,14,14,14,14,219136.94909121652,219136.94909121652,uncertain,uncertain_review_required,insufficient_evidence,0.4,{},,,
frp:firms_viirs_snpp_nrt_india:firms_viirs_snpp_nrt_india.csv:1258,ranking,2026-09-04 08:35:00+00:00,8.63581,81.0042,frp:firms_viirs_snpp_nrt_india,5.65,349.95,0.0,,,,13,13,13,13,219207.64730361456,219207.64730361456,uncertain,uncertain_review_required,insufficient_evidence,0.4,{},,,
frp:firms_viirs_snpp_nrt_india:firms_viirs_snpp_nrt_india.csv:1259,ranking,2026-09-04 08:35:00+00:00,8.64029,81.00357,frp:firms_viirs_snpp_nrt_india,5.52,335.44,0.0,,,,11,11,11,11,219594.50833574025,219594.50833574025,uncertain,uncertain_review_required,insufficient_evidence,0.4,{},,,
frp:firms_viirs_snpp_nrt_india:firms_viirs_snpp_nrt_india.csv:1260,ranking,2026-09-04 08:35:00+00:00,8.6409,81.00806,frp:firms_viirs_snpp_nrt_india,5.52,344.56,0.0,,,,10,10,10,10,219912.34111824597,219912.34111824597,uncertain,uncertain_review_required,insufficient_evidence,0.4,{},,,
frp:firms_viirs_snpp_nrt_india:firms_viirs_snpp_nrt_india.csv:1261,ranking,2026-09-04 08:35:00+00:00,8.64538,81.00743,frp:firms_viirs_snpp_nrt_india,5.52,330.4,0.0,,,,11,11,11,11,220299.10837056043,220299.10837056043,uncertain,uncertain_review_required,insufficient_evidence,0.4,{},,,
frp:firms_viirs_snpp_nrt_india:firms_viirs_snpp_nrt_india.csv:1262,ranking,2026-09-04 08:35:00+00:00,8.66234,80.83396,frp:firms_viirs_snpp_nrt_india,10.8,339.9,0.0,,,,8,8,8,8,212560.7395790986,212560.7395790986,uncertain,uncertain_review_required,insufficient_evidence,0.4,{},,,
frp:firms_viirs_snpp_nrt_india:firms_viirs_snpp_nrt_india.csv:1263,ranking,2026-09-04 08:35:00+00:00,8.66597,77.40293,frp:firms_viirs_snpp_nrt_india,6.07,332.62,0.0,,,,0,0,0,0,181878.32744993674,181878.32744993674,uncertain,uncertain_review_required,insufficient_evidence,0.4,{},,,
frp:firms_viirs_snpp_nrt_india:firms_viirs_snpp_nrt_india.csv:1264,ranking,2026-09-04 08:35:00+00:00,8.66727,80.25673,frp:firms_viirs_snpp_nrt_india,4.23,332.11,0.0,,,,0,0,0,0,192717.49149175565,192717.49149175565,uncertain,uncertain_review_required,insufficient_evidence,0.4,{},,,
frp:firms_viirs_snpp_nrt_india:firms_viirs_snpp_nrt_india.csv:1265,ranking,2026-09-04 08:35:00+00:00,8.69263,80.37619,frp:firms_viirs_snpp_nrt_india,4.7,337.9,0.0,,,,4,4,4,4,198147.2607041724,198147.2607041724,uncertain,uncertain_review_required,insufficient_evidence,0.4,{},,,
frp:firms_viirs_snpp_nrt_india:firms_viirs_snpp_nrt_india.csv:1266,ranking,2026-09-04 08:35:00+00:00,8.69724,80.86597,frp:firms_viirs_snpp_nrt_india,7.55,338.31,0.0,,,,11,11,11,11,217622.86810967507,217622.86810967507,uncertain,uncertain_review_required,insufficient_evidence,0.4,{},,,
frp:firms_viirs_snpp_nrt_india:firms_viirs_snpp_nrt_india.csv:1267,ranking,2026-09-04 08:35:00+00:00,8.69836,80.86498,frp:firms_viirs_snpp_nrt_india,7.89,342.87,0.0,,,,11,11,11,11,217683.21081038108,217683.21081038108,uncertain,uncertain_review_required,insufficient_evidence,0.4,{},,,
frp:firms_viirs_snpp_nrt_india:firms_viirs_snpp_nrt_india.csv:1268,ranking,2026-09-04 08:35:00+00:00,8.72472,80.76887,frp:firms_viirs_snpp_nrt_india,4.75,330.69,0.0,,,,2,2,2,2,215685.80876806294,215685.80876806294,uncertain,uncertain_review_required,insufficient_evidence,0.4,{},,,
frp:firms_viirs_snpp_nrt_india:firms_viirs_snpp_nrt_india.csv:1269,ranking,2026-09-04 08:35:00+00:00,8.73204,77.86298,frp:firms_viirs_snpp_nrt_india,16.91,347.6,0.0,,,,0,0,0,0,211554.04583720933,211554.04583720933,uncertain,uncertain_review_required,insufficient_evidence,0.4,{},,,
frp:firms_viirs_snpp_nrt_india:firms_viirs_snpp_nrt_india.csv:1270,ranking,2026-09-04 08:35:00+00:00,8.75154,80.99869,frp:firms_viirs_snpp_nrt_india,4.67,334.21,0.0,,,,4,4,4,4,229935.6720769337,229935.6720769337,uncertain,uncertain_review_required,insufficient_evidence,0.4,{},,,
frp:firms_viirs_snpp_nrt_india:firms_viirs_snpp_nrt_india.csv:1271,ranking,2026-09-04 08:35:00+00:00,8.78943,80.33366,frp:firms_viirs_snpp_nrt_india,4.95,334.56,0.0,,,,1,1,1,1,207639.9623701523,207639.9623701523,uncertain,uncertain_review_required,insufficient_evidence,0.4,{},,,
frp:firms_viirs_snpp_nrt_india:firms_viirs_snpp_nrt_india.csv:1272,ranking,2026-09-04 08:35:00+00:00,8.78999,80.3377,frp:firms_viirs_snpp_nrt_india,4.95,330.83,0.0,,,,2,2,2,2,207790.4291045648,207790.4291045648,uncertain,uncertain_review_required,insufficient_evidence,0.4,{},,,
frp:firms_viirs_snpp_nrt_india:firms_viirs_snpp_nrt_india.csv:1273,ranking,2026-09-04 08:35:00+00:00,8.79438,80.59402,frp:firms_viirs_snpp_nrt_india,5.05,331.67,0.0,,,,0,0,0,0,215739.70544568525,215739.70544568525,uncertain,uncertain_review_required,insufficient_evidence,0.4,{},,,
frp:firms_viirs_snpp_nrt_india:firms_viirs_snpp_nrt_india.csv:1274,ranking,2026-09-04 08:35:00+00:00,8.80461,80.57121,frp:firms_viirs_snpp_nrt_india,4.76,336.59,0.0,,,,3,3,3,3,216014.73348288905,216014.73348288905,uncertain,uncertain_review_required,insufficient_evidence,0.4,{},,,
frp:firms_viirs_snpp_nrt_india:firms_viirs_snpp_nrt_india.csv:1275,ranking,2026-09-04 08:35:00+00:00,8.80897,80.57063,frp:firms_viirs_snpp_nrt_india,4.76,343.08,0.0,,,,4,4,4,4,216455.07883498844,216455.07883498844,uncertain,uncertain_review_required,insufficient_evidence,0.4,{},,,
frp:firms_viirs_snpp_nrt_india:firms_viirs_snpp_nrt_india.csv:1276,ranking,2026-09-04 08:35:00+00:00,8.81464,77.83777,frp:firms_viirs_snpp_nrt_india,11.75,342.22,0.0,,,,0,0,0,0,203557.12387503556,203557.12387503556,uncertain,uncertain_review_required,insufficient_evidence,0.4,{},,,
frp:firms_viirs_snpp_nrt_india:firms_viirs_snpp_nrt_india.csv:1277,ranking,2026-09-04 08:35:00+00:00,8.84638,77.70205,frp:firms_viirs_snpp_nrt_india,22.48,345.51,0.0,,,,1,1,1,1,189854.64631414492,189854.64631414492,uncertain,uncertain_review_required,insufficient_evidence,0.4,{},,,
frp:firms_viirs_snpp_nrt_india:firms_viirs_snpp_nrt_india.csv:1278,ranking,2026-09-04 08:35:00+00:00,8.88569,77.40527,frp:firms_viirs_snpp_nrt_india,5.49,339.72,0.0,,,,0,0,0,0,163346.17496968657,163346.17496968657,uncertain,uncertain_review_required,insufficient_evidence,0.4,{},,,
frp:firms_viirs_snpp_nrt_india:firms_viirs_snpp_nrt_india.csv:1279,ranking,2026-09-04 08:35:00+00:00,8.92698,80.77954,frp:firms_viirs_snpp_nrt_india,6.77,349.29,0.0,,,,5,5,5,5,236772.01467019046,236772.01467019046,uncertain,uncertain_review_required,insufficient_evidence,0.4,{},,,
frp:firms_viirs_snpp_nrt_india:firms_viirs_snpp_nrt_india.csv:1280,ranking,2026-09-04 08:35:00+00:00,8.92773,77.46704,frp:firms_viirs_snpp_nrt_india,2.97,336.21,0.0,,,,0,0,0,0,164725.73063131995,164725.73063131995,uncertain,uncertain_review_required,insufficient_evidence,0.4,{},,,
frp:firms_viirs_snpp_nrt_india:firms_viirs_snpp_nrt_india.csv:1281,ranking,2026-09-04 08:35:00+00:00,8.93915,77.83005,frp:firms_viirs_snpp_nrt_india,7.77,339.25,0.0,,,,0,0,0,0,194464.8476132696,194464.8476132696,uncertain,uncertain_review_required,insufficient_evidence,0.4,{},,,
frp:firms_viirs_snpp_nrt_india:firms_viirs_snpp_nrt_india.csv:1282,ranking,2026-09-04 08:35:00+00:00,8.9637,80.59013,frp:firms_viirs_snpp_nrt_india,4.33,342.29,0.0,,,,3,3,3,3,226966.4574684951,226966.4574684951,uncertain,uncertain_review_required,insufficient_evidence,0.4,{},,,
frp:firms_viirs_snpp_nrt_india:firms_viirs_snpp_nrt_india.csv:1283,ranking,2026-09-04 08:35:00+00:00,8.96668,80.38145,frp:firms_viirs_snpp_nrt_india,3.75,336.94,0.0,,,,5,5,5,5,218683.8794244887,218683.8794244887,uncertain,uncertain_review_required,insufficient_evidence,0.4,{},,,
frp:firms_viirs_snpp_nrt_india:firms_viirs_snpp_nrt_india.csv:1284,ranking,2026-09-04 08:35:00+00:00,8.97304,80.59312,frp:firms_viirs_snpp_nrt_india,7.85,331.35,0.0,,,,0,0,0,0,226140.6213710069,226140.6213710069,uncertain,uncertain_review_required,insufficient_evidence,0.4,{},,,
frp:firms_viirs_snpp_nrt_india:firms_viirs_snpp_nrt_india.csv:1285,ranking,2026-09-04 08:35:00+00:00,8.97735,80.59259,frp:firms_viirs_snpp_nrt_india,12.24,347.79,0.0,,,,1,1,1,1,225677.32538765608,225677.32538765608,uncertain,uncertain_review_required,insufficient_evidence,0.4,{},,,
frp:firms_viirs_snpp_nrt_india:firms_viirs_snpp_nrt_india.csv:1286,ranking,2026-09-04 08:35:00+00:00,8.97742,80.59255,frp:firms_viirs_snpp_nrt_india,9.41,346.17,0.0,,,,2,2,2,2,225668.43920972536,225668.43920972536,uncertain,uncertain_review_required,insufficient_evidence,0.4,{},,,
frp:firms_viirs_snpp_nrt_india:firms_viirs_snpp_nrt_india.csv:1287,ranking,2026-09-04 08:35:00+00:00,8.97923,80.83057,frp:firms_viirs_snpp_nrt_india,7.59,337.07,0.0,,,,0,0,0,0,237032.56305796816,237032.56305796816,uncertain,uncertain_review_required,insufficient_evidence,0.4,{},,,
frp:firms_viirs_snpp_nrt_india:firms_viirs_snpp_nrt_india.csv:1288,ranking,2026-09-04 08:35:00+00:00,8.98429,80.83439,frp:firms_viirs_snpp_nrt_india,4.21,340.3,0.0,,,,1,1,1,1,236745.49194818185,236745.49194818185,uncertain,uncertain_review_required,insufficient_evidence,0.4,{},,,
frp:firms_viirs_snpp_nrt_india:firms_viirs_snpp_nrt_india.csv:1289,ranking,2026-09-04 08:35:00+00:00,9.10274,80.49466,frp:firms_viirs_snpp_nrt_india,4.45,331.95,0.0,,,,1,1,1,1,208665.08223977534,208665.08223977534,uncertain,uncertain_review_required,insufficient_evidence,0.4,{},,,
frp:firms_viirs_snpp_nrt_india:firms_viirs_snpp_nrt_india.csv:1290,ranking,2026-09-04 08:35:00+00:00,9.17593,78.22559,frp:firms_viirs_snpp_nrt_india,10.26,337.95,0.0,,,,0,0,0,0,217172.19726774486,217172.19726774486,uncertain,uncertain_review_required,insufficient_evidence,0.4,{},,,
frp:firms_viirs_snpp_nrt_india:firms_viirs_snpp_nrt_india.csv:1291,ranking,2026-09-04 08:35:00+00:00,9.1797,78.22505,frp:firms_viirs_snpp_nrt_india,10.26,341.55,0.0,,,,1,1,1,1,216852.85300357666,216852.85300357666,uncertain,uncertain_review_required,insufficient_evidence,0.4,{},,,
frp:firms_viirs_snpp_nrt_india:firms_viirs_snpp_nrt_india.csv:1292,ranking,2026-09-04 08:35:00+00:00,9.20293,77.64448,frp:firms_viirs_snpp_nrt_india,19.15,345.47,0.0,,,,1,1,1,1,161190.59491817717,161190.59491817717,uncertain,uncertain_review_required,insufficient_evidence,0.4,{},,,
frp:firms_viirs_snpp_nrt_india:firms_viirs_snpp_nrt_india.csv:1293,ranking,2026-09-04 08:35:00+00:00,9.20664,80.63229,frp:firms_viirs_snpp_nrt_india,2.25,330.65,0.0,,,,4,4,4,4,204462.48386304732,204462.48386304732,uncertain,uncertain_review_required,insufficient_evidence,0.4,{},,,
frp:firms_viirs_snpp_nrt_india:firms_viirs_snpp_nrt_india.csv:1294,ranking,2026-09-04 08:35:00+00:00,9.33688,76.59934,frp:firms_viirs_snpp_nrt_india,2.02,331.72,0.0,,,,1,1,1,1,73166.26081731192,73166.26081731192,uncertain,uncertain_review_required,insufficient_evidence,0.4,{},,,
frp:firms_viirs_snpp_nrt_india:firms_viirs_snpp_nrt_india.csv:1295,ranking,2026-09-04 08:35:00+00:00,9.39517,80.44724,frp:firms_viirs_snpp_nrt_india,5.48,332.52,0.0,,,,22,22,22,22,176733.80098615028,176733.80098615028,uncertain,uncertain_review_required,insufficient_evidence,0.4,{},,,
frp:firms_viirs_snpp_nrt_india:firms_viirs_snpp_nrt_india.csv:1296,ranking,2026-09-04 08:35:00+00:00,9.39581,80.44839,frp:firms_viirs_snpp_nrt_india,4.86,338.41,0.0,,,,20,20,20,20,176721.41684259605,176721.41684259605,uncertain,uncertain_review_required,insufficient_evidence,0.4,{},,,
frp:firms_viirs_snpp_nrt_india:firms_viirs_snpp_nrt_india.csv:1297,ranking,2026-09-04 08:35:00+00:00,9.414,80.58482,frp:firms_viirs_snpp_nrt_india,2.71,330.15,0.0,,,,1,1,1,1,181671.8669773463,181671.8669773463,uncertain,uncertain_review_required,insufficient_evidence,0.4,{},,,
frp:firms_viirs_snpp_nrt_india:firms_viirs_snpp_nrt_india.csv:1298,ranking,2026-09-04 08:35:00+00:00,9.41437,80.58335,frp:firms_viirs_snpp_nrt_india,3.4,335.1,0.0,,,,0,0,0,0,181557.56421450048,181557.56421450048,uncertain,uncertain_review_required,insufficient_evidence,0.4,{},,,
frp:firms_viirs_snpp_nrt_india:firms_viirs_snpp_nrt_india.csv:1299,ranking,2026-09-04 08:35:00+00:00,9.45137,80.49699,frp:firms_viirs_snpp_nrt_india,9.87,348.6,0.0,,,,4,4,4,4,173474.37067764864,173474.37067764864,uncertain,uncertain_review_required,insufficient_evidence,0.4,{},,,
frp:firms_viirs_snpp_nrt_india:firms_viirs_snpp_nrt_india.csv:1300,ranking,2026-09-04 08:35:00+00:00,9.4578,80.47879,frp:firms_viirs_snpp_nrt_india,3.36,336.28,0.0,,,,6,6,6,6,171937.47654171186,171937.47654171186,uncertain,uncertain_review_required,insufficient_evidence,0.4,{},,,
frp:firms_viirs_snpp_nrt_india:firms_viirs_snpp_nrt_india.csv:1301,ranking,2026-09-04 08:35:00+00:00,9.62262,78.11741,frp:firms_viirs_snpp_nrt_india,10.24,340.95,0.0,,,,0,0,0,0,185659.523515645,185659.523515645,uncertain,uncertain_review_required,insufficient_evidence,0.4,{},,,
frp:firms_viirs_snpp_nrt_india:firms_viirs_snpp_nrt_india.csv:1302,ranking,2026-09-04 08:35:00+00:00,9.95692,79.105,frp:firms_viirs_snpp_nrt_india,2.64,336.23,0.0,,,,1,1,1,1,97733.73867293286,97733.73867293286,uncertain,uncertain_review_required,insufficient_evidence,0.4,{},,,
frp:firms_viirs_snpp_nrt_india:firms_viirs_snpp_nrt_india.csv:1303,ranking,2026-09-04 08:35:00+00:00,9.95849,79.1076,frp:firms_viirs_snpp_nrt_india,2.39,342.39,0.0,,,,0,0,0,0,97499.67381374692,97499.67381374692,uncertain,uncertain_review_required,insufficient_evidence,0.4,{},,,
frp:firms_viirs_snpp_nrt_india:firms_viirs_snpp_nrt_india.csv:1304,ranking,2026-09-04 08:35:00+00:00,10.16672,78.79148,frp:firms_viirs_snpp_nrt_india,8.56,331.56,0.0,,,,1,1,1,1,91340.55171651546,91340.55171651546,uncertain,uncertain_review_required,insufficient_evidence,0.4,{},,,
frp:firms_viirs_snpp_nrt_india:firms_viirs_snpp_nrt_india.csv:1305,ranking,2026-09-04 08:35:00+00:00,10.16814,78.80172,frp:firms_viirs_snpp_nrt_india,6.42,335.48,0.0,,,,0,0,0,0,90528.72038450133,90528.72038450133,uncertain,uncertain_review_required,insufficient_evidence,0.4,{},,,
frp:firms_viirs_snpp_nrt_india:firms_viirs_snpp_nrt_india.csv:1306,ranking,2026-09-04 08:35:00+00:00,10.28257,78.88253,frp:firms_viirs_snpp_nrt_india,2.52,334.67,0.0,,,,1,1,1,1,75055.44179423648,75055.44179423648,uncertain,uncertain_review_required,insufficient_evidence,0.4,{},,,
frp:firms_viirs_snpp_nrt_india:firms_viirs_snpp_nrt_india.csv:1307,ranking,2026-09-04 08:35:00+00:00,10.31339,79.34061,frp:firms_viirs_snpp_nrt_india,2.09,330.68,0.0,,,,0,0,0,0,55687.23415695748,55687.23415695748,uncertain,uncertain_review_required,insufficient_evidence,0.4,{},,,
frp:firms_viirs_snpp_nrt_india:firms_viirs_snpp_nrt_india.csv:1308,ranking,2026-09-04 08:35:00+00:00,12.0522,78.36801,frp:firms_viirs_snpp_nrt_india,4.2,333.87,0.0,,,,0,0,0,0,171629.49933060372,171629.49933060372,uncertain,uncertain_review_required,insufficient_evidence,0.4,{},,,
frp:firms_viirs_snpp_nrt_india:firms_viirs_snpp_nrt_india.csv:1309,ranking,2026-09-04 08:35:00+00:00,12.80993,77.7602,frp:firms_viirs_snpp_nrt_india,3.52,332.58,0.0,,,,0,0,0,0,276250.3168253224,276250.3168253224,uncertain,uncertain_review_required,insufficient_evidence,0.4,{},,,
frp:firms_viirs_snpp_nrt_india:firms_viirs_snpp_nrt_india.csv:1310,ranking,2026-09-04 08:35:00+00:00,13.90749,78.06878,frp:firms_viirs_snpp_nrt_india,1.75,335.38,0.0,,,,0,0,0,0,253529.40840424996,253529.40840424996,uncertain,uncertain_review_required,insufficient_evidence,0.4,{},,,
frp:firms_viirs_snpp_nrt_india:firms_viirs_snpp_nrt_india.csv:1311,ranking,2026-09-04 08:35:00+00:00,13.93385,78.31989,frp:firms_viirs_snpp_nrt_india,5.9,344.3,0.0,,,,1,1,1,1,229130.65855371332,229130.65855371332,uncertain,uncertain_review_required,insufficient_evidence,0.4,{},,,
frp:firms_viirs_snpp_nrt_india:firms_viirs_snpp_nrt_india.csv:1312,ranking,2026-09-04 08:35:00+00:00,13.93448,78.31924,frp:firms_viirs_snpp_nrt_india,5.51,342.27,0.0,,,,0,0,0,0,229221.82811642854,229221.82811642854,uncertain,uncertain_review_required,insufficient_evidence,0.4,{},,,
frp:firms_viirs_snpp_nrt_india:firms_viirs_snpp_nrt_india.csv:1313,ranking,2026-09-04 08:35:00+00:00,14.5526,77.48568,frp:firms_viirs_snpp_nrt_india,2.5,330.23,0.0,,,,0,0,0,0,331717.6647790861,331717.6647790861,uncertain,uncertain_review_required,insufficient_evidence,0.4,{},,,
frp:firms_viirs_snpp_nrt_india:firms_viirs_snpp_nrt_india.csv:1314,ranking,2026-09-04 08:37:00+00:00,14.9584,75.91736,frp:firms_viirs_snpp_nrt_india,2.59,334.21,0.0,,,,0,0,0,0,245696.49768072204,245696.49768072204,uncertain,uncertain_review_required,insufficient_evidence,0.4,{},,,
frp:firms_viirs_snpp_nrt_india:firms_viirs_snpp_nrt_india.csv:1315,ranking,2026-09-04 08:37:00+00:00,15.17642,76.65735,frp:firms_viirs_snpp_nrt_india,5.16,335.25,0.0,,,,44,44,44,44,309871.7090052236,309871.7090052236,uncertain,uncertain_review_required,insufficient_evidence,0.4,{},,,
frp:firms_viirs_snpp_nrt_india:firms_viirs_snpp_nrt_india.csv:1316,ranking,2026-09-04 08:37:00+00:00,15.18196,76.64268,frp:firms_viirs_snpp_nrt_india,3.59,333.96,0.0,,,,43,43,43,43,309367.4771611266,309367.4771611266,uncertain,uncertain_review_required,insufficient_evidence,0.4,{},,,
frp:firms_viirs_snpp_nrt_india:firms_viirs_snpp_nrt_india.csv:1317,ranking,2026-09-04 08:37:00+00:00,15.52757,73.99412,frp:firms_viirs_snpp_nrt_india,3.12,332.48,0.0,,,,1,1,1,1,295526.3271679875,295526.3271679875,uncertain,uncertain_review_required,insufficient_evidence,0.4,{},,,
frp:firms_viirs_snpp_nrt_india:firms_viirs_snpp_nrt_india.csv:1318,ranking,2026-09-04 08:37:00+00:00,17.6268,82.57391,frp:firms_viirs_snpp_nrt_india,4.48,330.76,0.0,,,,1,1,1,1,71233.18202989681,71233.18202989681,uncertain,uncertain_review_required,insufficient_evidence,0.4,{},,,
frp:firms_viirs_snpp_nrt_india:firms_viirs_snpp_nrt_india.csv:1319,ranking,2026-09-04 08:37:00+00:00,21.10135,72.63466,frp:firms_viirs_snpp_nrt_india,7.03,332.85,0.0,,,,31,31,31,31,12150.983100878164,12150.983100878164,uncertain,uncertain_review_required,insufficient_evidence,0.4,{},,,
frp:firms_viirs_snpp_nrt_india:firms_viirs_snpp_nrt_india.csv:1320,ranking,2026-09-04 08:37:00+00:00,21.10191,72.63843,frp:firms_viirs_snpp_nrt_india,7.03,334.26,0.0,,,,32,32,32,32,11777.66599944149,11777.66599944149,uncertain,uncertain_review_required,insufficient_evidence,0.4,{},,,
frp:firms_viirs_snpp_nrt_india:firms_viirs_snpp_nrt_india.csv:1321,ranking,2026-09-04 08:37:00+00:00,21.10636,72.64542,frp:firms_viirs_snpp_nrt_india,8.1,344.24,0.0,,,,33,33,33,33,10904.089808509467,10904.089808509467,uncertain,uncertain_review_required,insufficient_evidence,0.4,{},,,
frp:firms_viirs_snpp_nrt_india:firms_viirs_snpp_nrt_india.csv:1322,ranking,2026-09-04 08:37:00+00:00,22.41645,69.03945,frp:firms_viirs_snpp_nrt_india,5.64,333.49,0.0,,,,1,1,1,1,72340.4617739096,72340.4617739096,uncertain,uncertain_review_required,insufficient_evidence,0.4,{},,,
frp:firms_viirs_snpp_nrt_india:firms_viirs_snpp_nrt_india.csv:1323,ranking,2026-09-04 08:37:00+00:00,22.92779,70.1069,frp:firms_viirs_snpp_nrt_india,5.54,338.61,0.0,,,,1,1,1,1,60354.285151443735,60354.285151443735,uncertain,uncertain_review_required,insufficient_evidence,0.4,{},,,
frp:firms_viirs_snpp_nrt_india:firms_viirs_snpp_nrt_india.csv:1324,ranking,2026-09-04 08:37:00+00:00,22.93431,69.69743,frp:firms_viirs_snpp_nrt_india,3.12,334.99,0.0,,,,7,7,7,7,57495.815296848035,57495.815296848035,uncertain,uncertain_review_required,insufficient_evidence,0.4,{},,,
frp:firms_viirs_snpp_nrt_india:firms_viirs_snpp_nrt_india.csv:1325,ranking,2026-09-04 08:37:00+00:00,24.0682,72.24971,frp:firms_viirs_snpp_nrt_india,1.4,330.15,0.0,,,,0,0,0,0,57160.57551853631,57160.57551853631,uncertain,uncertain_review_required,insufficient_evidence,0.4,{},,,
frp:firms_viirs_snpp_nrt_india:firms_viirs_snpp_nrt_india.csv:1326,ranking,2026-09-04 08:37:00+00:00,25.9841,73.41638,frp:firms_viirs_snpp_nrt_india,5.6,340.25,0.0,,,,0,0,0,0,181906.76417066136,181906.76417066136,uncertain,uncertain_review_required,insufficient_evidence,0.4,{},,,
frp:firms_viirs_snpp_nrt_india:firms_viirs_snpp_nrt_india.csv:1327,ranking,2026-09-04 08:37:00+00:00,27.14095,72.44164,frp:firms_viirs_snpp_nrt_india,1.99,335.03,0.0,,,,0,0,0,0,164061.04183496445,164061.04183496445,uncertain,uncertain_review_required,insufficient_evidence,0.4,{},,,
frp:firms_viirs_snpp_nrt_india:firms_viirs_snpp_nrt_india.csv:1328,ranking,2026-09-04 08:39:00+00:00,28.42405,69.7006,frp:firms_viirs_snpp_nrt_india,3.82,335.37,0.0,,,,9,9,9,9,42729.80668410583,42729.80668410583,uncertain,uncertain_review_required,insufficient_evidence,0.4,{},,,
frp:firms_viirs_snpp_nrt_india:firms_viirs_snpp_nrt_india.csv:1329,ranking,2026-09-04 08:39:00+00:00,28.45174,68.14686,frp:firms_viirs_snpp_nrt_india,24.53,334.81,0.0,,,,0,0,0,0,50612.81332094385,50612.81332094385,uncertain,uncertain_review_required,insufficient_evidence,0.4,{},,,
frp:firms_viirs_snpp_nrt_india:firms_viirs_snpp_nrt_india.csv:1330,ranking,2026-09-04 08:39:00+00:00,29.33473,69.01346,frp:firms_viirs_snpp_nrt_india,3.84,344.38,0.0,,,,0,0,0,0,79632.5023914508,79632.5023914508,uncertain,uncertain_review_required,insufficient_evidence,0.4,{},,,
frp:firms_viirs_snpp_nrt_india:firms_viirs_snpp_nrt_india.csv:1331,ranking,2026-09-04 08:39:00+00:00,29.33534,69.01741,frp:firms_viirs_snpp_nrt_india,5.51,338.2,0.0,,,,1,1,1,1,79620.32147946268,79620.32147946268,uncertain,uncertain_review_required,insufficient_evidence,0.4,{},,,
frp:firms_viirs_snpp_nrt_india:firms_viirs_snpp_nrt_india.csv:1332,ranking,2026-09-04 08:39:00+00:00,29.80486,72.78429,frp:firms_viirs_snpp_nrt_india,4.92,337.49,0.0,,,,0,0,0,0,183223.41882314818,183223.41882314818,uncertain,uncertain_review_required,insufficient_evidence,0.4,{},,,
frp:firms_viirs_snpp_nrt_india:firms_viirs_snpp_nrt_india.csv:1333,ranking,2026-09-04 08:39:00+00:00,29.911,74.95192,frp:firms_viirs_snpp_nrt_india,5.47,341.22,0.0,,,,5,5,5,5,301.9419349514897,301.9419349514897,emergency_or_transient_fire,industrial_fire_candidate,industrial_proximity,0.72,{},,,
frp:firms_viirs_snpp_nrt_india:firms_viirs_snpp_nrt_india.csv:1334,ranking,2026-09-04 08:39:00+00:00,29.94049,69.95213,frp:firms_viirs_snpp_nrt_india,3.81,337.32,0.0,,,,0,0,0,0,97395.26010024201,97395.26010024201,uncertain,uncertain_review_required,insufficient_evidence,0.4,{},,,
frp:firms_viirs_snpp_nrt_india:firms_viirs_snpp_nrt_india.csv:1335,ranking,2026-09-04 08:39:00+00:00,30.47343,71.74202,frp:firms_viirs_snpp_nrt_india,3.21,331.0,0.0,,,,0,0,0,0,85053.43152965076,85053.43152965076,uncertain,uncertain_review_required,insufficient_evidence,0.4,{},,,
frp:firms_viirs_snpp_nrt_india:firms_viirs_snpp_nrt_india.csv:1336,ranking,2026-09-04 08:39:00+00:00,31.31773,72.16481,frp:firms_viirs_snpp_nrt_india,3.46,335.37,0.0,,,,0,0,0,0,173941.5075860172,173941.5075860172,uncertain,uncertain_review_required,insufficient_evidence,0.4,{},,,
frp:firms_viirs_snpp_nrt_india:firms_viirs_snpp_nrt_india.csv:1337,ranking,2026-09-04 08:39:00+00:00,31.5778,72.37859,frp:firms_viirs_snpp_nrt_india,5.83,337.86,0.0,,,,0,0,0,0,179476.29580455497,179476.29580455497,uncertain,uncertain_review_required,insufficient_evidence,0.4,{},,,
frp:firms_viirs_snpp_nrt_india:firms_viirs_snpp_nrt_india.csv:1338,ranking,2026-09-04 08:39:00+00:00,31.68232,72.20583,frp:firms_viirs_snpp_nrt_india,4.36,336.61,0.0,,,,0,0,0,0,169447.8464570506,169447.8464570506,uncertain,uncertain_review_required,insufficient_evidence,0.4,{},,,
frp:firms_viirs_snpp_nrt_india:firms_viirs_snpp_nrt_india.csv:1339,ranking,2026-09-04 08:39:00+00:00,32.24791,73.92658,frp:firms_viirs_snpp_nrt_india,3.62,332.01,0.0,,,,0,0,0,0,112412.68195245478,112412.68195245478,uncertain,uncertain_review_required,insufficient_evidence,0.4,{},,,
frp:firms_viirs_snpp_nrt_india:firms_viirs_snpp_nrt_india.csv:1340,ranking,2026-09-04 08:39:00+00:00,32.43256,71.36949,frp:firms_viirs_snpp_nrt_india,6.24,345.57,0.0,,,,0,0,0,0,76127.80357057907,76127.80357057907,uncertain,uncertain_review_required,insufficient_evidence,0.4,{},,,
frp:firms_viirs_snpp_nrt_india:firms_viirs_snpp_nrt_india.csv:1341,ranking,2026-09-04 08:41:00+00:00,38.05041,67.26707,frp:firms_viirs_snpp_nrt_india,11.42,342.33,0.0,,,,38,38,38,38,76468.60357604621,76468.60357604621,uncertain,uncertain_review_required,insufficient_evidence,0.4,{},,,
frp:firms_viirs_snpp_nrt_india:firms_viirs_snpp_nrt_india.csv:1342,ranking,2026-09-04 08:41:00+00:00,38.0537,67.26628,frp:firms_viirs_snpp_nrt_india,11.42,340.89,0.0,,,,39,39,39,39,76186.2162753471,76186.2162753471,uncertain,uncertain_review_required,insufficient_evidence,0.4,{},,,
frp:gulf_flaring:gulf_flaring__5354c465-ecde-4b9a-8a42-b93f56560577.zip:768,development,1993-09-07 17:58:28.339824+00:00,31.94401391934912,54.034862863575086,frp:gulf_flaring,3.6326355689320624,303.59000000000003,0.9135714669087868,0.0,0.0,0.0,3,3,3,3,243768.49600341098,243768.49600341098,uncertain,uncertain_review_required,insufficient_evidence,0.4,{},,,
frp:sentinel_frp_combined:siberia_wildfire__7b9d0178-7a9b-4f6d-84f2-e2ad5d35ae5d.zip:4133,development,1993-06-07 13:28:47.740471+00:00,62.23969484285988,103.98705273745792,frp:sentinel_frp_combined,1.085199832865304,287.35,0.2411157994301198,0.0,0.0,0.0,5,5,5,5,248534.14909232318,248534.14909232318,uncertain,uncertain_review_required,insufficient_evidence,0.4,{},,,
frp:sentinel_frp_combined:siberia_wildfire__4fff0f3b-bc89-4baf-8c7b-4b33aad77faa.zip:3579,development,1993-06-07 16:08:51.119468+00:00,54.7274788618264,80.48604579679227,frp:sentinel_frp_combined,0.8970874340409316,293.23,0.1593099042448638,0.0,71.0,0.0,1,1,1,1,249771.72064466772,249771.72064466772,uncertain,uncertain_review_required,insufficient_evidence,0.4,{},,,
frp:sentinel_frp_combined:central_africa_wildfire__127ffed6-bb4b-43b2-a61c-acb9bc1d13e3.zip:706,development,1993-06-07 20:54:03.687409+00:00,-8.614680978250021,23.46333494076077,frp:sentinel_frp_combined,1.5998923569324304,289.71000000000004,10.474014256246267,0.0,0.0,0.0,14,14,14,14,753027.1386181748,753027.1386181748,uncertain,uncertain_review_required,insufficient_evidence,0.4,{},,,
frp:central_africa_wildfire:central_africa_wildfire__91d9ed43-4cf6-47d5-bb87-1a1f26dd72d3.zip:775,development,1993-06-07 21:35:54.726809+00:00,1.631784995880139,9.875573975066573,frp:central_africa_wildfire,2.256751479260438,290.12,0.5547323788772871,0.0,0.0,0.0,23,23,23,23,53439.174649994486,53439.174649994486,uncertain,uncertain_review_required,insufficient_evidence,0.4,{},,,
frp:firms_modis_nrt_india:firms_modis_nrt_india.csv:60,development,2026-09-01 15:22:00+00:00,18.50253,74.20557,frp:firms_modis_nrt_india,5.07,303.39,0.0,,,,1,1,1,1,140329.23470159108,140329.23470159108,uncertain,uncertain_review_required,insufficient_evidence,0.4,{},,,
frp:sentinel_frp_combined:siberia_wildfire__4fff0f3b-bc89-4baf-8c7b-4b33aad77faa.zip:3836,development,1993-06-07 16:09:56.217764+00:00,58.507542852282654,78.66452780139116,frp:sentinel_frp_combined,2.857543662011392,298.36,0.7208512061840349,0.0,18.0,0.0,47,47,47,47,22368.184170657863,22368.184170657863,uncertain,uncertain_review_required,insufficient_evidence,0.4,{},,,
frp:firms_viirs_snpp_nrt_india:firms_viirs_snpp_nrt_india.csv:113,development,2026-08-31 08:07:00+00:00,9.17741,78.13036,frp:firms_viirs_snpp_nrt_india,6.86,346.2,0.0,,,,0,0,0,0,209616.234979744,209616.234979744,uncertain,uncertain_review_required,insufficient_evidence,0.4,{},,,
frp:sentinel_frp_combined:siberia_wildfire__7b9d0178-7a9b-4f6d-84f2-e2ad5d35ae5d.zip:4128,development,1993-06-07 13:28:44.740124+00:00,62.12705584314426,104.25484473678182,frp:sentinel_frp_combined,1.4501083317568075,288.90000000000003,0.5535694666605666,0.0,0.0,0.0,3,3,3,3,232088.85251337299,232088.85251337299,uncertain,uncertain_review_required,insufficient_evidence,0.4,{},,,
frp:firms_viirs_noaa20_nrt_india:firms_viirs_noaa20_nrt_india.csv:386,development,2026-09-01 08:07:00+00:00,7.28544,81.7925,frp:firms_viirs_noaa20_nrt_india,2.38,346.3,0.0,,,,2,2,2,2,205792.1819026801,205792.1819026801,uncertain,uncertain_review_required,insufficient_evidence,0.4,{},,,
frp:firms_viirs_snpp_nrt_india:firms_viirs_snpp_nrt_india.csv:274,development,2026-09-01 07:50:00+00:00,7.94756,81.31615,frp:firms_viirs_snpp_nrt_india,8.89,343.2,0.0,,,,8,8,8,8,185838.1190274033,185838.1190274033,uncertain,uncertain_review_required,insufficient_evidence,0.4,{},,,
frp:central_africa_wildfire:central_africa_wildfire__127ffed6-bb4b-43b2-a61c-acb9bc1d13e3.zip:441,development,1993-06-07 20:54:07.884490+00:00,-8.526360978473008,23.86071393975749,frp:central_africa_wildfire,1.1705550369517848,289.1,10.03102261782347,0.0,0.0,0.0,0,0,0,0,727544.7001445773,727544.7001445773,uncertain,uncertain_review_required,insufficient_evidence,0.4,{},,,
frp:sentinel_frp_combined:central_africa_wildfire__127ffed6-bb4b-43b2-a61c-acb9bc1d13e3.zip:559,development,1993-06-07 20:51:46.650368+00:00,-16.680036957886955,18.11547895426281,frp:sentinel_frp_combined,0.7379431672422401,286.12,1.897876841024612,0.0,0.0,0.0,15,15,15,15,1178647.3043148562,1178647.3043148562,uncertain,uncertain_review_required,insufficient_evidence,0.4,{},,,
frp:firms_viirs_noaa20_nrt_india:firms_viirs_noaa20_nrt_india.csv:945,development,2026-09-02 07:50:00+00:00,9.98763,77.44791,frp:firms_viirs_noaa20_nrt_india,13.21,351.24,0.0,,,,1,1,1,1,115643.49439143926,115643.49439143926,uncertain,uncertain_review_required,insufficient_evidence,0.4,{},,,
frp:china_industrial:china_industrial__c1cd4b46-50c7-4dc6-b61f-79dd085a5792.zip:575,development,1993-09-07 13:37:30.840178+00:00,42.3534968930677,125.21447268386385,frp:china_industrial,1.9015805767148413,288.11,17.3013482081881,0.0,0.0,0.0,4,4,4,4,114319.72784633472,114319.72784633472,uncertain,uncertain_review_required,insufficient_evidence,0.4,{},,,
frp:sentinel_frp_combined:central_africa_wildfire__127ffed6-bb4b-43b2-a61c-acb9bc1d13e3.zip:885,development,1993-06-07 20:54:09.718074+00:00,-7.540081980963123,19.22257595146766,frp:sentinel_frp_combined,1.2880348656384313,288.51,2.612518046659598,0.0,0.0,0.0,6,6,6,6,750263.4606709603,750263.4606709603,uncertain,uncertain_review_required,insufficient_evidence,0.4,{},,,
frp:sentinel_frp_combined:gulf_flaring__5354c465-ecde-4b9a-8a42-b93f56560577.zip:2576,development,1993-09-07 17:59:19.649153+00:00,34.36540891323568,51.71202886943968,frp:sentinel_frp_combined,8.35064587652562,303.68,5.302841094720745,0.0,790.0,706.0,24,24,24,24,46035.815152899035,46035.815152899035,uncertain,uncertain_review_required,insufficient_evidence,0.4,{},,,
frp:sentinel_frp_combined:siberia_wildfire__4fff0f3b-bc89-4baf-8c7b-4b33aad77faa.zip:3528,development,1993-06-07 16:08:43.965207+00:00,52.91337786640656,72.257640817567,frp:sentinel_frp_combined,2.8127622438539968,289.20000000000005,12.438284630457428,0.0,17.0,0.0,19,19,19,19,250698.17258149994,250698.17258149994,uncertain,uncertain_review_required,insufficient_evidence,0.4,{},,,
frp:firms_viirs_snpp_nrt_india:firms_viirs_snpp_nrt_india.csv:639,development,2026-09-02 07:29:00+00:00,7.90861,81.47627,frp:firms_viirs_snpp_nrt_india,3.85,344.69,0.0,,,,2,2,2,2,198016.24178351744,198016.24178351744,uncertain,uncertain_review_required,insufficient_evidence,0.4,{},,,
frp:gulf_flaring:gulf_flaring__07554d1c-45ab-471f-bda9-f460f68ae9e0.zip:436,development,1993-09-07 18:36:54.355862+00:00,30.623197922683858,47.31956988052957,frp:gulf_flaring,3.0663744888720506,307.05,0.4246483541334081,0.0,0.0,0.0,33,33,33,33,1628.6698879136025,1628.6698879136025,uncertain,uncertain_review_required,insufficient_evidence,0.4,{},,,
frp:central_africa_wildfire:central_africa_wildfire__127ffed6-bb4b-43b2-a61c-acb9bc1d13e3.zip:676,development,1993-06-07 20:54:16.943892+00:00,-7.748959980435757,16.26525895893417,frp:central_africa_wildfire,4.084944091871599,291.27000000000004,0.5574140216173403,0.0,0.0,0.0,25,25,25,25,431705.10858828615,431705.10858828615,uncertain,uncertain_review_required,insufficient_evidence,0.4,{},,,
frp:firms_viirs_noaa20_nrt_india:firms_viirs_noaa20_nrt_india.csv:284,development,2026-08-31 20:59:00+00:00,24.6901,73.00169,frp:firms_viirs_noaa20_nrt_india,1.11,313.08,0.0,,,,0,0,0,0,139666.54147855335,139666.54147855335,uncertain,uncertain_review_required,insufficient_evidence,0.4,{},,,
frp:siberia_wildfire:siberia_wildfire__4fff0f3b-bc89-4baf-8c7b-4b33aad77faa.zip:667,development,1993-06-07 16:09:53.821480+00:00,58.38893485258211,77.88117380336894,frp:siberia_wildfire,1.1318840028633013,292.05,0.9147173074942594,0.0,0.0,0.0,5,5,5,5,14305.690657879059,14305.690657879059,uncertain,uncertain_review_required,insufficient_evidence,0.4,{},,,
frp:siberia_wildfire:siberia_wildfire__e868eda1-2872-460a-9018-a302eff3e322.zip:1330,development,1993-06-07 15:09:43.856804+00:00,62.368570842534496,79.53587279919122,frp:siberia_wildfire,1.9367661300974668,295.36,1.526745456952297,0.0,0.0,0.0,2,2,2,2,8651.58048487795,8651.58048487795,uncertain,uncertain_review_required,insufficient_evidence,0.4,{},,,
frp:central_africa_wildfire:central_africa_wildfire__0beec313-bad6-4801-9725-7642c0f06960.zip:21,development,1993-06-07 21:35:30.707521+00:00,-1.0714299972948993,13.63613796557206,frp:central_africa_wildfire,2.684526971585317,282.20000000000005,3.235529398244496,0.0,0.0,0.0,1,1,1,1,376871.13006409386,376871.13006409386,uncertain,uncertain_review_required,insufficient_evidence,0.4,{},,,
frp:sentinel_frp_combined:siberia_wildfire__e868eda1-2872-460a-9018-a302eff3e322.zip:4579,development,1993-06-07 15:09:48.627008+00:00,64.40674983738859,85.77861378342982,frp:sentinel_frp_combined,0.9242535013139636,288.23,0.2645912076042397,0.0,0.0,0.0,2,2,2,2,192523.58919539783,192523.58919539783,uncertain,uncertain_review_required,insufficient_evidence,0.4,{},,,
frp:sentinel_frp_combined:amazon_basin__ee63b406-431f-44b5-afe5-b345d151571d.zip:242,development,1993-07-07 14:26:55.359660+00:00,-12.806494967666708,-64.63317583681692,frp:sentinel_frp_combined,16.89456948827533,326.79,1.9586563327450328,1.0,0.0,2.0,0,0,0,0,471681.57293039316,471681.57293039316,uncertain,uncertain_review_required,insufficient_evidence,0.4,{},,,
frp:sentinel_frp_combined:gulf_flaring__06ea85e3-0e01-4c85-b788-ed0287e7ac6d.zip:1824,development,1993-09-06 19:02:21.351478+00:00,26.517203933050496,36.73167590726143,frp:sentinel_frp_combined,3.80855879658994,293.54,0.4469294817156665,0.0,108.0,0.0,21,21,21,21,259164.02632240413,259164.02632240413,uncertain,uncertain_review_required,insufficient_evidence,0.4,{},,,
frp:central_africa_wildfire:central_africa_wildfire__127ffed6-bb4b-43b2-a61c-acb9bc1d13e3.zip:672,development,1993-06-07 20:54:16.944464+00:00,-7.766671980391038,16.201688959094668,frp:central_africa_wildfire,2.6461331620200625,291.3,0.3605883296723257,0.0,0.0,0.0,22,22,22,22,425043.29460729833,425043.29460729833,uncertain,uncertain_review_required,insufficient_evidence,0.4,{},,,
frp:sentinel_frp_combined:amazon_basin__abb5665d-9dc6-422b-ab36-0e683ba688a3.zip:152,development,1993-07-07 13:48:56.798838+00:00,-15.55466696072824,-61.81182384394015,frp:sentinel_frp_combined,8.247059610083308,315.52000000000004,2.1885979717382216,1.0,0.0,0.0,0,0,0,0,290502.8268042807,290502.8268042807,uncertain,uncertain_review_required,insufficient_evidence,0.4,{},,,
frp:sentinel_frp_combined:gulf_flaring__07554d1c-45ab-471f-bda9-f460f68ae9e0.zip:1858,development,1993-09-07 18:36:17.428662+00:00,27.782603929855668,52.17545086826965,frp:sentinel_frp_combined,2.066108705218617,312.36,0.2710836857572655,0.0,0.0,0.0,23,23,23,23,5615.2665178640145,5615.2665178640145,uncertain,uncertain_review_required,insufficient_evidence,0.4,{},,,
frp:sentinel_frp_combined:china_industrial__c1cd4b46-50c7-4dc6-b61f-79dd085a5792.zip:1628,development,1993-09-07 13:36:59.355179+00:00,41.15885789608387,122.98933568948178,frp:sentinel_frp_combined,2.060107227826871,300.79,1.1578073384445051,0.0,0.0,0.0,29,29,29,29,56285.28383222656,56285.28383222656,uncertain,uncertain_review_required,insufficient_evidence,0.4,{},,,
frp:gulf_flaring:gulf_flaring__5e582e3c-6d99-4d34-8298-72ea8ec7e6f3.zip:1236,development,1993-09-06 18:22:38.504415+00:00,24.81083993735865,49.35329387539491,frp:gulf_flaring,1.4582039256734494,305.18,0.2585631814594262,0.0,0.0,0.0,2,2,2,2,1849.9971065468371,1849.9971065468371,uncertain,uncertain_review_required,insufficient_evidence,0.4,{},,,
frp:firms_viirs_noaa20_nrt_india:firms_viirs_noaa20_nrt_india.csv:609,development,2026-09-01 08:07:00+00:00,9.23818,80.27795,frp:firms_viirs_noaa20_nrt_india,6.16,338.23,0.0,,,,3,3,3,3,186479.16549001238,186479.16549001238,uncertain,uncertain_review_required,insufficient_evidence,0.4,{},,,
frp:sentinel_frp_combined:central_africa_wildfire__127ffed6-bb4b-43b2-a61c-acb9bc1d13e3.zip:887,development,1993-06-07 20:55:08.770845+00:00,-5.996670984859861,25.272411936193294,frp:sentinel_frp_combined,13.728172302412432,300.0,1.485189106247558,0.0,0.0,0.0,1,1,1,1,867920.9139627167,867920.9139627167,uncertain,uncertain_review_required,insufficient_evidence,0.4,{},,,
frp:sentinel_frp_combined:gulf_flaring__249f7eaa-a006-4cd8-bf84-2e9a2f5a5565.zip:2225,development,1993-09-06 07:08:41.715462+00:00,36.47569790790772,50.85415087160561,frp:sentinel_frp_combined,3.7292155142517984,309.69,1.02929620309246,1.0,0.0,0.0,21,21,21,21,90011.61484880956,90011.61484880956,uncertain,uncertain_review_required,insufficient_evidence,0.4,{},,,
frp:sentinel_frp_combined:central_africa_wildfire__0beec313-bad6-4801-9725-7642c0f06960.zip:286,development,1993-06-07 21:35:31.907217+00:00,-1.0443679973632245,13.676480965470205,frp:sentinel_frp_combined,5.211583215428592,291.41,1.180866627025328,0.0,0.0,0.0,38,38,38,38,381385.54198278143,381385.54198278143,uncertain,uncertain_review_required,insufficient_evidence,0.4,{},,,
frp:siberia_wildfire:siberia_wildfire__4fff0f3b-bc89-4baf-8c7b-4b33aad77faa.zip:729,development,1993-06-07 16:09:56.819466+00:00,58.54674285218368,78.23784480246843,frp:siberia_wildfire,2.9781864988660143,290.95000000000005,4.756715583424255,0.0,0.0,0.0,13,13,13,13,13071.894278084645,13071.894278084645,uncertain,uncertain_review_required,insufficient_evidence,0.4,{},,,
frp:sentinel_frp_combined:central_africa_wildfire__127ffed6-bb4b-43b2-a61c-acb9bc1d13e3.zip:752,development,1993-06-07 20:54:03.989483+00:00,-8.470973978612847,23.11007894165266,frp:sentinel_frp_combined,3.0965450899148568,299.47,0.4894085573862272,0.0,0.0,0.0,2,2,2,2,792872.8283243492,792872.8283243492,uncertain,uncertain_review_required,insufficient_evidence,0.4,{},,,
frp:central_africa_wildfire:central_africa_wildfire__127ffed6-bb4b-43b2-a61c-acb9bc1d13e3.zip:452,development,1993-06-07 20:54:03.987231+00:00,-8.599331978288774,23.489919940693653,frp:central_africa_wildfire,1.721696769725778,292.12,1.7591085841684646,0.0,0.0,0.0,28,28,28,28,751962.9949097392,751962.9949097392,uncertain,uncertain_review_required,insufficient_evidence,0.4,{},,,
frp:sentinel_frp_combined:china_industrial__0d7ba0c0-c144-44dc-bad0-007997140ad8.zip:1244,development,1993-09-07 14:34:34.747807+00:00,25.63059593528897,108.62899372573816,frp:sentinel_frp_combined,1.829361074730486,293.73,0.465525607258537,0.0,0.0,0.0,47,47,47,47,451820.52236684394,451820.52236684394,uncertain,uncertain_review_required,insufficient_evidence,0.4,{},,,
frp:siberia_wildfire:siberia_wildfire__4fff0f3b-bc89-4baf-8c7b-4b33aad77faa.zip:661,development,1993-06-07 16:09:56.217846+00:00,58.5090718522788,78.62497180149103,frp:siberia_wildfire,1.7815951168607576,291.42,51.611729764466624,0.0,18.0,0.0,53,53,53,53,21566.937000522863,21566.937000522863,uncertain,uncertain_review_required,insufficient_evidence,0.4,{},,,
frp:amazon_basin:amazon_basin__abb5665d-9dc6-422b-ab36-0e683ba688a3.zip:171,development,1993-07-07 13:49:17.841944+00:00,-17.731944955231143,-56.97973585614,frp:amazon_basin,208.21010682848268,395.2000000000001,21.165139181945232,1.0,3.0,3.0,0,0,0,0,756607.5723569428,756607.5723569428,uncertain,uncertain_review_required,insufficient_evidence,0.4,{},,,
frp:sentinel_frp_combined:amazon_basin__abb5665d-9dc6-422b-ab36-0e683ba688a3.zip:157,development,1993-07-07 13:48:59.508191+00:00,-16.198179959103527,-60.81725884645118,frp:sentinel_frp_combined,13.649014737977604,324.17,1.6950626306531025,1.0,0.0,0.0,1,1,1,1,358242.3329380943,358242.3329380943,uncertain,uncertain_review_required,insufficient_evidence,0.4,{},,,
frp:siberia_wildfire:siberia_wildfire__4fff0f3b-bc89-4baf-8c7b-4b33aad77faa.zip:497,development,1993-06-07 16:09:24.758043+00:00,55.621989859567975,71.77753781877914,frp:siberia_wildfire,2.476457361291087,288.81,4.381473556975339,0.0,18.0,0.0,7,7,7,7,112387.27233122011,112387.27233122011,uncertain,uncertain_review_required,insufficient_evidence,0.4,{},,,
frp:sentinel_frp_combined:gulf_flaring__06ea85e3-0e01-4c85-b788-ed0287e7ac6d.zip:1717,development,1993-09-06 19:04:04.465670+00:00,32.289121918477804,47.24717488071235,frp:sentinel_frp_combined,4.682241644674623,312.17,1.3351419291515376,0.0,0.0,0.0,4,4,4,4,3689.6504242111696,3689.6504242111696,uncertain,uncertain_review_required,insufficient_evidence,0.4,{},,,
frp:china_industrial:china_industrial__7ec3e6ea-d3da-4f48-9cb5-4105fb7e4a8b.zip:318,development,1993-09-07 12:57:05.880536+00:00,36.98834290661341,126.6986706801166,frp:china_industrial,2.885294391071792,304.33000000000004,0.4258229001245596,0.0,0.0,1.0,10,10,10,10,29560.628977483928,29560.628977483928,uncertain,uncertain_review_required,insufficient_evidence,0.4,{},,,
frp:sentinel_frp_combined:siberia_wildfire__b8f339af-5277-4545-be45-00e778ba15bd.zip:4394,development,1993-06-07 14:28:26.770118+00:00,55.98525185865083,97.82822575300747,frp:sentinel_frp_combined,2.729112674364829,285.73,15.55111465633959,0.0,0.0,0.0,38,38,38,38,280343.71983945154,280343.71983945154,uncertain,uncertain_review_required,insufficient_evidence,0.4,{},,,
frp:siberia_wildfire:siberia_wildfire__7b9d0178-7a9b-4f6d-84f2-e2ad5d35ae5d.zip:977,development,1993-06-07 13:28:41.439464+00:00,62.03498984337671,104.58908173593797,frp:siberia_wildfire,2.3394819304431973,285.84000000000003,1.0597176760052127,0.0,0.0,0.0,20,20,20,20,212945.60082729306,212945.60082729306,uncertain,uncertain_review_required,insufficient_evidence,0.4,{},,,
frp:central_africa_wildfire:central_africa_wildfire__127ffed6-bb4b-43b2-a61c-acb9bc1d13e3.zip:738,development,1993-06-07 20:54:21.116847+00:00,-6.855194982692296,19.161839951621005,frp:central_africa_wildfire,1.4779921868053751,289.22,11.987238715907782,0.0,0.0,0.0,26,26,26,26,734146.270179638,734146.270179638,uncertain,uncertain_review_required,insufficient_evidence,0.4,{},,,
frp:sentinel_frp_combined:china_industrial__0d7ba0c0-c144-44dc-bad0-007997140ad8.zip:1080,development,1993-09-07 14:33:42.584259+00:00,21.242810946367054,105.37109673396355,frp:sentinel_frp_combined,4.119423473793668,297.01,1.1937137841534309,0.0,0.0,0.0,2,2,2,2,213815.58528111115,213815.58528111115,uncertain,uncertain_review_required,insufficient_evidence,0.4,{},,,
frp:sentinel_frp_combined:central_africa_wildfire__127ffed6-bb4b-43b2-a61c-acb9bc1d13e3.zip:454,development,1993-06-07 20:53:48.997844+00:00,-9.038403977180224,22.16056594404995,frp:sentinel_frp_combined,9.221211905083832,308.77000000000004,1.005897244811729,0.0,0.0,0.0,9,9,9,9,839381.7324859324,839381.7324859324,uncertain,uncertain_review_required,insufficient_evidence,0.4,{},,,
frp:firms_viirs_snpp_nrt_india:firms_viirs_snpp_nrt_india.csv:504,development,2026-09-01 20:23:00+00:00,11.59257,77.26982,frp:firms_viirs_snpp_nrt_india,1.3,304.87,0.0,,,,0,0,0,0,204782.93720202704,204782.93720202704,uncertain,uncertain_review_required,insufficient_evidence,0.4,{},,,
frp:siberia_wildfire:siberia_wildfire__4fff0f3b-bc89-4baf-8c7b-4b33aad77faa.zip:410,development,1993-06-07 16:08:51.119889+00:00,54.73341586181141,80.3785757970636,frp:siberia_wildfire,15.351852644996397,312.48,1.6165872257855345,0.0,71.0,0.0,30,30,30,30,246304.60506105373,246304.60506105373,uncertain,uncertain_review_required,insufficient_evidence,0.4,{},,,
frp:gulf_flaring:gulf_flaring__5354c465-ecde-4b9a-8a42-b93f56560577.zip:893,development,1993-09-07 18:00:17.202959+00:00,38.73617890220055,56.80354685658483,frp:gulf_flaring,2.553254160669808,293.79,0.3866332770798327,0.0,0.0,0.0,42,42,42,42,122667.24283489474,122667.24283489474,uncertain,uncertain_review_required,insufficient_evidence,0.4,{},,,
frp:firms_viirs_noaa20_nrt_india:firms_viirs_noaa20_nrt_india.csv:458,development,2026-09-01 08:07:00+00:00,8.03384,80.61523,frp:firms_viirs_noaa20_nrt_india,3.42,336.42,0.0,,,,6,6,6,6,139772.13327289894,139772.13327289894,uncertain,uncertain_review_required,insufficient_evidence,0.4,{},,,
frp:china_industrial:china_industrial__7ec3e6ea-d3da-4f48-9cb5-4105fb7e4a8b.zip:372,development,1993-09-07 12:58:35.290260+00:00,41.16125189607783,122.98152068950152,frp:china_industrial,7.845743997322556,297.43,32.08473475873755,0.0,0.0,0.0,17,17,17,17,55579.510146546854,55579.510146546854,uncertain,uncertain_review_required,insufficient_evidence,0.4,{},,,
frp:sentinel_frp_combined:gulf_flaring__5354c465-ecde-4b9a-8a42-b93f56560577.zip:2412,development,1993-09-07 18:01:07.045075+00:00,40.63643789740286,49.54139887491999,frp:sentinel_frp_combined,2.2767711536987827,290.66,0.6172903110557191,0.0,0.0,4.0,29,29,29,29,40386.162286003004,40386.162286003004,uncertain,uncertain_review_required,insufficient_evidence,0.4,{},,,
frp:sentinel_frp_combined:gulf_flaring__5354c465-ecde-4b9a-8a42-b93f56560577.zip:2539,development,1993-09-07 18:00:17.202959+00:00,38.73617890220055,56.80354685658483,frp:sentinel_frp_combined,2.553254160669808,293.79,0.3866332770798327,0.0,0.0,0.0,43,43,43,43,122667.24283489474,122667.24283489474,uncertain,uncertain_review_required,insufficient_evidence,0.4,{},,,
frp:central_africa_wildfire:central_africa_wildfire__127ffed6-bb4b-43b2-a61c-acb9bc1d13e3.zip:275,development,1993-06-07 20:52:12.980230+00:00,-15.9229959597983,27.22975793125147,frp:central_africa_wildfire,8.96173627544583,289.97,1.842133906356871,0.0,0.0,0.0,5,5,5,5,356574.79013382725,356574.79013382725,uncertain,uncertain_review_required,insufficient_evidence,0.4,{},,,
frp:siberia_wildfire:siberia_wildfire__7b9d0178-7a9b-4f6d-84f2-e2ad5d35ae5d.zip:1126,development,1993-06-07 13:29:03.592159+00:00,65.46627383471355,114.38677771120116,frp:siberia_wildfire,1.4214572435171189,277.92,7.624193726554189,0.0,0.0,0.0,29,29,29,29,296096.1813164112,296096.1813164112,uncertain,uncertain_review_required,insufficient_evidence,0.4,{},,,
frp:sentinel_frp_combined:gulf_flaring__5e582e3c-6d99-4d34-8298-72ea8ec7e6f3.zip:3129,development,1993-09-06 18:24:23.492105+00:00,31.27519192103773,48.71943387699525,frp:sentinel_frp_combined,3.7083339344526425,304.66,2.1279205326413253,0.0,0.0,0.0,5,5,5,5,5995.947764023522,5995.947764023522,uncertain,uncertain_review_required,insufficient_evidence,0.4,{},,,
frp:firms_viirs_snpp_nrt_india:firms_viirs_snpp_nrt_india.csv:549,development,2026-09-01 20:25:00+00:00,8.53409,80.74403,frp:firms_viirs_snpp_nrt_india,2.89,308.51,0.0,,,,14,14,14,14,195374.86749101774,195374.86749101774,uncertain,uncertain_review_required,insufficient_evidence,0.4,{},,,
frp:sentinel_frp_combined:siberia_wildfire__e868eda1-2872-460a-9018-a302eff3e322.zip:4486,development,1993-06-07 15:09:45.038131+00:00,63.75192983904185,83.36447578952493,frp:sentinel_frp_combined,2.213453750370319,285.46000000000004,0.6547972969164731,0.0,0.0,0.0,12,12,12,12,122443.12913310583,122443.12913310583,uncertain,uncertain_review_required,insufficient_evidence,0.4,{},,,
frp:amazon_basin:amazon_basin__abb5665d-9dc6-422b-ab36-0e683ba688a3.zip:222,development,1993-07-07 13:49:27.408103+00:00,-17.8786689548607,-61.116917845694616,frp:amazon_basin,8.469373819651082,320.53000000000003,1.1344467134742555,1.0,10.0,0.0,2,2,2,2,327688.34040983446,327688.34040983446,uncertain,uncertain_review_required,insufficient_evidence,0.4,{},,,
frp:sentinel_frp_combined:central_africa_wildfire__127ffed6-bb4b-43b2-a61c-acb9bc1d13e3.zip:807,development,1993-06-07 20:54:00.100023+00:00,-8.30006097904436,21.64858394534258,frp:sentinel_frp_combined,4.15174100240442,292.39000000000004,4.238083310467347,0.0,4.0,0.0,10,10,10,10,931862.4988921339,931862.4988921339,uncertain,uncertain_review_required,insufficient_evidence,0.4,{},,,
frp:central_africa_wildfire:central_africa_wildfire__91d9ed43-4cf6-47d5-bb87-1a1f26dd72d3.zip:774,development,1993-06-07 21:35:54.726727+00:00,1.6366489958678585,9.88812697503488,frp:central_africa_wildfire,2.906437684754449,291.71000000000004,0.5850671716803177,0.0,0.0,0.0,11,11,11,11,54932.93420090864,54932.93420090864,uncertain,uncertain_review_required,insufficient_evidence,0.4,{},,,
frp:sentinel_frp_combined:siberia_wildfire__7b9d0178-7a9b-4f6d-84f2-e2ad5d35ae5d.zip:4164,development,1993-06-07 13:28:43.540669+00:00,62.01366084343056,104.23122473684144,frp:sentinel_frp_combined,0.8584582067088036,284.34000000000003,1.022841406438219,0.0,0.0,0.0,1,1,1,1,230883.27574094615,230883.27574094615,uncertain,uncertain_review_required,insufficient_evidence,0.4,{},,,
frp:firms_viirs_snpp_nrt_india:firms_viirs_snpp_nrt_india.csv:56,development,2026-08-31 08:07:00+00:00,8.3721,80.43393,frp:firms_viirs_snpp_nrt_india,6.87,336.87,0.0,,,,0,0,0,0,165616.53158091428,165616.53158091428,uncertain,uncertain_review_required,insufficient_evidence,0.4,{},,,
frp:firms_viirs_noaa20_nrt_india:firms_viirs_noaa20_nrt_india.csv:771,development,2026-09-01 20:40:00+00:00,26.87395,73.51712,frp:firms_viirs_noaa20_nrt_india,2.78,307.3,0.0,,,,2,2,2,2,226712.3289630481,226712.3289630481,uncertain,uncertain_review_required,insufficient_evidence,0.4,{},,,
frp:siberia_wildfire:siberia_wildfire__e868eda1-2872-460a-9018-a302eff3e322.zip:1307,development,1993-06-07 15:09:45.927872+00:00,64.2407098378078,85.71844778358172,frp:siberia_wildfire,0.6464405252475394,288.48,0.2001096782572458,0.0,0.0,0.0,2,2,2,2,201740.40508253165,201740.40508253165,uncertain,uncertain_review_required,insufficient_evidence,0.4,{},,,
frp:gulf_flaring:gulf_flaring__52eed999-1e44-4f89-ac1c-4ed0972245e4.zip:738,development,1993-09-05 17:49:09.835698+00:00,33.7636799147549,59.13811585069061,frp:gulf_flaring,1.6893837851349942,287.51,3.3687199494162425,0.0,0.0,0.0,5,5,5,5,338200.66161203315,338200.66161203315,uncertain,uncertain_review_required,insufficient_evidence,0.4,{},,,
frp:sentinel_frp_combined:gulf_flaring__249f7eaa-a006-4cd8-bf84-2e9a2f5a5565.zip:2239,development,1993-09-06 07:08:42.014806+00:00,36.45880690795036,50.75203987186342,frp:sentinel_frp_combined,9.534880567842484,319.66,1.346396639385391,1.0,0.0,0.0,2,2,2,2,89619.09555216484,89619.09555216484,uncertain,uncertain_review_required,insufficient_evidence,0.4,{},,,
frp:sentinel_frp_combined:gulf_flaring__5e582e3c-6d99-4d34-8298-72ea8ec7e6f3.zip:3090,development,1993-09-06 18:24:22.003808+00:00,30.756798922346547,47.30555488056496,frp:sentinel_frp_combined,4.955800985102439,299.99,5.613135133641971,0.0,0.0,0.0,13,13,13,13,2206.570425678973,2206.570425678973,uncertain,uncertain_review_required,insufficient_evidence,0.4,{},,,
frp:sentinel_frp_combined:siberia_wildfire__e868eda1-2872-460a-9018-a302eff3e322.zip:4510,development,1993-06-07 15:09:43.856804+00:00,62.368570842534496,79.53587279919122,frp:sentinel_frp_combined,1.9367661300974668,295.36,1.526745456952297,0.0,0.0,0.0,3,3,3,3,8651.58048487795,8651.58048487795,uncertain,uncertain_review_required,insufficient_evidence,0.4,{},,,
frp:gulf_flaring:gulf_flaring__5354c465-ecde-4b9a-8a42-b93f56560577.zip:839,development,1993-09-07 18:00:16.302825+00:00,38.68182090233779,56.83058985651655,frp:gulf_flaring,7.637999581585051,296.03000000000003,1.0496907601069974,0.0,0.0,0.0,28,28,28,28,125749.67435776365,125749.67435776365,uncertain,uncertain_review_required,insufficient_evidence,0.4,{},,,
frp:sentinel_frp_combined:central_africa_wildfire__0beec313-bad6-4801-9725-7642c0f06960.zip:268,development,1993-06-07 21:35:31.607148+00:00,-1.0705569972971034,13.69769696541664,frp:sentinel_frp_combined,4.260902053750733,289.03000000000003,1.2201117626078013,0.0,0.0,0.0,13,13,13,13,383715.4484303057,383715.4484303057,uncertain,uncertain_review_required,insufficient_evidence,0.4,{},,,
frp:firms_viirs_snpp_nrt_india:firms_viirs_snpp_nrt_india.csv:419,development,2026-09-01 07:50:00+00:00,10.38719,79.27933,frp:firms_viirs_snpp_nrt_india,11.34,343.55,0.0,,,,0,0,0,0,47456.27431053683,47456.27431053683,uncertain,uncertain_review_required,insufficient_evidence,0.4,{},,,
frp:central_africa_wildfire:central_africa_wildfire__91d9ed43-4cf6-47d5-bb87-1a1f26dd72d3.zip:790,development,1993-06-07 21:35:55.026795+00:00,1.649470995835486,9.871602975076598,frp:central_africa_wildfire,2.3207665025203394,291.07,0.502787932542152,0.0,0.0,0.0,42,42,42,42,53654.92584971865,53654.92584971865,uncertain,uncertain_review_required,insufficient_evidence,0.4,{},,,
frp:firms_viirs_snpp_nrt_india:firms_viirs_snpp_nrt_india.csv:494,development,2026-09-01 20:23:00+00:00,10.99278,79.23927,frp:firms_viirs_snpp_nrt_india,2.33,318.53,0.0,,,,1,1,1,1,21303.91286242162,21303.91286242162,uncertain,uncertain_review_required,insufficient_evidence,0.4,{},,,
frp:central_africa_wildfire:central_africa_wildfire__0beec313-bad6-4801-9725-7642c0f06960.zip:43,development,1993-06-07 21:35:32.507025+00:00,-1.0217949974202156,13.710603965384053,frp:central_africa_wildfire,5.688711717325416,291.61,1.267467477181074,0.0,0.0,0.0,33,33,33,33,385221.07801269606,385221.07801269606,uncertain,uncertain_review_required,insufficient_evidence,0.4,{},,,
frp:firms_viirs_noaa20_nrt_india:firms_viirs_noaa20_nrt_india.csv:147,development,2026-08-31 08:28:00+00:00,8.74155,77.75618,frp:firms_viirs_noaa20_nrt_india,6.5,337.88,0.0,,,,0,0,0,0,202044.54071132347,202044.54071132347,uncertain,uncertain_review_required,insufficient_evidence,0.4,{},,,
frp:siberia_wildfire:siberia_wildfire__4fff0f3b-bc89-4baf-8c7b-4b33aad77faa.zip:324,development,1993-06-07 16:08:44.269075+00:00,52.60594786718275,71.6135368191932,frp:siberia_wildfire,3.526834122694054,291.75,6.240673320344367,0.0,0.0,0.0,35,35,35,35,296707.73871940945,296707.73871940945,uncertain,uncertain_review_required,insufficient_evidence,0.4,{},,,
frp:siberia_wildfire:siberia_wildfire__4fff0f3b-bc89-4baf-8c7b-4b33aad77faa.zip:780,development,1993-06-07 16:10:23.224519+00:00,60.07810284831737,76.00052780811711,frp:siberia_wildfire,2.33443029562022,292.8,17.915470223286,0.0,0.0,0.0,8,8,8,8,29083.98734530701,29083.98734530701,uncertain,uncertain_review_required,insufficient_evidence,0.4,{},,,
frp:firms_viirs_snpp_nrt_india:firms_viirs_snpp_nrt_india.csv:604,development,2026-09-02 07:29:00+00:00,7.33017,81.13794,frp:firms_viirs_snpp_nrt_india,2.69,330.77,0.0,,,,2,2,2,2,136703.50786961432,136703.50786961432,uncertain,uncertain_review_required,insufficient_evidence,0.4,{},,,
frp:sentinel_frp_combined:central_africa_wildfire__127ffed6-bb4b-43b2-a61c-acb9bc1d13e3.zip:936,development,1993-06-07 20:54:17.244285+00:00,-7.759091980410176,16.21925395905032,frp:sentinel_frp_combined,3.063159847136717,289.58000000000004,0.4449686985938266,0.0,0.0,0.0,53,53,53,53,426840.03092805354,426840.03092805354,uncertain,uncertain_review_required,insufficient_evidence,0.4,{},,,
frp:firms_viirs_noaa20_nrt_india:firms_viirs_noaa20_nrt_india.csv:241,development,2026-08-31 19:23:00+00:00,4.04145,97.39152,frp:firms_viirs_noaa20_nrt_india,1.57,313.23,0.0,,,,2,2,2,2,102575.6857397623,102575.6857397623,uncertain,uncertain_review_required,insufficient_evidence,0.4,{},,,
frp:china_industrial:china_industrial__0d7ba0c0-c144-44dc-bad0-007997140ad8.zip:38,development,1993-09-07 14:33:43.484542+00:00,21.262639946316995,105.32068273409084,frp:china_industrial,3.178671264406109,295.41,1.1176735708322114,0.0,0.0,0.0,73,73,73,73,217037.53122989117,217037.53122989117,uncertain,uncertain_review_required,insufficient_evidence,0.4,{},,,
frp:firms_viirs_noaa20_nrt_india:firms_viirs_noaa20_nrt_india.csv:72,development,2026-08-31 08:28:00+00:00,8.36317,81.05014,frp:firms_viirs_noaa20_nrt_india,3.85,337.35,0.0,,,,3,3,3,3,197167.99593037346,197167.99593037346,uncertain,uncertain_review_required,insufficient_evidence,0.4,{},,,
frp:sentinel_frp_combined:amazon_basin__abb5665d-9dc6-422b-ab36-0e683ba688a3.zip:169,development,1993-07-07 13:49:08.502368+00:00,-16.471664958413044,-61.5497168446019,frp:sentinel_frp_combined,12.598739502035087,322.88,1.94080768325726,1.0,0.0,0.0,5,5,5,5,275025.6602115831,275025.6602115831,uncertain,uncertain_review_required,insufficient_evidence,0.4,{},,,
frp:sentinel_frp_combined:gulf_flaring__5e582e3c-6d99-4d34-8298-72ea8ec7e6f3.zip:3045,development,1993-09-06 18:24:16.302546+00:00,30.480948923043,47.58363187986288,frp:sentinel_frp_combined,1.2634218753697366,302.29,6.036043809725231,0.0,0.0,0.0,17,17,17,17,1825.739722085253,1825.739722085253,uncertain,uncertain_review_required,insufficient_evidence,0.4,{},,,
frp:sentinel_frp_combined:gulf_flaring__5e582e3c-6d99-4d34-8298-72ea8ec7e6f3.zip:2922,development,1993-09-06 18:23:10.298326+00:00,26.86376393217552,49.441688875171735,frp:sentinel_frp_combined,2.168990757340296,301.46000000000004,1.3954098568016031,0.0,0.0,0.0,3,3,3,3,9319.70405772139,9319.70405772139,uncertain,uncertain_review_required,insufficient_evidence,0.4,{},,,
frp:sentinel_frp_combined:china_industrial__0d7ba0c0-c144-44dc-bad0-007997140ad8.zip:1159,development,1993-09-07 14:34:27.837508+00:00,25.21129093634761,110.07510772208708,frp:sentinel_frp_combined,1.5072045280427568,284.79,0.6836017072317501,0.0,0.0,1.0,6,6,6,6,414147.24510349863,414147.24510349863,uncertain,uncertain_review_required,insufficient_evidence,0.4,{},,,
frp:central_africa_wildfire:central_africa_wildfire__127ffed6-bb4b-43b2-a61c-acb9bc1d13e3.zip:706,development,1993-06-07 20:54:15.438326+00:00,-7.61078298078462,16.8791669573842,frp:central_africa_wildfire,1.197782499512046,293.5,18.646481022762305,0.0,0.0,0.0,5,5,5,5,496509.8625187303,496509.8625187303,uncertain,uncertain_review_required,insufficient_evidence,0.4,{},,,
frp:sentinel_frp_combined:central_africa_wildfire__91d9ed43-4cf6-47d5-bb87-1a1f26dd72d3.zip:1008,development,1993-06-07 21:35:53.227371+00:00,1.570384996035159,9.81570797521772,frp:sentinel_frp_combined,3.759347382973881,291.05,0.816458043882085,0.0,0.0,0.0,8,8,8,8,45244.61137139276,45244.61137139276,uncertain,uncertain_review_required,insufficient_evidence,0.4,{},,,
frp:firms_viirs_snpp_nrt_india:firms_viirs_snpp_nrt_india.csv:133,development,2026-08-31 08:09:00+00:00,11.99381,79.54753,frp:firms_viirs_snpp_nrt_india,8.02,350.08,0.0,,,,0,0,0,0,130608.32819473458,130608.32819473458,uncertain,uncertain_review_required,insufficient_evidence,0.4,{},,,
frp:sentinel_frp_combined:siberia_wildfire__4fff0f3b-bc89-4baf-8c7b-4b33aad77faa.zip:3650,development,1993-06-07 16:09:22.954280+00:00,55.76077285921758,72.51389081692002,frp:sentinel_frp_combined,6.343957699484557,291.64000000000004,8.382268765810332,0.0,0.0,0.0,1,1,1,1,89439.37172299747,89439.37172299747,uncertain,uncertain_review_required,insufficient_evidence,0.4,{},,,
frp:central_africa_wildfire:central_africa_wildfire__127ffed6-bb4b-43b2-a61c-acb9bc1d13e3.zip:555,development,1993-06-07 20:54:00.399928+00:00,-8.275320979106823,21.65145194533534,frp:central_africa_wildfire,4.469190775674964,291.15000000000003,7.140657792120086,0.0,4.0,0.0,18,18,18,18,933187.4316739372,933187.4316739372,uncertain,uncertain_review_required,insufficient_evidence,0.4,{},,,
frp:siberia_wildfire:siberia_wildfire__4fff0f3b-bc89-4baf-8c7b-4b33aad77faa.zip:759,development,1993-06-07 16:10:00.717431+00:00,58.76626285162945,78.57823280160903,frp:siberia_wildfire,1.362992703758363,290.82,6.668244171597422,0.0,0.0,0.0,14,14,14,14,7573.562270256151,7573.562270256151,uncertain,uncertain_review_required,insufficient_evidence,0.4,{},,,
frp:firms_viirs_noaa20_nrt_india:firms_viirs_noaa20_nrt_india.csv:367,development,2026-09-01 08:07:00+00:00,6.89542,81.50428,frp:firms_viirs_noaa20_nrt_india,2.58,336.51,0.0,,,,1,1,1,1,171003.12888863948,171003.12888863948,uncertain,uncertain_review_required,insufficient_evidence,0.4,{},,,
frp:firms_viirs_noaa20_nrt_india:firms_viirs_noaa20_nrt_india.csv:266,development,2026-08-31 20:57:00+00:00,30.18642,74.48694,frp:firms_viirs_noaa20_nrt_india,2.35,311.31,0.0,,,,0,0,0,0,54282.00291765868,54282.00291765868,uncertain,uncertain_review_required,insufficient_evidence,0.4,{},,,
frp:siberia_wildfire:siberia_wildfire__4fff0f3b-bc89-4baf-8c7b-4b33aad77faa.zip:753,development,1993-06-07 16:10:00.117788+00:00,58.74352485168686,78.50823380178576,frp:siberia_wildfire,1.2088064044729077,290.99,11.426580346861464,0.0,0.0,0.0,3,3,3,3,4137.652116124278,4137.652116124278,uncertain,uncertain_review_required,insufficient_evidence,0.4,{},,,
frp:firms_viirs_noaa20_nrt_india:firms_viirs_noaa20_nrt_india.csv:137,development,2026-08-31 08:28:00+00:00,8.67149,80.91069,frp:firms_viirs_noaa20_nrt_india,3.57,330.54,0.0,,,,1,1,1,1,217424.98951239954,217424.98951239954,uncertain,uncertain_review_required,insufficient_evidence,0.4,{},,,
frp:gulf_flaring:gulf_flaring__5c707fc0-3bc2-403e-a422-43b891010fe9.zip:1034,development,1993-09-07 17:58:37.067276+00:00,30.48555992303136,50.41717587270887,frp:gulf_flaring,2.538690455922144,302.49,2.689531387714581,0.0,0.0,0.0,17,17,17,17,3243.5953715171477,3243.5953715171477,uncertain,uncertain_review_required,insufficient_evidence,0.4,{},,,
frp:sentinel_frp_combined:central_africa_wildfire__127ffed6-bb4b-43b2-a61c-acb9bc1d13e3.zip:476,development,1993-06-07 20:53:46.308365+00:00,-8.949888977403702,20.80557394747097,frp:sentinel_frp_combined,23.353691341072235,312.25,2.805920919317437,0.0,0.0,0.0,2,2,2,2,946731.095827531,946731.095827531,uncertain,uncertain_review_required,insufficient_evidence,0.4,{},,,
frp:sentinel_frp_combined:siberia_wildfire__4fff0f3b-bc89-4baf-8c7b-4b33aad77faa.zip:3619,development,1993-06-07 16:08:57.122138+00:00,55.09419386090053,79.71868479872967,frp:sentinel_frp_combined,1.088478256707016,287.64000000000004,5.045063359115637,0.0,0.0,0.0,9,9,9,9,193697.3555832124,193697.3555832124,uncertain,uncertain_review_required,insufficient_evidence,0.4,{},,,
frp:sentinel_frp_combined:siberia_wildfire__4fff0f3b-bc89-4baf-8c7b-4b33aad77faa.zip:3683,development,1993-06-07 16:09:25.358177+00:00,55.63643285953151,71.73155781889523,frp:sentinel_frp_combined,1.496575397936719,294.68,0.4856676731158972,0.0,18.0,0.0,28,28,28,28,115687.75335090622,115687.75335090622,uncertain,uncertain_review_required,insufficient_evidence,0.4,{},,,
frp:firms_viirs_snpp_nrt_india:firms_viirs_snpp_nrt_india.csv:716,development,2026-09-02 07:29:00+00:00,9.43506,80.38796,frp:firms_viirs_snpp_nrt_india,3.54,330.6,0.0,,,,36,36,36,36,170049.5298158853,170049.5298158853,uncertain,uncertain_review_required,insufficient_evidence,0.4,{},,,
frp:siberia_wildfire:siberia_wildfire__4fff0f3b-bc89-4baf-8c7b-4b33aad77faa.zip:225,development,1993-06-07 16:09:56.222955+00:00,58.52762885223194,77.45038580445657,frp:siberia_wildfire,442.5800232573272,312.65000000000003,52.63852650427022,0.0,0.0,0.0,27,27,27,27,35095.63264218783,35095.63264218783,uncertain,uncertain_review_required,insufficient_evidence,0.4,{},,,
frp:gulf_flaring:gulf_flaring__5354c465-ecde-4b9a-8a42-b93f56560577.zip:805,development,1993-09-07 17:59:37.947392+00:00,35.51249191033958,51.50260886996841,frp:gulf_flaring,5.139843610342488,291.96000000000004,17.689376584882883,0.0,1.0,0.0,4,4,4,4,33520.59003357035,33520.59003357035,uncertain,uncertain_review_required,insufficient_evidence,0.4,{},,,
frp:china_industrial:china_industrial__0d7ba0c0-c144-44dc-bad0-007997140ad8.zip:8,development,1993-09-07 14:33:42.884640+00:00,21.2215639464207,105.32091073409026,frp:china_industrial,3.830673347532677,297.22,1.0847780319397091,0.0,0.0,0.0,18,18,18,18,212573.18192590977,212573.18192590977,uncertain,uncertain_review_required,insufficient_evidence,0.4,{},,,
frp:firms_viirs_noaa20_nrt_india:firms_viirs_noaa20_nrt_india.csv:375,development,2026-09-01 08:07:00+00:00,7.10039,81.44698,frp:firms_viirs_noaa20_nrt_india,5.12,339.18,0.0,,,,3,3,3,3,165232.77420559738,165232.77420559738,uncertain,uncertain_review_required,insufficient_evidence,0.4,{},,,
frp:sentinel_frp_combined:central_africa_wildfire__127ffed6-bb4b-43b2-a61c-acb9bc1d13e3.zip:867,development,1993-06-07 20:54:20.788642+00:00,-7.497002981071887,22.914248942147083,frp:sentinel_frp_combined,2.839456636631356,289.24,12.98985743246537,0.0,0.0,0.0,26,26,26,26,882092.6108454532,882092.6108454532,uncertain,uncertain_review_required,insufficient_evidence,0.4,{},,,
frp:siberia_wildfire:siberia_wildfire__4fff0f3b-bc89-4baf-8c7b-4b33aad77faa.zip:415,development,1993-06-07 16:08:51.719697+00:00,54.76536386173075,80.41793679696423,frp:siberia_wildfire,0.8453020137672016,284.68,4.611485939765806,0.0,71.0,0.0,37,37,37,37,244107.55441425607,244107.55441425607,uncertain,uncertain_review_required,insufficient_evidence,0.4,{},,,
frp:sentinel_frp_combined:central_africa_wildfire__127ffed6-bb4b-43b2-a61c-acb9bc1d13e3.zip:506,development,1993-06-07 20:54:33.379386+00:00,-7.354149981432556,24.27070893872235,frp:sentinel_frp_combined,10.90668227403246,295.87,1.4775300212446922,0.0,0.0,0.0,2,2,2,2,795516.1756261267,795516.1756261267,uncertain,uncertain_review_required,insufficient_evidence,0.4,{},,,
frp:siberia_wildfire:siberia_wildfire__4fff0f3b-bc89-4baf-8c7b-4b33aad77faa.zip:142,development,1993-06-07 16:09:55.618202+00:00,58.48542085233851,78.57583380161509,frp:siberia_wildfire,6.055385884752754,294.40000000000003,1.9306578369363263,0.0,0.0,0.0,20,20,20,20,18145.697166802325,18145.697166802325,uncertain,uncertain_review_required,insufficient_evidence,0.4,{},,,
frp:siberia_wildfire:siberia_wildfire__7b9d0178-7a9b-4f6d-84f2-e2ad5d35ae5d.zip:988,development,1993-06-07 13:28:40.235686+00:00,62.321029842654525,105.3984107338946,frp:siberia_wildfire,0.8627894721997048,282.37,0.3279506063912394,0.0,0.0,0.0,1,1,1,1,182544.26346936997,182544.26346936997,uncertain,uncertain_review_required,insufficient_evidence,0.4,{},,,
frp:sentinel_frp_combined:siberia_wildfire__4fff0f3b-bc89-4baf-8c7b-4b33aad77faa.zip:3864,development,1993-06-07 16:09:55.321666+00:00,58.47593485236246,77.7803088036236,frp:sentinel_frp_combined,1.3777584840406707,293.17,0.4826580203014595,0.0,0.0,0.0,0,0,0,0,15612.519931419913,15612.519931419913,uncertain,uncertain_review_required,insufficient_evidence,0.4,{},,,
frp:central_africa_wildfire:central_africa_wildfire__a217ed2a-2ad1-4c8a-8cb1-bedc4329bf7a.zip:809,development,1993-06-07 21:32:02.223652+00:00,-12.74362496782544,15.300966961368772,frp:central_africa_wildfire,4.007992149110039,291.6,2.4253233492404926,0.0,0.0,0.0,6,6,6,6,646591.9450184519,646591.9450184519,uncertain,uncertain_review_required,insufficient_evidence,0.4,{},,,
frp:gulf_flaring:gulf_flaring__5354c465-ecde-4b9a-8a42-b93f56560577.zip:831,development,1993-09-07 18:00:16.002839+00:00,38.66412090238248,56.83478985650595,frp:gulf_flaring,5.834599573255631,295.55,0.8165393879508273,0.0,0.0,0.0,12,12,12,12,127056.24711425489,127056.24711425489,uncertain,uncertain_review_required,insufficient_evidence,0.4,{},,,
frp:central_africa_wildfire:central_africa_wildfire__0beec313-bad6-4801-9725-7642c0f06960.zip:62,development,1993-06-07 21:35:26.813716+00:00,-0.7817889980261725,12.52173396838566,frp:central_africa_wildfire,3.084005112368549,289.25,0.9141639422983772,0.0,0.0,0.0,30,30,30,30,255284.65210543902,255284.65210543902,uncertain,uncertain_review_required,insufficient_evidence,0.4,{},,,
frp:firms_viirs_noaa20_nrt_india:firms_viirs_noaa20_nrt_india.csv:642,development,2026-09-01 08:09:00+00:00,10.67378,79.27847,frp:firms_viirs_noaa20_nrt_india,3.46,337.66,0.0,,,,0,0,0,0,15802.927979621905,15802.927979621905,uncertain,uncertain_review_required,insufficient_evidence,0.4,{},,,
frp:sentinel_frp_combined:siberia_wildfire__4fff0f3b-bc89-4baf-8c7b-4b33aad77faa.zip:3964,development,1993-06-07 16:10:31.916876+00:00,60.58093784704784,77.50598080431621,frp:sentinel_frp_combined,2.4192106579055497,295.57,1.6985194208348406,0.0,0.0,0.0,5,5,5,5,26058.683612141118,26058.683612141118,uncertain,uncertain_review_required,insufficient_evidence,0.4,{},,,
frp:china_industrial:china_industrial__0d7ba0c0-c144-44dc-bad0-007997140ad8.zip:125,development,1993-09-07 14:34:29.036890+00:00,25.275301936186,110.1469857219056,frp:china_industrial,6.206375831355962,295.99,0.8942977967775656,0.0,0.0,1.0,50,50,50,50,419592.2179377923,419592.2179377923,uncertain,uncertain_review_required,insufficient_evidence,0.4,{},,,
frp:sentinel_frp_combined:siberia_wildfire__4fff0f3b-bc89-4baf-8c7b-4b33aad77faa.zip:3729,development,1993-06-07 16:09:55.604376+00:00,58.127743853241554,82.11357079268316,frp:sentinel_frp_combined,2.3667275713803284,281.51,0.7583059499350746,0.0,18.0,0.0,43,43,43,43,154749.0006789825,154749.0006789825,uncertain,uncertain_review_required,insufficient_evidence,0.4,{},,,
frp:gulf_flaring:gulf_flaring__249f7eaa-a006-4cd8-bf84-2e9a2f5a5565.zip:649,development,1993-09-06 07:10:17.100388+00:00,31.104382921468986,47.63973187972124,frp:gulf_flaring,6.456297147391775,335.17,1.466709852684464,1.0,3.0,0.0,8,8,8,8,2813.499865939331,2813.499865939331,uncertain,uncertain_review_required,insufficient_evidence,0.4,{},,,
frp:firms_viirs_noaa20_nrt_india:firms_viirs_noaa20_nrt_india.csv:944,development,2026-09-02 07:50:00+00:00,9.83309,78.53201,frp:firms_viirs_noaa20_nrt_india,3.08,334.38,0.0,,,,0,0,0,0,138067.78321674856,138067.78321674856,uncertain,uncertain_review_required,insufficient_evidence,0.4,{},,,
frp:firms_viirs_noaa20_nrt_india:firms_viirs_noaa20_nrt_india.csv:359,development,2026-09-01 08:07:00+00:00,6.80409,81.40726,frp:firms_viirs_noaa20_nrt_india,2.19,335.87,0.0,,,,0,0,0,0,161092.72867268615,161092.72867268615,uncertain,uncertain_review_required,insufficient_evidence,0.4,{},,,
frp:china_industrial:china_industrial__0d7ba0c0-c144-44dc-bad0-007997140ad8.zip:255,development,1993-09-07 14:34:03.584645+00:00,22.383884943486123,104.9087787351308,frp:china_industrial,3.475886261266007,297.52000000000004,1.6029650392641086,0.0,0.0,0.0,0,0,0,0,348255.91166610055,348255.91166610055,uncertain,uncertain_review_required,insufficient_evidence,0.4,{},,,
frp:sentinel_frp_combined:gulf_flaring__5354c465-ecde-4b9a-8a42-b93f56560577.zip:2478,development,1993-09-07 18:00:16.003003+00:00,38.66551190237897,56.82136585653984,frp:sentinel_frp_combined,6.099014195172777,291.44,1.0604357947144978,0.0,0.0,0.0,19,19,19,19,127663.1433431597,127663.1433431597,uncertain,uncertain_review_required,insufficient_evidence,0.4,{},,,
frp:central_africa_wildfire:central_africa_wildfire__127ffed6-bb4b-43b2-a61c-acb9bc1d13e3.zip:306,development,1993-06-07 20:51:46.650204+00:00,-16.672296957906497,18.13365095421693,frp:central_africa_wildfire,1.0437299115720442,287.65000000000003,0.5266639911943137,0.0,0.0,0.0,10,10,10,10,1179028.2718061174,1179028.2718061174,uncertain,uncertain_review_required,insufficient_evidence,0.4,{},,,
frp:sentinel_frp_combined:gulf_flaring__06ea85e3-0e01-4c85-b788-ed0287e7ac6d.zip:1801,development,1993-09-06 19:01:58.542408+00:00,25.848239934739468,38.302257903296095,frp:sentinel_frp_combined,4.694001477945321,301.26,9.681874078089283,0.0,72.0,0.0,0,0,0,0,164371.20753054353,164371.20753054353,uncertain,uncertain_review_required,insufficient_evidence,0.4,{},,,
frp:firms_viirs_snpp_nrt_india:firms_viirs_snpp_nrt_india.csv:650,development,2026-09-02 07:29:00+00:00,8.34616,81.03253,frp:firms_viirs_snpp_nrt_india,2.38,332.66,0.0,,,,12,12,12,12,194486.69988663215,194486.69988663215,uncertain,uncertain_review_required,insufficient_evidence,0.4,{},,,
frp:siberia_wildfire:siberia_wildfire__4fff0f3b-bc89-4baf-8c7b-4b33aad77faa.zip:732,development,1993-06-07 16:09:56.819723+00:00,58.54807185218033,78.17974680261511,frp:siberia_wildfire,4.420736837895058,289.47,17.74647238053407,0.0,0.0,0.0,15,15,15,15,10496.318268123594,10496.318268123594,uncertain,uncertain_review_required,insufficient_evidence,0.4,{},,,
frp:gulf_flaring:gulf_flaring__5e582e3c-6d99-4d34-8298-72ea8ec7e6f3.zip:1303,development,1993-09-06 18:23:55.864860+00:00,29.71899892496674,52.92430286637898,frp:gulf_flaring,0.9627382430851444,290.64000000000004,11.500613070557554,0.0,0.0,0.0,0,0,0,0,25129.5906265271,25129.5906265271,uncertain,uncertain_review_required,insufficient_evidence,0.4,{},,,
frp:sentinel_frp_combined:gulf_flaring__06ea85e3-0e01-4c85-b788-ed0287e7ac6d.zip:1657,development,1993-09-06 19:02:21.051492+00:00,26.499648933094814,36.736792907248514,frp:sentinel_frp_combined,10.65428185393348,303.49,9.566020677442683,0.0,108.0,0.0,20,20,20,20,260911.71406763844,260911.71406763844,uncertain,uncertain_review_required,insufficient_evidence,0.4,{},,,
frp:siberia_wildfire:siberia_wildfire__4fff0f3b-bc89-4baf-8c7b-4b33aad77faa.zip:602,development,1993-06-07 16:09:51.120756+00:00,58.23958385295919,78.14251280270912,frp:siberia_wildfire,2.807376028497663,286.76,5.934201402618273,0.0,0.0,0.0,2,2,2,2,22514.671049516746,22514.671049516746,uncertain,uncertain_review_required,insufficient_evidence,0.4,{},,,
frp:firms_viirs_noaa20_nrt_india:firms_viirs_noaa20_nrt_india.csv:655,development,2026-09-01 08:09:00+00:00,11.47595,79.2412,frp:firms_viirs_noaa20_nrt_india,3.37,333.51,0.0,,,,2,2,2,2,74053.82744654831,74053.82744654831,uncertain,uncertain_review_required,insufficient_evidence,0.4,{},,,
frp:gulf_flaring:gulf_flaring__5e582e3c-6d99-4d34-8298-72ea8ec7e6f3.zip:1306,development,1993-09-06 18:23:56.164940+00:00,29.730106924938696,52.90765586642101,frp:gulf_flaring,5.519405133614627,290.40000000000003,17.965051815367666,0.0,0.0,0.0,11,11,11,11,23134.27205343015,23134.27205343015,uncertain,uncertain_review_required,insufficient_evidence,0.4,{},,,
frp:sentinel_frp_combined:siberia_wildfire__4fff0f3b-bc89-4baf-8c7b-4b33aad77faa.zip:3422,development,1993-06-07 16:09:56.522777+00:00,58.54516585218767,77.47952980438299,frp:sentinel_frp_combined,407.0233454664467,313.06,48.941844973680105,0.0,0.0,0.0,56,56,56,56,33755.93926937395,33755.93926937395,uncertain,uncertain_review_required,insufficient_evidence,0.4,{},,,
frp:china_industrial:china_industrial__0d7ba0c0-c144-44dc-bad0-007997140ad8.zip:153,development,1993-09-07 14:34:34.747466+00:00,25.624043935305508,108.6628857256526,frp:china_industrial,2.7978901159014664,290.27000000000004,1.5100400402099508,0.0,0.0,0.0,39,39,39,39,454951.0816585257,454951.0816585257,uncertain,uncertain_review_required,insufficient_evidence,0.4,{},,,
frp:sentinel_frp_combined:siberia_wildfire__4fff0f3b-bc89-4baf-8c7b-4b33aad77faa.zip:3380,development,1993-06-07 16:09:55.621500+00:00,58.50178685229719,77.80250180356757,frp:sentinel_frp_combined,59.25497850368749,312.39000000000004,6.364826987023379,0.0,42.0,0.0,9,9,9,9,14445.64040942439,14445.64040942439,uncertain,uncertain_review_required,insufficient_evidence,0.4,{},,,
frp:sentinel_frp_combined:siberia_wildfire__4fff0f3b-bc89-4baf-8c7b-4b33aad77faa.zip:3607,development,1993-06-07 16:08:52.621653+00:00,54.84601286152713,79.96334079811197,frp:sentinel_frp_combined,1.6004472606040012,287.11,1.4459583195598402,0.0,0.0,0.0,6,6,6,6,224838.18711403498,224838.18711403498,uncertain,uncertain_review_required,insufficient_evidence,0.4,{},,,
frp:firms_viirs_noaa20_nrt_india:firms_viirs_noaa20_nrt_india.csv:626,development,2026-09-01 08:07:00+00:00,9.42517,80.41243,frp:firms_viirs_noaa20_nrt_india,3.37,348.9,0.0,,,,30,30,30,30,172127.38968463422,172127.38968463422,uncertain,uncertain_review_required,insufficient_evidence,0.4,{},,,
frp:sentinel_frp_combined:china_industrial__0d7ba0c0-c144-44dc-bad0-007997140ad8.zip:1084,development,1993-09-07 14:33:42.884653+00:00,21.231282946396163,105.3198647340929,frp:sentinel_frp_combined,3.9148466547455296,298.5,0.976329494529533,0.0,0.0,0.0,25,25,25,25,213651.49078572966,213651.49078572966,uncertain,uncertain_review_required,insufficient_evidence,0.4,{},,,
frp:siberia_wildfire:siberia_wildfire__4fff0f3b-bc89-4baf-8c7b-4b33aad77faa.zip:708,development,1993-06-07 16:09:56.221224+00:00,58.527209852233,77.84881280345064,frp:siberia_wildfire,7.49193497838108,307.92,0.8055196614629758,0.0,0.0,0.0,47,47,47,47,12592.569085742867,12592.569085742867,uncertain,uncertain_review_required,insufficient_evidence,0.4,{},,,
frp:sentinel_frp_combined:china_industrial__c1cd4b46-50c7-4dc6-b61f-79dd085a5792.zip:1498,development,1993-09-07 13:36:33.585349+00:00,39.668721899846105,118.90355669979738,frp:sentinel_frp_combined,2.00934148860996,300.89000000000004,0.3101000322298917,0.0,0.0,0.0,3,3,3,3,67218.31984898035,67218.31984898035,uncertain,uncertain_review_required,insufficient_evidence,0.4,{},,,
frp:sentinel_frp_combined:gulf_flaring__249f7eaa-a006-4cd8-bf84-2e9a2f5a5565.zip:2224,development,1993-09-06 07:08:41.715380+00:00,36.47715690790403,50.84202387163623,frp:sentinel_frp_combined,7.544713334811742,316.47,1.2221332489551566,1.0,0.0,0.0,19,19,19,19,90296.49938931747,90296.49938931747,uncertain,uncertain_review_required,insufficient_evidence,0.4,{},,,
frp:siberia_wildfire:siberia_wildfire__4fff0f3b-bc89-4baf-8c7b-4b33aad77faa.zip:605,development,1993-06-07 16:09:51.420824+00:00,58.24838385293697,78.12186980276124,frp:siberia_wildfire,1.0878626278025585,287.35,0.9649151417641064,0.0,0.0,0.0,13,13,13,13,23207.068166985722,23207.068166985722,uncertain,uncertain_review_required,insufficient_evidence,0.4,{},,,
frp:china_industrial:china_industrial__c1cd4b46-50c7-4dc6-b61f-79dd085a5792.zip:413,development,1993-09-07 13:35:06.294240+00:00,34.41585791310831,119.84302669742544,frp:china_industrial,6.088823147595113,310.11,0.7060444075318911,0.0,0.0,0.0,7,7,7,7,245288.06057068676,245288.06057068676,uncertain,uncertain_review_required,insufficient_evidence,0.4,{},,,
frp:china_industrial:china_industrial__0d7ba0c0-c144-44dc-bad0-007997140ad8.zip:93,development,1993-09-07 14:34:28.137166+00:00,25.233841936290677,110.12256772196724,frp:china_industrial,1.723370762000547,288.90000000000003,0.4073157854629474,0.0,0.0,1.0,6,6,6,6,415577.43308528134,415577.43308528134,uncertain,uncertain_review_required,insufficient_evidence,0.4,{},,,
frp:central_africa_wildfire:central_africa_wildfire__127ffed6-bb4b-43b2-a61c-acb9bc1d13e3.zip:393,development,1993-06-07 20:53:51.993659+00:00,-9.005075977264369,22.71295894265529,frp:central_africa_wildfire,1.6152943791592271,287.27000000000004,0.6291410244264273,0.0,0.0,0.0,17,17,17,17,791056.1446709139,791056.1446709139,uncertain,uncertain_review_required,insufficient_evidence,0.4,{},,,
frp:sentinel_frp_combined:china_industrial__4af2f910-78e7-4124-ab1d-03549a936323.zip:1368,development,1993-09-07 14:36:51.856444+00:00,33.42481291561046,104.79270573542384,frp:sentinel_frp_combined,1.4062627435614397,272.27000000000004,2.1708627045064404,0.0,0.0,0.0,10,10,10,10,243710.92244392575,243710.92244392575,uncertain,uncertain_review_required,insufficient_evidence,0.4,{},,,
frp:firms_viirs_snpp_nrt_india:firms_viirs_snpp_nrt_india.csv:424,development,2026-09-01 07:50:00+00:00,10.77378,78.65028,frp:firms_viirs_snpp_nrt_india,5.62,335.4,0.0,,,,2,2,2,2,71866.0531687407,71866.0531687407,uncertain,uncertain_review_required,insufficient_evidence,0.4,{},,,
frp:sentinel_frp_combined:central_africa_wildfire__127ffed6-bb4b-43b2-a61c-acb9bc1d13e3.zip:421,development,1993-06-07 20:52:08.255366+00:00,-15.712350960330127,17.18574295661017,frp:sentinel_frp_combined,0.7953740595037079,293.77000000000004,0.0915650242768414,0.0,0.0,0.0,3,3,3,3,1034095.6332945632,1034095.6332945632,uncertain,uncertain_review_required,insufficient_evidence,0.4,{},,,
frp:china_industrial:china_industrial__7ec3e6ea-d3da-4f48-9cb5-4105fb7e4a8b.zip:345,development,1993-09-07 12:56:07.339043+00:00,34.49801691290088,133.67784966249587,frp:china_industrial,2.557828164732557,297.13,17.53806781292856,0.0,0.0,0.0,36,36,36,36,178346.82533155388,178346.82533155388,uncertain,uncertain_review_required,insufficient_evidence,0.4,{},,,
frp:sentinel_frp_combined:amazon_basin__1ca56dcb-14de-42ad-a977-68e3c0936a88.zip:6,development,1993-07-07 14:27:09.457710+00:00,-13.690069965435896,-65.00059083588928,frp:sentinel_frp_combined,7.900941728919904,316.16,1.7861841857578231,1.0,0.0,0.0,3,3,3,3,382769.05689789547,382769.05689789547,uncertain,uncertain_review_required,insufficient_evidence,0.4,{},,,
frp:firms_viirs_noaa20_nrt_india:firms_viirs_noaa20_nrt_india.csv:139,development,2026-08-31 08:28:00+00:00,8.67534,80.90561,frp:firms_viirs_noaa20_nrt_india,5.1,346.08,0.0,,,,2,2,2,2,217530.06796722714,217530.06796722714,uncertain,uncertain_review_required,insufficient_evidence,0.4,{},,,
frp:sentinel_frp_combined:gulf_flaring__07554d1c-45ab-471f-bda9-f460f68ae9e0.zip:2026,development,1993-09-07 18:36:27.958455+00:00,29.050401926654786,47.53884887997594,frp:sentinel_frp_combined,3.156138703966884,302.09000000000003,0.7685678177855737,0.0,0.0,0.0,9,9,9,9,2046.134933971519,2046.134933971519,uncertain,uncertain_review_required,insufficient_evidence,0.4,{},,,
frp:gulf_flaring:gulf_flaring__07554d1c-45ab-471f-bda9-f460f68ae9e0.zip:342,development,1993-09-07 18:35:15.655766+00:00,24.81718093734264,49.355925875388266,frp:gulf_flaring,2.1156941817854227,305.64000000000004,0.4581770366722142,0.0,0.0,0.0,26,26,26,26,2602.6522721752085,2602.6522721752085,uncertain,uncertain_review_required,insufficient_evidence,0.4,{},,,
frp:central_africa_wildfire:central_africa_wildfire__127ffed6-bb4b-43b2-a61c-acb9bc1d13e3.zip:329,development,1993-06-07 20:52:00.435782+00:00,-15.351283961241734,19.49677695077537,frp:central_africa_wildfire,1.1287653210325777,286.11,0.5362728550004141,0.0,0.0,0.0,5,5,5,5,1022886.214295613,1022886.214295613,uncertain,uncertain_review_required,insufficient_evidence,0.4,{},,,
frp:siberia_wildfire:siberia_wildfire__7b9d0178-7a9b-4f6d-84f2-e2ad5d35ae5d.zip:1026,development,1993-06-07 13:28:42.937516+00:00,62.27872084276135,104.8583197352582,frp:siberia_wildfire,0.7947499297694011,283.57,1.9377150945122523,0.0,0.0,0.0,23,23,23,23,206667.23002306095,206667.23002306095,uncertain,uncertain_review_required,insufficient_evidence,0.4,{},,,
frp:central_africa_wildfire:central_africa_wildfire__127ffed6-bb4b-43b2-a61c-acb9bc1d13e3.zip:323,development,1993-06-07 20:52:04.353230+00:00,-15.814163960073074,17.491378955838513,frp:central_africa_wildfire,0.751136313076493,289.87,0.1540941602380503,0.0,0.0,0.0,9,9,9,9,1061567.3582378668,1061567.3582378668,uncertain,uncertain_review_required,insufficient_evidence,0.4,{},,,
frp:firms_viirs_noaa20_nrt_india:firms_viirs_noaa20_nrt_india.csv:644,development,2026-09-01 08:09:00+00:00,10.86964,79.29421,frp:firms_viirs_noaa20_nrt_india,3.41,338.56,0.0,,,,1,1,1,1,6439.781953116977,6439.781953116977,uncertain,uncertain_review_required,insufficient_evidence,0.4,{},,,
frp:amazon_basin:amazon_basin__1ca56dcb-14de-42ad-a977-68e3c0936a88.zip:53,development,1993-07-07 14:28:07.597927+00:00,-15.917758959811522,-72.5163188169139,frp:amazon_basin,8.2500565316299,316.02000000000004,1.6164501061075904,1.0,0.0,0.0,29,29,29,29,455290.5460779987,455290.5460779987,uncertain,uncertain_review_required,insufficient_evidence,0.4,{},,,
frp:firms_viirs_snpp_nrt_india:firms_viirs_snpp_nrt_india.csv:703,development,2026-09-02 07:29:00+00:00,8.6888,80.35437,frp:firms_viirs_snpp_nrt_india,3.92,340.54,0.0,,,,3,3,3,3,197185.04203166047,197185.04203166047,uncertain,uncertain_review_required,insufficient_evidence,0.4,{},,,
frp:firms_viirs_snpp_nrt_india:firms_viirs_snpp_nrt_india.csv:223,development,2026-09-01 07:48:00+00:00,6.35255,81.13854,frp:firms_viirs_snpp_nrt_india,3.16,342.55,0.0,,,,0,0,0,0,146984.6234519898,146984.6234519898,uncertain,uncertain_review_required,insufficient_evidence,0.4,{},,,
frp:gulf_flaring:gulf_flaring__249f7eaa-a006-4cd8-bf84-2e9a2f5a5565.zip:576,development,1993-09-06 07:08:41.415558+00:00,36.48393490788692,50.86729587157242,frp:gulf_flaring,3.3428940623851724,308.89000000000004,1.0160809062942582,1.0,0.0,0.0,7,7,7,7,90803.93112768348,90803.93112768348,uncertain,uncertain_review_required,insufficient_evidence,0.4,{},,,
frp:sentinel_frp_combined:china_industrial__0d7ba0c0-c144-44dc-bad0-007997140ad8.zip:1290,development,1993-09-07 14:36:10.710755+00:00,30.45190092311634,112.341488716365,frp:sentinel_frp_combined,5.736121074950512,293.65000000000003,1.3350174968322843,0.0,0.0,0.0,28,28,28,28,63956.11600319342,63956.11600319342,uncertain,uncertain_review_required,insufficient_evidence,0.4,{},,,
frp:sentinel_frp_combined:siberia_wildfire__7b9d0178-7a9b-4f6d-84f2-e2ad5d35ae5d.zip:4295,development,1993-06-07 13:29:02.992270+00:00,65.42401583482024,114.39128271118976,frp:sentinel_frp_combined,0.7173986324061604,278.72,0.5155325505195816,0.0,0.0,0.0,7,7,7,7,291479.92969577754,291479.92969577754,uncertain,uncertain_review_required,insufficient_evidence,0.4,{},,,
frp:central_africa_wildfire:central_africa_wildfire__91d9ed43-4cf6-47d5-bb87-1a1f26dd72d3.zip:776,development,1993-06-07 21:35:54.426906+00:00,1.6346159958729911,9.86417597509535,frp:central_africa_wildfire,1.4543194093525011,287.25,0.6425133072541359,0.0,0.0,0.0,16,16,16,16,52332.71460215231,52332.71460215231,uncertain,uncertain_review_required,insufficient_evidence,0.4,{},,,
frp:siberia_wildfire:siberia_wildfire__7b9d0178-7a9b-4f6d-84f2-e2ad5d35ae5d.zip:1056,development,1993-06-07 13:28:45.038804+00:00,62.26024484280799,104.49395373617811,frp:siberia_wildfire,0.4862203443169786,283.93,0.1850554570486605,0.0,0.0,0.0,7,7,7,7,223907.05994301688,223907.05994301688,uncertain,uncertain_review_required,insufficient_evidence,0.4,{},,,
frp:sentinel_frp_combined:siberia_wildfire__7b9d0178-7a9b-4f6d-84f2-e2ad5d35ae5d.zip:4239,development,1993-06-07 13:28:45.339116+00:00,62.24504284284637,104.41358973638104,frp:sentinel_frp_combined,1.9899370924201465,286.49,0.2823334200951464,0.0,0.0,0.0,23,23,23,23,227400.55607320453,227400.55607320453,uncertain,uncertain_review_required,insufficient_evidence,0.4,{},,,
frp:firms_viirs_snpp_nrt_india:firms_viirs_snpp_nrt_india.csv:215,development,2026-09-01 07:48:00+00:00,4.52446,95.86417,frp:firms_viirs_snpp_nrt_india,2.66,325.13,0.0,,,,0,0,0,0,154709.22522943222,154709.22522943222,uncertain,uncertain_review_required,insufficient_evidence,0.4,{},,,
frp:siberia_wildfire:siberia_wildfire__4fff0f3b-bc89-4baf-8c7b-4b33aad77faa.zip:257,development,1993-06-07 16:10:02.222736+00:00,58.88227985133653,77.26249980493094,frp:siberia_wildfire,49.89668709035831,312.44,7.025897248948711,0.0,10.0,0.0,4,4,4,4,24524.382657519804,24524.382657519804,uncertain,uncertain_review_required,insufficient_evidence,0.4,{},,,
frp:central_africa_wildfire:central_africa_wildfire__127ffed6-bb4b-43b2-a61c-acb9bc1d13e3.zip:544,development,1993-06-07 20:54:17.185164+00:00,-7.928419979982664,23.56721194049851,frp:central_africa_wildfire,2.7670302754597795,288.07,2.214739452714775,0.0,0.0,0.0,4,4,4,4,797398.1728220958,797398.1728220958,uncertain,uncertain_review_required,insufficient_evidence,0.4,{},,,
frp:gulf_flaring:gulf_flaring__5c707fc0-3bc2-403e-a422-43b891010fe9.zip:1025,development,1993-09-07 17:57:52.934855+00:00,30.080860924053127,55.3915808601497,frp:gulf_flaring,1.7137954799793182,299.34000000000003,0.2076392831960512,0.0,0.0,0.0,1,1,1,1,21330.83497779549,21330.83497779549,uncertain,uncertain_review_required,insufficient_evidence,0.4,{},,,
frp:gulf_flaring:gulf_flaring__07554d1c-45ab-471f-bda9-f460f68ae9e0.zip:196,development,1993-09-07 18:35:26.484871+00:00,24.78493293742406,45.62520688480743,frp:gulf_flaring,3.252099383544839,306.16,0.4903150142851452,0.0,0.0,0.0,1,1,1,1,20251.968106208675,20251.968106208675,uncertain,uncertain_review_required,insufficient_evidence,0.4,{},,,
frp:sentinel_frp_combined:central_africa_wildfire__127ffed6-bb4b-43b2-a61c-acb9bc1d13e3.zip:811,development,1993-06-07 20:54:00.400009+00:00,-8.273034979112595,21.640280945363543,frp:sentinel_frp_combined,3.573827732621398,290.70000000000005,7.1252795591213,0.0,4.0,0.0,19,19,19,19,934338.5014288633,934338.5014288633,uncertain,uncertain_review_required,insufficient_evidence,0.4,{},,,
frp:firms_viirs_snpp_nrt_india:firms_viirs_snpp_nrt_india.csv:326,development,2026-09-01 07:50:00+00:00,8.49946,80.82017,frp:firms_viirs_snpp_nrt_india,16.97,339.21,0.0,,,,8,8,8,8,195869.8968551281,195869.8968551281,uncertain,uncertain_review_required,insufficient_evidence,0.4,{},,,
frp:sentinel_frp_combined:siberia_wildfire__557fbf27-71ca-4b9d-8f46-75fa42ea7c15.zip:4116,development,1993-06-07 15:08:56.470785+00:00,58.54366385219146,79.94584479815614,frp:sentinel_frp_combined,1.2207785650983474,293.42,0.5846348359421546,0.0,0.0,0.0,6,6,6,6,25010.180378880963,25010.180378880963,uncertain,uncertain_review_required,insufficient_evidence,0.4,{},,,
frp:sentinel_frp_combined:siberia_wildfire__7b9d0178-7a9b-4f6d-84f2-e2ad5d35ae5d.zip:4140,development,1993-06-07 13:28:42.042860+00:00,61.70392584421256,103.92597173761214,frp:sentinel_frp_combined,0.8057173402510693,285.40000000000003,0.389042451851483,0.0,0.0,0.0,5,5,5,5,243857.58181048985,243857.58181048985,uncertain,uncertain_review_required,insufficient_evidence,0.4,{},,,
frp:firms_viirs_noaa20_nrt_india:firms_viirs_noaa20_nrt_india.csv:37,development,2026-08-31 08:28:00+00:00,8.00937,80.60907,frp:firms_viirs_noaa20_nrt_india,9.07,350.18,0.0,,,,1,1,1,1,137098.08636725292,137098.08636725292,uncertain,uncertain_review_required,insufficient_evidence,0.4,{},,,
frp:sentinel_frp_combined:central_africa_wildfire__127ffed6-bb4b-43b2-a61c-acb9bc1d13e3.zip:937,development,1993-06-07 20:54:17.244367+00:00,-7.76287298040063,16.21044895907255,frp:sentinel_frp_combined,2.5195461142084072,287.58000000000004,0.4014521587419012,0.0,0.0,0.0,48,48,48,48,425938.69758451614,425938.69758451614,uncertain,uncertain_review_required,insufficient_evidence,0.4,{},,,
frp:siberia_wildfire:siberia_wildfire__4fff0f3b-bc89-4baf-8c7b-4b33aad77faa.zip:791,development,1993-06-07 16:10:32.216862+00:00,60.5982228470042,77.49668880433967,frp:siberia_wildfire,0.9424269425617604,291.38,1.4575565649107525,0.0,0.0,0.0,20,20,20,20,24319.798621217004,24319.798621217004,uncertain,uncertain_review_required,insufficient_evidence,0.4,{},,,
frp:central_africa_wildfire:central_africa_wildfire__127ffed6-bb4b-43b2-a61c-acb9bc1d13e3.zip:290,development,1993-06-07 20:52:20.486044+00:00,-14.983501962170294,25.88188993465451,frp:central_africa_wildfire,9.29630454928778,291.05,1.3863461309211518,0.0,0.0,0.0,3,3,3,3,371411.6732629174,371411.6732629174,uncertain,uncertain_review_required,insufficient_evidence,0.4,{},,,
frp:siberia_wildfire:siberia_wildfire__4fff0f3b-bc89-4baf-8c7b-4b33aad77faa.zip:655,development,1993-06-07 16:09:56.217682+00:00,58.50676085228463,78.6843138013412,frp:siberia_wildfire,1.9387433276040549,298.45000000000005,0.4831531444665964,0.0,18.0,0.0,39,39,39,39,22844.552485625172,22844.552485625172,uncertain,uncertain_review_required,insufficient_evidence,0.4,{},,,
frp:sentinel_frp_combined:siberia_wildfire__7b9d0178-7a9b-4f6d-84f2-e2ad5d35ae5d.zip:4126,development,1993-06-07 13:28:42.037477+00:00,62.24506984284631,104.94161473504788,frp:sentinel_frp_combined,2.5237604765337784,289.28000000000003,0.3868621553560662,0.0,0.0,0.0,31,31,31,31,201358.981191018,201358.981191018,uncertain,uncertain_review_required,insufficient_evidence,0.4,{},,,
frp:sentinel_frp_combined:siberia_wildfire__4fff0f3b-bc89-4baf-8c7b-4b33aad77faa.zip:3925,development,1993-06-07 16:09:55.922969+00:00,58.519063852253566,77.45307780444978,frp:sentinel_frp_combined,7.921107421152691,299.45000000000005,2.95620611935564,0.0,0.0,0.0,9,9,9,9,34823.010242402015,34823.010242402015,uncertain,uncertain_review_required,insufficient_evidence,0.4,{},,,
frp:sentinel_frp_combined:gulf_flaring__5e582e3c-6d99-4d34-8298-72ea8ec7e6f3.zip:3006,development,1993-09-06 18:24:12.404805+00:00,30.162707923846483,47.39123388034864,frp:sentinel_frp_combined,2.059408530253551,304.76,2.910168510973591,0.0,0.0,0.0,7,7,7,7,2283.479223115808,2283.479223115808,uncertain,uncertain_review_required,insufficient_evidence,0.4,{},,,
frp:sentinel_frp_combined:siberia_wildfire__e868eda1-2872-460a-9018-a302eff3e322.zip:4587,development,1993-06-07 15:10:56.745112+00:00,66.97811783089651,76.53755480676125,frp:sentinel_frp_combined,3.0421625397862866,283.19,7.546201744636867,1.0,0.0,0.0,2,2,2,2,11566.080604255034,11566.080604255034,uncertain,uncertain_review_required,insufficient_evidence,0.4,{},,,
frp:siberia_wildfire:siberia_wildfire__4fff0f3b-bc89-4baf-8c7b-4b33aad77faa.zip:130,development,1993-06-07 16:09:56.516849+00:00,58.51548285226261,78.87494480085991,frp:siberia_wildfire,10.799025450103832,304.15000000000003,1.161521568221644,0.0,8.0,0.0,43,43,43,43,30623.739947014466,30623.739947014466,uncertain,uncertain_review_required,insufficient_evidence,0.4,{},,,
frp:firms_viirs_noaa20_nrt_india:firms_viirs_noaa20_nrt_india.csv:853,development,2026-09-02 07:50:00+00:00,6.85859,81.46371,frp:firms_viirs_noaa20_nrt_india,4.51,335.43,0.0,,,,6,6,6,6,166761.7465013264,166761.7465013264,uncertain,uncertain_review_required,insufficient_evidence,0.4,{},,,
frp:china_industrial:china_industrial__0d7ba0c0-c144-44dc-bad0-007997140ad8.zip:37,development,1993-09-07 14:33:43.184476+00:00,21.26852594630213,105.33005873406717,frp:china_industrial,2.538269351829704,296.71000000000004,0.7602594713769034,0.0,0.0,0.0,43,43,43,43,217471.47612113127,217471.47612113127,uncertain,uncertain_review_required,insufficient_evidence,0.4,{},,,
frp:firms_viirs_noaa20_nrt_india:firms_viirs_noaa20_nrt_india.csv:475,development,2026-09-01 08:07:00+00:00,8.30779,81.02135,frp:firms_viirs_noaa20_nrt_india,15.76,345.12,0.0,,,,3,3,3,3,190364.05754671825,190364.05754671825,uncertain,uncertain_review_required,insufficient_evidence,0.4,{},,,
frp:firms_viirs_noaa20_nrt_india:firms_viirs_noaa20_nrt_india.csv:126,development,2026-08-31 08:28:00+00:00,8.62401,80.50606,frp:firms_viirs_noaa20_nrt_india,4.22,331.19,0.0,,,,2,2,2,2,194700.6869302191,194700.6869302191,uncertain,uncertain_review_required,insufficient_evidence,0.4,{},,,
frp:gulf_flaring:gulf_flaring__5354c465-ecde-4b9a-8a42-b93f56560577.zip:900,development,1993-09-07 18:01:06.144711+00:00,40.61427689745881,49.60337887476351,frp:gulf_flaring,3.2003493033819286,286.39000000000004,1.43997149913473,0.0,0.0,4.0,0,0,0,0,34783.46066663956,34783.46066663956,uncertain,uncertain_review_required,insufficient_evidence,0.4,{},,,
frp:sentinel_frp_combined:central_africa_wildfire__127ffed6-bb4b-43b2-a61c-acb9bc1d13e3.zip:537,development,1993-06-07 20:51:40.648714+00:00,-16.947614957211385,18.40453295353302,frp:sentinel_frp_combined,3.0672558441343054,285.49,7.452554501292621,0.0,0.0,0.0,13,13,13,13,1186028.4456715013,1186028.4456715013,uncertain,uncertain_review_required,insufficient_evidence,0.4,{},,,
frp:sentinel_frp_combined:siberia_wildfire__4fff0f3b-bc89-4baf-8c7b-4b33aad77faa.zip:3512,development,1993-06-07 16:08:44.569061+00:00,52.62290386713994,71.60306581921964,frp:sentinel_frp_combined,2.300931799632192,292.74,16.768304728901068,0.0,0.0,0.0,35,35,35,35,295204.0174895256,295204.0174895256,uncertain,uncertain_review_required,insufficient_evidence,0.4,{},,,
frp:siberia_wildfire:siberia_wildfire__7b9d0178-7a9b-4f6d-84f2-e2ad5d35ae5d.zip:1108,development,1993-06-07 13:28:57.891284+00:00,65.15220583550649,114.95565770976486,frp:siberia_wildfire,0.8250105165135561,279.12,1.985266062254908,0.0,0.0,0.0,13,13,13,13,267411.84069659276,267411.84069659276,uncertain,uncertain_review_required,insufficient_evidence,0.4,{},,,
frp:sentinel_frp_combined:china_industrial__0d7ba0c0-c144-44dc-bad0-007997140ad8.zip:1111,development,1993-09-07 14:33:43.184313+00:00,21.28024394627255,105.34877573401992,frp:sentinel_frp_combined,3.071534037714552,296.49,0.943483909561398,0.0,0.0,0.0,26,26,26,26,218350.68269649858,218350.68269649858,uncertain,uncertain_review_required,insufficient_evidence,0.4,{},,,
frp:siberia_wildfire:siberia_wildfire__4fff0f3b-bc89-4baf-8c7b-4b33aad77faa.zip:507,development,1993-06-07 16:09:22.345262+00:00,56.152698858228064,74.19344181267957,frp:siberia_wildfire,1.7529309518663303,292.78000000000003,0.7336815612974961,0.0,0.0,0.0,3,3,3,3,131651.80938547567,131651.80938547567,uncertain,uncertain_review_required,insufficient_evidence,0.4,{},,,
frp:sentinel_frp_combined:gulf_flaring__5c707fc0-3bc2-403e-a422-43b891010fe9.zip:2670,development,1993-09-07 17:57:51.723278+00:00,30.238116923656094,56.87234185641114,frp:sentinel_frp_combined,1.1993887869833642,291.95000000000005,1.605270971536107,0.0,0.0,0.0,4,4,4,4,163574.7195719896,163574.7195719896,uncertain,uncertain_review_required,insufficient_evidence,0.4,{},,,
frp:gulf_flaring:gulf_flaring__5c707fc0-3bc2-403e-a422-43b891010fe9.zip:940,development,1993-09-07 17:55:23.839477+00:00,21.31413894618697,57.73888485422333,frp:gulf_flaring,2.415175898841833,304.0,0.2614655931912758,0.0,0.0,0.0,4,4,4,4,4565.210771001652,4565.210771001652,uncertain,uncertain_review_required,insufficient_evidence,0.4,{},,,
frp:firms_viirs_noaa20_nrt_india:firms_viirs_noaa20_nrt_india.csv:320,development,2026-09-01 06:33:00+00:00,29.66644,90.99794,frp:firms_viirs_noaa20_nrt_india,8.21,333.86,0.0,,,,1,1,1,1,352540.07431790425,352540.07431790425,uncertain,uncertain_review_required,insufficient_evidence,0.4,{},,,
frp:sentinel_frp_combined:siberia_wildfire__4fff0f3b-bc89-4baf-8c7b-4b33aad77faa.zip:3873,development,1993-06-07 16:09:55.920994+00:00,58.51812285225594,77.90834880330033,frp:sentinel_frp_combined,3.74309288160464,300.57,0.4680949347865289,0.0,0.0,0.0,47,47,47,47,9023.873672380974,9023.873672380974,uncertain,uncertain_review_required,insufficient_evidence,0.4,{},,,
frp:sentinel_frp_combined:central_africa_wildfire__0beec313-bad6-4801-9725-7642c0f06960.zip:285,development,1993-06-07 21:35:32.207039+00:00,-1.0440849973639388,13.707227965392576,frp:sentinel_frp_combined,5.59106280533843,291.40000000000003,1.2679470378372402,0.0,0.0,0.0,36,36,36,36,384804.00005190604,384804.00005190604,uncertain,uncertain_review_required,insufficient_evidence,0.4,{},,,
frp:sentinel_frp_combined:china_industrial__0d7ba0c0-c144-44dc-bad0-007997140ad8.zip:1334,development,1993-09-07 14:34:04.184874+00:00,22.40088994344319,104.87092873522636,frp:sentinel_frp_combined,4.393690386482069,295.63,3.4746506998497786,0.0,0.0,0.0,31,31,31,31,351101.28636920505,351101.28636920505,uncertain,uncertain_review_required,insufficient_evidence,0.4,{},,,
frp:central_africa_wildfire:central_africa_wildfire__127ffed6-bb4b-43b2-a61c-acb9bc1d13e3.zip:543,development,1993-06-07 20:54:16.885097+00:00,-7.933711979969303,23.58146994046251,frp:central_africa_wildfire,3.820278039128561,288.83000000000004,7.24401337508469,0.0,0.0,0.0,2,2,2,2,795883.2001623296,795883.2001623296,uncertain,uncertain_review_required,insufficient_evidence,0.4,{},,,
frp:sentinel_frp_combined:central_africa_wildfire__0beec313-bad6-4801-9725-7642c0f06960.zip:291,development,1993-06-07 21:35:32.207039+00:00,-1.0306489973978614,13.69695596541851,frp:sentinel_frp_combined,5.852801906580135,291.40000000000003,1.3273178590907102,0.0,0.0,0.0,35,35,35,35,383685.46434460714,383685.46434460714,uncertain,uncertain_review_required,insufficient_evidence,0.4,{},,,
frp:gulf_flaring:gulf_flaring__5354c465-ecde-4b9a-8a42-b93f56560577.zip:812,development,1993-09-07 18:00:16.360836+00:00,36.57515090765662,48.78408587683202,frp:gulf_flaring,0.8312707892014666,288.37,0.4327143549474316,0.0,0.0,0.0,15,15,15,15,219932.1905188432,219932.1905188432,uncertain,uncertain_review_required,insufficient_evidence,0.4,{},,,
frp:firms_viirs_snpp_nrt_india:firms_viirs_snpp_nrt_india.csv:352,development,2026-09-01 07:50:00+00:00,8.62578,80.64729,frp:firms_viirs_snpp_nrt_india,9.51,337.07,0.0,,,,3,3,3,3,200268.0394664329,200268.0394664329,uncertain,uncertain_review_required,insufficient_evidence,0.4,{},,,
frp:siberia_wildfire:siberia_wildfire__557fbf27-71ca-4b9d-8f46-75fa42ea7c15.zip:836,development,1993-06-07 15:08:12.036233+00:00,58.80316485153628,88.79495877581428,frp:siberia_wildfire,15.619690520929298,312.27000000000004,1.7518750568683843,0.0,248.0,0.0,3,3,3,3,280254.6527214223,280254.6527214223,uncertain,uncertain_review_required,insufficient_evidence,0.4,{},,,
frp:firms_viirs_snpp_nrt_india:firms_viirs_snpp_nrt_india.csv:425,development,2026-09-01 07:50:00+00:00,10.86091,79.81236,frp:firms_viirs_snpp_nrt_india,0.93,332.03,0.0,,,,0,0,0,0,4532.655498658884,4532.655498658884,uncertain,uncertain_review_required,insufficient_evidence,0.4,{},,,
frp:gulf_flaring:gulf_flaring__07554d1c-45ab-471f-bda9-f460f68ae9e0.zip:247,development,1993-09-07 18:36:58.539527+00:00,30.72389892242961,49.55185887489358,frp:gulf_flaring,1.7650395623016948,309.35,0.1929942049012201,0.0,0.0,0.0,7,7,7,7,2074.568179270759,2074.568179270759,uncertain,uncertain_review_required,insufficient_evidence,0.4,{},,,
frp:firms_viirs_noaa20_nrt_india:firms_viirs_noaa20_nrt_india.csv:685,development,2026-09-01 08:09:00+00:00,13.15988,79.22352,frp:firms_viirs_noaa20_nrt_india,4.52,338.59,0.0,,,,0,0,0,0,114861.19419292285,114861.19419292285,uncertain,uncertain_review_required,insufficient_evidence,0.4,{},,,
frp:firms_viirs_snpp_nrt_india:firms_viirs_snpp_nrt_india.csv:534,development,2026-09-01 20:25:00+00:00,6.97389,81.591,frp:firms_viirs_snpp_nrt_india,2.66,329.61,0.0,,,,6,6,6,6,180417.16970187268,180417.16970187268,uncertain,uncertain_review_required,insufficient_evidence,0.4,{},,,
frp:sentinel_frp_combined:gulf_flaring__5354c465-ecde-4b9a-8a42-b93f56560577.zip:2508,development,1993-09-07 18:00:16.602893+00:00,38.70860490227017,56.82167285653907,frp:sentinel_frp_combined,4.934971615308005,288.87,1.0617786203405073,0.0,0.0,0.0,32,32,32,32,123951.07181546063,123951.07181546063,uncertain,uncertain_review_required,insufficient_evidence,0.4,{},,,
frp:sentinel_frp_combined:gulf_flaring__06ea85e3-0e01-4c85-b788-ed0287e7ac6d.zip:1803,development,1993-09-06 19:01:58.542491+00:00,25.85350693472617,38.29096290332461,frp:sentinel_frp_combined,6.366328260199575,302.75,7.220595019928001,0.0,72.0,0.0,4,4,4,4,165554.65526143194,165554.65526143194,uncertain,uncertain_review_required,insufficient_evidence,0.4,{},,,
frp:sentinel_frp_combined:gulf_flaring__5e582e3c-6d99-4d34-8298-72ea8ec7e6f3.zip:3056,development,1993-09-06 18:24:16.896906+00:00,30.747337922370438,48.26003687815512,frp:sentinel_frp_combined,1.9436798074225643,300.22,7.990730226478463,0.0,0.0,0.0,5,5,5,5,1965.9769468861628,1965.9769468861628,uncertain,uncertain_review_required,insufficient_evidence,0.4,{},,,
frp:siberia_wildfire:siberia_wildfire__4fff0f3b-bc89-4baf-8c7b-4b33aad77faa.zip:807,development,1993-06-07 16:10:51.713759+00:00,61.68969884424848,77.52023280428023,frp:siberia_wildfire,1.3613473315661695,289.37,0.9665599917050396,0.0,0.0,0.0,3,3,3,3,7009.588133894481,7009.588133894481,uncertain,uncertain_review_required,insufficient_evidence,0.4,{},,,
frp:sentinel_frp_combined:central_africa_wildfire__127ffed6-bb4b-43b2-a61c-acb9bc1d13e3.zip:597,development,1993-06-07 20:52:12.437645+00:00,-14.70452996287463,19.07768495183348,frp:sentinel_frp_combined,1.3797477500665594,282.37,2.597017182356814,0.0,0.0,0.0,19,19,19,19,1053147.4126547356,1053147.4126547356,uncertain,uncertain_review_required,insufficient_evidence,0.4,{},,,
frp:amazon_basin:amazon_basin__abb5665d-9dc6-422b-ab36-0e683ba688a3.zip:176,development,1993-07-07 13:49:35.253177+00:00,-18.39251795356336,-55.491989859896194,frp:amazon_basin,8.474926709287228,316.04,2.5701902453800414,1.0,0.0,0.0,3,3,3,3,909126.3675260473,909126.3675260473,uncertain,uncertain_review_required,insufficient_evidence,0.4,{},,,
frp:sentinel_frp_combined:siberia_wildfire__7b9d0178-7a9b-4f6d-84f2-e2ad5d35ae5d.zip:4213,development,1993-06-07 13:28:43.238400+00:00,62.21920284291161,104.68418473569784,frp:sentinel_frp_combined,0.9767077194349226,285.54,0.4613662808482057,0.0,0.0,0.0,6,6,6,6,213148.18848119274,213148.18848119274,uncertain,uncertain_review_required,insufficient_evidence,0.4,{},,,
frp:china_industrial:china_industrial__7ec3e6ea-d3da-4f48-9cb5-4105fb7e4a8b.zip:337,development,1993-09-07 12:56:07.039058+00:00,34.480377912945414,133.6821996624849,frp:china_industrial,2.957428446137773,297.71000000000004,24.503633909485284,0.0,0.0,0.0,25,25,25,25,178190.80400392658,178190.80400392658,uncertain,uncertain_review_required,insufficient_evidence,0.4,{},,,
frp:sentinel_frp_combined:central_africa_wildfire__127ffed6-bb4b-43b2-a61c-acb9bc1d13e3.zip:665,development,1993-06-07 20:53:52.293822+00:00,-8.98046297732651,22.68423394272781,frp:sentinel_frp_combined,2.11175391930053,290.08000000000004,3.7124148598306985,0.0,0.0,0.0,46,46,46,46,795211.0938240774,795211.0938240774,uncertain,uncertain_review_required,insufficient_evidence,0.4,{},,,
frp:sentinel_frp_combined:gulf_flaring__249f7eaa-a006-4cd8-bf84-2e9a2f5a5565.zip:2290,development,1993-09-06 07:10:17.099979+00:00,31.11561992144061,47.58860887985031,frp:sentinel_frp_combined,4.459376387326324,333.28000000000003,1.3907216914049685,1.0,3.0,0.0,3,3,3,3,5223.619877667226,5223.619877667226,uncertain,uncertain_review_required,insufficient_evidence,0.4,{},,,
frp:firms_viirs_snpp_nrt_india:firms_viirs_snpp_nrt_india.csv:81,development,2026-08-31 08:07:00+00:00,8.57523,80.74078,frp:firms_viirs_snpp_nrt_india,0.92,334.55,0.0,,,,0,0,0,0,199326.46530637427,199326.46530637427,uncertain,uncertain_review_required,insufficient_evidence,0.4,{},,,
frp:china_industrial:china_industrial__0d7ba0c0-c144-44dc-bad0-007997140ad8.zip:55,development,1993-09-07 14:33:43.784541+00:00,21.290075946247725,105.31509773410494,frp:china_industrial,3.267805572754689,297.03000000000003,0.9448332928537918,0.0,0.0,0.0,56,56,56,56,220141.4434153891,220141.4434153891,uncertain,uncertain_review_required,insufficient_evidence,0.4,{},,,
frp:firms_viirs_noaa20_nrt_india:firms_viirs_noaa20_nrt_india.csv:826,development,2026-09-01 20:44:00+00:00,15.18178,76.66653,frp:firms_viirs_noaa20_nrt_india,5.15,330.83,0.0,,,,6,6,6,6,310954.2707658885,310954.2707658885,uncertain,uncertain_review_required,insufficient_evidence,0.4,{},,,
frp:sentinel_frp_combined:gulf_flaring__5e582e3c-6d99-4d34-8298-72ea8ec7e6f3.zip:3048,development,1993-09-06 18:24:16.602369+00:00,30.51480392295753,47.59652087983034,frp:sentinel_frp_combined,1.7265238912100924,302.07,2.02564419266073,0.0,0.0,0.0,25,25,25,25,1616.4856939948359,1616.4856939948359,uncertain,uncertain_review_required,insufficient_evidence,0.4,{},,,
frp:gulf_flaring:gulf_flaring__5c707fc0-3bc2-403e-a422-43b891010fe9.zip:945,development,1993-09-07 17:55:24.139709+00:00,21.325065946159384,57.706407854305326,frp:gulf_flaring,1.4352871530018565,296.99,6.300382230334884,0.0,0.0,0.0,7,7,7,7,7604.325399969657,7604.325399969657,uncertain,uncertain_review_required,insufficient_evidence,0.4,{},,,
frp:firms_viirs_noaa20_nrt_india:firms_viirs_noaa20_nrt_india.csv:116,development,2026-08-31 08:28:00+00:00,8.58205,80.97684,frp:firms_viirs_noaa20_nrt_india,6.9,336.89,0.0,,,,3,3,3,3,212543.3210647227,212543.3210647227,uncertain,uncertain_review_required,insufficient_evidence,0.4,{},,,
frp:sentinel_frp_combined:gulf_flaring__06ea85e3-0e01-4c85-b788-ed0287e7ac6d.zip:1653,development,1993-09-06 19:02:38.366776+00:00,26.87383893215008,48.88572187657542,frp:sentinel_frp_combined,2.848755258863079,309.52000000000004,0.3083552908881427,0.0,0.0,0.0,8,8,8,8,18347.47845976556,18347.47845976556,uncertain,uncertain_review_required,insufficient_evidence,0.4,{},,,
frp:sentinel_frp_combined:siberia_wildfire__4fff0f3b-bc89-4baf-8c7b-4b33aad77faa.zip:3389,development,1993-06-07 16:09:55.921403+00:00,58.51897985225378,77.81277880354162,frp:sentinel_frp_combined,1464.884944114735,313.52000000000004,166.3451544951917,0.0,52.0,0.0,22,22,22,22,14263.194310370634,14263.194310370634,uncertain,uncertain_review_required,insufficient_evidence,0.4,{},,,
frp:central_africa_wildfire:central_africa_wildfire__0beec313-bad6-4801-9725-7642c0f06960.zip:48,development,1993-06-07 21:35:31.607479+00:00,-1.036179997383897,13.627738965593268,frp:central_africa_wildfire,5.3486174643707125,291.99,1.155819811290766,0.0,0.0,0.0,24,24,24,24,375980.81333575863,375980.81333575863,uncertain,uncertain_review_required,insufficient_evidence,0.4,{},,,
frp:sentinel_frp_combined:siberia_wildfire__4fff0f3b-bc89-4baf-8c7b-4b33aad77faa.zip:3971,development,1993-06-07 16:10:32.216862+00:00,60.5982228470042,77.49668880433967,frp:sentinel_frp_combined,0.9424269425617604,291.38,1.4575565649107525,0.0,0.0,0.0,21,21,21,21,24319.798621217004,24319.798621217004,uncertain,uncertain_review_required,insufficient_evidence,0.4,{},,,
frp:firms_viirs_snpp_nrt_india:firms_viirs_snpp_nrt_india.csv:0,development,2026-08-31 06:25:00+00:00,4.46515,96.76031,frp:firms_viirs_snpp_nrt_india,3.78,330.77,0.0,,,,2,2,2,2,86441.70765908505,86441.70765908505,uncertain,uncertain_review_required,insufficient_evidence,0.4,{},,,
frp:firms_viirs_noaa20_nrt_india:firms_viirs_noaa20_nrt_india.csv:815,development,2026-09-01 20:44:00+00:00,12.03402,79.0584,frp:firms_viirs_noaa20_nrt_india,2.18,312.73,0.0,,,,1,1,1,1,138437.1786685474,138437.1786685474,uncertain,uncertain_review_required,insufficient_evidence,0.4,{},,,
frp:firms_viirs_snpp_nrt_india:firms_viirs_snpp_nrt_india.csv:569,development,2026-09-02 07:29:00+00:00,6.29037,80.85827,frp:firms_viirs_snpp_nrt_india,5.02,335.56,0.0,,,,0,0,0,0,124350.3329905601,124350.3329905601,uncertain,uncertain_review_required,insufficient_evidence,0.4,{},,,
frp:sentinel_frp_combined:siberia_wildfire__4fff0f3b-bc89-4baf-8c7b-4b33aad77faa.zip:3477,development,1993-06-07 16:08:39.163758+00:00,52.7611488667909,72.68772481648114,frp:sentinel_frp_combined,1.5821018809060747,292.53000000000003,1.2495818485737793,0.0,1.0,0.0,7,7,7,7,261415.84265947132,261415.84265947132,uncertain,uncertain_review_required,insufficient_evidence,0.4,{},,,
frp:siberia_wildfire:siberia_wildfire__557fbf27-71ca-4b9d-8f46-75fa42ea7c15.zip:891,development,1993-06-07 15:08:12.036315+00:00,58.80033685154342,88.77832077585629,frp:siberia_wildfire,12.429281509402635,308.73,1.4568232286953442,0.0,248.0,0.0,4,4,4,4,280338.1334743028,280338.1334743028,uncertain,uncertain_review_required,insufficient_evidence,0.4,{},,,
frp:siberia_wildfire:siberia_wildfire__4fff0f3b-bc89-4baf-8c7b-4b33aad77faa.zip:208,development,1993-06-07 16:09:56.221306+00:00,58.51883485225415,77.83187280349341,frp:siberia_wildfire,108.20297518741482,312.5,13.302495868391956,0.0,56.0,0.0,49,49,49,49,13196.811507371867,13196.811507371867,uncertain,uncertain_review_required,insufficient_evidence,0.4,{},,,
frp:sentinel_frp_combined:china_industrial__0d7ba0c0-c144-44dc-bad0-007997140ad8.zip:1231,development,1993-09-07 14:34:34.747548+00:00,25.63284793528328,108.66001272565984,frp:sentinel_frp_combined,4.541563585917172,293.89000000000004,1.1299939571740925,0.0,0.0,0.0,38,38,38,38,454124.46055773844,454124.46055773844,uncertain,uncertain_review_required,insufficient_evidence,0.4,{},,,
frp:firms_viirs_noaa20_nrt_india:firms_viirs_noaa20_nrt_india.csv:931,development,2026-09-02 07:50:00+00:00,9.06309,76.54379,frp:firms_viirs_noaa20_nrt_india,3.23,331.72,0.0,,,,0,0,0,0,101370.97046415806,101370.97046415806,uncertain,uncertain_review_required,insufficient_evidence,0.4,{},,,
frp:sentinel_frp_combined:siberia_wildfire__4fff0f3b-bc89-4baf-8c7b-4b33aad77faa.zip:3913,development,1993-06-07 16:09:56.519820+00:00,58.548484852179286,78.16035380266408,frp:sentinel_frp_combined,1.3675587545017314,290.06,14.701513640361082,0.0,0.0,0.0,10,10,10,10,9743.716880992453,9743.716880992453,uncertain,uncertain_review_required,insufficient_evidence,0.4,{},,,
frp:firms_viirs_noaa20_nrt_india:firms_viirs_noaa20_nrt_india.csv:673,development,2026-09-01 08:09:00+00:00,12.55405,79.97852,frp:firms_viirs_noaa20_nrt_india,6.11,336.83,0.0,,,,1,1,1,1,75091.65833126515,75091.65833126515,uncertain,uncertain_review_required,insufficient_evidence,0.4,{},,,
frp:central_africa_wildfire:central_africa_wildfire__127ffed6-bb4b-43b2-a61c-acb9bc1d13e3.zip:538,development,1993-06-07 20:53:44.822408+00:00,-9.034818977189277,19.163325951617253,frp:central_africa_wildfire,1.0838856053296668,288.04,1.7054717504764474,0.0,0.0,0.0,8,8,8,8,773029.323914349,773029.323914349,uncertain,uncertain_review_required,insufficient_evidence,0.4,{},,,
frp:firms_viirs_snpp_nrt_india:firms_viirs_snpp_nrt_india.csv:713,development,2026-09-02 07:29:00+00:00,9.43242,80.37336,frp:firms_viirs_snpp_nrt_india,6.5,341.55,0.0,,,,39,39,39,39,169697.65023000017,169697.65023000017,uncertain,uncertain_review_required,insufficient_evidence,0.4,{},,,
frp:siberia_wildfire:siberia_wildfire__4fff0f3b-bc89-4baf-8c7b-4b33aad77faa.zip:596,development,1993-06-07 16:09:42.732730+00:00,57.66363385441332,75.84140880851885,frp:siberia_wildfire,1.5045805281180926,294.6,2.6734966965000835,0.0,0.0,0.0,5,5,5,5,27352.81602444568,27352.81602444568,uncertain,uncertain_review_required,insufficient_evidence,0.4,{},,,
frp:gulf_flaring:gulf_flaring__5e582e3c-6d99-4d34-8298-72ea8ec7e6f3.zip:1527,development,1993-09-06 18:24:37.869190+00:00,32.2825489184944,51.48345287001678,frp:gulf_flaring,3.020113092453952,290.90000000000003,1.9145240674167487,0.0,0.0,0.0,28,28,28,28,174706.4475947134,174706.4475947134,uncertain,uncertain_review_required,insufficient_evidence,0.4,{},,,
frp:sentinel_frp_combined:china_industrial__0d7ba0c0-c144-44dc-bad0-007997140ad8.zip:1310,development,1993-09-07 14:36:10.411191+00:00,30.45479592310903,112.2644097165596,frp:sentinel_frp_combined,6.998344938549251,295.99,1.4067249397360306,0.0,0.0,0.0,38,38,38,38,63197.47075123272,63197.47075123272,uncertain,uncertain_review_required,insufficient_evidence,0.4,{},,,
frp:firms_viirs_noaa20_nrt_india:firms_viirs_noaa20_nrt_india.csv:643,development,2026-09-01 08:09:00+00:00,10.85916,79.8132,frp:firms_viirs_noaa20_nrt_india,1.98,333.86,0.0,,,,1,1,1,1,4521.648856039467,4521.648856039467,uncertain,uncertain_review_required,insufficient_evidence,0.4,{},,,
frp:sentinel_frp_combined:gulf_flaring__5e582e3c-6d99-4d34-8298-72ea8ec7e6f3.zip:2944,development,1993-09-06 18:23:38.801084+00:00,28.401661928292697,48.53003787747343,frp:sentinel_frp_combined,6.030458962963452,307.37,1.933899194678402,0.0,0.0,5.0,1,1,1,1,36737.94711794254,36737.94711794254,uncertain,uncertain_review_required,insufficient_evidence,0.4,{},,,
frp:gulf_flaring:gulf_flaring__249f7eaa-a006-4cd8-bf84-2e9a2f5a5565.zip:572,development,1993-09-06 07:08:41.115573+00:00,36.51076490781918,50.8757038715512,frp:gulf_flaring,6.065434662488687,313.88,1.1447021501997494,1.0,0.0,0.0,1,1,1,1,93708.95761469743,93708.95761469743,uncertain,uncertain_review_required,insufficient_evidence,0.4,{},,,
frp:sentinel_frp_combined:siberia_wildfire__4fff0f3b-bc89-4baf-8c7b-4b33aad77faa.zip:3709,development,1993-06-07 16:09:55.603708+00:00,58.10764985329229,82.28752279224398,frp:sentinel_frp_combined,7.165244750125327,312.46000000000004,0.7386176204548854,0.0,15.0,0.0,41,41,41,41,165196.974033281,165196.974033281,uncertain,uncertain_review_required,insufficient_evidence,0.4,{},,,
frp:china_industrial:china_industrial__c1cd4b46-50c7-4dc6-b61f-79dd085a5792.zip:550,development,1993-09-07 13:36:41.385238+00:00,40.11809889871154,118.719921700261,frp:china_industrial,1.0776707301424562,294.20000000000005,0.6024000090666881,0.0,0.0,0.0,9,9,9,9,119457.20369868429,119457.20369868429,uncertain,uncertain_review_required,insufficient_evidence,0.4,{},,,
frp:sentinel_frp_combined:central_africa_wildfire__127ffed6-bb4b-43b2-a61c-acb9bc1d13e3.zip:652,development,1993-06-07 20:53:51.993742+00:00,-9.001542977273289,22.700887942685767,frp:sentinel_frp_combined,2.241278707360841,292.03000000000003,0.7746722917395639,0.0,0.0,0.0,25,25,25,25,792366.7644078882,792366.7644078882,uncertain,uncertain_review_required,insufficient_evidence,0.4,{},,,
frp:sentinel_frp_combined:china_industrial__c1cd4b46-50c7-4dc6-b61f-79dd085a5792.zip:1529,development,1993-09-07 13:35:06.294320+00:00,34.40379491313877,119.83516669744527,frp:sentinel_frp_combined,1.8926521065595592,299.38,1.1735504609727665,0.0,0.0,0.0,9,9,9,9,244948.97368254527,244948.97368254527,uncertain,uncertain_review_required,insufficient_evidence,0.4,{},,,
frp:central_africa_wildfire:central_africa_wildfire__127ffed6-bb4b-43b2-a61c-acb9bc1d13e3.zip:346,development,1993-06-07 20:53:20.476900+00:00,-12.073965969516166,26.3739019334123,frp:central_africa_wildfire,17.79079881281107,286.46000000000004,106.12243834072706,0.0,0.0,0.0,3,3,3,3,272707.6242083673,272707.6242083673,uncertain,uncertain_review_required,insufficient_evidence,0.4,{},,,
frp:sentinel_frp_combined:siberia_wildfire__7b9d0178-7a9b-4f6d-84f2-e2ad5d35ae5d.zip:4182,development,1993-06-07 13:28:41.737328+00:00,62.23390784287449,104.99691773490828,frp:sentinel_frp_combined,2.0108742239190387,283.44,3.3916258130151093,0.0,0.0,0.0,27,27,27,27,198246.2245047396,198246.2245047396,uncertain,uncertain_review_required,insufficient_evidence,0.4,{},,,
frp:sentinel_frp_combined:central_africa_wildfire__0beec313-bad6-4801-9725-7642c0f06960.zip:350,development,1993-06-07 21:35:28.013579+00:00,-0.7114769982036933,12.52514896837704,frp:sentinel_frp_combined,2.161897748128625,290.34000000000003,0.5263665357087078,0.0,0.0,0.0,26,26,26,26,256826.17907790205,256826.17907790205,uncertain,uncertain_review_required,insufficient_evidence,0.4,{},,,
frp:central_africa_wildfire:central_africa_wildfire__127ffed6-bb4b-43b2-a61c-acb9bc1d13e3.zip:198,development,1993-06-07 20:53:37.312638+00:00,-9.44509797615342,20.439486948395256,frp:central_africa_wildfire,1.478455740267766,300.87,0.1718721230533134,0.0,0.0,0.0,1,1,1,1,920117.6648409992,920117.6648409992,uncertain,uncertain_review_required,insufficient_evidence,0.4,{},,,
frp:firms_viirs_snpp_nrt_india:firms_viirs_snpp_nrt_india.csv:470,development,2026-09-01 09:37:00+00:00,28.30759,67.8741,frp:firms_viirs_snpp_nrt_india,3.31,338.6,0.0,,,,0,0,0,0,81407.52633587219,81407.52633587219,uncertain,uncertain_review_required,insufficient_evidence,0.4,{},,,
frp:sentinel_frp_combined:china_industrial__c1cd4b46-50c7-4dc6-b61f-79dd085a5792.zip:1537,development,1993-09-07 13:35:20.395391+00:00,35.170011911204256,119.36239169863892,frp:sentinel_frp_combined,1.296695209966544,299.26,0.4512736548331968,0.0,0.0,1.0,7,7,7,7,193972.47996626003,193972.47996626003,uncertain,uncertain_review_required,insufficient_evidence,0.4,{},,,
frp:central_africa_wildfire:central_africa_wildfire__127ffed6-bb4b-43b2-a61c-acb9bc1d13e3.zip:674,development,1993-06-07 20:54:17.244612+00:00,-7.774292980371797,16.184205959138808,frp:central_africa_wildfire,3.0560186030330567,289.39000000000004,0.4473603308793657,0.0,0.0,0.0,42,42,42,42,423259.1349866778,423259.1349866778,uncertain,uncertain_review_required,insufficient_evidence,0.4,{},,,
frp:sentinel_frp_combined:amazon_basin__1ca56dcb-14de-42ad-a977-68e3c0936a88.zip:7,development,1993-07-07 14:27:09.457629+00:00,-13.692568965429588,-65.01220083585997,frp:sentinel_frp_combined,12.64108100463307,321.70000000000005,1.6829816036788658,1.0,0.0,0.0,0,0,0,0,382827.22034773265,382827.22034773265,uncertain,uncertain_review_required,insufficient_evidence,0.4,{},,,
frp:firms_viirs_snpp_nrt_india:firms_viirs_snpp_nrt_india.csv:181,development,2026-08-31 20:42:00+00:00,17.43479,74.96613,frp:firms_viirs_snpp_nrt_india,0.74,307.73,0.0,,,,0,0,0,0,267296.8297614838,267296.8297614838,uncertain,uncertain_review_required,insufficient_evidence,0.4,{},,,
frp:siberia_wildfire:siberia_wildfire__b8f339af-5277-4545-be45-00e778ba15bd.zip:1260,development,1993-06-07 14:28:53.424900+00:00,58.10599485329647,106.47278773118204,frp:siberia_wildfire,1.0134412074488437,279.75,0.508831694153968,0.0,0.0,0.0,4,4,4,4,3868.15692814695,3868.15692814695,uncertain,uncertain_review_required,insufficient_evidence,0.4,{},,,
frp:firms_viirs_snpp_nrt_india:firms_viirs_snpp_nrt_india.csv:203,development,2026-08-31 20:44:00+00:00,12.59783,77.8851,frp:firms_viirs_snpp_nrt_india,0.27,299.48,0.0,,,,0,0,0,0,251695.63208149822,251695.63208149822,uncertain,uncertain_review_required,insufficient_evidence,0.4,{},,,
frp:siberia_wildfire:siberia_wildfire__e868eda1-2872-460a-9018-a302eff3e322.zip:1312,development,1993-06-07 15:09:39.055073+00:00,62.29284284272569,80.18313879755704,frp:siberia_wildfire,0.8450280615565485,293.79,0.1910201273879698,0.0,0.0,0.0,1,1,1,1,10084.42235222421,10084.42235222421,uncertain,uncertain_review_required,insufficient_evidence,0.4,{},,,
frp:central_africa_wildfire:central_africa_wildfire__0beec313-bad6-4801-9725-7642c0f06960.zip:47,development,1993-06-07 21:35:31.907300+00:00,-1.035731997385028,13.65880596551483,frp:central_africa_wildfire,5.265970283841221,291.82,1.153412713565354,0.0,0.0,0.0,40,40,40,40,379435.09946766286,379435.09946766286,uncertain,uncertain_review_required,insufficient_evidence,0.4,{},,,
frp:sentinel_frp_combined:china_industrial__0d7ba0c0-c144-44dc-bad0-007997140ad8.zip:1160,development,1993-09-07 14:34:28.436988+00:00,25.24083393627302,110.1441267219128,frp:sentinel_frp_combined,1.613946667484043,292.40000000000003,0.2814164920275809,0.0,0.0,1.0,18,18,18,18,415895.02129009616,415895.02129009616,uncertain,uncertain_review_required,insufficient_evidence,0.4,{},,,
frp:gulf_flaring:gulf_flaring__5e582e3c-6d99-4d34-8298-72ea8ec7e6f3.zip:1508,development,1993-09-06 18:24:25.892424+00:00,31.405016920709954,48.62875187722421,frp:gulf_flaring,2.16864910445031,301.44,7.123132843278194,0.0,0.0,2.0,5,5,5,5,1752.2256164628175,1752.2256164628175,uncertain,uncertain_review_required,insufficient_evidence,0.4,{},,,
frp:firms_modis_nrt_india:firms_modis_nrt_india.csv:43,development,2026-09-01 09:58:00+00:00,14.59311,79.73858,frp:firms_modis_nrt_india,13.81,320.28,0.0,,,,0,0,0,0,158967.34048860054,158967.34048860054,uncertain,uncertain_review_required,insufficient_evidence,0.4,{},,,
frp:china_industrial:china_industrial__c1cd4b46-50c7-4dc6-b61f-79dd085a5792.zip:544,development,1993-09-07 13:36:39.286805+00:00,39.955105899123055,118.55411470067963,frp:china_industrial,2.232443443716311,301.94,0.3348094167142733,0.0,0.0,0.0,2,2,2,2,109200.92911723282,109200.92911723282,uncertain,uncertain_review_required,insufficient_evidence,0.4,{},,,
frp:firms_viirs_noaa20_nrt_india:firms_viirs_noaa20_nrt_india.csv:429,development,2026-09-01 08:07:00+00:00,7.86562,81.43693,frp:firms_viirs_noaa20_nrt_india,4.75,336.84,0.0,,,,4,4,4,4,191813.49582516606,191813.49582516606,uncertain,uncertain_review_required,insufficient_evidence,0.4,{},,,
frp:firms_viirs_noaa20_nrt_india:firms_viirs_noaa20_nrt_india.csv:909,development,2026-09-02 07:50:00+00:00,8.47857,80.76656,frp:firms_viirs_noaa20_nrt_india,10.9,336.93,0.0,,,,16,16,16,16,191013.44200740746,191013.44200740746,uncertain,uncertain_review_required,insufficient_evidence,0.4,{},,,
frp:sentinel_frp_combined:gulf_flaring__5e582e3c-6d99-4d34-8298-72ea8ec7e6f3.zip:2890,development,1993-09-06 18:22:41.504066+00:00,24.997240936888037,49.33510587544083,frp:sentinel_frp_combined,1.4938073989369725,298.31,2.483574052093296,0.0,0.0,0.0,2,2,2,2,3730.650984359714,3730.650984359714,uncertain,uncertain_review_required,insufficient_evidence,0.4,{},,,
frp:gulf_flaring:gulf_flaring__249f7eaa-a006-4cd8-bf84-2e9a2f5a5565.zip:584,development,1993-09-06 07:08:42.015378+00:00,36.46018890794687,50.83561187165242,frp:gulf_flaring,8.09787525006455,317.42,1.25262749616317,1.0,0.0,0.0,33,33,33,33,88495.7673260016,88495.7673260016,uncertain,uncertain_review_required,insufficient_evidence,0.4,{},,,
frp:sentinel_frp_combined:gulf_flaring__249f7eaa-a006-4cd8-bf84-2e9a2f5a5565.zip:2327,development,1993-09-06 07:10:18.000031+00:00,31.0604899215798,47.584258879861295,frp:sentinel_frp_combined,4.980741201007091,333.78000000000003,1.4085420394497723,1.0,3.0,0.0,32,32,32,32,3163.9306787276246,3163.9306787276246,uncertain,uncertain_review_required,insufficient_evidence,0.4,{},,,
frp:sentinel_frp_combined:amazon_basin__1ca56dcb-14de-42ad-a977-68e3c0936a88.zip:5,development,1993-07-07 14:27:04.953438+00:00,-13.54044196581367,-65.56180983447234,frp:sentinel_frp_combined,7.077402135615565,315.74,1.164912219861676,1.0,0.0,0.0,4,4,4,4,418007.3956459052,418007.3956459052,uncertain,uncertain_review_required,insufficient_evidence,0.4,{},,,
frp:gulf_flaring:gulf_flaring__249f7eaa-a006-4cd8-bf84-2e9a2f5a5565.zip:594,development,1993-09-06 07:08:42.014888+00:00,36.45777090795298,50.76342187183468,frp:gulf_flaring,6.058225520420135,314.13,1.1249164717973312,1.0,0.0,0.0,9,9,9,9,89296.45279655272,89296.45279655272,uncertain,uncertain_review_required,insufficient_evidence,0.4,{},,,
frp:sentinel_frp_combined:gulf_flaring__07554d1c-45ab-471f-bda9-f460f68ae9e0.zip:1838,development,1993-09-07 18:35:22.555207+00:00,25.22320293631753,49.29133487555134,frp:sentinel_frp_combined,1.661726319229042,306.15000000000003,0.2849077750937616,0.0,0.0,0.0,0,0,0,0,2773.73571269295,2773.73571269295,uncertain,uncertain_review_required,insufficient_evidence,0.4,{},,,
frp:firms_viirs_noaa20_nrt_india:firms_viirs_noaa20_nrt_india.csv:345,development,2026-09-01 08:07:00+00:00,6.71592,81.59251,frp:firms_viirs_noaa20_nrt_india,7.21,353.23,0.0,,,,9,9,9,9,182651.17917568734,182651.17917568734,uncertain,uncertain_review_required,insufficient_evidence,0.4,{},,,
frp:firms_viirs_snpp_nrt_india:firms_viirs_snpp_nrt_india.csv:406,development,2026-09-01 07:50:00+00:00,9.60892,79.98938,frp:firms_viirs_snpp_nrt_india,4.83,345.28,0.0,,,,0,0,0,0,138952.02447952452,138952.02447952452,uncertain,uncertain_review_required,insufficient_evidence,0.4,{},,,
frp:siberia_wildfire:siberia_wildfire__4fff0f3b-bc89-4baf-8c7b-4b33aad77faa.zip:67,development,1993-06-07 16:09:23.254276+00:00,55.77782885917452,72.50330781694674,frp:siberia_wildfire,1.234877224110515,312.33000000000004,0.1530708971290909,0.0,0.0,0.0,7,7,7,7,91389.57428609431,91389.57428609431,uncertain,uncertain_review_required,insufficient_evidence,0.4,{},,,
frp:sentinel_frp_combined:siberia_wildfire__7b9d0178-7a9b-4f6d-84f2-e2ad5d35ae5d.zip:4227,development,1993-06-07 13:28:45.039946+00:00,62.15929384306287,104.26841073674755,frp:sentinel_frp_combined,0.933297569570244,285.69,1.62363902955609,0.0,0.0,0.0,8,8,8,8,232212.1462211527,232212.1462211527,uncertain,uncertain_review_required,insufficient_evidence,0.4,{},,,
frp:sentinel_frp_combined:amazon_basin__abb5665d-9dc6-422b-ab36-0e683ba688a3.zip:146,development,1993-07-07 13:48:49.011350+00:00,-15.679947960411935,-60.36128284760241,frp:sentinel_frp_combined,15.65140490353596,326.74,1.9405808310483512,1.0,0.0,0.0,5,5,5,5,422559.29866259167,422559.29866259167,uncertain,uncertain_review_required,insufficient_evidence,0.4,{},,,
frp:sentinel_frp_combined:amazon_basin__1ca56dcb-14de-42ad-a977-68e3c0936a88.zip:63,development,1993-07-07 14:28:08.197570+00:00,-15.924450959794626,-72.55138781682535,frp:sentinel_frp_combined,8.234294567435407,315.95000000000005,1.6179733572662356,1.0,0.0,0.0,29,29,29,29,455661.7354180759,455661.7354180759,uncertain,uncertain_review_required,insufficient_evidence,0.4,{},,,
frp:amazon_basin:amazon_basin__223f36a9-bb1f-4a89-8925-9c35d15292fd.zip:76,development,1993-07-07 13:47:16.655128+00:00,-10.354132973858327,-54.22107286310495,frp:amazon_basin,18.15719244348589,329.49,3.324423457820724,1.0,0.0,0.0,2,2,2,2,1295707.613824586,1295707.613824586,uncertain,uncertain_review_required,insufficient_evidence,0.4,{},,,
frp:siberia_wildfire:siberia_wildfire__4fff0f3b-bc89-4baf-8c7b-4b33aad77faa.zip:535,development,1993-06-07 16:09:55.304051+00:00,58.10521185329844,82.20253879245854,frp:siberia_wildfire,3.771160957886051,297.01,0.4826350033037939,0.0,15.0,0.0,66,66,66,66,160445.82352810132,160445.82352810132,uncertain,uncertain_review_required,insufficient_evidence,0.4,{},,,
frp:sentinel_frp_combined:central_africa_wildfire__91d9ed43-4cf6-47d5-bb87-1a1f26dd72d3.zip:1036,development,1993-06-07 21:35:54.726809+00:00,1.6394729958607286,9.876518975064188,frp:sentinel_frp_combined,2.2812022860330674,289.75,0.592923126575466,0.0,0.0,0.0,20,20,20,20,53805.1257500108,53805.1257500108,uncertain,uncertain_review_required,insufficient_evidence,0.4,{},,,
frp:amazon_basin:amazon_basin__223f36a9-bb1f-4a89-8925-9c35d15292fd.zip:129,development,1993-07-07 13:47:49.622551+00:00,-12.450707968564984,-58.54355985219172,frp:amazon_basin,6.197774890714851,313.05,0.9529233983645372,1.0,0.0,0.0,2,2,2,2,781247.9638263787,781247.9638263787,uncertain,uncertain_review_required,insufficient_evidence,0.4,{},,,
frp:sentinel_frp_combined:siberia_wildfire__4fff0f3b-bc89-4baf-8c7b-4b33aad77faa.zip:3708,development,1993-06-07 16:09:55.903612+00:00,58.10381885330196,82.31065479218557,frp:sentinel_frp_combined,1.1290286928176927,284.96000000000004,0.1992807748571657,0.0,15.0,0.0,40,40,40,40,166619.7520249921,166619.7520249921,uncertain,uncertain_review_required,insufficient_evidence,0.4,{},,,
frp:sentinel_frp_combined:siberia_wildfire__7b9d0178-7a9b-4f6d-84f2-e2ad5d35ae5d.zip:4226,development,1993-06-07 13:28:45.039864+00:00,62.167375843042464,104.28417973670776,frp:sentinel_frp_combined,0.8939928083472266,283.72,0.8291413035310612,0.0,0.0,0.0,4,4,4,4,231628.63499578869,231628.63499578869,uncertain,uncertain_review_required,insufficient_evidence,0.4,{},,,
frp:siberia_wildfire:siberia_wildfire__4fff0f3b-bc89-4baf-8c7b-4b33aad77faa.zip:375,development,1993-06-07 16:08:39.733879+00:00,54.05457086352533,77.9239628032609,frp:siberia_wildfire,1.7538755355136255,291.33000000000004,1.1035999866530963,0.0,0.0,1.0,6,6,6,6,198211.56038393243,198211.56038393243,uncertain,uncertain_review_required,insufficient_evidence,0.4,{},,,
frp:gulf_flaring:gulf_flaring__5354c465-ecde-4b9a-8a42-b93f56560577.zip:793,development,1993-09-07 17:58:55.057058+00:00,32.43105291811946,51.29836287048408,frp:gulf_flaring,4.998136780830158,296.04,9.219435298967475,0.0,1.0,0.0,22,22,22,22,163000.80710685533,163000.80710685533,uncertain,uncertain_review_required,insufficient_evidence,0.4,{},,,
frp:sentinel_frp_combined:china_industrial__0d7ba0c0-c144-44dc-bad0-007997140ad8.zip:1112,development,1993-09-07 14:33:43.484380+00:00,21.27439494628732,105.33942873404352,frp:sentinel_frp_combined,3.0656089432812568,295.99,1.0006589180691177,0.0,0.0,0.0,60,60,60,60,217909.20137710695,217909.20137710695,uncertain,uncertain_review_required,insufficient_evidence,0.4,{},,,
frp:sentinel_frp_combined:gulf_flaring__249f7eaa-a006-4cd8-bf84-2e9a2f5a5565.zip:2338,development,1993-09-06 07:10:18.299946+00:00,31.04511792161861,47.56926487989915,frp:sentinel_frp_combined,4.264879264164741,333.09000000000003,1.384924030932422,1.0,3.0,0.0,29,29,29,29,4973.851117929221,4973.851117929221,uncertain,uncertain_review_required,insufficient_evidence,0.4,{},,,
frp:firms_viirs_snpp_nrt_india:firms_viirs_snpp_nrt_india.csv:315,development,2026-09-01 07:50:00+00:00,8.44242,80.37146,frp:firms_viirs_snpp_nrt_india,4.32,337.13,0.0,,,,3,3,3,3,171080.0665807904,171080.0665807904,uncertain,uncertain_review_required,insufficient_evidence,0.4,{},,,
frp:siberia_wildfire:siberia_wildfire__4fff0f3b-bc89-4baf-8c7b-4b33aad77faa.zip:137,development,1993-06-07 16:09:56.516849+00:00,58.52442985224002,78.86751980087865,frp:siberia_wildfire,6.517613334939883,302.3,0.7703776545496195,0.0,2.0,0.0,42,42,42,42,30995.09726751112,30995.09726751112,uncertain,uncertain_review_required,insufficient_evidence,0.4,{},,,
frp:sentinel_frp_combined:siberia_wildfire__4fff0f3b-bc89-4baf-8c7b-4b33aad77faa.zip:3973,development,1993-06-07 16:10:33.116912+00:00,60.64179384689419,77.4560378044423,frp:sentinel_frp_combined,2.554797383527982,293.89000000000004,1.042563947725642,0.0,0.0,2.0,7,7,7,7,19411.24253857978,19411.24253857978,uncertain,uncertain_review_required,insufficient_evidence,0.4,{},,,
frp:sentinel_frp_combined:gulf_flaring__5e582e3c-6d99-4d34-8298-72ea8ec7e6f3.zip:3031,development,1993-09-06 18:24:14.202621+00:00,30.366813923331165,47.61755487977723,frp:sentinel_frp_combined,2.9491367676589464,306.43,1.901304940590154,0.0,0.0,0.0,8,8,8,8,1951.8605931691218,1951.8605931691218,uncertain,uncertain_review_required,insufficient_evidence,0.4,{},,,
frp:firms_viirs_noaa20_nrt_india:firms_viirs_noaa20_nrt_india.csv:713,development,2026-09-01 08:09:00+00:00,15.90541,79.62249,frp:firms_viirs_noaa20_nrt_india,16.99,342.05,0.0,,,,0,0,0,0,140862.09193437028,140862.09193437028,uncertain,uncertain_review_required,insufficient_evidence,0.4,{},,,
frp:firms_viirs_snpp_nrt_india:firms_viirs_snpp_nrt_india.csv:509,development,2026-09-01 20:23:00+00:00,12.29417,79.93931,frp:firms_viirs_snpp_nrt_india,1.98,325.11,0.0,,,,0,0,0,0,103291.61586950223,103291.61586950223,uncertain,uncertain_review_required,insufficient_evidence,0.4,{},,,
frp:siberia_wildfire:siberia_wildfire__4fff0f3b-bc89-4baf-8c7b-4b33aad77faa.zip:302,development,1993-06-07 16:08:39.463580+00:00,52.78068186674159,72.70823381642936,frp:siberia_wildfire,9.38027300174207,292.71000000000004,6.688617872545294,0.0,1.0,0.0,12,12,12,12,259068.3741531015,259068.3741531015,uncertain,uncertain_review_required,insufficient_evidence,0.4,{},,,
frp:firms_viirs_snpp_nrt_india:firms_viirs_snpp_nrt_india.csv:143,development,2026-08-31 08:13:00+00:00,31.3222,72.33394,frp:firms_viirs_snpp_nrt_india,8.52,341.28,0.0,,,,0,0,0,0,185636.64719167314,185636.64719167314,uncertain,uncertain_review_required,insufficient_evidence,0.4,{},,,
frp:sentinel_frp_combined:siberia_wildfire__4fff0f3b-bc89-4baf-8c7b-4b33aad77faa.zip:3404,development,1993-06-07 16:09:56.222873+00:00,58.527753852231626,77.46925780440893,frp:sentinel_frp_combined,24.57843341826312,312.21000000000004,3.005871497735343,0.0,0.0,0.0,33,33,33,33,34012.61179450539,34012.61179450539,uncertain,uncertain_review_required,insufficient_evidence,0.4,{},,,
frp:firms_viirs_noaa20_nrt_india:firms_viirs_noaa20_nrt_india.csv:219,development,2026-08-31 08:30:00+00:00,17.96539,75.48702,frp:firms_viirs_noaa20_nrt_india,3.37,336.33,0.0,,,,0,0,0,0,287712.09926311095,287712.09926311095,uncertain,uncertain_review_required,insufficient_evidence,0.4,{},,,
frp:siberia_wildfire:siberia_wildfire__4fff0f3b-bc89-4baf-8c7b-4b33aad77faa.zip:86,development,1993-06-07 16:10:42.380334+00:00,58.83038985146754,88.78497377583949,frp:siberia_wildfire,29.4770793232709,312.40000000000003,4.284776148724739,0.0,0.0,0.0,83,83,83,83,283268.80604676466,283268.80604676466,uncertain,uncertain_review_required,insufficient_evidence,0.4,{},,,
frp:sentinel_frp_combined:siberia_wildfire__4fff0f3b-bc89-4baf-8c7b-4b33aad77faa.zip:3602,development,1993-06-07 16:08:57.414534+00:00,55.001640861134206,81.3923367945041,frp:sentinel_frp_combined,4.539804603582314,288.96000000000004,10.458751638885216,0.0,3.0,0.0,15,15,15,15,254986.2180372718,254986.2180372718,uncertain,uncertain_review_required,insufficient_evidence,0.4,{},,,
frp:gulf_flaring:gulf_flaring__07554d1c-45ab-471f-bda9-f460f68ae9e0.zip:303,development,1993-09-07 18:37:03.648968+00:00,31.170709921301523,48.06309187865236,frp:gulf_flaring,52.44806352085003,312.51,5.830809751867216,0.0,0.0,0.0,17,17,17,17,12316.237109336602,12316.237109336602,uncertain,uncertain_review_required,insufficient_evidence,0.4,{},,,
frp:gulf_flaring:gulf_flaring__249f7eaa-a006-4cd8-bf84-2e9a2f5a5565.zip:658,development,1993-09-06 07:10:17.400468+00:00,31.0931669214973,47.64716887970246,frp:gulf_flaring,4.775199463764738,333.59000000000003,1.398074476696468,1.0,3.0,0.0,26,26,26,26,2336.6620304452435,2336.6620304452435,uncertain,uncertain_review_required,insufficient_evidence,0.4,{},,,
frp:gulf_flaring:gulf_flaring__5354c465-ecde-4b9a-8a42-b93f56560577.zip:884,development,1993-09-07 18:00:17.802193+00:00,38.74966990216649,56.9144198563049,frp:gulf_flaring,5.905311400663702,295.57,0.8262614338118327,0.0,0.0,0.0,43,43,43,43,115310.7919923885,115310.7919923885,uncertain,uncertain_review_required,insufficient_evidence,0.4,{},,,
frp:siberia_wildfire:siberia_wildfire__4fff0f3b-bc89-4baf-8c7b-4b33aad77faa.zip:569,development,1993-06-07 16:10:41.480624+00:00,58.834841851456304,88.686148776089,frp:siberia_wildfire,8.13070880776878,291.04,37.807481046197374,0.0,0.0,0.0,4,4,4,4,285967.05509718735,285967.05509718735,uncertain,uncertain_review_required,insufficient_evidence,0.4,{},,,
frp:gulf_flaring:gulf_flaring__249f7eaa-a006-4cd8-bf84-2e9a2f5a5565.zip:624,development,1993-09-06 07:09:28.187704+00:00,34.53451491280873,46.60973688232173,frp:gulf_flaring,9.905404009897142,333.18,2.4106489239284947,1.0,0.0,0.0,3,3,3,3,80601.57591559883,80601.57591559883,uncertain,uncertain_review_required,insufficient_evidence,0.4,{},,,
frp:sentinel_frp_combined:central_africa_wildfire__127ffed6-bb4b-43b2-a61c-acb9bc1d13e3.zip:767,development,1993-06-07 20:54:16.282179+00:00,-8.169281979374546,24.104539939141887,frp:sentinel_frp_combined,6.126948749865766,289.13,4.237542173889615,0.0,0.0,0.0,1,1,1,1,737363.70448676,737363.70448676,uncertain,uncertain_review_required,insufficient_evidence,0.4,{},,,
frp:firms_viirs_snpp_nrt_india:firms_viirs_snpp_nrt_india.csv:548,development,2026-09-01 20:25:00+00:00,8.5307,80.74348,frp:firms_viirs_snpp_nrt_india,2.89,311.93,0.0,,,,12,12,12,12,195010.41353546304,195010.41353546304,uncertain,uncertain_review_required,insufficient_evidence,0.4,{},,,
frp:sentinel_frp_combined:siberia_wildfire__4fff0f3b-bc89-4baf-8c7b-4b33aad77faa.zip:3413,development,1993-06-07 16:09:56.222873+00:00,58.5364768522096,77.46236780442632,frp:sentinel_frp_combined,125.12729174161647,312.75,15.60340315753587,0.0,0.0,1.0,28,28,28,28,34557.55630151041,34557.55630151041,uncertain,uncertain_review_required,insufficient_evidence,0.4,{},,,
frp:firms_viirs_snpp_nrt_india:firms_viirs_snpp_nrt_india.csv:206,development,2026-08-31 22:16:00+00:00,38.33112,68.12318,frp:firms_viirs_snpp_nrt_india,1.23,317.57,0.0,,,,0,0,0,0,134467.06195626315,134467.06195626315,uncertain,uncertain_review_required,insufficient_evidence,0.4,{},,,
frp:amazon_basin:amazon_basin__abb5665d-9dc6-422b-ab36-0e683ba688a3.zip:189,development,1993-07-07 13:48:18.401843+00:00,-13.388226966197976,-61.08355384577885,frp:amazon_basin,5.620104927000542,314.37,1.261155968361802,1.0,0.0,0.0,2,2,2,2,514909.35766116955,514909.35766116955,uncertain,uncertain_review_required,insufficient_evidence,0.4,{},,,
frp:gulf_flaring:gulf_flaring__249f7eaa-a006-4cd8-bf84-2e9a2f5a5565.zip:659,development,1993-09-06 07:10:17.399896+00:00,31.10026692147937,47.57357287988828,frp:gulf_flaring,4.429283990756598,333.25,1.3900542897095345,1.0,3.0,0.0,11,11,11,11,5453.336771171271,5453.336771171271,uncertain,uncertain_review_required,insufficient_evidence,0.4,{},,,
frp:firms_viirs_noaa20_nrt_india:firms_viirs_noaa20_nrt_india.csv:952,development,2026-09-02 07:50:00+00:00,11.11218,77.13387,frp:firms_viirs_noaa20_nrt_india,3.76,334.45,0.0,,,,0,0,0,0,151320.35825388043,151320.35825388043,uncertain,uncertain_review_required,insufficient_evidence,0.4,{},,,
frp:firms_viirs_noaa20_nrt_india:firms_viirs_noaa20_nrt_india.csv:926,development,2026-09-02 07:50:00+00:00,8.7351,80.78097,frp:firms_viirs_noaa20_nrt_india,10.38,342.49,0.0,,,,0,0,0,0,217289.71179840693,217289.71179840693,uncertain,uncertain_review_required,insufficient_evidence,0.4,{},,,
frp:siberia_wildfire:siberia_wildfire__4fff0f3b-bc89-4baf-8c7b-4b33aad77faa.zip:799,development,1993-06-07 16:10:33.416571+00:00,60.665512846834304,77.52227980427506,frp:siberia_wildfire,1.064649813004255,294.16,0.4079707505538961,0.0,0.0,2.0,10,10,10,10,20961.833837783164,20961.833837783164,uncertain,uncertain_review_required,insufficient_evidence,0.4,{},,,
frp:gulf_flaring:gulf_flaring__5354c465-ecde-4b9a-8a42-b93f56560577.zip:767,development,1993-09-07 17:58:28.339660+00:00,31.947306919340804,54.04492586354968,frp:gulf_flaring,2.655171261286474,297.55,4.664227304255181,0.0,0.0,0.0,0,0,0,0,243660.38107736324,243660.38107736324,uncertain,uncertain_review_required,insufficient_evidence,0.4,{},,,
frp:central_africa_wildfire:central_africa_wildfire__127ffed6-bb4b-43b2-a61c-acb9bc1d13e3.zip:707,development,1993-06-07 20:54:15.738311+00:00,-7.599102980814109,16.885417957368418,frp:central_africa_wildfire,0.9413103519230832,292.96000000000004,2.464185160616967,0.0,0.0,0.0,13,13,13,13,497044.2948682523,497044.2948682523,uncertain,uncertain_review_required,insufficient_evidence,0.4,{},,,
frp:sentinel_frp_combined:central_africa_wildfire__91d9ed43-4cf6-47d5-bb87-1a1f26dd72d3.zip:1045,development,1993-06-07 21:35:55.026795+00:00,1.649470995835486,9.871602975076598,frp:sentinel_frp_combined,2.3207665025203394,291.07,0.502787932542152,0.0,0.0,0.0,41,41,41,41,53654.92584971865,53654.92584971865,uncertain,uncertain_review_required,insufficient_evidence,0.4,{},,,
frp:sentinel_frp_combined:central_africa_wildfire__0beec313-bad6-4801-9725-7642c0f06960.zip:360,development,1993-06-07 21:35:27.713757+00:00,-0.7102119982068871,12.483482968482235,frp:sentinel_frp_combined,5.047875295836654,292.54,0.9305878642722188,0.0,0.0,0.0,43,43,43,43,252280.7936223852,252280.7936223852,uncertain,uncertain_review_required,insufficient_evidence,0.4,{},,,
frp:sentinel_frp_combined:gulf_flaring__249f7eaa-a006-4cd8-bf84-2e9a2f5a5565.zip:2326,development,1993-09-06 07:10:17.999949+00:00,31.062748921574094,47.57407287988701,frp:sentinel_frp_combined,5.616531447224034,334.38,1.4327500256075545,1.0,3.0,0.0,24,24,24,24,4126.660671165397,4126.660671165397,uncertain,uncertain_review_required,insufficient_evidence,0.4,{},,,
frp:siberia_wildfire:siberia_wildfire__4fff0f3b-bc89-4baf-8c7b-4b33aad77faa.zip:461,development,1993-06-07 16:09:18.449150+00:00,55.769635859195205,73.63266581409539,frp:siberia_wildfire,2.8229016515872307,290.69,70.62382086596284,0.0,0.0,0.0,9,9,9,9,79156.04488822908,79156.04488822908,uncertain,uncertain_review_required,insufficient_evidence,0.4,{},,,
frp:sentinel_frp_combined:gulf_flaring__249f7eaa-a006-4cd8-bf84-2e9a2f5a5565.zip:2229,development,1993-09-06 07:08:42.015296+00:00,36.46161990794326,50.82362887168267,frp:sentinel_frp_combined,7.921688795437453,317.15000000000003,1.2409733919265304,1.0,0.0,0.0,28,28,28,28,88797.94549623261,88797.94549623261,uncertain,uncertain_review_required,insufficient_evidence,0.4,{},,,
frp:sentinel_frp_combined:china_industrial__c1cd4b46-50c7-4dc6-b61f-79dd085a5792.zip:1580,development,1993-09-07 13:36:32.690294+00:00,39.46977790034839,118.24123370146958,frp:sentinel_frp_combined,1.072592538700273,294.35,1.6206665766526784,0.0,0.0,0.0,9,9,9,9,54544.5638615162,54544.5638615162,uncertain,uncertain_review_required,insufficient_evidence,0.4,{},,,
frp:sentinel_frp_combined:siberia_wildfire__4fff0f3b-bc89-4baf-8c7b-4b33aad77faa.zip:3493,development,1993-06-07 16:08:43.668941+00:00,52.59557686720893,71.65762581908189,frp:sentinel_frp_combined,5.581518309814075,295.26,5.453542690270373,0.0,0.0,0.0,12,12,12,12,296732.98073446413,296732.98073446413,uncertain,uncertain_review_required,insufficient_evidence,0.4,{},,,
frp:siberia_wildfire:siberia_wildfire__4fff0f3b-bc89-4baf-8c7b-4b33aad77faa.zip:778,development,1993-06-07 16:10:23.224519+00:00,60.06946484833918,76.00762880809918,frp:siberia_wildfire,2.0325375501735867,297.65000000000003,0.8404863245277834,0.0,0.0,0.0,11,11,11,11,28140.70309709883,28140.70309709883,uncertain,uncertain_review_required,insufficient_evidence,0.4,{},,,
frp:firms_viirs_snpp_nrt_india:firms_viirs_snpp_nrt_india.csv:34,development,2026-08-31 08:07:00+00:00,7.94297,81.295,frp:firms_viirs_snpp_nrt_india,80.22,350.67,0.0,,,,2,2,2,2,183658.6007400429,183658.6007400429,uncertain,uncertain_review_required,insufficient_evidence,0.4,{},,,
frp:sentinel_frp_combined:gulf_flaring__06ea85e3-0e01-4c85-b788-ed0287e7ac6d.zip:1746,development,1993-09-06 19:03:29.668496+00:00,30.379182923299936,47.34907088045509,frp:sentinel_frp_combined,14.74075410984951,312.11,1.5253031826888312,0.0,0.0,0.0,29,29,29,29,2629.6479519809254,2629.6479519809254,uncertain,uncertain_review_required,insufficient_evidence,0.4,{},,,
frp:sentinel_frp_combined:siberia_wildfire__4fff0f3b-bc89-4baf-8c7b-4b33aad77faa.zip:3586,development,1993-06-07 16:08:50.819904+00:00,54.72402286183512,80.3969567970172,frp:sentinel_frp_combined,2.3028134009427514,312.27000000000004,0.2427256414399096,0.0,71.0,0.0,7,7,7,7,247738.3911354583,247738.3911354583,uncertain,uncertain_review_required,insufficient_evidence,0.4,{},,,
frp:sentinel_frp_combined:amazon_basin__1ca56dcb-14de-42ad-a977-68e3c0936a88.zip:25,development,1993-07-07 14:27:37.576289+00:00,-11.642791970604776,-74.79718981115525,frp:sentinel_frp_combined,7.396438776291447,308.33000000000004,1.775190535513498,1.0,0.0,0.0,2,2,2,2,177454.19364828625,177454.19364828625,uncertain,uncertain_review_required,insufficient_evidence,0.4,{},,,
frp:sentinel_frp_combined:gulf_flaring__07554d1c-45ab-471f-bda9-f460f68ae9e0.zip:2082,development,1993-09-07 18:36:54.355862+00:00,30.623197922683858,47.31956988052957,frp:sentinel_frp_combined,3.0663744888720506,307.05,0.4246483541334081,0.0,0.0,0.0,32,32,32,32,1628.6698879136025,1628.6698879136025,uncertain,uncertain_review_required,insufficient_evidence,0.4,{},,,
frp:siberia_wildfire:siberia_wildfire__557fbf27-71ca-4b9d-8f46-75fa42ea7c15.zip:885,development,1993-06-07 15:07:45.931496+00:00,57.48325085486874,90.9185197704528,frp:siberia_wildfire,1.350857958525904,288.68,13.008030210555727,0.0,5.0,0.0,24,24,24,24,115037.49193955395,115037.49193955395,uncertain,uncertain_review_required,insufficient_evidence,0.4,{},,,
frp:sentinel_frp_combined:gulf_flaring__5e582e3c-6d99-4d34-8298-72ea8ec7e6f3.zip:2954,development,1993-09-06 18:23:46.285625+00:00,29.245949926161074,50.287508873036245,frp:sentinel_frp_combined,1.520487095893073,304.38,0.946717858730112,0.0,0.0,6.0,2,2,2,2,1578.7369226551393,1578.7369226551393,uncertain,uncertain_review_required,insufficient_evidence,0.4,{},,,
frp:firms_viirs_snpp_nrt_india:firms_viirs_snpp_nrt_india.csv:207,development,2026-08-31 22:16:00+00:00,38.33209,68.1195,frp:firms_viirs_snpp_nrt_india,1.23,302.52,0.0,,,,1,1,1,1,134133.98926636938,134133.98926636938,uncertain,uncertain_review_required,insufficient_evidence,0.4,{},,,
frp:sentinel_frp_combined:china_industrial__af461e28-e4fd-483d-b1fc-9baa422c02cc.zip:1452,development,1993-09-07 03:20:50.893144+00:00,35.37506391068655,109.80459372277004,frp:sentinel_frp_combined,8.340596779409589,317.35,1.881231464189584,1.0,0.0,0.0,12,12,12,12,71423.35217105137,71423.35217105137,uncertain,uncertain_review_required,insufficient_evidence,0.4,{},,,
frp:firms_viirs_snpp_nrt_india:firms_viirs_snpp_nrt_india.csv:386,development,2026-09-01 07:50:00+00:00,9.39346,80.44057,frp:firms_viirs_snpp_nrt_india,11.04,343.24,0.0,,,,8,8,8,8,176604.9602962975,176604.9602962975,uncertain,uncertain_review_required,insufficient_evidence,0.4,{},,,
frp:siberia_wildfire:siberia_wildfire__7b9d0178-7a9b-4f6d-84f2-e2ad5d35ae5d.zip:957,development,1993-06-07 13:29:08.090474+00:00,65.7332068340396,114.62502571059964,frp:siberia_wildfire,0.4430274990137751,280.20000000000005,0.188965923576839,0.0,0.0,0.0,1,1,1,1,327136.1704164077,327136.1704164077,uncertain,uncertain_review_required,insufficient_evidence,0.4,{},,,
frp:sentinel_frp_combined:siberia_wildfire__7b9d0178-7a9b-4f6d-84f2-e2ad5d35ae5d.zip:4249,development,1993-06-07 13:28:45.639184+00:00,62.26320084280053,104.37363073648191,frp:sentinel_frp_combined,0.9286051283037292,282.8,3.647336770557855,0.0,0.0,0.0,31,31,31,31,229959.12900078524,229959.12900078524,uncertain,uncertain_review_required,insufficient_evidence,0.4,{},,,
frp:sentinel_frp_combined:siberia_wildfire__e868eda1-2872-460a-9018-a302eff3e322.zip:4557,development,1993-06-07 15:09:45.638185+00:00,63.78092783896864,83.31459678965086,frp:sentinel_frp_combined,1.1966994805371576,281.97,0.5559166142982168,0.0,0.0,0.0,73,73,73,73,120973.14441254984,120973.14441254984,uncertain,uncertain_review_required,insufficient_evidence,0.4,{},,,
frp:siberia_wildfire:siberia_wildfire__4fff0f3b-bc89-4baf-8c7b-4b33aad77faa.zip:31,development,1993-06-07 16:08:51.119726+00:00,54.73949186179607,80.42578679694441,frp:siberia_wildfire,21.759340840193342,312.36,2.246735947337756,0.0,16.0,0.0,27,27,27,27,246932.305642077,246932.305642077,uncertain,uncertain_review_required,insufficient_evidence,0.4,{},,,
frp:sentinel_frp_combined:gulf_flaring__249f7eaa-a006-4cd8-bf84-2e9a2f5a5565.zip:2143,development,1993-09-06 07:08:07.766171+00:00,41.0626388963268,44.388414887930026,frp:sentinel_frp_combined,10.425293074577455,323.55,1.6186948098769514,1.0,0.0,0.0,0,0,0,0,267666.77327033516,267666.77327033516,uncertain,uncertain_review_required,insufficient_evidence,0.4,{},,,
frp:sentinel_frp_combined:china_industrial__0d7ba0c0-c144-44dc-bad0-007997140ad8.zip:1319,development,1993-09-07 14:36:10.711259+00:00,30.477877923050755,112.2453617166077,frp:sentinel_frp_combined,7.589499006656981,296.34000000000003,1.4955251406712424,0.0,0.0,0.0,26,26,26,26,60655.3249041478,60655.3249041478,uncertain,uncertain_review_required,insufficient_evidence,0.4,{},,,
frp:central_africa_wildfire:central_africa_wildfire__127ffed6-bb4b-43b2-a61c-acb9bc1d13e3.zip:693,development,1993-06-07 20:54:17.544597+00:00,-7.756565980416553,16.18035095914854,frp:central_africa_wildfire,3.71758951054966,290.73,0.5166908460296152,0.0,0.0,0.0,46,46,46,46,422556.82470997906,422556.82470997906,uncertain,uncertain_review_required,insufficient_evidence,0.4,{},,,
frp:sentinel_frp_combined:china_industrial__0d7ba0c0-c144-44dc-bad0-007997140ad8.zip:1275,development,1993-09-07 14:36:10.410769+00:00,30.434248923160908,112.34523171635556,frp:sentinel_frp_combined,7.792168449843053,297.04,1.4789220576735018,0.0,0.0,0.0,9,9,9,9,65947.46935132361,65947.46935132361,uncertain,uncertain_review_required,insufficient_evidence,0.4,{},,,
frp:sentinel_frp_combined:gulf_flaring__249f7eaa-a006-4cd8-bf84-2e9a2f5a5565.zip:2234,development,1993-09-06 07:08:42.015133+00:00,36.4553049079592,50.796919871750106,frp:sentinel_frp_combined,6.04391219191238,314.08000000000004,1.1261126471508405,1.0,0.0,0.0,20,20,20,20,88473.51659397392,88473.51659397392,uncertain,uncertain_review_required,insufficient_evidence,0.4,{},,,
frp:siberia_wildfire:siberia_wildfire__b8f339af-5277-4545-be45-00e778ba15bd.zip:1228,development,1993-06-07 14:28:52.522849+00:00,57.96797685364493,107.05362772971556,frp:siberia_wildfire,1.2707891527229154,279.68,2.3462005301057247,0.0,2.0,0.0,8,8,8,8,12286.967833351437,12286.967833351437,uncertain,uncertain_review_required,insufficient_evidence,0.4,{},,,
frp:gulf_flaring:gulf_flaring__5354c465-ecde-4b9a-8a42-b93f56560577.zip:847,development,1993-09-07 18:00:16.902387+00:00,38.7174639022478,56.89706685634872,frp:gulf_flaring,5.523817839692865,292.34000000000003,0.906396331467496,0.0,0.0,0.0,6,6,6,6,119051.36065434958,119051.36065434958,uncertain,uncertain_review_required,insufficient_evidence,0.4,{},,,
frp:gulf_flaring:gulf_flaring__06ea85e3-0e01-4c85-b788-ed0287e7ac6d.zip:176,development,1993-09-06 19:02:21.051575+00:00,26.503623933084786,36.72586390727611,frp:gulf_flaring,6.537214971658514,302.56,7.793863627590751,0.0,108.0,0.0,22,22,22,22,259834.80421807166,259834.80421807166,uncertain,uncertain_review_required,insufficient_evidence,0.4,{},,,
frp:sentinel_frp_combined:siberia_wildfire__4fff0f3b-bc89-4baf-8c7b-4b33aad77faa.zip:3423,development,1993-06-07 16:09:56.522859+00:00,58.54504785218796,77.46067880443059,frp:sentinel_frp_combined,47.73382585923557,312.39000000000004,6.853695916202708,0.0,0.0,1.0,50,50,50,50,34825.816824022215,34825.816824022215,uncertain,uncertain_review_required,insufficient_evidence,0.4,{},,,
frp:siberia_wildfire:siberia_wildfire__7b9d0178-7a9b-4f6d-84f2-e2ad5d35ae5d.zip:1025,development,1993-06-07 13:28:42.937680+00:00,62.261562842804665,104.84986273527954,frp:siberia_wildfire,0.7693840153291953,285.37,0.3534700758901754,0.0,0.0,0.0,28,28,28,28,206447.46166126235,206447.46166126235,uncertain,uncertain_review_required,insufficient_evidence,0.4,{},,,
frp:sentinel_frp_combined:central_africa_wildfire__127ffed6-bb4b-43b2-a61c-acb9bc1d13e3.zip:413,development,1993-06-07 20:52:19.886402+00:00,-14.977204962186192,25.82372493480136,frp:sentinel_frp_combined,121.19379884373068,312.53000000000003,15.856523841098245,0.0,0.0,0.0,2,2,2,2,376136.6642668143,376136.6642668143,uncertain,uncertain_review_required,insufficient_evidence,0.4,{},,,
frp:gulf_flaring:gulf_flaring__07554d1c-45ab-471f-bda9-f460f68ae9e0.zip:457,development,1993-09-07 18:37:06.042547+00:00,31.2281099211566,48.94334487642993,frp:gulf_flaring,3.237055253412448,303.91,4.833614960150039,0.0,0.0,0.0,46,46,46,46,2196.8309970075607,2196.8309970075607,uncertain,uncertain_review_required,insufficient_evidence,0.4,{},,,
frp:firms_viirs_noaa20_nrt_india:firms_viirs_noaa20_nrt_india.csv:666,development,2026-09-01 08:09:00+00:00,12.32043,79.67432,frp:firms_viirs_noaa20_nrt_india,3.47,334.36,0.0,,,,1,1,1,1,114421.47977044176,114421.47977044176,uncertain,uncertain_review_required,insufficient_evidence,0.4,{},,,
frp:sentinel_frp_combined:gulf_flaring__5e582e3c-6d99-4d34-8298-72ea8ec7e6f3.zip:2860,development,1993-09-06 18:22:39.650718+00:00,24.50509593813058,56.60112085709591,frp:sentinel_frp_combined,4.7893616300304105,306.74,0.9462432180436818,0.0,0.0,7.0,0,0,0,0,3837.263886517543,3837.263886517543,uncertain,uncertain_review_required,insufficient_evidence,0.4,{},,,
frp:siberia_wildfire:siberia_wildfire__4fff0f3b-bc89-4baf-8c7b-4b33aad77faa.zip:300,development,1993-06-07 16:08:39.163676+00:00,52.77484386675633,72.6948288164632,frp:siberia_wildfire,4.711857586655963,292.62,3.5311810620428687,0.0,1.0,0.0,3,3,3,3,259839.83983075648,259839.83983075648,uncertain,uncertain_review_required,insufficient_evidence,0.4,{},,,
frp:sentinel_frp_combined:siberia_wildfire__e868eda1-2872-460a-9018-a302eff3e322.zip:4519,development,1993-06-07 15:09:45.038540+00:00,63.73968283907277,83.26480178977658,frp:sentinel_frp_combined,1.284673745358336,287.58000000000004,0.3113539200574433,0.0,0.0,0.0,9,9,9,9,117354.92669553659,117354.92669553659,uncertain,uncertain_review_required,insufficient_evidence,0.4,{},,,
frp:sentinel_frp_combined:central_africa_wildfire__127ffed6-bb4b-43b2-a61c-acb9bc1d13e3.zip:784,development,1993-06-07 20:54:09.388207+00:00,-8.21145097926808,23.208410941404395,frp:sentinel_frp_combined,6.554297777589229,295.76,0.988256192869582,0.0,0.0,0.0,2,2,2,2,803826.8255014584,803826.8255014584,uncertain,uncertain_review_required,insufficient_evidence,0.4,{},,,
frp:sentinel_frp_combined:central_africa_wildfire__127ffed6-bb4b-43b2-a61c-acb9bc1d13e3.zip:901,development,1993-06-07 20:54:16.644628+00:00,-7.809719980282352,16.192125959118812,frp:sentinel_frp_combined,2.391481295871348,282.63,0.540302586330208,0.0,0.0,0.0,6,6,6,6,424711.2475014057,424711.2475014057,uncertain,uncertain_review_required,insufficient_evidence,0.4,{},,,
frp:china_industrial:china_industrial__c1cd4b46-50c7-4dc6-b61f-79dd085a5792.zip:411,development,1993-09-07 13:35:06.294156+00:00,34.40918391312516,119.85618769739222,frp:china_industrial,1.7319031640814704,304.34000000000003,0.4284254362805783,0.0,0.0,0.0,3,3,3,3,246648.2382894421,246648.2382894421,uncertain,uncertain_review_required,insufficient_evidence,0.4,{},,,
frp:siberia_wildfire:siberia_wildfire__b8f339af-5277-4545-be45-00e778ba15bd.zip:1184,development,1993-06-07 14:28:25.869670+00:00,55.95203385873469,97.9532147526919,frp:siberia_wildfire,2.291108826695083,287.11,1.8731595026296173,0.0,0.0,0.0,3,3,3,3,273369.4278917154,273369.4278917154,uncertain,uncertain_review_required,insufficient_evidence,0.4,{},,,
frp:sentinel_frp_combined:central_africa_wildfire__127ffed6-bb4b-43b2-a61c-acb9bc1d13e3.zip:638,development,1993-06-07 20:53:45.099726+00:00,-9.206329976756251,21.97126594452789,frp:sentinel_frp_combined,2.338782583838801,291.04,3.357770667319579,0.0,0.0,0.0,5,5,5,5,847244.157519371,847244.157519371,uncertain,uncertain_review_required,insufficient_evidence,0.4,{},,,
frp:sentinel_frp_combined:gulf_flaring__5354c465-ecde-4b9a-8a42-b93f56560577.zip:2400,development,1993-09-07 17:58:51.156715+00:00,32.24174191859743,51.43355487014276,frp:sentinel_frp_combined,6.177600067604434,312.33000000000004,0.7634346828410964,0.0,3.0,0.0,25,25,25,25,169104.13717877577,169104.13717877577,uncertain,uncertain_review_required,insufficient_evidence,0.4,{},,,
frp:siberia_wildfire:siberia_wildfire__4fff0f3b-bc89-4baf-8c7b-4b33aad77faa.zip:432,development,1993-06-07 16:08:54.124059+00:00,54.936854861297775,79.40933979951069,frp:siberia_wildfire,1.2636364737822516,284.24,5.013472594789069,0.0,0.0,0.0,8,8,8,8,205655.70035893502,205655.70035893502,uncertain,uncertain_review_required,insufficient_evidence,0.4,{},,,
frp:gulf_flaring:gulf_flaring__5e582e3c-6d99-4d34-8298-72ea8ec7e6f3.zip:1499,development,1993-09-06 18:24:25.590640+00:00,31.425708920657712,48.86238487663434,frp:gulf_flaring,3.126593635076332,299.56,2.505757476662801,0.0,0.0,0.0,12,12,12,12,14527.468625786514,14527.468625786514,uncertain,uncertain_review_required,insufficient_evidence,0.4,{},,,
frp:siberia_wildfire:siberia_wildfire__4fff0f3b-bc89-4baf-8c7b-4b33aad77faa.zip:192,development,1993-06-07 16:09:55.620915+00:00,58.5005948523002,77.93624780322989,frp:siberia_wildfire,25.653777493314195,312.35,3.0123635492465053,0.0,41.0,0.0,56,56,56,56,6806.201934653282,6806.201934653282,uncertain,uncertain_review_required,insufficient_evidence,0.4,{},,,
frp:sentinel_frp_combined:central_africa_wildfire__127ffed6-bb4b-43b2-a61c-acb9bc1d13e3.zip:552,development,1993-06-07 20:52:19.886566+00:00,-14.96541896221595,25.792448934880326,frp:sentinel_frp_combined,14.946132299825289,285.05,20.234187024369305,0.0,0.0,0.0,8,8,8,8,378172.20648367784,378172.20648367784,uncertain,uncertain_review_required,insufficient_evidence,0.4,{},,,
frp:sentinel_frp_combined:china_industrial__0d7ba0c0-c144-44dc-bad0-007997140ad8.zip:1307,development,1993-09-07 14:36:10.710849+00:00,30.463053923088182,112.31050071644324,frp:sentinel_frp_combined,4.056448668544726,289.26,1.3611845461190288,0.0,0.0,0.0,53,53,53,53,62441.524664093304,62441.524664093304,uncertain,uncertain_review_required,insufficient_evidence,0.4,{},,,
frp:firms_viirs_noaa20_nrt_india:firms_viirs_noaa20_nrt_india.csv:324,development,2026-09-01 08:07:00+00:00,6.29139,81.34963,frp:firms_viirs_noaa20_nrt_india,2.3,338.97,0.0,,,,0,0,0,0,170889.08031846816,170889.08031846816,uncertain,uncertain_review_required,insufficient_evidence,0.4,{},,,
frp:sentinel_frp_combined:gulf_flaring__249f7eaa-a006-4cd8-bf84-2e9a2f5a5565.zip:2300,development,1993-09-06 07:10:17.400141+00:00,31.10211092147472,47.6062398798058,frp:sentinel_frp_combined,4.707235178509134,333.52000000000004,1.396974426009933,1.0,3.0,0.0,28,28,28,28,2982.508283585665,2982.508283585665,uncertain,uncertain_review_required,insufficient_evidence,0.4,{},,,
frp:sentinel_frp_combined:central_africa_wildfire__127ffed6-bb4b-43b2-a61c-acb9bc1d13e3.zip:716,development,1993-06-07 20:54:03.387506+00:00,-8.609874978262155,23.449835940794856,frp:sentinel_frp_combined,1.122545398505548,289.75,1.4571306046746395,0.0,0.0,0.0,3,3,3,3,754495.2717578445,754495.2717578445,uncertain,uncertain_review_required,insufficient_evidence,0.4,{},,,
frp:sentinel_frp_combined:gulf_flaring__5e582e3c-6d99-4d34-8298-72ea8ec7e6f3.zip:3091,development,1993-09-06 18:24:20.798311+00:00,30.92065192193286,48.00426287880089,frp:sentinel_frp_combined,1.910714303714595,298.55,16.730067721030842,0.0,0.0,0.0,5,5,5,5,1840.3213789151753,1840.3213789151753,uncertain,uncertain_review_required,insufficient_evidence,0.4,{},,,
frp:firms_viirs_noaa20_nrt_india:firms_viirs_noaa20_nrt_india.csv:183,development,2026-08-31 08:28:00+00:00,9.41398,80.47003,frp:firms_viirs_noaa20_nrt_india,2.38,331.51,0.0,,,,1,1,1,1,175895.20855560387,175895.20855560387,uncertain,uncertain_review_required,insufficient_evidence,0.4,{},,,
frp:siberia_wildfire:siberia_wildfire__4fff0f3b-bc89-4baf-8c7b-4b33aad77faa.zip:431,development,1993-06-07 16:08:54.123896+00:00,54.93665186129829,79.42657279946718,frp:siberia_wildfire,1.4426969294026886,285.23,2.055130313162564,0.0,0.0,0.0,2,2,2,2,205898.1915801078,205898.1915801078,uncertain,uncertain_review_required,insufficient_evidence,0.4,{},,,
frp:siberia_wildfire:siberia_wildfire__4fff0f3b-bc89-4baf-8c7b-4b33aad77faa.zip:692,development,1993-06-07 16:09:55.920831+00:00,58.51767485225707,77.94661280320372,frp:siberia_wildfire,4.92295366375302,302.35,0.5794324585908384,0.0,0.0,0.0,50,50,50,50,7055.529011648674,7055.529011648674,uncertain,uncertain_review_required,insufficient_evidence,0.4,{},,,
frp:amazon_basin:amazon_basin__223f36a9-bb1f-4a89-8925-9c35d15292fd.zip:83,development,1993-07-07 13:47:43.579299+00:00,-9.35066897639183,-63.24855784031274,frp:amazon_basin,13.321071856782824,322.48,2.2078942875893577,1.0,0.0,0.0,1,1,1,1,547666.919441184,547666.919441184,uncertain,uncertain_review_required,insufficient_evidence,0.4,{},,,
frp:central_africa_wildfire:central_africa_wildfire__127ffed6-bb4b-43b2-a61c-acb9bc1d13e3.zip:272,development,1993-06-07 20:54:15.738230+00:00,-7.5961239808216305,16.894120957346445,frp:central_africa_wildfire,1.0510742884076845,300.16,0.1795280285267608,0.0,0.0,0.0,9,9,9,9,497959.68184218457,497959.68184218457,uncertain,uncertain_review_required,insufficient_evidence,0.4,{},,,
frp:siberia_wildfire:siberia_wildfire__4fff0f3b-bc89-4baf-8c7b-4b33aad77faa.zip:588,development,1993-06-07 16:09:43.928092+00:00,57.79962985406996,76.77732680615588,frp:siberia_wildfire,6.500193970295765,291.77000000000004,11.1647317056457,0.0,0.0,0.0,4,4,4,4,21782.620474616993,21782.620474616993,uncertain,uncertain_review_required,insufficient_evidence,0.4,{},,,
frp:sentinel_frp_combined:siberia_wildfire__4fff0f3b-bc89-4baf-8c7b-4b33aad77faa.zip:3677,development,1993-06-07 16:09:24.758043+00:00,55.621989859567975,71.77753781877914,frp:sentinel_frp_combined,2.476457361291087,288.81,4.381473556975339,0.0,18.0,0.0,6,6,6,6,112387.27233122011,112387.27233122011,uncertain,uncertain_review_required,insufficient_evidence,0.4,{},,,
frp:amazon_basin:amazon_basin__1ca56dcb-14de-42ad-a977-68e3c0936a88.zip:60,development,1993-07-07 14:28:07.598090+00:00,-15.929741959781268,-72.49858281695867,frp:amazon_basin,8.02256334518413,315.67,1.6029576614148724,1.0,0.0,0.0,20,20,20,20,456814.17017566797,456814.17017566797,uncertain,uncertain_review_required,insufficient_evidence,0.4,{},,,
frp:sentinel_frp_combined:gulf_flaring__5354c465-ecde-4b9a-8a42-b93f56560577.zip:2414,development,1993-09-07 17:58:28.339824+00:00,31.94401391934912,54.034862863575086,frp:sentinel_frp_combined,3.6326355689320624,303.59000000000003,0.9135714669087868,0.0,0.0,0.0,2,2,2,2,243768.49600341098,243768.49600341098,uncertain,uncertain_review_required,insufficient_evidence,0.4,{},,,
frp:china_industrial:china_industrial__c1cd4b46-50c7-4dc6-b61f-79dd085a5792.zip:448,development,1993-09-07 13:37:08.376561+00:00,41.83528989437605,119.28739469882828,frp:china_industrial,5.435736747158083,303.64000000000004,0.8178790089953264,0.0,0.0,0.0,3,3,3,3,223633.06552403313,223633.06552403313,uncertain,uncertain_review_required,insufficient_evidence,0.4,{},,,
frp:china_industrial:china_industrial__c1cd4b46-50c7-4dc6-b61f-79dd085a5792.zip:506,development,1993-09-07 13:36:29.096502+00:00,39.02158490147997,117.49254370335984,frp:china_industrial,1.5765790545474931,297.92,1.5769213680101837,0.0,0.0,0.0,6,6,6,6,22649.15794171762,22649.15794171762,uncertain,uncertain_review_required,insufficient_evidence,0.4,{},,,
frp:firms_viirs_noaa20_nrt_india:firms_viirs_noaa20_nrt_india.csv:218,development,2026-08-31 08:30:00+00:00,17.77075,75.83885,frp:firms_viirs_noaa20_nrt_india,1.97,338.77,0.0,,,,0,0,0,0,330261.8471369354,330261.8471369354,uncertain,uncertain_review_required,insufficient_evidence,0.4,{},,,
frp:sentinel_frp_combined:central_africa_wildfire__127ffed6-bb4b-43b2-a61c-acb9bc1d13e3.zip:576,development,1993-06-07 20:52:04.053490+00:00,-15.835700960018698,17.466987955900095,frp:sentinel_frp_combined,0.6194247468489928,284.79,0.442703954650505,0.0,0.0,0.0,6,6,6,6,1062096.417844215,1062096.417844215,uncertain,uncertain_review_required,insufficient_evidence,0.4,{},,,
frp:siberia_wildfire:siberia_wildfire__557fbf27-71ca-4b9d-8f46-75fa42ea7c15.zip:935,development,1993-06-07 15:08:56.170554+00:00,58.55867685215355,79.98477579805785,frp:siberia_wildfire,1.2129831546561989,292.07,15.55102955021984,0.0,0.0,0.0,1,1,1,1,27554.053051894436,27554.053051894436,uncertain,uncertain_review_required,insufficient_evidence,0.4,{},,,
frp:sentinel_frp_combined:siberia_wildfire__557fbf27-71ca-4b9d-8f46-75fa42ea7c15.zip:4094,development,1993-06-07 15:08:40.499768+00:00,60.43957984740473,96.46770175644248,frp:sentinel_frp_combined,0.8869802366755288,281.39000000000004,0.18428505872741,0.0,4.0,0.0,27,27,27,27,2485.818015840391,2485.818015840391,uncertain,uncertain_review_required,insufficient_evidence,0.4,{},,,
frp:sentinel_frp_combined:amazon_basin__abb5665d-9dc6-422b-ab36-0e683ba688a3.zip:143,development,1993-07-07 13:49:19.266762+00:00,-13.694639965424358,-65.80681283385377,frp:sentinel_frp_combined,17.034002206703363,320.05,2.442071171690575,1.0,0.0,0.0,2,2,2,2,413346.86443369096,413346.86443369096,uncertain,uncertain_review_required,insufficient_evidence,0.4,{},,,
frp:gulf_flaring:gulf_flaring__249f7eaa-a006-4cd8-bf84-2e9a2f5a5565.zip:517,development,1993-09-06 07:09:26.087944+00:00,34.64048691254118,46.66260788218824,frp:gulf_flaring,17.063352527315093,337.79,2.894182702314327,1.0,0.0,0.0,0,0,0,0,79826.97795263404,79826.97795263404,uncertain,uncertain_review_required,insufficient_evidence,0.4,{},,,
frp:gulf_flaring:gulf_flaring__5e582e3c-6d99-4d34-8298-72ea8ec7e6f3.zip:1386,development,1993-09-06 18:24:14.202703+00:00,30.363161923340385,47.60760987980234,frp:gulf_flaring,1.252742252797549,306.18,1.0155579503812269,0.0,0.0,0.0,11,11,11,11,2939.833731339368,2939.833731339368,uncertain,uncertain_review_required,insufficient_evidence,0.4,{},,,
frp:gulf_flaring:gulf_flaring__249f7eaa-a006-4cd8-bf84-2e9a2f5a5565.zip:614,development,1993-09-06 07:08:42.615431+00:00,36.42408790803802,50.83576787165202,frp:gulf_flaring,5.611743547690239,313.38,1.0989502149802477,1.0,0.0,0.0,46,46,46,46,84514.73936732128,84514.73936732128,uncertain,uncertain_review_required,insufficient_evidence,0.4,{},,,
frp:central_africa_wildfire:central_africa_wildfire__127ffed6-bb4b-43b2-a61c-acb9bc1d13e3.zip:237,development,1993-06-07 20:54:33.677176+00:00,-7.511695981034791,24.679490937690275,frp:central_africa_wildfire,2.0795111789772576,297.3,0.2428169699526938,0.0,0.0,0.0,2,2,2,2,754815.8948228112,754815.8948228112,uncertain,uncertain_review_required,insufficient_evidence,0.4,{},,,
frp:firms_viirs_noaa20_nrt_india:firms_viirs_noaa20_nrt_india.csv:921,development,2026-09-02 07:50:00+00:00,8.62666,80.80608,frp:firms_viirs_noaa20_nrt_india,9.67,339.17,0.0,,,,15,15,15,15,207634.5625714985,207634.5625714985,uncertain,uncertain_review_required,insufficient_evidence,0.4,{},,,
frp:firms_modis_nrt_india:firms_modis_nrt_india.csv:45,development,2026-09-01 09:58:00+00:00,15.82576,79.85383,frp:firms_modis_nrt_india,16.92,327.58,0.0,,,,1,1,1,1,116998.49724739941,116998.49724739941,uncertain,uncertain_review_required,insufficient_evidence,0.4,{},,,
frp:firms_viirs_noaa20_nrt_india:firms_viirs_noaa20_nrt_india.csv:199,development,2026-08-31 08:28:00+00:00,10.76564,78.65233,frp:firms_viirs_noaa20_nrt_india,5.89,338.36,0.0,,,,1,1,1,1,71704.45538732084,71704.45538732084,uncertain,uncertain_review_required,insufficient_evidence,0.4,{},,,
frp:firms_viirs_snpp_nrt_india:firms_viirs_snpp_nrt_india.csv:75,development,2026-08-31 08:07:00+00:00,8.51151,80.56882,frp:firms_viirs_snpp_nrt_india,4.3,332.96,0.0,,,,0,0,0,0,185260.4828033671,185260.4828033671,uncertain,uncertain_review_required,insufficient_evidence,0.4,{},,,
frp:central_africa_wildfire:central_africa_wildfire__127ffed6-bb4b-43b2-a61c-acb9bc1d13e3.zip:611,development,1993-06-07 20:54:20.488808+00:00,-7.5102309810384895,22.90514094217008,frp:central_africa_wildfire,5.156035757728135,288.6,11.772266747067723,0.0,0.0,0.0,13,13,13,13,881770.167988925,881770.167988925,uncertain,uncertain_review_required,insufficient_evidence,0.4,{},,,
frp:firms_viirs_snpp_nrt_india:firms_viirs_snpp_nrt_india.csv:463,development,2026-09-01 07:56:00+00:00,30.14654,67.36202,frp:firms_viirs_snpp_nrt_india,6.34,336.1,0.0,,,,0,0,0,0,210759.79701207418,210759.79701207418,uncertain,uncertain_review_required,insufficient_evidence,0.4,{},,,
frp:sentinel_frp_combined:china_industrial__7ec3e6ea-d3da-4f48-9cb5-4105fb7e4a8b.zip:1403,development,1993-09-07 12:56:07.038895+00:00,34.48651091292993,133.7031136624321,frp:sentinel_frp_combined,3.0047656197503305,297.04,16.051997257715474,0.0,0.0,0.0,16,16,16,16,180220.63140501778,180220.63140501778,uncertain,uncertain_review_required,insufficient_evidence,0.4,{},,,
frp:sentinel_frp_combined:central_africa_wildfire__127ffed6-bb4b-43b2-a61c-acb9bc1d13e3.zip:639,development,1993-06-07 20:53:45.099644+00:00,-9.199413976773712,21.978062944510725,frp:sentinel_frp_combined,1.7287185737811082,296.65000000000003,0.3355946586759875,0.0,0.0,0.0,2,2,2,2,846998.2470808078,846998.2470808078,uncertain,uncertain_review_required,insufficient_evidence,0.4,{},,,
frp:siberia_wildfire:siberia_wildfire__4fff0f3b-bc89-4baf-8c7b-4b33aad77faa.zip:526,development,1993-06-07 16:09:55.603790+00:00,58.09391485332696,82.2713537922848,frp:siberia_wildfire,4.03025532598219,312.26,0.4156238691051083,0.0,15.0,0.0,59,59,59,59,164677.6838083475,164677.6838083475,uncertain,uncertain_review_required,insufficient_evidence,0.4,{},,,
frp:firms_viirs_snpp_nrt_india:firms_viirs_snpp_nrt_india.csv:631,development,2026-09-02 07:29:00+00:00,7.86967,80.6083,frp:firms_viirs_snpp_nrt_india,10.48,367.0,0.0,,,,7,7,7,7,124100.62289001903,124100.62289001903,uncertain,uncertain_review_required,insufficient_evidence,0.4,{},,,
frp:gulf_flaring:gulf_flaring__5c707fc0-3bc2-403e-a422-43b891010fe9.zip:1009,development,1993-09-07 17:57:40.363864+00:00,27.7123269300331,52.14343486835048,frp:gulf_flaring,2.388842264832978,304.39000000000004,1.3996922239293572,0.0,0.0,3.0,20,20,20,20,3371.8261892725836,3371.8261892725836,uncertain,uncertain_review_required,insufficient_evidence,0.4,{},,,
frp:central_africa_wildfire:central_africa_wildfire__0beec313-bad6-4801-9725-7642c0f06960.zip:104,development,1993-06-07 21:35:28.013742+00:00,-0.7049629982201395,12.490611968464236,frp:central_africa_wildfire,4.546310497293626,292.36,0.8535776466910641,0.0,0.0,0.0,53,53,53,53,253160.35811798583,253160.35811798583,uncertain,uncertain_review_required,insufficient_evidence,0.4,{},,,
frp:gulf_flaring:gulf_flaring__5354c465-ecde-4b9a-8a42-b93f56560577.zip:932,development,1993-09-07 17:59:19.649166+00:00,34.374759913212074,51.71025686944415,frp:gulf_flaring,7.108900219102189,303.8,4.415739552827523,0.0,790.0,706.0,20,20,20,20,45506.2868328815,45506.2868328815,uncertain,uncertain_review_required,insufficient_evidence,0.4,{},,,
frp:central_africa_wildfire:central_africa_wildfire__0beec313-bad6-4801-9725-7642c0f06960.zip:49,development,1993-06-07 21:35:31.307494+00:00,-1.040440997373139,13.621557965608872,frp:central_africa_wildfire,6.105947614245568,291.95000000000005,1.3236653308492323,0.0,0.0,0.0,14,14,14,14,375286.2892109394,375286.2892109394,uncertain,uncertain_review_required,insufficient_evidence,0.4,{},,,
frp:central_africa_wildfire:central_africa_wildfire__127ffed6-bb4b-43b2-a61c-acb9bc1d13e3.zip:516,development,1993-06-07 20:53:46.308446+00:00,-8.95688897738603,20.78843794751424,frp:central_africa_wildfire,1.957457671520635,291.67,1.6580949895806436,0.0,0.0,0.0,5,5,5,5,945036.8378877641,945036.8378877641,uncertain,uncertain_review_required,insufficient_evidence,0.4,{},,,
frp:china_industrial:china_industrial__4af2f910-78e7-4124-ab1d-03549a936323.zip:294,development,1993-09-07 14:36:51.855954+00:00,33.43954991557325,104.8556967352648,frp:china_industrial,1.6457174207412288,283.58000000000004,0.7165538205261841,0.0,0.0,0.0,4,4,4,4,244554.24744521527,244554.24744521527,uncertain,uncertain_review_required,insufficient_evidence,0.4,{},,,
frp:gulf_flaring:gulf_flaring__06ea85e3-0e01-4c85-b788-ed0287e7ac6d.zip:131,development,1993-09-06 19:03:51.863679+00:00,31.195403921239176,48.05179787868087,frp:gulf_flaring,4.931274795677626,298.64000000000004,5.69161378690359,0.0,0.0,0.0,15,15,15,15,10471.662012607227,10471.662012607227,uncertain,uncertain_review_required,insufficient_evidence,0.4,{},,,
frp:siberia_wildfire:siberia_wildfire__4fff0f3b-bc89-4baf-8c7b-4b33aad77faa.zip:473,development,1993-06-07 16:09:23.254347+00:00,55.764993859206925,72.49490081696797,frp:siberia_wildfire,9.407494588004276,293.77000000000004,3.212067877502112,0.0,0.0,0.0,11,11,11,11,90486.45804744562,90486.45804744562,uncertain,uncertain_review_required,insufficient_evidence,0.4,{},,,
frp:sentinel_frp_combined:central_africa_wildfire__0beec313-bad6-4801-9725-7642c0f06960.zip:270,development,1993-06-07 21:35:32.206955+00:00,-1.0527919973419555,13.72466196534856,frp:sentinel_frp_combined,5.013108164774695,291.27000000000004,1.1496626071343057,0.0,0.0,0.0,23,23,23,23,386730.1222837254,386730.1222837254,uncertain,uncertain_review_required,insufficient_evidence,0.4,{},,,
frp:china_industrial:china_industrial__7ec3e6ea-d3da-4f48-9cb5-4105fb7e4a8b.zip:340,development,1993-09-07 12:56:07.338798+00:00,34.49504591290838,133.7030246624323,frp:china_industrial,9.6931536842792,297.77000000000004,65.37893209154936,0.0,0.0,0.0,28,28,28,28,180471.46119162618,180471.46119162618,uncertain,uncertain_review_required,insufficient_evidence,0.4,{},,,
frp:sentinel_frp_combined:gulf_flaring__06ea85e3-0e01-4c85-b788-ed0287e7ac6d.zip:1753,development,1993-09-06 19:03:32.068387+00:00,30.519877922944715,47.322447880522304,frp:sentinel_frp_combined,11.809052324739234,312.04,1.355355653653169,0.0,0.0,0.0,18,18,18,18,2854.445754933912,2854.445754933912,uncertain,uncertain_review_required,insufficient_evidence,0.4,{},,,
frp:sentinel_frp_combined:amazon_basin__abb5665d-9dc6-422b-ab36-0e683ba688a3.zip:138,development,1993-07-07 13:48:18.401925+00:00,-13.392812966186398,-61.07463484580137,frp:sentinel_frp_combined,5.717326956914957,314.52000000000004,1.2651481669865186,1.0,0.0,0.0,5,5,5,5,515104.5207494875,515104.5207494875,uncertain,uncertain_review_required,insufficient_evidence,0.4,{},,,
frp:gulf_flaring:gulf_flaring__07554d1c-45ab-471f-bda9-f460f68ae9e0.zip:473,development,1993-09-07 18:37:05.748380+00:00,31.281757921021157,48.10488887854683,frp:gulf_flaring,1.8367740143072748,301.91,2.0871169088823875,0.0,0.0,0.0,21,21,21,21,1576.2338520681512,1576.2338520681512,uncertain,uncertain_review_required,insufficient_evidence,0.4,{},,,
frp:siberia_wildfire:siberia_wildfire__4fff0f3b-bc89-4baf-8c7b-4b33aad77faa.zip:328,development,1993-06-07 16:08:44.269158+00:00,52.61591386715759,71.58979481925314,frp:siberia_wildfire,5.62716408326334,293.89000000000004,14.797849473349476,0.0,0.0,0.0,26,26,26,26,296253.6846291088,296253.6846291088,uncertain,uncertain_review_required,insufficient_evidence,0.4,{},,,
frp:firms_viirs_noaa20_nrt_india:firms_viirs_noaa20_nrt_india.csv:772,development,2026-09-01 20:40:00+00:00,27.79342,75.33019,frp:firms_viirs_noaa20_nrt_india,0.88,305.85,0.0,,,,0,0,0,0,238077.25579441944,238077.25579441944,uncertain,uncertain_review_required,insufficient_evidence,0.4,{},,,
frp:central_africa_wildfire:central_africa_wildfire__127ffed6-bb4b-43b2-a61c-acb9bc1d13e3.zip:235,development,1993-06-07 20:54:00.399669+00:00,-8.29995797904462,21.689016945240496,frp:central_africa_wildfire,43.39982443353307,312.35,6.108742758538096,0.0,5.0,0.0,13,13,13,13,928230.69902969,928230.69902969,uncertain,uncertain_review_required,insufficient_evidence,0.4,{},,,
frp:siberia_wildfire:siberia_wildfire__e868eda1-2872-460a-9018-a302eff3e322.zip:1408,development,1993-06-07 15:10:57.045016+00:00,66.99136583086306,76.54442980674389,frp:siberia_wildfire,4.157783213528102,284.58000000000004,1.72526390004403,1.0,0.0,0.0,4,4,4,4,11550.416633779601,11550.416633779601,uncertain,uncertain_review_required,insufficient_evidence,0.4,{},,,
frp:firms_viirs_noaa20_nrt_india:firms_viirs_noaa20_nrt_india.csv:307,development,2026-09-01 06:27:00+00:00,4.24858,96.12131,frp:firms_viirs_noaa20_nrt_india,19.3,356.31,0.0,,,,15,15,15,15,151137.61895804643,151137.61895804643,uncertain,uncertain_review_required,insufficient_evidence,0.4,{},,,
frp:sentinel_frp_combined:china_industrial__0d7ba0c0-c144-44dc-bad0-007997140ad8.zip:1077,development,1993-09-07 14:33:42.884722+00:00,21.225380946411065,105.31054373411644,frp:sentinel_frp_combined,3.815534062190546,297.18,1.085179632237729,0.0,0.0,0.0,18,18,18,18,213224.41284412824,213224.41284412824,uncertain,uncertain_review_required,insufficient_evidence,0.4,{},,,
frp:amazon_basin:amazon_basin__223f36a9-bb1f-4a89-8925-9c35d15292fd.zip:95,development,1993-07-07 13:47:49.057346+00:00,-12.118104969404726,-54.11701286336768,frp:amazon_basin,13.366021417345625,319.27000000000004,2.053579706998637,1.0,0.0,0.0,7,7,7,7,1201088.8814339982,1201088.8814339982,uncertain,uncertain_review_required,insufficient_evidence,0.4,{},,,
frp:siberia_wildfire:siberia_wildfire__4fff0f3b-bc89-4baf-8c7b-4b33aad77faa.zip:795,development,1993-06-07 16:10:33.116830+00:00,60.650064846873306,77.46903580440949,frp:siberia_wildfire,5.085247650174894,303.35,0.729201255068651,0.0,0.0,2.0,5,5,5,5,19405.40350600598,19405.40350600598,uncertain,uncertain_review_required,insufficient_evidence,0.4,{},,,
frp:firms_modis_nrt_india:firms_modis_nrt_india.csv:75,development,2026-09-02 03:32:00+00:00,9.42805,80.39365,frp:firms_modis_nrt_india,6.72,318.82,0.0,,,,32,32,32,32,171011.75685392498,171011.75685392498,uncertain,uncertain_review_required,insufficient_evidence,0.4,{},,,
frp:sentinel_frp_combined:siberia_wildfire__7b9d0178-7a9b-4f6d-84f2-e2ad5d35ae5d.zip:4205,development,1993-06-07 13:28:42.937680+00:00,62.261562842804665,104.84986273527954,frp:sentinel_frp_combined,0.7693840153291953,285.37,0.3534700758901754,0.0,0.0,0.0,29,29,29,29,206447.46166126235,206447.46166126235,uncertain,uncertain_review_required,insufficient_evidence,0.4,{},,,
frp:siberia_wildfire:siberia_wildfire__b8f339af-5277-4545-be45-00e778ba15bd.zip:1200,development,1993-06-07 14:28:26.469886+00:00,55.97284685868215,97.88778075285713,frp:siberia_wildfire,2.268798090349287,285.32,3.92269016259587,0.0,0.0,0.0,37,37,37,37,276942.10724124603,276942.10724124603,uncertain,uncertain_review_required,insufficient_evidence,0.4,{},,,
frp:firms_viirs_snpp_nrt_india:firms_viirs_snpp_nrt_india.csv:665,development,2026-09-02 07:29:00+00:00,8.43836,80.78616,frp:firms_viirs_snpp_nrt_india,5.6,346.04,0.0,,,,12,12,12,12,188114.35119873803,188114.35119873803,uncertain,uncertain_review_required,insufficient_evidence,0.4,{},,,
frp:sentinel_frp_combined:china_industrial__7ec3e6ea-d3da-4f48-9cb5-4105fb7e4a8b.zip:1432,development,1993-09-07 12:57:05.580715+00:00,36.97828390663881,126.67754068016995,frp:sentinel_frp_combined,2.8004853949184927,293.57,10.469011831692963,0.0,0.0,2.0,9,9,9,9,27774.560307970507,27774.560307970507,uncertain,uncertain_review_required,insufficient_evidence,0.4,{},,,
frp:siberia_wildfire:siberia_wildfire__4fff0f3b-bc89-4baf-8c7b-4b33aad77faa.zip:66,development,1993-06-07 16:09:23.254265+00:00,55.769631859195215,72.50945381693123,frp:siberia_wildfire,13.063885870823734,311.8,1.6778501539890756,0.0,0.0,0.0,5,5,5,5,90415.84089089445,90415.84089089445,uncertain,uncertain_review_required,insufficient_evidence,0.4,{},,,
frp:sentinel_frp_combined:central_africa_wildfire__127ffed6-bb4b-43b2-a61c-acb9bc1d13e3.zip:926,development,1993-06-07 20:54:16.944382+00:00,-7.771476980378907,16.212998959066113,frp:sentinel_frp_combined,2.935103624952606,288.74,0.4420819839723618,0.0,0.0,0.0,26,26,26,26,426352.96309692337,426352.96309692337,uncertain,uncertain_review_required,insufficient_evidence,0.4,{},,,
frp:siberia_wildfire:siberia_wildfire__4fff0f3b-bc89-4baf-8c7b-4b33aad77faa.zip:383,development,1993-06-07 16:08:40.034028+00:00,54.06949386348765,77.88467780336009,frp:siberia_wildfire,7.0940599987644894,301.21000000000004,0.8132659792720459,0.0,0.0,1.0,38,38,38,38,198909.70169983935,198909.70169983935,uncertain,uncertain_review_required,insufficient_evidence,0.4,{},,,
frp:firms_viirs_noaa20_nrt_india:firms_viirs_noaa20_nrt_india.csv:677,development,2026-09-01 08:09:00+00:00,12.69653,75.9088,frp:firms_viirs_noaa20_nrt_india,7.3,340.08,0.0,,,,0,0,0,0,118318.12616691136,118318.12616691136,uncertain,uncertain_review_required,insufficient_evidence,0.4,{},,,
frp:gulf_flaring:gulf_flaring__5354c465-ecde-4b9a-8a42-b93f56560577.zip:865,development,1993-09-07 18:00:17.202304+00:00,38.73356690220714,56.905704856326906,frp:gulf_flaring,4.169118959891467,294.93,0.5989669251285015,0.0,0.0,0.0,16,16,16,16,117181.90370849503,117181.90370849503,uncertain,uncertain_review_required,insufficient_evidence,0.4,{},,,
frp:siberia_wildfire:siberia_wildfire__7b9d0178-7a9b-4f6d-84f2-e2ad5d35ae5d.zip:1058,development,1993-06-07 13:28:45.039049+00:00,62.25293384282645,104.42937573634116,frp:siberia_wildfire,1.7192280955072097,285.14000000000004,0.3318774850538865,0.0,0.0,0.0,15,15,15,15,226867.31692388994,226867.31692388994,uncertain,uncertain_review_required,insufficient_evidence,0.4,{},,,
frp:firms_viirs_snpp_nrt_india:firms_viirs_snpp_nrt_india.csv:269,development,2026-09-01 07:50:00+00:00,7.86625,81.44823,frp:firms_viirs_snpp_nrt_india,9.31,343.45,0.0,,,,0,0,0,0,192911.4919993955,192911.4919993955,uncertain,uncertain_review_required,insufficient_evidence,0.4,{},,,
frp:sentinel_frp_combined:china_industrial__c1cd4b46-50c7-4dc6-b61f-79dd085a5792.zip:1533,development,1993-09-07 13:35:16.207096+00:00,34.40358891313929,117.96758370216048,frp:sentinel_frp_combined,3.9272925684246895,299.73,0.7178560147160762,0.0,0.0,0.0,1,1,1,1,91079.25998914859,91079.25998914859,uncertain,uncertain_review_required,insufficient_evidence,0.4,{},,,
frp:firms_viirs_noaa20_nrt_india:firms_viirs_noaa20_nrt_india.csv:283,development,2026-08-31 20:59:00+00:00,24.65826,73.87632,frp:firms_viirs_noaa20_nrt_india,0.81,305.2,0.0,,,,0,0,0,0,193800.74062904745,193800.74062904745,uncertain,uncertain_review_required,insufficient_evidence,0.4,{},,,
frp:amazon_basin:amazon_basin__ee63b406-431f-44b5-afe5-b345d151571d.zip:242,development,1993-07-07 14:26:55.359660+00:00,-12.806494967666708,-64.63317583681692,frp:amazon_basin,16.89456948827533,326.79,1.9586563327450328,1.0,0.0,2.0,1,1,1,1,471681.57293039316,471681.57293039316,uncertain,uncertain_review_required,insufficient_evidence,0.4,{},,,
frp:siberia_wildfire:siberia_wildfire__7b9d0178-7a9b-4f6d-84f2-e2ad5d35ae5d.zip:1004,development,1993-06-07 13:28:41.737247+00:00,62.25102884283126,105.00567273488616,frp:siberia_wildfire,0.9817505014190744,284.74,0.771314666221539,0.0,0.0,0.0,24,24,24,24,198450.5121080515,198450.5121080515,uncertain,uncertain_review_required,insufficient_evidence,0.4,{},,,
frp:firms_viirs_snpp_nrt_india:firms_viirs_snpp_nrt_india.csv:696,development,2026-09-02 07:29:00+00:00,8.62972,80.6591,frp:firms_viirs_snpp_nrt_india,6.08,341.84,0.0,,,,14,14,14,14,201170.2190481356,201170.2190481356,uncertain,uncertain_review_required,insufficient_evidence,0.4,{},,,
frp:siberia_wildfire:siberia_wildfire__b8f339af-5277-4545-be45-00e778ba15bd.zip:1196,development,1993-06-07 14:28:26.169901+00:00,55.9645488587031,97.89380975284188,frp:siberia_wildfire,3.3405125265206803,286.0,36.94303574189284,0.0,0.0,0.0,29,29,29,29,276741.3617345526,276741.3617345526,uncertain,uncertain_review_required,insufficient_evidence,0.4,{},,,
frp:firms_viirs_snpp_nrt_india:firms_viirs_snpp_nrt_india.csv:194,development,2026-08-31 20:44:00+00:00,8.11194,79.87071,frp:firms_viirs_snpp_nrt_india,2.58,322.48,0.0,,,,1,1,1,1,128456.01743036511,128456.01743036511,uncertain,uncertain_review_required,insufficient_evidence,0.4,{},,,
frp:sentinel_frp_combined:gulf_flaring__249f7eaa-a006-4cd8-bf84-2e9a2f5a5565.zip:2286,development,1993-09-06 07:10:16.505308+00:00,31.03171992165244,48.27051587812866,frp:sentinel_frp_combined,6.168108190951132,323.76,2.062134736683109,1.0,0.0,0.0,1,1,1,1,11505.773396668721,11505.773396668721,uncertain,uncertain_review_required,insufficient_evidence,0.4,{},,,
frp:sentinel_frp_combined:gulf_flaring__249f7eaa-a006-4cd8-bf84-2e9a2f5a5565.zip:2196,development,1993-09-06 07:10:25.194212+00:00,30.81344092220354,46.78010888189158,frp:sentinel_frp_combined,44.24251038210827,356.26,7.095130107779505,1.0,0.0,0.0,0,0,0,0,17216.473882143408,17216.473882143408,uncertain,uncertain_review_required,insufficient_evidence,0.4,{},,,
frp:sentinel_frp_combined:central_africa_wildfire__127ffed6-bb4b-43b2-a61c-acb9bc1d13e3.zip:409,development,1993-06-07 20:51:42.748801+00:00,-16.831045957505694,18.35830695364973,frp:sentinel_frp_combined,1.038628856932484,295.66,0.1688647102195823,0.0,0.0,0.0,0,0,0,0,1186277.5591525414,1186277.5591525414,uncertain,uncertain_review_required,insufficient_evidence,0.4,{},,,
frp:sentinel_frp_combined:siberia_wildfire__b8f339af-5277-4545-be45-00e778ba15bd.zip:4443,development,1993-06-07 14:28:55.524401+00:00,58.20433985304817,106.5418077310078,frp:sentinel_frp_combined,1.6531873039584124,279.44,2.0782448049264146,0.0,0.0,0.0,6,6,6,6,3643.3780434457267,3643.3780434457267,uncertain,uncertain_review_required,insufficient_evidence,0.4,{},,,
frp:sentinel_frp_combined:gulf_flaring__5354c465-ecde-4b9a-8a42-b93f56560577.zip:2429,development,1993-09-07 17:58:54.457167+00:00,32.40712191817988,51.2938418704955,frp:sentinel_frp_combined,2.6615075603445413,293.72,10.43784040264342,0.0,1.0,0.0,5,5,5,5,161671.13701294313,161671.13701294313,uncertain,uncertain_review_required,insufficient_evidence,0.4,{},,,
frp:central_africa_wildfire:central_africa_wildfire__127ffed6-bb4b-43b2-a61c-acb9bc1d13e3.zip:647,development,1993-06-07 20:54:16.343827+00:00,-7.7806169803558305,16.281994958891914,frp:central_africa_wildfire,3.7831593461138686,288.59000000000003,0.5738036904739515,0.0,0.0,0.0,5,5,5,5,434021.62466234795,434021.62466234795,uncertain,uncertain_review_required,insufficient_evidence,0.4,{},,,
frp:sentinel_frp_combined:central_africa_wildfire__91d9ed43-4cf6-47d5-bb87-1a1f26dd72d3.zip:1025,development,1993-06-07 21:35:54.127246+00:00,1.610267995934464,9.8259349751919,frp:sentinel_frp_combined,4.269930546420345,293.11,0.7527298727066394,0.0,0.0,0.0,43,43,43,43,47459.088116791085,47459.088116791085,uncertain,uncertain_review_required,insufficient_evidence,0.4,{},,,
frp:firms_modis_nrt_india:firms_modis_nrt_india.csv:72,development,2026-09-02 03:28:00+00:00,31.46483,92.0632,frp:firms_modis_nrt_india,20.06,305.46,0.0,,,,0,0,0,0,531757.67063639,531757.67063639,uncertain,uncertain_review_required,insufficient_evidence,0.4,{},,,
frp:sentinel_frp_combined:gulf_flaring__5e582e3c-6d99-4d34-8298-72ea8ec7e6f3.zip:3037,development,1993-09-06 18:24:15.704849+00:00,30.34827592337797,47.31490788054134,frp:sentinel_frp_combined,1.2708197829442758,304.73,8.703078590163432,0.0,0.0,0.0,19,19,19,19,2448.6422129790667,2448.6422129790667,uncertain,uncertain_review_required,insufficient_evidence,0.4,{},,,
frp:sentinel_frp_combined:siberia_wildfire__4fff0f3b-bc89-4baf-8c7b-4b33aad77faa.zip:3503,development,1993-06-07 16:08:44.269320+00:00,52.58757786722913,71.5574908193347,frp:sentinel_frp_combined,3.0703723954548146,294.34000000000003,5.2067644906042,0.0,0.0,0.0,27,27,27,27,299983.7313743423,299983.7313743423,uncertain,uncertain_review_required,insufficient_evidence,0.4,{},,,
frp:sentinel_frp_combined:central_africa_wildfire__127ffed6-bb4b-43b2-a61c-acb9bc1d13e3.zip:650,development,1993-06-07 20:53:51.693919+00:00,-9.012269977246206,22.680687942736768,frp:sentinel_frp_combined,2.0388561227185558,289.13,3.6380937446452672,0.0,0.0,0.0,13,13,13,13,793500.1742550574,793500.1742550574,uncertain,uncertain_review_required,insufficient_evidence,0.4,{},,,
frp:firms_viirs_noaa20_nrt_india:firms_viirs_noaa20_nrt_india.csv:178,development,2026-08-31 08:28:00+00:00,9.33629,76.59998,frp:firms_viirs_noaa20_nrt_india,2.3,331.62,0.0,,,,0,0,0,0,73250.41673607874,73250.41673607874,uncertain,uncertain_review_required,insufficient_evidence,0.4,{},,,
frp:sentinel_frp_combined:central_africa_wildfire__127ffed6-bb4b-43b2-a61c-acb9bc1d13e3.zip:770,development,1993-06-07 20:53:46.308446+00:00,-8.94886397740629,20.795256947497023,frp:sentinel_frp_combined,13.461966195482146,291.67,11.40316987470059,0.0,0.0,0.0,9,9,9,9,945597.336718977,945597.336718977,uncertain,uncertain_review_required,insufficient_evidence,0.4,{},,,
frp:gulf_flaring:gulf_flaring__06ea85e3-0e01-4c85-b788-ed0287e7ac6d.zip:42,development,1993-09-06 19:03:45.865691+00:00,31.098994921482586,47.65346987968656,frp:gulf_flaring,56.35618409144151,300.24,17.253360111041847,0.0,0.0,0.0,57,57,57,57,3200.1174316150277,3200.1174316150277,uncertain,uncertain_review_required,insufficient_evidence,0.4,{},,,
frp:sentinel_frp_combined:central_africa_wildfire__127ffed6-bb4b-43b2-a61c-acb9bc1d13e3.zip:976,development,1993-06-07 20:54:20.816521+00:00,-6.880666982627986,19.206838951507397,frp:sentinel_frp_combined,1.7743853752628824,289.96000000000004,2.671772124473537,0.0,0.0,0.0,18,18,18,18,739314.5456142324,739314.5456142324,uncertain,uncertain_review_required,insufficient_evidence,0.4,{},,,
frp:sentinel_frp_combined:china_industrial__c1cd4b46-50c7-4dc6-b61f-79dd085a5792.zip:1549,development,1993-09-07 13:35:39.914736+00:00,35.18143391117542,116.38773370614922,frp:sentinel_frp_combined,1.814582566385738,294.98,0.8308669444085679,0.0,0.0,0.0,2,2,2,2,81584.49237945474,81584.49237945474,uncertain,uncertain_review_required,insufficient_evidence,0.4,{},,,
frp:gulf_flaring:gulf_flaring__5354c465-ecde-4b9a-8a42-b93f56560577.zip:794,development,1993-09-07 17:58:55.057139+00:00,32.434445918110896,51.28697687051283,frp:gulf_flaring,3.493791289600273,295.72,8.138975833956701,0.0,1.0,0.0,27,27,27,27,162139.0520794955,162139.0520794955,uncertain,uncertain_review_required,insufficient_evidence,0.4,{},,,
frp:firms_viirs_snpp_nrt_india:firms_viirs_snpp_nrt_india.csv:447,development,2026-09-01 07:50:00+00:00,13.20734,79.73056,frp:firms_viirs_snpp_nrt_india,3.71,330.12,0.0,,,,0,0,0,0,60186.58284897407,60186.58284897407,uncertain,uncertain_review_required,insufficient_evidence,0.4,{},,,
frp:central_africa_wildfire:central_africa_wildfire__127ffed6-bb4b-43b2-a61c-acb9bc1d13e3.zip:460,development,1993-06-07 20:54:06.086064+00:00,-8.54122897843547,23.6417979403102,frp:central_africa_wildfire,1.6961808811952452,288.43,6.353790719115008,0.0,0.0,0.0,2,2,2,2,743906.554394254,743906.554394254,uncertain,uncertain_review_required,insufficient_evidence,0.4,{},,,
frp:firms_viirs_snpp_nrt_india:firms_viirs_snpp_nrt_india.csv:692,development,2026-09-02 07:29:00+00:00,8.59681,80.66502,frp:firms_viirs_snpp_nrt_india,3.05,332.41,0.0,,,,15,15,15,15,198054.91492502508,198054.91492502508,uncertain,uncertain_review_required,insufficient_evidence,0.4,{},,,
frp:gulf_flaring:gulf_flaring__5354c465-ecde-4b9a-8a42-b93f56560577.zip:841,development,1993-09-07 18:00:16.602728+00:00,38.69664990230035,56.852887856460256,frp:gulf_flaring,2.35542777458427,295.88,0.3255645197067268,0.0,0.0,0.0,33,33,33,33,123250.30874530031,123250.30874530031,uncertain,uncertain_review_required,insufficient_evidence,0.4,{},,,
frp:siberia_wildfire:siberia_wildfire__4fff0f3b-bc89-4baf-8c7b-4b33aad77faa.zip:782,development,1993-06-07 16:10:31.916712+00:00,60.57971284705093,77.54783780421053,frp:siberia_wildfire,3.463378843765932,291.16,109.59113307529954,0.0,0.0,0.0,2,2,2,2,27753.92362964035,27753.92362964035,uncertain,uncertain_review_required,insufficient_evidence,0.4,{},,,
frp:sentinel_frp_combined:gulf_flaring__5e582e3c-6d99-4d34-8298-72ea8ec7e6f3.zip:2907,development,1993-09-06 18:22:51.400945+00:00,25.685147935151235,49.50478487501243,frp:sentinel_frp_combined,2.155213732517129,300.56,1.9280547300682376,0.0,0.0,0.0,4,4,4,4,8142.379704323195,8142.379704323195,uncertain,uncertain_review_required,insufficient_evidence,0.4,{},,,
frp:china_industrial:china_industrial__4af2f910-78e7-4124-ab1d-03549a936323.zip:291,development,1993-09-07 14:36:51.856198+00:00,33.423879915612815,104.8262747353391,frp:china_industrial,1.4436234709868878,283.43,0.641395463997933,0.0,0.0,0.0,9,9,9,9,243173.1114734439,243173.1114734439,uncertain,uncertain_review_required,insufficient_evidence,0.4,{},,,
frp:siberia_wildfire:siberia_wildfire__4fff0f3b-bc89-4baf-8c7b-4b33aad77faa.zip:77,development,1993-06-07 16:09:55.304133+00:00,58.09916385331371,82.18922379249216,frp:siberia_wildfire,6.996062892877539,302.64000000000004,0.8248303943069567,0.0,10.0,0.0,67,67,67,67,159870.69027654314,159870.69027654314,uncertain,uncertain_review_required,insufficient_evidence,0.4,{},,,
frp:sentinel_frp_combined:gulf_flaring__5e582e3c-6d99-4d34-8298-72ea8ec7e6f3.zip:2845,development,1993-09-06 18:24:25.901889+00:00,31.067410921562328,47.45759888018108,frp:sentinel_frp_combined,2.423186710786672,308.89000000000004,0.3427987761304821,0.0,0.0,0.0,1,1,1,1,15230.286976179303,15230.286976179303,uncertain,uncertain_review_required,insufficient_evidence,0.4,{},,,
frp:sentinel_frp_combined:siberia_wildfire__4fff0f3b-bc89-4baf-8c7b-4b33aad77faa.zip:3809,development,1993-06-07 16:09:55.917113+00:00,58.492443852320775,78.82455680098712,frp:sentinel_frp_combined,4.773138105498811,291.37,2.8403397066472924,0.0,70.0,0.0,20,20,20,20,26735.05410019012,26735.05410019012,uncertain,uncertain_review_required,insufficient_evidence,0.4,{},,,
frp:sentinel_frp_combined:siberia_wildfire__557fbf27-71ca-4b9d-8f46-75fa42ea7c15.zip:4069,development,1993-06-07 15:07:58.548474+00:00,57.51465285478946,87.04589878023023,frp:sentinel_frp_combined,1.3554006740449598,294.14000000000004,5.879215679641452,0.0,0.0,0.0,4,4,4,4,144986.07324001883,144986.07324001883,uncertain,uncertain_review_required,insufficient_evidence,0.4,{},,,
frp:siberia_wildfire:siberia_wildfire__e868eda1-2872-460a-9018-a302eff3e322.zip:1392,development,1993-06-07 15:09:45.927954+00:00,64.23804983781451,85.69836178363244,frp:siberia_wildfire,1.03619892702481,289.32,0.2063587340175652,0.0,0.0,0.0,5,5,5,5,201200.26426499675,201200.26426499675,uncertain,uncertain_review_required,insufficient_evidence,0.4,{},,,
frp:sentinel_frp_combined:siberia_wildfire__7b9d0178-7a9b-4f6d-84f2-e2ad5d35ae5d.zip:4316,development,1993-06-07 13:29:03.892065+00:00,65.49282083464652,114.38871271119626,frp:sentinel_frp_combined,0.5921887257680692,277.39000000000004,1.0040540269681788,0.0,0.0,0.0,24,24,24,24,299029.49070002895,299029.49070002895,uncertain,uncertain_review_required,insufficient_evidence,0.4,{},,,
frp:firms_viirs_snpp_nrt_india:firms_viirs_snpp_nrt_india.csv:36,development,2026-08-31 08:07:00+00:00,7.94456,81.30545,frp:firms_viirs_snpp_nrt_india,20.34,367.0,0.0,,,,0,0,0,0,184690.23957010597,184690.23957010597,uncertain,uncertain_review_required,insufficient_evidence,0.4,{},,,
frp:gulf_flaring:gulf_flaring__5354c465-ecde-4b9a-8a42-b93f56560577.zip:891,development,1993-09-07 18:00:17.202795+00:00,38.742430902184765,56.82568085652895,frp:gulf_flaring,3.8695079518742057,292.92,0.6137710928840572,0.0,0.0,0.0,48,48,48,48,120874.67858746053,120874.67858746053,uncertain,uncertain_review_required,insufficient_evidence,0.4,{},,,
frp:china_industrial:china_industrial__c1cd4b46-50c7-4dc6-b61f-79dd085a5792.zip:485,development,1993-09-07 13:35:38.411788+00:00,35.3245449108141,116.81473570507114,frp:china_industrial,1.488223296094455,295.49,2.5972251154192665,0.0,0.0,0.0,6,6,6,6,55743.27230986665,55743.27230986665,uncertain,uncertain_review_required,insufficient_evidence,0.4,{},,,
frp:firms_viirs_noaa20_nrt_india:firms_viirs_noaa20_nrt_india.csv:131,development,2026-08-31 08:28:00+00:00,8.64128,80.72565,frp:firms_viirs_noaa20_nrt_india,8.18,356.03,0.0,,,,7,7,7,7,205272.9426591368,205272.9426591368,uncertain,uncertain_review_required,insufficient_evidence,0.4,{},,,
frp:sentinel_frp_combined:siberia_wildfire__7b9d0178-7a9b-4f6d-84f2-e2ad5d35ae5d.zip:4323,development,1993-06-07 13:29:04.491872+00:00,65.51795783458306,114.42024571111664,frp:sentinel_frp_combined,0.8166199301516197,277.92,4.38006030894296,0.0,0.0,0.0,31,31,31,31,302008.3172138068,302008.3172138068,uncertain,uncertain_review_required,insufficient_evidence,0.4,{},,,
frp:sentinel_frp_combined:siberia_wildfire__7b9d0178-7a9b-4f6d-84f2-e2ad5d35ae5d.zip:4194,development,1993-06-07 13:28:42.337463+00:00,62.251458842830175,104.9310747350745,frp:sentinel_frp_combined,1.7016773987701252,283.36,2.4135068323320046,0.0,0.0,0.0,40,40,40,40,202107.87334276753,202107.87334276753,uncertain,uncertain_review_required,insufficient_evidence,0.4,{},,,
frp:central_africa_wildfire:central_africa_wildfire__127ffed6-bb4b-43b2-a61c-acb9bc1d13e3.zip:636,development,1993-06-07 20:54:15.116815+00:00,-7.208437981800444,19.270955951345517,frp:central_africa_wildfire,1.3490231011356333,288.90000000000003,1.1225437030163783,0.0,0.0,0.0,7,7,7,7,750039.639100354,750039.639100354,uncertain,uncertain_review_required,insufficient_evidence,0.4,{},,,
frp:sentinel_frp_combined:central_africa_wildfire__127ffed6-bb4b-43b2-a61c-acb9bc1d13e3.zip:495,development,1993-06-07 20:54:21.085449+00:00,-7.660845980658223,23.42974894084557,frp:sentinel_frp_combined,3.605349656879894,300.14000000000004,0.3707480603341546,0.0,0.0,0.0,0,0,0,0,829363.6258046789,829363.6258046789,uncertain,uncertain_review_required,insufficient_evidence,0.4,{},,,
frp:sentinel_frp_combined:central_africa_wildfire__0beec313-bad6-4801-9725-7642c0f06960.zip:389,development,1993-06-07 21:35:44.218178+00:00,0.6132039984518087,11.38376297125876,frp:sentinel_frp_combined,2.378010591835001,289.47,0.5773030720175165,0.0,0.0,0.0,22,22,22,22,227681.2606079148,227681.2606079148,uncertain,uncertain_review_required,insufficient_evidence,0.4,{},,,
frp:sentinel_frp_combined:central_africa_wildfire__127ffed6-bb4b-43b2-a61c-acb9bc1d13e3.zip:526,development,1993-06-07 20:54:15.438245+00:00,-7.60784398079204,16.887855957362262,frp:sentinel_frp_combined,1.5640588473107404,304.3,0.256605654908966,0.0,0.0,0.0,3,3,3,3,497422.99266645365,497422.99266645365,uncertain,uncertain_review_required,insufficient_evidence,0.4,{},,,
frp:sentinel_frp_combined:gulf_flaring__06ea85e3-0e01-4c85-b788-ed0287e7ac6d.zip:1809,development,1993-09-06 19:02:19.851221+00:00,26.464993933182317,36.79500690710154,frp:sentinel_frp_combined,1.4100448592511134,304.17,0.562303148132569,0.0,108.0,0.0,1,1,1,1,267724.0300674279,267724.0300674279,uncertain,uncertain_review_required,insufficient_evidence,0.4,{},,,
frp:sentinel_frp_combined:gulf_flaring__5e582e3c-6d99-4d34-8298-72ea8ec7e6f3.zip:3149,development,1993-09-06 18:24:25.896674+00:00,31.272778921043823,48.099634878560096,frp:sentinel_frp_combined,6.5716612480763255,298.46000000000004,5.633130421747097,0.0,0.0,0.0,5,5,5,5,1606.579210843618,1606.579210843618,uncertain,uncertain_review_required,insufficient_evidence,0.4,{},,,
frp:sentinel_frp_combined:siberia_wildfire__4fff0f3b-bc89-4baf-8c7b-4b33aad77faa.zip:3895,development,1993-06-07 16:09:56.521631+00:00,58.545220852187526,77.74488880371302,frp:sentinel_frp_combined,3.8105409008751887,291.73,3.102049176136242,0.0,0.0,0.0,26,26,26,26,18935.640389666045,18935.640389666045,uncertain,uncertain_review_required,insufficient_evidence,0.4,{},,,
frp:central_africa_wildfire:central_africa_wildfire__127ffed6-bb4b-43b2-a61c-acb9bc1d13e3.zip:553,development,1993-06-07 20:54:00.399763+00:00,-8.286949979077463,21.66706894529591,frp:central_africa_wildfire,3.4139791157303714,288.41,33.15189081335634,0.0,4.0,0.0,14,14,14,14,931037.8485040434,931037.8485040434,uncertain,uncertain_review_required,insufficient_evidence,0.4,{},,,
frp:gulf_flaring:gulf_flaring__5c707fc0-3bc2-403e-a422-43b891010fe9.zip:1024,development,1993-09-07 17:57:51.723278+00:00,30.238116923656094,56.87234185641114,frp:gulf_flaring,1.1993887869833642,291.95000000000005,1.605270971536107,0.0,0.0,0.0,5,5,5,5,163574.7195719896,163574.7195719896,uncertain,uncertain_review_required,insufficient_evidence,0.4,{},,,
frp:firms_viirs_noaa20_nrt_india:firms_viirs_noaa20_nrt_india.csv:789,development,2026-09-01 20:42:00+00:00,21.10419,72.64568,frp:firms_viirs_noaa20_nrt_india,4.03,323.91,0.0,,,,13,13,13,13,10997.508053339552,10997.508053339552,uncertain,uncertain_review_required,insufficient_evidence,0.4,{},,,
frp:sentinel_frp_combined:siberia_wildfire__4fff0f3b-bc89-4baf-8c7b-4b33aad77faa.zip:3538,development,1993-06-07 16:08:39.135695+00:00,53.981942863708696,77.60304780407114,frp:sentinel_frp_combined,2.4945021137455754,290.56,3.018598691498446,0.0,0.0,0.0,4,4,4,4,184228.28226432175,184228.28226432175,uncertain,uncertain_review_required,insufficient_evidence,0.4,{},,,
frp:central_africa_wildfire:central_africa_wildfire__0beec313-bad6-4801-9725-7642c0f06960.zip:28,development,1993-06-07 21:35:32.506942+00:00,-1.0351999973863713,13.720658965358666,frp:central_africa_wildfire,5.569866513119352,291.49,1.2534744386496195,0.0,0.0,0.0,33,33,33,33,386311.780469477,386311.780469477,uncertain,uncertain_review_required,insufficient_evidence,0.4,{},,,
frp:firms_viirs_snpp_nrt_india:firms_viirs_snpp_nrt_india.csv:448,development,2026-09-01 07:50:00+00:00,13.85649,79.3286,frp:firms_viirs_snpp_nrt_india,4.74,340.87,0.0,,,,3,3,3,3,126547.07918356954,126547.07918356954,uncertain,uncertain_review_required,insufficient_evidence,0.4,{},,,
