review_id,owner,purpose,cell_id,window_month,representative_event_id,representative_timestamp_utc,latitude,longitude,first_detection_utc,last_detection_utc,observation_count,active_dates,frp_median_mw,frp_max_mw,worldview_url,osm_url,source_product,source_archive
RV1-0001,NuclearVenom,development_only,548_1720,2024-04,firms-ff23430c8723ffa5c0aeb477,2024-04-23T06:46:00+00:00,27.42084,86.04661,2024-04-10T19:56:00+00:00,2024-04-25T20:14:00+00:00,13,5,1.74,8.86,"https://worldview.earthdata.nasa.gov/?v=86.00661,27.40084,86.08661,27.44084&l=Reference_Labels_15m(hidden),DoS_International_Boundaries(hidden),Coastlines_15m,VIIRS_SNPP_Thermal_Anomalies_375m_All,OCI_PACE_True_Color(hidden),VIIRS_NOAA21_CorrectedReflectance_TrueColor(hidden),VIIRS_NOAA20_CorrectedReflectance_TrueColor(hidden),VIIRS_SNPP_CorrectedReflectance_TrueColor&lg=true&t=2024-04-23-T00%3A00%3A00Z",https://www.openstreetmap.org/?mlat=27.42084&mlon=86.04661#map=14/27.42084/86.04661,VIIRS_SNPP_SP,firms-snpp-2024-v1
RV1-0002,rajeet-04,development_only,604_1403,2024-12,firms-d73390e99275fb6406cd0b6b,2024-12-19T08:27:00+00:00,30.2107,70.1939,2024-12-19T08:27:00+00:00,2024-12-19T08:27:00+00:00,2,1,5.625,8.65,"https://worldview.earthdata.nasa.gov/?v=70.15390,30.19070,70.23390,30.23070&l=Reference_Labels_15m(hidden),DoS_International_Boundaries(hidden),Coastlines_15m,VIIRS_SNPP_Thermal_Anomalies_375m_All,OCI_PACE_True_Color(hidden),VIIRS_NOAA21_CorrectedReflectance_TrueColor(hidden),VIIRS_NOAA20_CorrectedReflectance_TrueColor(hidden),VIIRS_SNPP_CorrectedReflectance_TrueColor&lg=true&t=2024-12-19-T00%3A00%3A00Z",https://www.openstreetmap.org/?mlat=30.21070&mlon=70.19390#map=14/30.21070/70.19390,VIIRS_SNPP_SP,firms-snpp-2024-v1
RV1-0003,DeepaliSingh10,development_only,427_1937,2025-04,firms-95ba9a4362df9eac0504b9d2,2025-04-02T07:34:00+00:00,21.39828,96.88399,2025-04-02T07:34:00+00:00,2025-04-02T07:34:00+00:00,1,1,4.5,4.5,"https://worldview.earthdata.nasa.gov/?v=96.84399,21.37828,96.92399,21.41828&l=Reference_Labels_15m(hidden),DoS_International_Boundaries(hidden),Coastlines_15m,VIIRS_SNPP_Thermal_Anomalies_375m_All,OCI_PACE_True_Color(hidden),VIIRS_NOAA21_CorrectedReflectance_TrueColor(hidden),VIIRS_NOAA20_CorrectedReflectance_TrueColor(hidden),VIIRS_SNPP_CorrectedReflectance_TrueColor&lg=true&t=2025-04-02-T00%3A00%3A00Z",https://www.openstreetmap.org/?mlat=21.39828&mlon=96.88399#map=14/21.39828/96.88399,VIIRS_SNPP_SP,firms-snpp-2025-v1
RV1-0004,Somsubhra-Nandi,development_only,449_1720,2024-04,firms-44308f27eb56ef2fa2b95b4c,2024-04-18T06:39:00+00:00,22.47848,86.04497,2024-04-15T07:35:00+00:00,2024-04-27T07:10:00+00:00,8,6,5.390000000000001,23.84,"https://worldview.earthdata.nasa.gov/?v=86.00497,22.45848,86.08497,22.49848&l=Reference_Labels_15m(hidden),DoS_International_Boundaries(hidden),Coastlines_15m,VIIRS_SNPP_Thermal_Anomalies_375m_All,OCI_PACE_True_Color(hidden),VIIRS_NOAA21_CorrectedReflectance_TrueColor(hidden),VIIRS_NOAA20_CorrectedReflectance_TrueColor(hidden),VIIRS_SNPP_CorrectedReflectance_TrueColor&lg=true&t=2024-04-18-T00%3A00%3A00Z",https://www.openstreetmap.org/?mlat=22.47848&mlon=86.04497#map=14/22.47848/86.04497,VIIRS_SNPP_SP,firms-snpp-2024-v1
RV1-0005,Subhra-Nandi,development_only,601_1603,2024-12,firms-405fd6483af7bdf64c88f56e,2024-12-15T08:02:00+00:00,30.07387,80.15767,2024-12-14T20:45:00+00:00,2024-12-26T07:56:00+00:00,6,3,4.47,13.32,"https://worldview.earthdata.nasa.gov/?v=80.11767,30.05387,80.19767,30.09387&l=Reference_Labels_15m(hidden),DoS_International_Boundaries(hidden),Coastlines_15m,VIIRS_SNPP_Thermal_Anomalies_375m_All,OCI_PACE_True_Color(hidden),VIIRS_NOAA21_CorrectedReflectance_TrueColor(hidden),VIIRS_NOAA20_CorrectedReflectance_TrueColor(hidden),VIIRS_SNPP_CorrectedReflectance_TrueColor&lg=true&t=2024-12-15-T00%3A00%3A00Z",https://www.openstreetmap.org/?mlat=30.07387&mlon=80.15767#map=14/30.07387/80.15767,VIIRS_SNPP_SP,firms-snpp-2024-v1
RV1-0006,mishhverse,development_only,425_1705,2025-03,firms-3b589d7a37ad91f64cab5297,2025-03-12T07:28:00+00:00,21.28747,85.25338,2025-03-06T07:41:00+00:00,2025-03-16T07:53:00+00:00,6,4,4.035,6.82,"https://worldview.earthdata.nasa.gov/?v=85.21338,21.26747,85.29338,21.30747&l=Reference_Labels_15m(hidden),DoS_International_Boundaries(hidden),Coastlines_15m,VIIRS_SNPP_Thermal_Anomalies_375m_All,OCI_PACE_True_Color(hidden),VIIRS_NOAA21_CorrectedReflectance_TrueColor(hidden),VIIRS_NOAA20_CorrectedReflectance_TrueColor(hidden),VIIRS_SNPP_CorrectedReflectance_TrueColor&lg=true&t=2025-03-12-T00%3A00%3A00Z",https://www.openstreetmap.org/?mlat=21.28747&mlon=85.25338#map=14/21.28747/85.25338,VIIRS_SNPP_SP,firms-snpp-2025-v1
RV1-0007,NuclearVenom,development_only,575_1644,2024-06,firms-44eca838438ae250a44a90fd,2024-06-18T07:36:00+00:00,28.76554,82.24793,2024-06-18T07:36:00+00:00,2024-06-18T07:36:00+00:00,3,1,8.43,8.43,"https://worldview.earthdata.nasa.gov/?v=82.20793,28.74554,82.28793,28.78554&l=Reference_Labels_15m(hidden),DoS_International_Boundaries(hidden),Coastlines_15m,VIIRS_SNPP_Thermal_Anomalies_375m_All,OCI_PACE_True_Color(hidden),VIIRS_NOAA21_CorrectedReflectance_TrueColor(hidden),VIIRS_NOAA20_CorrectedReflectance_TrueColor(hidden),VIIRS_SNPP_CorrectedReflectance_TrueColor&lg=true&t=2024-06-18-T00%3A00%3A00Z",https://www.openstreetmap.org/?mlat=28.76554&mlon=82.24793#map=14/28.76554/82.24793,VIIRS_SNPP_SP,firms-snpp-2024-v1
RV1-0008,rajeet-04,development_only,580_1644,2024-05,firms-e1e1fcb02f6b9fd6f39f9c5a,2024-05-02T19:43:00+00:00,29.00929,82.23827,2024-05-01T07:37:00+00:00,2024-05-03T19:24:00+00:00,8,3,2.4299999999999997,5.74,"https://worldview.earthdata.nasa.gov/?v=82.19827,28.98929,82.27827,29.02929&l=Reference_Labels_15m(hidden),DoS_International_Boundaries(hidden),Coastlines_15m,VIIRS_SNPP_Thermal_Anomalies_375m_All,OCI_PACE_True_Color(hidden),VIIRS_NOAA21_CorrectedReflectance_TrueColor(hidden),VIIRS_NOAA20_CorrectedReflectance_TrueColor(hidden),VIIRS_SNPP_CorrectedReflectance_TrueColor&lg=true&t=2024-05-02-T00%3A00%3A00Z",https://www.openstreetmap.org/?mlat=29.00929&mlon=82.23827#map=14/29.00929/82.23827,VIIRS_SNPP_SP,firms-snpp-2024-v1
RV1-0009,DeepaliSingh10,development_only,511_1375,2024-04,firms-0d2d3abe5848f4c6deabc4af,2024-04-01T08:39:00+00:00,25.58249,68.79984,2024-04-01T08:39:00+00:00,2024-04-01T08:39:00+00:00,1,1,2.54,2.54,"https://worldview.earthdata.nasa.gov/?v=68.75984,25.56249,68.83984,25.60249&l=Reference_Labels_15m(hidden),DoS_International_Boundaries(hidden),Coastlines_15m,VIIRS_SNPP_Thermal_Anomalies_375m_All,OCI_PACE_True_Color(hidden),VIIRS_NOAA21_CorrectedReflectance_TrueColor(hidden),VIIRS_NOAA20_CorrectedReflectance_TrueColor(hidden),VIIRS_SNPP_CorrectedReflectance_TrueColor&lg=true&t=2024-04-01-T00%3A00%3A00Z",https://www.openstreetmap.org/?mlat=25.58249&mlon=68.79984#map=14/25.58249/68.79984,VIIRS_SNPP_SP,firms-snpp-2024-v1
RV1-0010,Somsubhra-Nandi,development_only,323_1585,2025-04,firms-181ff71b5a9f523efa46faa8,2025-04-07T07:40:00+00:00,16.19533,79.27593,2025-04-07T07:40:00+00:00,2025-04-07T07:40:00+00:00,1,1,3.7,3.7,"https://worldview.earthdata.nasa.gov/?v=79.23593,16.17533,79.31593,16.21533&l=Reference_Labels_15m(hidden),DoS_International_Boundaries(hidden),Coastlines_15m,VIIRS_SNPP_Thermal_Anomalies_375m_All,OCI_PACE_True_Color(hidden),VIIRS_NOAA21_CorrectedReflectance_TrueColor(hidden),VIIRS_NOAA20_CorrectedReflectance_TrueColor(hidden),VIIRS_SNPP_CorrectedReflectance_TrueColor&lg=true&t=2025-04-07-T00%3A00%3A00Z",https://www.openstreetmap.org/?mlat=16.19533&mlon=79.27593#map=14/16.19533/79.27593,VIIRS_SNPP_SP,firms-snpp-2025-v1
RV1-0011,Subhra-Nandi,development_only,434_1729,2024-04,firms-9fa01dfb8a0e6492d27b350c,2024-04-23T19:13:00+00:00,21.71598,86.49589,2024-04-20T07:41:00+00:00,2024-04-26T19:57:00+00:00,6,3,3.28,7.14,"https://worldview.earthdata.nasa.gov/?v=86.45589,21.69598,86.53589,21.73598&l=Reference_Labels_15m(hidden),DoS_International_Boundaries(hidden),Coastlines_15m,VIIRS_SNPP_Thermal_Anomalies_375m_All,OCI_PACE_True_Color(hidden),VIIRS_NOAA21_CorrectedReflectance_TrueColor(hidden),VIIRS_NOAA20_CorrectedReflectance_TrueColor(hidden),VIIRS_SNPP_CorrectedReflectance_TrueColor&lg=true&t=2024-04-23-T00%3A00%3A00Z",https://www.openstreetmap.org/?mlat=21.71598&mlon=86.49589#map=14/21.71598/86.49589,VIIRS_SNPP_SP,firms-snpp-2024-v1
RV1-0012,mishhverse,development_only,493_1578,2024-05,firms-c461b6aed2a3d2580a13d085,2024-05-16T07:54:00+00:00,24.65369,78.92241,2024-05-16T07:54:00+00:00,2024-05-16T07:54:00+00:00,1,1,14.02,14.02,"https://worldview.earthdata.nasa.gov/?v=78.88241,24.63369,78.96241,24.67369&l=Reference_Labels_15m(hidden),DoS_International_Boundaries(hidden),Coastlines_15m,VIIRS_SNPP_Thermal_Anomalies_375m_All,OCI_PACE_True_Color(hidden),VIIRS_NOAA21_CorrectedReflectance_TrueColor(hidden),VIIRS_NOAA20_CorrectedReflectance_TrueColor(hidden),VIIRS_SNPP_CorrectedReflectance_TrueColor&lg=true&t=2024-05-16-T00%3A00%3A00Z",https://www.openstreetmap.org/?mlat=24.65369&mlon=78.92241#map=14/24.65369/78.92241,VIIRS_SNPP_SP,firms-snpp-2024-v1
RV1-0013,NuclearVenom,development_only,440_1536,2024-03,firms-ccc2f218ee7bf06774eaefc4,2024-03-11T08:31:00+00:00,22.02769,76.83998,2024-03-11T08:31:00+00:00,2024-03-11T08:31:00+00:00,1,1,4.97,4.97,"https://worldview.earthdata.nasa.gov/?v=76.79998,22.00769,76.87998,22.04769&l=Reference_Labels_15m(hidden),DoS_International_Boundaries(hidden),Coastlines_15m,VIIRS_SNPP_Thermal_Anomalies_375m_All,OCI_PACE_True_Color(hidden),VIIRS_NOAA21_CorrectedReflectance_TrueColor(hidden),VIIRS_NOAA20_CorrectedReflectance_TrueColor(hidden),VIIRS_SNPP_CorrectedReflectance_TrueColor&lg=true&t=2024-03-11-T00%3A00%3A00Z",https://www.openstreetmap.org/?mlat=22.02769&mlon=76.83998#map=14/22.02769/76.83998,VIIRS_SNPP_SP,firms-snpp-2024-v1
RV1-0014,rajeet-04,development_only,414_1901,2024-01,firms-102d50fade38430e0491dbf1,2024-01-22T07:09:00+00:00,20.70353,95.09744,2024-01-18T06:44:00+00:00,2024-01-22T07:09:00+00:00,3,2,3.22,5.93,"https://worldview.earthdata.nasa.gov/?v=95.05744,20.68353,95.13744,20.72353&l=Reference_Labels_15m(hidden),DoS_International_Boundaries(hidden),Coastlines_15m,VIIRS_SNPP_Thermal_Anomalies_375m_All,OCI_PACE_True_Color(hidden),VIIRS_NOAA21_CorrectedReflectance_TrueColor(hidden),VIIRS_NOAA20_CorrectedReflectance_TrueColor(hidden),VIIRS_SNPP_CorrectedReflectance_TrueColor&lg=true&t=2024-01-22-T00%3A00%3A00Z",https://www.openstreetmap.org/?mlat=20.70353&mlon=95.09744#map=14/20.70353/95.09744,VIIRS_SNPP_SP,firms-snpp-2024-v1
RV1-0015,DeepaliSingh10,development_only,312_1543,2024-12,firms-8d97ecd9e147048068390302,2024-12-15T07:58:00+00:00,15.61404,77.16683,2024-12-15T07:58:00+00:00,2024-12-15T07:58:00+00:00,1,1,1.85,1.85,"https://worldview.earthdata.nasa.gov/?v=77.12683,15.59404,77.20683,15.63404&l=Reference_Labels_15m(hidden),DoS_International_Boundaries(hidden),Coastlines_15m,VIIRS_SNPP_Thermal_Anomalies_375m_All,OCI_PACE_True_Color(hidden),VIIRS_NOAA21_CorrectedReflectance_TrueColor(hidden),VIIRS_NOAA20_CorrectedReflectance_TrueColor(hidden),VIIRS_SNPP_CorrectedReflectance_TrueColor&lg=true&t=2024-12-15-T00%3A00%3A00Z",https://www.openstreetmap.org/?mlat=15.61404&mlon=77.16683#map=14/15.61404/77.16683,VIIRS_SNPP_SP,firms-snpp-2024-v1
RV1-0016,Somsubhra-Nandi,development_only,596_1419,2024-02,firms-786d4825b1669209b4afa04f,2024-02-17T09:05:00+00:00,29.83077,70.99123,2024-02-17T09:05:00+00:00,2024-02-17T09:05:00+00:00,2,1,3.26,3.3,"https://worldview.earthdata.nasa.gov/?v=70.95123,29.81077,71.03123,29.85077&l=Reference_Labels_15m(hidden),DoS_International_Boundaries(hidden),Coastlines_15m,VIIRS_SNPP_Thermal_Anomalies_375m_All,OCI_PACE_True_Color(hidden),VIIRS_NOAA21_CorrectedReflectance_TrueColor(hidden),VIIRS_NOAA20_CorrectedReflectance_TrueColor(hidden),VIIRS_SNPP_CorrectedReflectance_TrueColor&lg=true&t=2024-02-17-T00%3A00%3A00Z",https://www.openstreetmap.org/?mlat=29.83077&mlon=70.99123#map=14/29.83077/70.99123,VIIRS_SNPP_SP,firms-snpp-2024-v1
RV1-0017,Subhra-Nandi,development_only,643_1529,2024-01,firms-b5baeac14166f525230ca979,2024-01-29T08:22:00+00:00,32.17264,76.45853,2024-01-29T08:22:00+00:00,2024-01-29T08:22:00+00:00,1,1,5.75,5.75,"https://worldview.earthdata.nasa.gov/?v=76.41853,32.15264,76.49853,32.19264&l=Reference_Labels_15m(hidden),DoS_International_Boundaries(hidden),Coastlines_15m,VIIRS_SNPP_Thermal_Anomalies_375m_All,OCI_PACE_True_Color(hidden),VIIRS_NOAA21_CorrectedReflectance_TrueColor(hidden),VIIRS_NOAA20_CorrectedReflectance_TrueColor(hidden),VIIRS_SNPP_CorrectedReflectance_TrueColor&lg=true&t=2024-01-29-T00%3A00%3A00Z",https://www.openstreetmap.org/?mlat=32.17264&mlon=76.45853#map=14/32.17264/76.45853,VIIRS_SNPP_SP,firms-snpp-2024-v1
RV1-0018,mishhverse,development_only,514_1601,2024-04,firms-0bd585e9bffebbdd2c8288fb,2024-04-28T08:33:00+00:00,25.73672,80.07638,2024-04-28T06:52:00+00:00,2024-04-28T08:33:00+00:00,4,1,4.64,5.64,"https://worldview.earthdata.nasa.gov/?v=80.03638,25.71672,80.11638,25.75672&l=Reference_Labels_15m(hidden),DoS_International_Boundaries(hidden),Coastlines_15m,VIIRS_SNPP_Thermal_Anomalies_375m_All,OCI_PACE_True_Color(hidden),VIIRS_NOAA21_CorrectedReflectance_TrueColor(hidden),VIIRS_NOAA20_CorrectedReflectance_TrueColor(hidden),VIIRS_SNPP_CorrectedReflectance_TrueColor&lg=true&t=2024-04-28-T00%3A00%3A00Z",https://www.openstreetmap.org/?mlat=25.73672&mlon=80.07638#map=14/25.73672/80.07638,VIIRS_SNPP_SP,firms-snpp-2024-v1
RV1-0019,NuclearVenom,development_only,665_1423,2024-10,firms-00235140734455548dcf9218,2024-10-23T21:59:00+00:00,33.29111,71.18744,2024-10-09T21:21:00+00:00,2024-10-31T21:09:00+00:00,12,4,1.38,5.09,"https://worldview.earthdata.nasa.gov/?v=71.14744,33.27111,71.22744,33.31111&l=Reference_Labels_15m(hidden),DoS_International_Boundaries(hidden),Coastlines_15m,VIIRS_SNPP_Thermal_Anomalies_375m_All,OCI_PACE_True_Color(hidden),VIIRS_NOAA21_CorrectedReflectance_TrueColor(hidden),VIIRS_NOAA20_CorrectedReflectance_TrueColor(hidden),VIIRS_SNPP_CorrectedReflectance_TrueColor&lg=true&t=2024-10-23-T00%3A00%3A00Z",https://www.openstreetmap.org/?mlat=33.29111&mlon=71.18744#map=14/33.29111/71.18744,VIIRS_SNPP_SP,firms-snpp-2024-v1
RV1-0020,rajeet-04,development_only,373_1932,2024-02,firms-89a25e49cd708236f1748902,2024-02-27T07:33:00+00:00,18.67529,96.64764,2024-02-14T06:37:00+00:00,2024-02-27T07:33:00+00:00,2,2,3.04,3.93,"https://worldview.earthdata.nasa.gov/?v=96.60764,18.65529,96.68764,18.69529&l=Reference_Labels_15m(hidden),DoS_International_Boundaries(hidden),Coastlines_15m,VIIRS_SNPP_Thermal_Anomalies_375m_All,OCI_PACE_True_Color(hidden),VIIRS_NOAA21_CorrectedReflectance_TrueColor(hidden),VIIRS_NOAA20_CorrectedReflectance_TrueColor(hidden),VIIRS_SNPP_CorrectedReflectance_TrueColor&lg=true&t=2024-02-27-T00%3A00%3A00Z",https://www.openstreetmap.org/?mlat=18.67529&mlon=96.64764#map=14/18.67529/96.64764,VIIRS_SNPP_SP,firms-snpp-2024-v1
RV1-0021,DeepaliSingh10,development_only,498_1508,2025-03,firms-c9220f41b1d552abe6e2c41a,2025-03-28T07:29:00+00:00,24.90137,75.41586,2025-03-21T08:01:00+00:00,2025-03-29T08:51:00+00:00,6,3,3.2,6.59,"https://worldview.earthdata.nasa.gov/?v=75.37586,24.88137,75.45586,24.92137&l=Reference_Labels_15m(hidden),DoS_International_Boundaries(hidden),Coastlines_15m,VIIRS_SNPP_Thermal_Anomalies_375m_All,OCI_PACE_True_Color(hidden),VIIRS_NOAA21_CorrectedReflectance_TrueColor(hidden),VIIRS_NOAA20_CorrectedReflectance_TrueColor(hidden),VIIRS_SNPP_CorrectedReflectance_TrueColor&lg=true&t=2025-03-28-T00%3A00%3A00Z",https://www.openstreetmap.org/?mlat=24.90137&mlon=75.41586#map=14/24.90137/75.41586,VIIRS_SNPP_SP,firms-snpp-2025-v1
RV1-0022,Somsubhra-Nandi,development_only,519_1955,2025-04,firms-b0aa1caabf3cba3f2f67ecbe,2025-04-09T07:04:00+00:00,25.95307,97.77613,2025-04-09T07:04:00+00:00,2025-04-09T07:04:00+00:00,1,1,16.65,16.65,"https://worldview.earthdata.nasa.gov/?v=97.73613,25.93307,97.81613,25.97307&l=Reference_Labels_15m(hidden),DoS_International_Boundaries(hidden),Coastlines_15m,VIIRS_SNPP_Thermal_Anomalies_375m_All,OCI_PACE_True_Color(hidden),VIIRS_NOAA21_CorrectedReflectance_TrueColor(hidden),VIIRS_NOAA20_CorrectedReflectance_TrueColor(hidden),VIIRS_SNPP_CorrectedReflectance_TrueColor&lg=true&t=2025-04-09-T00%3A00%3A00Z",https://www.openstreetmap.org/?mlat=25.95307&mlon=97.77613#map=14/25.95307/97.77613,VIIRS_SNPP_SP,firms-snpp-2025-v1
RV1-0023,Subhra-Nandi,development_only,531_1684,2024-01,firms-63f2be09c9bc0f4ee67d609f,2024-01-23T06:52:00+00:00,26.58184,84.23463,2024-01-23T06:52:00+00:00,2024-01-23T06:52:00+00:00,1,1,2.12,2.12,"https://worldview.earthdata.nasa.gov/?v=84.19463,26.56184,84.27463,26.60184&l=Reference_Labels_15m(hidden),DoS_International_Boundaries(hidden),Coastlines_15m,VIIRS_SNPP_Thermal_Anomalies_375m_All,OCI_PACE_True_Color(hidden),VIIRS_NOAA21_CorrectedReflectance_TrueColor(hidden),VIIRS_NOAA20_CorrectedReflectance_TrueColor(hidden),VIIRS_SNPP_CorrectedReflectance_TrueColor&lg=true&t=2024-01-23-T00%3A00%3A00Z",https://www.openstreetmap.org/?mlat=26.58184&mlon=84.23463#map=14/26.58184/84.23463,VIIRS_SNPP_SP,firms-snpp-2024-v1
RV1-0024,mishhverse,development_only,267_1559,2025-04,firms-5ea332639044f156a183d160,2025-04-07T07:39:00+00:00,13.3586,77.95295,2025-04-07T07:39:00+00:00,2025-04-07T07:39:00+00:00,2,1,3.24,3.24,"https://worldview.earthdata.nasa.gov/?v=77.91295,13.33860,77.99295,13.37860&l=Reference_Labels_15m(hidden),DoS_International_Boundaries(hidden),Coastlines_15m,VIIRS_SNPP_Thermal_Anomalies_375m_All,OCI_PACE_True_Color(hidden),VIIRS_NOAA21_CorrectedReflectance_TrueColor(hidden),VIIRS_NOAA20_CorrectedReflectance_TrueColor(hidden),VIIRS_SNPP_CorrectedReflectance_TrueColor&lg=true&t=2025-04-07-T00%3A00%3A00Z",https://www.openstreetmap.org/?mlat=13.35860&mlon=77.95295#map=14/13.35860/77.95295,VIIRS_SNPP_SP,firms-snpp-2025-v1
RV1-0025,NuclearVenom,development_only,602_1456,2025-01,firms-6a19f55f24315d15188f2040,2025-01-16T08:03:00+00:00,30.10228,72.82574,2025-01-16T08:03:00+00:00,2025-01-16T08:03:00+00:00,1,1,4.65,4.65,"https://worldview.earthdata.nasa.gov/?v=72.78574,30.08228,72.86574,30.12228&l=Reference_Labels_15m(hidden),DoS_International_Boundaries(hidden),Coastlines_15m,VIIRS_SNPP_Thermal_Anomalies_375m_All,OCI_PACE_True_Color(hidden),VIIRS_NOAA21_CorrectedReflectance_TrueColor(hidden),VIIRS_NOAA20_CorrectedReflectance_TrueColor(hidden),VIIRS_SNPP_CorrectedReflectance_TrueColor&lg=true&t=2025-01-16-T00%3A00%3A00Z",https://www.openstreetmap.org/?mlat=30.10228&mlon=72.82574#map=14/30.10228/72.82574,VIIRS_SNPP_SP,firms-snpp-2025-v1
RV1-0026,rajeet-04,development_only,418_1936,2024-02,firms-f79bae97e6120a8bb95b0784,2024-02-18T07:02:00+00:00,20.94786,96.81307,2024-02-06T07:28:00+00:00,2024-02-28T07:15:00+00:00,7,6,3.38,10.36,"https://worldview.earthdata.nasa.gov/?v=96.77307,20.92786,96.85307,20.96786&l=Reference_Labels_15m(hidden),DoS_International_Boundaries(hidden),Coastlines_15m,VIIRS_SNPP_Thermal_Anomalies_375m_All,OCI_PACE_True_Color(hidden),VIIRS_NOAA21_CorrectedReflectance_TrueColor(hidden),VIIRS_NOAA20_CorrectedReflectance_TrueColor(hidden),VIIRS_SNPP_CorrectedReflectance_TrueColor&lg=true&t=2024-02-18-T00%3A00%3A00Z",https://www.openstreetmap.org/?mlat=20.94786&mlon=96.81307#map=14/20.94786/96.81307,VIIRS_SNPP_SP,firms-snpp-2024-v1
RV1-0027,DeepaliSingh10,development_only,525_1616,2024-04,firms-77c5cf1bffa389a53023d6e6,2024-04-08T08:08:00+00:00,26.29312,80.83121,2024-04-08T08:08:00+00:00,2024-04-08T08:08:00+00:00,1,1,16.12,16.12,"https://worldview.earthdata.nasa.gov/?v=80.79121,26.27312,80.87121,26.31312&l=Reference_Labels_15m(hidden),DoS_International_Boundaries(hidden),Coastlines_15m,VIIRS_SNPP_Thermal_Anomalies_375m_All,OCI_PACE_True_Color(hidden),VIIRS_NOAA21_CorrectedReflectance_TrueColor(hidden),VIIRS_NOAA20_CorrectedReflectance_TrueColor(hidden),VIIRS_SNPP_CorrectedReflectance_TrueColor&lg=true&t=2024-04-08-T00%3A00%3A00Z",https://www.openstreetmap.org/?mlat=26.29312&mlon=80.83121#map=14/26.29312/80.83121,VIIRS_SNPP_SP,firms-snpp-2024-v1
RV1-0028,Somsubhra-Nandi,development_only,551_1756,2024-04,firms-aeebadf1795217b0ee6c4786,2024-04-05T07:24:00+00:00,27.55652,87.84221,2024-04-05T07:24:00+00:00,2024-04-05T07:24:00+00:00,2,1,4.04,4.05,"https://worldview.earthdata.nasa.gov/?v=87.80221,27.53652,87.88221,27.57652&l=Reference_Labels_15m(hidden),DoS_International_Boundaries(hidden),Coastlines_15m,VIIRS_SNPP_Thermal_Anomalies_375m_All,OCI_PACE_True_Color(hidden),VIIRS_NOAA21_CorrectedReflectance_TrueColor(hidden),VIIRS_NOAA20_CorrectedReflectance_TrueColor(hidden),VIIRS_SNPP_CorrectedReflectance_TrueColor&lg=true&t=2024-04-05-T00%3A00%3A00Z",https://www.openstreetmap.org/?mlat=27.55652&mlon=87.84221#map=14/27.55652/87.84221,VIIRS_SNPP_SP,firms-snpp-2024-v1
RV1-0029,Subhra-Nandi,development_only,611_1415,2024-04,firms-ae1f2c37e654a425d26d61f6,2024-04-28T08:34:00+00:00,30.55322,70.79598,2024-04-28T08:34:00+00:00,2024-04-28T08:34:00+00:00,1,1,11.96,11.96,"https://worldview.earthdata.nasa.gov/?v=70.75598,30.53322,70.83598,30.57322&l=Reference_Labels_15m(hidden),DoS_International_Boundaries(hidden),Coastlines_15m,VIIRS_SNPP_Thermal_Anomalies_375m_All,OCI_PACE_True_Color(hidden),VIIRS_NOAA21_CorrectedReflectance_TrueColor(hidden),VIIRS_NOAA20_CorrectedReflectance_TrueColor(hidden),VIIRS_SNPP_CorrectedReflectance_TrueColor&lg=true&t=2024-04-28-T00%3A00%3A00Z",https://www.openstreetmap.org/?mlat=30.55322&mlon=70.79598#map=14/30.55322/70.79598,VIIRS_SNPP_SP,firms-snpp-2024-v1
RV1-0030,mishhverse,development_only,377_1546,2024-01,firms-03a067964f3c1bb2a095c1fc,2024-01-25T20:23:00+00:00,18.85937,77.32059,2024-01-25T20:23:00+00:00,2024-01-25T20:23:00+00:00,1,1,0.48,0.48,"https://worldview.earthdata.nasa.gov/?v=77.28059,18.83937,77.36059,18.87937&l=Reference_Labels_15m(hidden),DoS_International_Boundaries(hidden),Coastlines_15m,VIIRS_SNPP_Thermal_Anomalies_375m_All,OCI_PACE_True_Color(hidden),VIIRS_NOAA21_CorrectedReflectance_TrueColor(hidden),VIIRS_NOAA20_CorrectedReflectance_TrueColor(hidden),VIIRS_SNPP_CorrectedReflectance_TrueColor&lg=true&t=2024-01-25-T00%3A00%3A00Z",https://www.openstreetmap.org/?mlat=18.85937&mlon=77.32059#map=14/18.85937/77.32059,VIIRS_SNPP_SP,firms-snpp-2024-v1
RV1-0031,NuclearVenom,development_only,670_1443,2024-12,firms-20c3e9f51e771d4033751414,2024-12-16T07:44:00+00:00,33.52161,72.16855,2024-12-16T07:44:00+00:00,2024-12-16T07:44:00+00:00,1,1,3.53,3.53,"https://worldview.earthdata.nasa.gov/?v=72.12855,33.50161,72.20855,33.54161&l=Reference_Labels_15m(hidden),DoS_International_Boundaries(hidden),Coastlines_15m,VIIRS_SNPP_Thermal_Anomalies_375m_All,OCI_PACE_True_Color(hidden),VIIRS_NOAA21_CorrectedReflectance_TrueColor(hidden),VIIRS_NOAA20_CorrectedReflectance_TrueColor(hidden),VIIRS_SNPP_CorrectedReflectance_TrueColor&lg=true&t=2024-12-16-T00%3A00%3A00Z",https://www.openstreetmap.org/?mlat=33.52161&mlon=72.16855#map=14/33.52161/72.16855,VIIRS_SNPP_SP,firms-snpp-2024-v1
RV1-0032,rajeet-04,development_only,395_1672,2025-03,firms-e8592b34da72a833c81fa530,2025-03-31T08:12:00+00:00,19.78036,83.6007,2025-03-31T08:12:00+00:00,2025-03-31T08:12:00+00:00,1,1,8.35,8.35,"https://worldview.earthdata.nasa.gov/?v=83.56070,19.76036,83.64070,19.80036&l=Reference_Labels_15m(hidden),DoS_International_Boundaries(hidden),Coastlines_15m,VIIRS_SNPP_Thermal_Anomalies_375m_All,OCI_PACE_True_Color(hidden),VIIRS_NOAA21_CorrectedReflectance_TrueColor(hidden),VIIRS_NOAA20_CorrectedReflectance_TrueColor(hidden),VIIRS_SNPP_CorrectedReflectance_TrueColor&lg=true&t=2025-03-31-T00%3A00%3A00Z",https://www.openstreetmap.org/?mlat=19.78036&mlon=83.60070#map=14/19.78036/83.60070,VIIRS_SNPP_SP,firms-snpp-2025-v1
RV1-0033,DeepaliSingh10,development_only,560_1906,2024-01,firms-9110d02b487e87464c422785,2024-01-12T06:58:00+00:00,28.0345,95.34606,2024-01-07T06:52:00+00:00,2024-01-12T06:58:00+00:00,4,2,5.845000000000001,5.87,"https://worldview.earthdata.nasa.gov/?v=95.30606,28.01450,95.38606,28.05450&l=Reference_Labels_15m(hidden),DoS_International_Boundaries(hidden),Coastlines_15m,VIIRS_SNPP_Thermal_Anomalies_375m_All,OCI_PACE_True_Color(hidden),VIIRS_NOAA21_CorrectedReflectance_TrueColor(hidden),VIIRS_NOAA20_CorrectedReflectance_TrueColor(hidden),VIIRS_SNPP_CorrectedReflectance_TrueColor&lg=true&t=2024-01-12-T00%3A00%3A00Z",https://www.openstreetmap.org/?mlat=28.03450&mlon=95.34606#map=14/28.03450/95.34606,VIIRS_SNPP_SP,firms-snpp-2024-v1
RV1-0034,Somsubhra-Nandi,development_only,504_1677,2024-04,firms-3c9e6057a78af48031f0fb88,2024-04-19T08:01:00+00:00,25.24418,83.85954,2024-04-15T20:03:00+00:00,2024-04-21T19:50:00+00:00,40,7,3.335,19.93,"https://worldview.earthdata.nasa.gov/?v=83.81954,25.22418,83.89954,25.26418&l=Reference_Labels_15m(hidden),DoS_International_Boundaries(hidden),Coastlines_15m,VIIRS_SNPP_Thermal_Anomalies_375m_All,OCI_PACE_True_Color(hidden),VIIRS_NOAA21_CorrectedReflectance_TrueColor(hidden),VIIRS_NOAA20_CorrectedReflectance_TrueColor(hidden),VIIRS_SNPP_CorrectedReflectance_TrueColor&lg=true&t=2024-04-19-T00%3A00%3A00Z",https://www.openstreetmap.org/?mlat=25.24418&mlon=83.85954#map=14/25.24418/83.85954,VIIRS_SNPP_SP,firms-snpp-2024-v1
RV1-0035,Subhra-Nandi,development_only,466_1440,2024-06,firms-51b3806bde8deb26a6ebb689,2024-06-22T08:00:00+00:00,23.31607,72.01888,2024-06-22T08:00:00+00:00,2024-06-22T08:00:00+00:00,1,1,2.11,2.11,"https://worldview.earthdata.nasa.gov/?v=71.97888,23.29607,72.05888,23.33607&l=Reference_Labels_15m(hidden),DoS_International_Boundaries(hidden),Coastlines_15m,VIIRS_SNPP_Thermal_Anomalies_375m_All,OCI_PACE_True_Color(hidden),VIIRS_NOAA21_CorrectedReflectance_TrueColor(hidden),VIIRS_NOAA20_CorrectedReflectance_TrueColor(hidden),VIIRS_SNPP_CorrectedReflectance_TrueColor&lg=true&t=2024-06-22-T00%3A00%3A00Z",https://www.openstreetmap.org/?mlat=23.31607&mlon=72.01888#map=14/23.31607/72.01888,VIIRS_SNPP_SP,firms-snpp-2024-v1
RV1-0036,mishhverse,development_only,643_1532,2025-01,firms-a605f388fd4bc664d55b5ce2,2025-01-28T07:38:00+00:00,32.16125,76.60274,2025-01-28T07:38:00+00:00,2025-01-28T07:38:00+00:00,1,1,7.62,7.62,"https://worldview.earthdata.nasa.gov/?v=76.56274,32.14125,76.64274,32.18125&l=Reference_Labels_15m(hidden),DoS_International_Boundaries(hidden),Coastlines_15m,VIIRS_SNPP_Thermal_Anomalies_375m_All,OCI_PACE_True_Color(hidden),VIIRS_NOAA21_CorrectedReflectance_TrueColor(hidden),VIIRS_NOAA20_CorrectedReflectance_TrueColor(hidden),VIIRS_SNPP_CorrectedReflectance_TrueColor&lg=true&t=2025-01-28-T00%3A00%3A00Z",https://www.openstreetmap.org/?mlat=32.16125&mlon=76.60274#map=14/32.16125/76.60274,VIIRS_SNPP_SP,firms-snpp-2025-v1
RV1-0037,NuclearVenom,development_only,410_1861,2025-02,firms-400d45216ed72397c1b63f08,2025-02-25T07:09:00+00:00,20.51141,93.05585,2025-02-03T07:22:00+00:00,2025-02-25T07:09:00+00:00,2,2,3.325,3.87,"https://worldview.earthdata.nasa.gov/?v=93.01585,20.49141,93.09585,20.53141&l=Reference_Labels_15m(hidden),DoS_International_Boundaries(hidden),Coastlines_15m,VIIRS_SNPP_Thermal_Anomalies_375m_All,OCI_PACE_True_Color(hidden),VIIRS_NOAA21_CorrectedReflectance_TrueColor(hidden),VIIRS_NOAA20_CorrectedReflectance_TrueColor(hidden),VIIRS_SNPP_CorrectedReflectance_TrueColor&lg=true&t=2025-02-25-T00%3A00%3A00Z",https://www.openstreetmap.org/?mlat=20.51141&mlon=93.05585#map=14/20.51141/93.05585,VIIRS_SNPP_SP,firms-snpp-2025-v1
RV1-0038,rajeet-04,development_only,257_1592,2024-02,firms-aa31aba7c1e6c96602adc26c,2024-02-29T08:35:00+00:00,12.86836,79.62284,2024-02-29T08:35:00+00:00,2024-02-29T08:35:00+00:00,1,1,2.18,2.18,"https://worldview.earthdata.nasa.gov/?v=79.58284,12.84836,79.66284,12.88836&l=Reference_Labels_15m(hidden),DoS_International_Boundaries(hidden),Coastlines_15m,VIIRS_SNPP_Thermal_Anomalies_375m_All,OCI_PACE_True_Color(hidden),VIIRS_NOAA21_CorrectedReflectance_TrueColor(hidden),VIIRS_NOAA20_CorrectedReflectance_TrueColor(hidden),VIIRS_SNPP_CorrectedReflectance_TrueColor&lg=true&t=2024-02-29-T00%3A00%3A00Z",https://www.openstreetmap.org/?mlat=12.86836&mlon=79.62284#map=14/12.86836/79.62284,VIIRS_SNPP_SP,firms-snpp-2024-v1
RV1-0039,DeepaliSingh10,development_only,440_1560,2024-04,firms-f0cd38cf42e97dbe79285d83,2024-04-04T07:41:00+00:00,22.01428,78.0461,2024-04-03T20:29:00+00:00,2024-04-08T08:06:00+00:00,9,3,3.77,13.15,"https://worldview.earthdata.nasa.gov/?v=78.00610,21.99428,78.08610,22.03428&l=Reference_Labels_15m(hidden),DoS_International_Boundaries(hidden),Coastlines_15m,VIIRS_SNPP_Thermal_Anomalies_375m_All,OCI_PACE_True_Color(hidden),VIIRS_NOAA21_CorrectedReflectance_TrueColor(hidden),VIIRS_NOAA20_CorrectedReflectance_TrueColor(hidden),VIIRS_SNPP_CorrectedReflectance_TrueColor&lg=true&t=2024-04-04-T00%3A00%3A00Z",https://www.openstreetmap.org/?mlat=22.01428&mlon=78.04610#map=14/22.01428/78.04610,VIIRS_SNPP_SP,firms-snpp-2024-v1
RV1-0040,Somsubhra-Nandi,development_only,617_1561,2024-06,firms-54fce6300a31d5be3cfc42e2,2024-06-11T20:32:00+00:00,30.85875,78.09528,2024-06-09T21:09:00+00:00,2024-06-12T20:13:00+00:00,6,3,2.6799999999999997,9.35,"https://worldview.earthdata.nasa.gov/?v=78.05528,30.83875,78.13528,30.87875&l=Reference_Labels_15m(hidden),DoS_International_Boundaries(hidden),Coastlines_15m,VIIRS_SNPP_Thermal_Anomalies_375m_All,OCI_PACE_True_Color(hidden),VIIRS_NOAA21_CorrectedReflectance_TrueColor(hidden),VIIRS_NOAA20_CorrectedReflectance_TrueColor(hidden),VIIRS_SNPP_CorrectedReflectance_TrueColor&lg=true&t=2024-06-11-T00%3A00%3A00Z",https://www.openstreetmap.org/?mlat=30.85875&mlon=78.09528#map=14/30.85875/78.09528,VIIRS_SNPP_SP,firms-snpp-2024-v1
RV1-0041,Subhra-Nandi,development_only,446_1618,2025-03,firms-75c57b80a0cb352968715061,2025-03-28T07:28:00+00:00,22.34617,80.92359,2025-03-27T20:15:00+00:00,2025-03-28T07:28:00+00:00,2,2,2.105,2.99,"https://worldview.earthdata.nasa.gov/?v=80.88359,22.32617,80.96359,22.36617&l=Reference_Labels_15m(hidden),DoS_International_Boundaries(hidden),Coastlines_15m,VIIRS_SNPP_Thermal_Anomalies_375m_All,OCI_PACE_True_Color(hidden),VIIRS_NOAA21_CorrectedReflectance_TrueColor(hidden),VIIRS_NOAA20_CorrectedReflectance_TrueColor(hidden),VIIRS_SNPP_CorrectedReflectance_TrueColor&lg=true&t=2025-03-28-T00%3A00%3A00Z",https://www.openstreetmap.org/?mlat=22.34617&mlon=80.92359#map=14/22.34617/80.92359,VIIRS_SNPP_SP,firms-snpp-2025-v1
RV1-0042,mishhverse,development_only,417_1517,2024-05,firms-602ca8d82a3b3d1e9f8ff736,2024-05-04T08:19:00+00:00,20.88351,75.86128,2024-05-04T08:19:00+00:00,2024-05-04T08:19:00+00:00,1,1,25.2,25.2,"https://worldview.earthdata.nasa.gov/?v=75.82128,20.86351,75.90128,20.90351&l=Reference_Labels_15m(hidden),DoS_International_Boundaries(hidden),Coastlines_15m,VIIRS_SNPP_Thermal_Anomalies_375m_All,OCI_PACE_True_Color(hidden),VIIRS_NOAA21_CorrectedReflectance_TrueColor(hidden),VIIRS_NOAA20_CorrectedReflectance_TrueColor(hidden),VIIRS_SNPP_CorrectedReflectance_TrueColor&lg=true&t=2024-05-04-T00%3A00%3A00Z",https://www.openstreetmap.org/?mlat=20.88351&mlon=75.86128#map=14/20.88351/75.86128,VIIRS_SNPP_SP,firms-snpp-2024-v1
RV1-0043,NuclearVenom,development_only,505_1463,2024-04,firms-0b34844829e6550381559fef,2024-04-18T08:20:00+00:00,25.29688,73.16145,2024-04-18T08:20:00+00:00,2024-04-18T08:20:00+00:00,1,1,9.66,9.66,"https://worldview.earthdata.nasa.gov/?v=73.12145,25.27688,73.20145,25.31688&l=Reference_Labels_15m(hidden),DoS_International_Boundaries(hidden),Coastlines_15m,VIIRS_SNPP_Thermal_Anomalies_375m_All,OCI_PACE_True_Color(hidden),VIIRS_NOAA21_CorrectedReflectance_TrueColor(hidden),VIIRS_NOAA20_CorrectedReflectance_TrueColor(hidden),VIIRS_SNPP_CorrectedReflectance_TrueColor&lg=true&t=2024-04-18-T00%3A00%3A00Z",https://www.openstreetmap.org/?mlat=25.29688&mlon=73.16145#map=14/25.29688/73.16145,VIIRS_SNPP_SP,firms-snpp-2024-v1
RV1-0044,rajeet-04,development_only,500_1481,2024-04,firms-98a7b242d37979d6a083dc35,2024-04-25T07:49:00+00:00,25.04714,74.06255,2024-04-25T07:49:00+00:00,2024-04-25T07:49:00+00:00,1,1,13.47,13.47,"https://worldview.earthdata.nasa.gov/?v=74.02255,25.02714,74.10255,25.06714&l=Reference_Labels_15m(hidden),DoS_International_Boundaries(hidden),Coastlines_15m,VIIRS_SNPP_Thermal_Anomalies_375m_All,OCI_PACE_True_Color(hidden),VIIRS_NOAA21_CorrectedReflectance_TrueColor(hidden),VIIRS_NOAA20_CorrectedReflectance_TrueColor(hidden),VIIRS_SNPP_CorrectedReflectance_TrueColor&lg=true&t=2024-04-25-T00%3A00%3A00Z",https://www.openstreetmap.org/?mlat=25.04714&mlon=74.06255#map=14/25.04714/74.06255,VIIRS_SNPP_SP,firms-snpp-2024-v1
RV1-0045,DeepaliSingh10,development_only,567_1533,2025-04,firms-c50c43e88008416da6151b00,2025-04-18T07:37:00+00:00,28.39142,76.66943,2025-04-02T07:37:00+00:00,2025-04-21T20:46:00+00:00,4,4,3.8,4.49,"https://worldview.earthdata.nasa.gov/?v=76.62943,28.37142,76.70943,28.41142&l=Reference_Labels_15m(hidden),DoS_International_Boundaries(hidden),Coastlines_15m,VIIRS_SNPP_Thermal_Anomalies_375m_All,OCI_PACE_True_Color(hidden),VIIRS_NOAA21_CorrectedReflectance_TrueColor(hidden),VIIRS_NOAA20_CorrectedReflectance_TrueColor(hidden),VIIRS_SNPP_CorrectedReflectance_TrueColor&lg=true&t=2025-04-18-T00%3A00%3A00Z",https://www.openstreetmap.org/?mlat=28.39142&mlon=76.66943#map=14/28.39142/76.66943,VIIRS_SNPP_SP,firms-snpp-2025-v1
RV1-0046,Somsubhra-Nandi,development_only,639_1458,2024-01,firms-e2db470d3da65e43669ae6d5,2024-01-14T08:03:00+00:00,31.97125,72.94845,2024-01-14T08:03:00+00:00,2024-01-14T08:03:00+00:00,1,1,3.57,3.57,"https://worldview.earthdata.nasa.gov/?v=72.90845,31.95125,72.98845,31.99125&l=Reference_Labels_15m(hidden),DoS_International_Boundaries(hidden),Coastlines_15m,VIIRS_SNPP_Thermal_Anomalies_375m_All,OCI_PACE_True_Color(hidden),VIIRS_NOAA21_CorrectedReflectance_TrueColor(hidden),VIIRS_NOAA20_CorrectedReflectance_TrueColor(hidden),VIIRS_SNPP_CorrectedReflectance_TrueColor&lg=true&t=2024-01-14-T00%3A00%3A00Z",https://www.openstreetmap.org/?mlat=31.97125&mlon=72.94845#map=14/31.97125/72.94845,VIIRS_SNPP_SP,firms-snpp-2024-v1
RV1-0047,Subhra-Nandi,development_only,491_1542,2024-10,firms-4c23dc8885601fa51aab4340,2024-10-27T08:18:00+00:00,24.56329,77.14809,2024-10-27T08:18:00+00:00,2024-10-27T08:18:00+00:00,1,1,3.68,3.68,"https://worldview.earthdata.nasa.gov/?v=77.10809,24.54329,77.18809,24.58329&l=Reference_Labels_15m(hidden),DoS_International_Boundaries(hidden),Coastlines_15m,VIIRS_SNPP_Thermal_Anomalies_375m_All,OCI_PACE_True_Color(hidden),VIIRS_NOAA21_CorrectedReflectance_TrueColor(hidden),VIIRS_NOAA20_CorrectedReflectance_TrueColor(hidden),VIIRS_SNPP_CorrectedReflectance_TrueColor&lg=true&t=2024-10-27-T00%3A00%3A00Z",https://www.openstreetmap.org/?mlat=24.56329&mlon=77.14809#map=14/24.56329/77.14809,VIIRS_SNPP_SP,firms-snpp-2024-v1
RV1-0048,mishhverse,development_only,432_1951,2025-02,firms-35f20780290d67d9810c7e63,2025-02-28T06:13:00+00:00,21.6078,97.56322,2025-02-16T06:38:00+00:00,2025-02-28T06:13:00+00:00,2,2,3.795,4.1,"https://worldview.earthdata.nasa.gov/?v=97.52322,21.58780,97.60322,21.62780&l=Reference_Labels_15m(hidden),DoS_International_Boundaries(hidden),Coastlines_15m,VIIRS_SNPP_Thermal_Anomalies_375m_All,OCI_PACE_True_Color(hidden),VIIRS_NOAA21_CorrectedReflectance_TrueColor(hidden),VIIRS_NOAA20_CorrectedReflectance_TrueColor(hidden),VIIRS_SNPP_CorrectedReflectance_TrueColor&lg=true&t=2025-02-28-T00%3A00%3A00Z",https://www.openstreetmap.org/?mlat=21.60780&mlon=97.56322#map=14/21.60780/97.56322,VIIRS_SNPP_SP,firms-snpp-2025-v1
RV1-0049,NuclearVenom,development_only,447_1954,2025-04,firms-cb1240036433f0e8dcab6b8b,2025-04-04T06:56:00+00:00,22.35251,97.72349,2025-04-04T06:56:00+00:00,2025-04-04T06:56:00+00:00,2,1,1.5750000000000002,1.84,"https://worldview.earthdata.nasa.gov/?v=97.68349,22.33251,97.76349,22.37251&l=Reference_Labels_15m(hidden),DoS_International_Boundaries(hidden),Coastlines_15m,VIIRS_SNPP_Thermal_Anomalies_375m_All,OCI_PACE_True_Color(hidden),VIIRS_NOAA21_CorrectedReflectance_TrueColor(hidden),VIIRS_NOAA20_CorrectedReflectance_TrueColor(hidden),VIIRS_SNPP_CorrectedReflectance_TrueColor&lg=true&t=2025-04-04-T00%3A00%3A00Z",https://www.openstreetmap.org/?mlat=22.35251&mlon=97.72349#map=14/22.35251/97.72349,VIIRS_SNPP_SP,firms-snpp-2025-v1
RV1-0050,rajeet-04,development_only,382_1663,2024-11,firms-6bb72bf9972b3666e0977321,2024-11-02T08:04:00+00:00,19.11899,83.17075,2024-11-02T08:04:00+00:00,2024-11-02T08:04:00+00:00,1,1,3.27,3.27,"https://worldview.earthdata.nasa.gov/?v=83.13075,19.09899,83.21075,19.13899&l=Reference_Labels_15m(hidden),DoS_International_Boundaries(hidden),Coastlines_15m,VIIRS_SNPP_Thermal_Anomalies_375m_All,OCI_PACE_True_Color(hidden),VIIRS_NOAA21_CorrectedReflectance_TrueColor(hidden),VIIRS_NOAA20_CorrectedReflectance_TrueColor(hidden),VIIRS_SNPP_CorrectedReflectance_TrueColor&lg=true&t=2024-11-02-T00%3A00%3A00Z",https://www.openstreetmap.org/?mlat=19.11899&mlon=83.17075#map=14/19.11899/83.17075,VIIRS_SNPP_SP,firms-snpp-2024-v1
RV1-0051,DeepaliSingh10,development_only,488_1660,2025-02,firms-ac0a4551ad52046f770e0105,2025-02-17T20:28:00+00:00,24.44807,83.03895,2025-02-05T20:53:00+00:00,2025-02-28T20:22:00+00:00,8,8,0.865,1.07,"https://worldview.earthdata.nasa.gov/?v=82.99895,24.42807,83.07895,24.46807&l=Reference_Labels_15m(hidden),DoS_International_Boundaries(hidden),Coastlines_15m,VIIRS_SNPP_Thermal_Anomalies_375m_All,OCI_PACE_True_Color(hidden),VIIRS_NOAA21_CorrectedReflectance_TrueColor(hidden),VIIRS_NOAA20_CorrectedReflectance_TrueColor(hidden),VIIRS_SNPP_CorrectedReflectance_TrueColor&lg=true&t=2025-02-17-T00%3A00%3A00Z",https://www.openstreetmap.org/?mlat=24.44807&mlon=83.03895#map=14/24.44807/83.03895,VIIRS_SNPP_SP,firms-snpp-2025-v1
RV1-0052,Somsubhra-Nandi,development_only,465_1730,2024-04,firms-393b35ee6ce8ddd9616e2126,2024-04-19T08:00:00+00:00,23.27295,86.53928,2024-04-19T08:00:00+00:00,2024-04-19T08:00:00+00:00,1,1,1.79,1.79,"https://worldview.earthdata.nasa.gov/?v=86.49928,23.25295,86.57928,23.29295&l=Reference_Labels_15m(hidden),DoS_International_Boundaries(hidden),Coastlines_15m,VIIRS_SNPP_Thermal_Anomalies_375m_All,OCI_PACE_True_Color(hidden),VIIRS_NOAA21_CorrectedReflectance_TrueColor(hidden),VIIRS_NOAA20_CorrectedReflectance_TrueColor(hidden),VIIRS_SNPP_CorrectedReflectance_TrueColor&lg=true&t=2024-04-19-T00%3A00%3A00Z",https://www.openstreetmap.org/?mlat=23.27295&mlon=86.53928#map=14/23.27295/86.53928,VIIRS_SNPP_SP,firms-snpp-2024-v1
RV1-0053,Subhra-Nandi,development_only,511_1545,2025-04,firms-58a6c4b7ef3008014f218279,2025-04-22T08:01:00+00:00,25.57242,77.3,2025-04-10T08:26:00+00:00,2025-04-24T07:24:00+00:00,7,4,10.0,20.78,"https://worldview.earthdata.nasa.gov/?v=77.26000,25.55242,77.34000,25.59242&l=Reference_Labels_15m(hidden),DoS_International_Boundaries(hidden),Coastlines_15m,VIIRS_SNPP_Thermal_Anomalies_375m_All,OCI_PACE_True_Color(hidden),VIIRS_NOAA21_CorrectedReflectance_TrueColor(hidden),VIIRS_NOAA20_CorrectedReflectance_TrueColor(hidden),VIIRS_SNPP_CorrectedReflectance_TrueColor&lg=true&t=2025-04-22-T00%3A00%3A00Z",https://www.openstreetmap.org/?mlat=25.57242&mlon=77.30000#map=14/25.57242/77.30000,VIIRS_SNPP_SP,firms-snpp-2025-v1
RV1-0054,mishhverse,development_only,559_1544,2024-05,firms-ad9a2329d33194ae13075649,2024-05-05T08:02:00+00:00,27.99166,77.24512,2024-05-05T08:02:00+00:00,2024-05-05T08:02:00+00:00,1,1,14.52,14.52,"https://worldview.earthdata.nasa.gov/?v=77.20512,27.97166,77.28512,28.01166&l=Reference_Labels_15m(hidden),DoS_International_Boundaries(hidden),Coastlines_15m,VIIRS_SNPP_Thermal_Anomalies_375m_All,OCI_PACE_True_Color(hidden),VIIRS_NOAA21_CorrectedReflectance_TrueColor(hidden),VIIRS_NOAA20_CorrectedReflectance_TrueColor(hidden),VIIRS_SNPP_CorrectedReflectance_TrueColor&lg=true&t=2024-05-05-T00%3A00%3A00Z",https://www.openstreetmap.org/?mlat=27.99166&mlon=77.24512#map=14/27.99166/77.24512,VIIRS_SNPP_SP,firms-snpp-2024-v1
RV1-0055,NuclearVenom,development_only,467_1709,2024-04,firms-de4ea6a914784519c0b1fb0b,2024-04-27T07:10:00+00:00,23.36046,85.47796,2024-04-27T07:10:00+00:00,2024-04-27T07:10:00+00:00,1,1,2.33,2.33,"https://worldview.earthdata.nasa.gov/?v=85.43796,23.34046,85.51796,23.38046&l=Reference_Labels_15m(hidden),DoS_International_Boundaries(hidden),Coastlines_15m,VIIRS_SNPP_Thermal_Anomalies_375m_All,OCI_PACE_True_Color(hidden),VIIRS_NOAA21_CorrectedReflectance_TrueColor(hidden),VIIRS_NOAA20_CorrectedReflectance_TrueColor(hidden),VIIRS_SNPP_CorrectedReflectance_TrueColor&lg=true&t=2024-04-27-T00%3A00%3A00Z",https://www.openstreetmap.org/?mlat=23.36046&mlon=85.47796#map=14/23.36046/85.47796,VIIRS_SNPP_SP,firms-snpp-2024-v1
RV1-0056,rajeet-04,development_only,350_1939,2025-04,firms-6c476716d625b0310c079ac2,2025-04-24T07:21:00+00:00,17.5475,96.98958,2025-04-24T07:21:00+00:00,2025-04-24T07:21:00+00:00,1,1,10.71,10.71,"https://worldview.earthdata.nasa.gov/?v=96.94958,17.52750,97.02958,17.56750&l=Reference_Labels_15m(hidden),DoS_International_Boundaries(hidden),Coastlines_15m,VIIRS_SNPP_Thermal_Anomalies_375m_All,OCI_PACE_True_Color(hidden),VIIRS_NOAA21_CorrectedReflectance_TrueColor(hidden),VIIRS_NOAA20_CorrectedReflectance_TrueColor(hidden),VIIRS_SNPP_CorrectedReflectance_TrueColor&lg=true&t=2025-04-24-T00%3A00%3A00Z",https://www.openstreetmap.org/?mlat=17.54750&mlon=96.98958#map=14/17.54750/96.98958,VIIRS_SNPP_SP,firms-snpp-2025-v1
RV1-0057,DeepaliSingh10,development_only,661_1516,2024-12,firms-0de25207963f097779aee111,2024-12-20T08:09:00+00:00,33.05555,75.84922,2024-12-20T08:09:00+00:00,2024-12-20T08:09:00+00:00,1,1,3.26,3.26,"https://worldview.earthdata.nasa.gov/?v=75.80922,33.03555,75.88922,33.07555&l=Reference_Labels_15m(hidden),DoS_International_Boundaries(hidden),Coastlines_15m,VIIRS_SNPP_Thermal_Anomalies_375m_All,OCI_PACE_True_Color(hidden),VIIRS_NOAA21_CorrectedReflectance_TrueColor(hidden),VIIRS_NOAA20_CorrectedReflectance_TrueColor(hidden),VIIRS_SNPP_CorrectedReflectance_TrueColor&lg=true&t=2024-12-20-T00%3A00%3A00Z",https://www.openstreetmap.org/?mlat=33.05555&mlon=75.84922#map=14/33.05555/75.84922,VIIRS_SNPP_SP,firms-snpp-2024-v1
RV1-0058,Somsubhra-Nandi,development_only,609_1563,2024-06,firms-8c0103d6661c529ee6a5f735,2024-06-07T07:43:00+00:00,30.49121,78.17017,2024-06-04T21:03:00+00:00,2024-06-10T08:27:00+00:00,15,3,10.33,24.71,"https://worldview.earthdata.nasa.gov/?v=78.13017,30.47121,78.21017,30.51121&l=Reference_Labels_15m(hidden),DoS_International_Boundaries(hidden),Coastlines_15m,VIIRS_SNPP_Thermal_Anomalies_375m_All,OCI_PACE_True_Color(hidden),VIIRS_NOAA21_CorrectedReflectance_TrueColor(hidden),VIIRS_NOAA20_CorrectedReflectance_TrueColor(hidden),VIIRS_SNPP_CorrectedReflectance_TrueColor&lg=true&t=2024-06-07-T00%3A00%3A00Z",https://www.openstreetmap.org/?mlat=30.49121&mlon=78.17017#map=14/30.49121/78.17017,VIIRS_SNPP_SP,firms-snpp-2024-v1
RV1-0059,Subhra-Nandi,development_only,335_1913,2024-03,firms-89a5e0f3afa891e31b8e7d8c,2024-03-27T06:49:00+00:00,16.78542,95.66227,2024-03-16T06:55:00+00:00,2024-03-27T06:49:00+00:00,2,2,4.335,6.38,"https://worldview.earthdata.nasa.gov/?v=95.62227,16.76542,95.70227,16.80542&l=Reference_Labels_15m(hidden),DoS_International_Boundaries(hidden),Coastlines_15m,VIIRS_SNPP_Thermal_Anomalies_375m_All,OCI_PACE_True_Color(hidden),VIIRS_NOAA21_CorrectedReflectance_TrueColor(hidden),VIIRS_NOAA20_CorrectedReflectance_TrueColor(hidden),VIIRS_SNPP_CorrectedReflectance_TrueColor&lg=true&t=2024-03-27-T00%3A00%3A00Z",https://www.openstreetmap.org/?mlat=16.78542&mlon=95.66227#map=14/16.78542/95.66227,VIIRS_SNPP_SP,firms-snpp-2024-v1
RV1-0060,mishhverse,development_only,478_1635,2024-05,firms-c58bbcbfd617f026627259a7,2024-05-18T07:16:00+00:00,23.92612,81.78142,2024-05-18T07:16:00+00:00,2024-05-18T07:16:00+00:00,1,1,1.7,1.7,"https://worldview.earthdata.nasa.gov/?v=81.74142,23.90612,81.82142,23.94612&l=Reference_Labels_15m(hidden),DoS_International_Boundaries(hidden),Coastlines_15m,VIIRS_SNPP_Thermal_Anomalies_375m_All,OCI_PACE_True_Color(hidden),VIIRS_NOAA21_CorrectedReflectance_TrueColor(hidden),VIIRS_NOAA20_CorrectedReflectance_TrueColor(hidden),VIIRS_SNPP_CorrectedReflectance_TrueColor&lg=true&t=2024-05-18-T00%3A00%3A00Z",https://www.openstreetmap.org/?mlat=23.92612&mlon=81.78142#map=14/23.92612/81.78142,VIIRS_SNPP_SP,firms-snpp-2024-v1
RV1-0061,NuclearVenom,development_only,447_1572,2025-03,firms-86b07957d32608bef191abec,2025-03-25T20:53:00+00:00,22.39918,78.63834,2025-03-25T20:53:00+00:00,2025-03-29T19:38:00+00:00,5,2,0.57,0.68,"https://worldview.earthdata.nasa.gov/?v=78.59834,22.37918,78.67834,22.41918&l=Reference_Labels_15m(hidden),DoS_International_Boundaries(hidden),Coastlines_15m,VIIRS_SNPP_Thermal_Anomalies_375m_All,OCI_PACE_True_Color(hidden),VIIRS_NOAA21_CorrectedReflectance_TrueColor(hidden),VIIRS_NOAA20_CorrectedReflectance_TrueColor(hidden),VIIRS_SNPP_CorrectedReflectance_TrueColor&lg=true&t=2025-03-25-T00%3A00%3A00Z",https://www.openstreetmap.org/?mlat=22.39918&mlon=78.63834#map=14/22.39918/78.63834,VIIRS_SNPP_SP,firms-snpp-2025-v1
RV1-0062,rajeet-04,development_only,589_1485,2025-04,firms-a1113a15299990209395432f,2025-04-24T21:30:00+00:00,29.49468,74.25495,2025-04-24T21:30:00+00:00,2025-04-24T21:30:00+00:00,2,1,0.7649999999999999,0.82,"https://worldview.earthdata.nasa.gov/?v=74.21495,29.47468,74.29495,29.51468&l=Reference_Labels_15m(hidden),DoS_International_Boundaries(hidden),Coastlines_15m,VIIRS_SNPP_Thermal_Anomalies_375m_All,OCI_PACE_True_Color(hidden),VIIRS_NOAA21_CorrectedReflectance_TrueColor(hidden),VIIRS_NOAA20_CorrectedReflectance_TrueColor(hidden),VIIRS_SNPP_CorrectedReflectance_TrueColor&lg=true&t=2025-04-24-T00%3A00%3A00Z",https://www.openstreetmap.org/?mlat=29.49468&mlon=74.25495#map=14/29.49468/74.25495,VIIRS_SNPP_SP,firms-snpp-2025-v1
RV1-0063,DeepaliSingh10,development_only,305_1546,2025-02,firms-c7750f8b898b17856abed3fa,2025-02-07T07:46:00+00:00,15.27187,77.32439,2025-02-07T07:46:00+00:00,2025-02-07T07:46:00+00:00,1,1,4.8,4.8,"https://worldview.earthdata.nasa.gov/?v=77.28439,15.25187,77.36439,15.29187&l=Reference_Labels_15m(hidden),DoS_International_Boundaries(hidden),Coastlines_15m,VIIRS_SNPP_Thermal_Anomalies_375m_All,OCI_PACE_True_Color(hidden),VIIRS_NOAA21_CorrectedReflectance_TrueColor(hidden),VIIRS_NOAA20_CorrectedReflectance_TrueColor(hidden),VIIRS_SNPP_CorrectedReflectance_TrueColor&lg=true&t=2025-02-07-T00%3A00%3A00Z",https://www.openstreetmap.org/?mlat=15.27187&mlon=77.32439#map=14/15.27187/77.32439,VIIRS_SNPP_SP,firms-snpp-2025-v1
RV1-0064,Somsubhra-Nandi,development_only,585_1636,2024-04,firms-d5596e1f22d5996b7a18c817,2024-04-19T20:27:00+00:00,29.29386,81.82716,2024-04-19T20:27:00+00:00,2024-04-20T07:43:00+00:00,3,2,1.02,4.88,"https://worldview.earthdata.nasa.gov/?v=81.78716,29.27386,81.86716,29.31386&l=Reference_Labels_15m(hidden),DoS_International_Boundaries(hidden),Coastlines_15m,VIIRS_SNPP_Thermal_Anomalies_375m_All,OCI_PACE_True_Color(hidden),VIIRS_NOAA21_CorrectedReflectance_TrueColor(hidden),VIIRS_NOAA20_CorrectedReflectance_TrueColor(hidden),VIIRS_SNPP_CorrectedReflectance_TrueColor&lg=true&t=2024-04-19-T00%3A00%3A00Z",https://www.openstreetmap.org/?mlat=29.29386&mlon=81.82716#map=14/29.29386/81.82716,VIIRS_SNPP_SP,firms-snpp-2024-v1
RV1-0065,Subhra-Nandi,development_only,615_1518,2025-05,firms-58de1dc1ab39490099f2f466,2025-05-07T08:22:00+00:00,30.7548,75.90421,2025-05-04T07:38:00+00:00,2025-05-15T07:32:00+00:00,8,5,7.365,11.37,"https://worldview.earthdata.nasa.gov/?v=75.86421,30.73480,75.94421,30.77480&l=Reference_Labels_15m(hidden),DoS_International_Boundaries(hidden),Coastlines_15m,VIIRS_SNPP_Thermal_Anomalies_375m_All,OCI_PACE_True_Color(hidden),VIIRS_NOAA21_CorrectedReflectance_TrueColor(hidden),VIIRS_NOAA20_CorrectedReflectance_TrueColor(hidden),VIIRS_SNPP_CorrectedReflectance_TrueColor&lg=true&t=2025-05-07-T00%3A00%3A00Z",https://www.openstreetmap.org/?mlat=30.75480&mlon=75.90421#map=14/30.75480/75.90421,VIIRS_SNPP_SP,firms-snpp-2025-v1
RV1-0066,mishhverse,development_only,336_1474,2025-04,firms-bdb3fbad832e08c00bd8239c,2025-04-15T08:30:00+00:00,16.82287,73.70669,2025-04-15T08:30:00+00:00,2025-04-22T07:59:00+00:00,3,2,5.36,5.36,"https://worldview.earthdata.nasa.gov/?v=73.66669,16.80287,73.74669,16.84287&l=Reference_Labels_15m(hidden),DoS_International_Boundaries(hidden),Coastlines_15m,VIIRS_SNPP_Thermal_Anomalies_375m_All,OCI_PACE_True_Color(hidden),VIIRS_NOAA21_CorrectedReflectance_TrueColor(hidden),VIIRS_NOAA20_CorrectedReflectance_TrueColor(hidden),VIIRS_SNPP_CorrectedReflectance_TrueColor&lg=true&t=2025-04-15-T00%3A00%3A00Z",https://www.openstreetmap.org/?mlat=16.82287&mlon=73.70669#map=14/16.82287/73.70669,VIIRS_SNPP_SP,firms-snpp-2025-v1
RV1-0067,NuclearVenom,development_only,557_1715,2025-03,firms-ead64e7adedf421efe63d23f,2025-03-19T19:24:00+00:00,27.89839,85.75333,2025-03-19T19:24:00+00:00,2025-03-19T19:24:00+00:00,1,1,0.94,0.94,"https://worldview.earthdata.nasa.gov/?v=85.71333,27.87839,85.79333,27.91839&l=Reference_Labels_15m(hidden),DoS_International_Boundaries(hidden),Coastlines_15m,VIIRS_SNPP_Thermal_Anomalies_375m_All,OCI_PACE_True_Color(hidden),VIIRS_NOAA21_CorrectedReflectance_TrueColor(hidden),VIIRS_NOAA20_CorrectedReflectance_TrueColor(hidden),VIIRS_SNPP_CorrectedReflectance_TrueColor&lg=true&t=2025-03-19-T00%3A00%3A00Z",https://www.openstreetmap.org/?mlat=27.89839&mlon=85.75333#map=14/27.89839/85.75333,VIIRS_SNPP_SP,firms-snpp-2025-v1
RV1-0068,rajeet-04,development_only,360_1905,2024-01,firms-ee4b68718bc1b19f221ede26,2024-01-08T06:30:00+00:00,18.04868,95.28141,2024-01-08T06:30:00+00:00,2024-01-08T06:30:00+00:00,3,1,3.81,3.81,"https://worldview.earthdata.nasa.gov/?v=95.24141,18.02868,95.32141,18.06868&l=Reference_Labels_15m(hidden),DoS_International_Boundaries(hidden),Coastlines_15m,VIIRS_SNPP_Thermal_Anomalies_375m_All,OCI_PACE_True_Color(hidden),VIIRS_NOAA21_CorrectedReflectance_TrueColor(hidden),VIIRS_NOAA20_CorrectedReflectance_TrueColor(hidden),VIIRS_SNPP_CorrectedReflectance_TrueColor&lg=true&t=2024-01-08-T00%3A00%3A00Z",https://www.openstreetmap.org/?mlat=18.04868&mlon=95.28141#map=14/18.04868/95.28141,VIIRS_SNPP_SP,firms-snpp-2024-v1
RV1-0069,DeepaliSingh10,development_only,448_1738,2024-03,firms-1ce8c34c10b2ed869cb9256d,2024-03-31T07:16:00+00:00,22.43917,86.91891,2024-03-11T06:51:00+00:00,2024-03-31T07:16:00+00:00,5,3,3.99,9.27,"https://worldview.earthdata.nasa.gov/?v=86.87891,22.41917,86.95891,22.45917&l=Reference_Labels_15m(hidden),DoS_International_Boundaries(hidden),Coastlines_15m,VIIRS_SNPP_Thermal_Anomalies_375m_All,OCI_PACE_True_Color(hidden),VIIRS_NOAA21_CorrectedReflectance_TrueColor(hidden),VIIRS_NOAA20_CorrectedReflectance_TrueColor(hidden),VIIRS_SNPP_CorrectedReflectance_TrueColor&lg=true&t=2024-03-31-T00%3A00%3A00Z",https://www.openstreetmap.org/?mlat=22.43917&mlon=86.91891#map=14/22.43917/86.91891,VIIRS_SNPP_SP,firms-snpp-2024-v1
RV1-0070,Somsubhra-Nandi,development_only,522_1956,2025-04,firms-0b71f36a296c398116229050,2025-04-26T06:45:00+00:00,26.11808,97.80511,2025-04-10T06:45:00+00:00,2025-04-26T06:45:00+00:00,3,2,6.39,8.96,"https://worldview.earthdata.nasa.gov/?v=97.76511,26.09808,97.84511,26.13808&l=Reference_Labels_15m(hidden),DoS_International_Boundaries(hidden),Coastlines_15m,VIIRS_SNPP_Thermal_Anomalies_375m_All,OCI_PACE_True_Color(hidden),VIIRS_NOAA21_CorrectedReflectance_TrueColor(hidden),VIIRS_NOAA20_CorrectedReflectance_TrueColor(hidden),VIIRS_SNPP_CorrectedReflectance_TrueColor&lg=true&t=2025-04-26-T00%3A00%3A00Z",https://www.openstreetmap.org/?mlat=26.11808&mlon=97.80511#map=14/26.11808/97.80511,VIIRS_SNPP_SP,firms-snpp-2025-v1
RV1-0071,Subhra-Nandi,development_only,448_1612,2025-03,firms-9853947fce5075e4b50d1460,2025-03-26T08:06:00+00:00,22.41033,80.63229,2025-03-15T08:12:00+00:00,2025-03-28T07:28:00+00:00,3,3,3.42,3.88,"https://worldview.earthdata.nasa.gov/?v=80.59229,22.39033,80.67229,22.43033&l=Reference_Labels_15m(hidden),DoS_International_Boundaries(hidden),Coastlines_15m,VIIRS_SNPP_Thermal_Anomalies_375m_All,OCI_PACE_True_Color(hidden),VIIRS_NOAA21_CorrectedReflectance_TrueColor(hidden),VIIRS_NOAA20_CorrectedReflectance_TrueColor(hidden),VIIRS_SNPP_CorrectedReflectance_TrueColor&lg=true&t=2025-03-26-T00%3A00%3A00Z",https://www.openstreetmap.org/?mlat=22.41033&mlon=80.63229#map=14/22.41033/80.63229,VIIRS_SNPP_SP,firms-snpp-2025-v1
RV1-0072,mishhverse,development_only,556_1634,2025-04,firms-1429dec49af7c90afeaf5b58,2025-04-29T07:31:00+00:00,27.8089,81.74502,2025-04-23T07:43:00+00:00,2025-04-29T07:31:00+00:00,6,3,6.5,15.15,"https://worldview.earthdata.nasa.gov/?v=81.70502,27.78890,81.78502,27.82890&l=Reference_Labels_15m(hidden),DoS_International_Boundaries(hidden),Coastlines_15m,VIIRS_SNPP_Thermal_Anomalies_375m_All,OCI_PACE_True_Color(hidden),VIIRS_NOAA21_CorrectedReflectance_TrueColor(hidden),VIIRS_NOAA20_CorrectedReflectance_TrueColor(hidden),VIIRS_SNPP_CorrectedReflectance_TrueColor&lg=true&t=2025-04-29-T00%3A00%3A00Z",https://www.openstreetmap.org/?mlat=27.80890&mlon=81.74502#map=14/27.80890/81.74502,VIIRS_SNPP_SP,firms-snpp-2025-v1
RV1-0073,NuclearVenom,development_only,689_1463,2024-06,firms-a140d9ac6968cd0a30604e19,2024-06-15T20:56:00+00:00,34.4901,73.17554,2024-06-09T21:09:00+00:00,2024-06-26T08:28:00+00:00,23,6,3.05,8.42,"https://worldview.earthdata.nasa.gov/?v=73.13554,34.47010,73.21554,34.51010&l=Reference_Labels_15m(hidden),DoS_International_Boundaries(hidden),Coastlines_15m,VIIRS_SNPP_Thermal_Anomalies_375m_All,OCI_PACE_True_Color(hidden),VIIRS_NOAA21_CorrectedReflectance_TrueColor(hidden),VIIRS_NOAA20_CorrectedReflectance_TrueColor(hidden),VIIRS_SNPP_CorrectedReflectance_TrueColor&lg=true&t=2024-06-15-T00%3A00%3A00Z",https://www.openstreetmap.org/?mlat=34.49010&mlon=73.17554#map=14/34.49010/73.17554,VIIRS_SNPP_SP,firms-snpp-2024-v1
RV1-0074,rajeet-04,development_only,436_1861,2024-04,firms-0719f01d8e8d5fbfd693ef14,2024-04-11T19:38:00+00:00,21.83445,93.09324,2024-04-11T07:09:00+00:00,2024-04-15T07:34:00+00:00,4,2,3.3049999999999997,3.93,"https://worldview.earthdata.nasa.gov/?v=93.05324,21.81445,93.13324,21.85445&l=Reference_Labels_15m(hidden),DoS_International_Boundaries(hidden),Coastlines_15m,VIIRS_SNPP_Thermal_Anomalies_375m_All,OCI_PACE_True_Color(hidden),VIIRS_NOAA21_CorrectedReflectance_TrueColor(hidden),VIIRS_NOAA20_CorrectedReflectance_TrueColor(hidden),VIIRS_SNPP_CorrectedReflectance_TrueColor&lg=true&t=2024-04-11-T00%3A00%3A00Z",https://www.openstreetmap.org/?mlat=21.83445&mlon=93.09324#map=14/21.83445/93.09324,VIIRS_SNPP_SP,firms-snpp-2024-v1
RV1-0075,DeepaliSingh10,development_only,281_1541,2024-03,firms-c681ab5af4f02d3f0bddd57f,2024-03-30T20:06:00+00:00,14.07167,77.07542,2024-03-30T20:06:00+00:00,2024-03-30T20:06:00+00:00,2,1,1.535,1.66,"https://worldview.earthdata.nasa.gov/?v=77.03542,14.05167,77.11542,14.09167&l=Reference_Labels_15m(hidden),DoS_International_Boundaries(hidden),Coastlines_15m,VIIRS_SNPP_Thermal_Anomalies_375m_All,OCI_PACE_True_Color(hidden),VIIRS_NOAA21_CorrectedReflectance_TrueColor(hidden),VIIRS_NOAA20_CorrectedReflectance_TrueColor(hidden),VIIRS_SNPP_CorrectedReflectance_TrueColor&lg=true&t=2024-03-30-T00%3A00%3A00Z",https://www.openstreetmap.org/?mlat=14.07167&mlon=77.07542#map=14/14.07167/77.07542,VIIRS_SNPP_SP,firms-snpp-2024-v1
RV1-0076,Somsubhra-Nandi,development_only,516_1822,2024-04,firms-425d76822a4d27d686c5817a,2024-04-07T06:45:00+00:00,25.84809,91.11767,2024-04-07T06:45:00+00:00,2024-04-07T06:45:00+00:00,1,1,2.31,2.31,"https://worldview.earthdata.nasa.gov/?v=91.07767,25.82809,91.15767,25.86809&l=Reference_Labels_15m(hidden),DoS_International_Boundaries(hidden),Coastlines_15m,VIIRS_SNPP_Thermal_Anomalies_375m_All,OCI_PACE_True_Color(hidden),VIIRS_NOAA21_CorrectedReflectance_TrueColor(hidden),VIIRS_NOAA20_CorrectedReflectance_TrueColor(hidden),VIIRS_SNPP_CorrectedReflectance_TrueColor&lg=true&t=2024-04-07-T00%3A00%3A00Z",https://www.openstreetmap.org/?mlat=25.84809&mlon=91.11767#map=14/25.84809/91.11767,VIIRS_SNPP_SP,firms-snpp-2024-v1
RV1-0077,Subhra-Nandi,development_only,298_1584,2025-04,firms-e635b7aeb8c167c73ff47eec,2025-04-26T08:24:00+00:00,14.92891,79.21849,2025-04-01T07:51:00+00:00,2025-04-26T08:24:00+00:00,2,2,5.455,6.7,"https://worldview.earthdata.nasa.gov/?v=79.17849,14.90891,79.25849,14.94891&l=Reference_Labels_15m(hidden),DoS_International_Boundaries(hidden),Coastlines_15m,VIIRS_SNPP_Thermal_Anomalies_375m_All,OCI_PACE_True_Color(hidden),VIIRS_NOAA21_CorrectedReflectance_TrueColor(hidden),VIIRS_NOAA20_CorrectedReflectance_TrueColor(hidden),VIIRS_SNPP_CorrectedReflectance_TrueColor&lg=true&t=2025-04-26-T00%3A00%3A00Z",https://www.openstreetmap.org/?mlat=14.92891&mlon=79.21849#map=14/14.92891/79.21849,VIIRS_SNPP_SP,firms-snpp-2025-v1
RV1-0078,mishhverse,development_only,420_1505,2025-03,firms-785afde58731bb8b63e85700,2025-03-28T07:28:00+00:00,21.02706,75.26083,2025-03-28T07:28:00+00:00,2025-03-28T07:28:00+00:00,1,1,1.99,1.99,"https://worldview.earthdata.nasa.gov/?v=75.22083,21.00706,75.30083,21.04706&l=Reference_Labels_15m(hidden),DoS_International_Boundaries(hidden),Coastlines_15m,VIIRS_SNPP_Thermal_Anomalies_375m_All,OCI_PACE_True_Color(hidden),VIIRS_NOAA21_CorrectedReflectance_TrueColor(hidden),VIIRS_NOAA20_CorrectedReflectance_TrueColor(hidden),VIIRS_SNPP_CorrectedReflectance_TrueColor&lg=true&t=2025-03-28-T00%3A00%3A00Z",https://www.openstreetmap.org/?mlat=21.02706&mlon=75.26083#map=14/21.02706/75.26083,VIIRS_SNPP_SP,firms-snpp-2025-v1
RV1-0079,NuclearVenom,development_only,403_1661,2025-03,firms-7ae6e4782c3b1165d3d3fd18,2025-03-15T08:12:00+00:00,20.17874,83.08092,2025-03-15T08:12:00+00:00,2025-03-15T08:12:00+00:00,1,1,5.07,5.07,"https://worldview.earthdata.nasa.gov/?v=83.04092,20.15874,83.12092,20.19874&l=Reference_Labels_15m(hidden),DoS_International_Boundaries(hidden),Coastlines_15m,VIIRS_SNPP_Thermal_Anomalies_375m_All,OCI_PACE_True_Color(hidden),VIIRS_NOAA21_CorrectedReflectance_TrueColor(hidden),VIIRS_NOAA20_CorrectedReflectance_TrueColor(hidden),VIIRS_SNPP_CorrectedReflectance_TrueColor&lg=true&t=2025-03-15-T00%3A00%3A00Z",https://www.openstreetmap.org/?mlat=20.17874&mlon=83.08092#map=14/20.17874/83.08092,VIIRS_SNPP_SP,firms-snpp-2025-v1
RV1-0080,rajeet-04,development_only,324_1643,2024-01,firms-97c49953fb9192566d5e0d70,2024-01-31T20:11:00+00:00,16.20005,82.16843,2024-01-31T20:11:00+00:00,2024-01-31T20:11:00+00:00,1,1,0.84,0.84,"https://worldview.earthdata.nasa.gov/?v=82.12843,16.18005,82.20843,16.22005&l=Reference_Labels_15m(hidden),DoS_International_Boundaries(hidden),Coastlines_15m,VIIRS_SNPP_Thermal_Anomalies_375m_All,OCI_PACE_True_Color(hidden),VIIRS_NOAA21_CorrectedReflectance_TrueColor(hidden),VIIRS_NOAA20_CorrectedReflectance_TrueColor(hidden),VIIRS_SNPP_CorrectedReflectance_TrueColor&lg=true&t=2024-01-31-T00%3A00%3A00Z",https://www.openstreetmap.org/?mlat=16.20005&mlon=82.16843#map=14/16.20005/82.16843,VIIRS_SNPP_SP,firms-snpp-2024-v1
RV1-0081,DeepaliSingh10,development_only,343_1486,2025-01,firms-0c9687d114342ee6c8f5ec19,2025-01-04T08:24:00+00:00,17.17729,74.32829,2025-01-04T08:24:00+00:00,2025-01-04T08:24:00+00:00,1,1,8.8,8.8,"https://worldview.earthdata.nasa.gov/?v=74.28829,17.15729,74.36829,17.19729&l=Reference_Labels_15m(hidden),DoS_International_Boundaries(hidden),Coastlines_15m,VIIRS_SNPP_Thermal_Anomalies_375m_All,OCI_PACE_True_Color(hidden),VIIRS_NOAA21_CorrectedReflectance_TrueColor(hidden),VIIRS_NOAA20_CorrectedReflectance_TrueColor(hidden),VIIRS_SNPP_CorrectedReflectance_TrueColor&lg=true&t=2025-01-04-T00%3A00%3A00Z",https://www.openstreetmap.org/?mlat=17.17729&mlon=74.32829#map=14/17.17729/74.32829,VIIRS_SNPP_SP,firms-snpp-2025-v1
RV1-0082,Somsubhra-Nandi,development_only,405_1733,2024-03,firms-568f8692952507bedba6d9a5,2024-03-25T07:28:00+00:00,20.2952,86.68569,2024-03-25T07:28:00+00:00,2024-03-25T07:28:00+00:00,1,1,4.76,4.76,"https://worldview.earthdata.nasa.gov/?v=86.64569,20.27520,86.72569,20.31520&l=Reference_Labels_15m(hidden),DoS_International_Boundaries(hidden),Coastlines_15m,VIIRS_SNPP_Thermal_Anomalies_375m_All,OCI_PACE_True_Color(hidden),VIIRS_NOAA21_CorrectedReflectance_TrueColor(hidden),VIIRS_NOAA20_CorrectedReflectance_TrueColor(hidden),VIIRS_SNPP_CorrectedReflectance_TrueColor&lg=true&t=2024-03-25-T00%3A00%3A00Z",https://www.openstreetmap.org/?mlat=20.29520&mlon=86.68569#map=14/20.29520/86.68569,VIIRS_SNPP_SP,firms-snpp-2024-v1
RV1-0083,Subhra-Nandi,development_only,577_1543,2025-02,firms-f075bd1f9365d2b68081f427,2025-02-06T20:33:00+00:00,28.85092,77.16005,2025-02-04T21:11:00+00:00,2025-02-06T20:33:00+00:00,2,2,0.43,0.49,"https://worldview.earthdata.nasa.gov/?v=77.12005,28.83092,77.20005,28.87092&l=Reference_Labels_15m(hidden),DoS_International_Boundaries(hidden),Coastlines_15m,VIIRS_SNPP_Thermal_Anomalies_375m_All,OCI_PACE_True_Color(hidden),VIIRS_NOAA21_CorrectedReflectance_TrueColor(hidden),VIIRS_NOAA20_CorrectedReflectance_TrueColor(hidden),VIIRS_SNPP_CorrectedReflectance_TrueColor&lg=true&t=2025-02-06-T00%3A00%3A00Z",https://www.openstreetmap.org/?mlat=28.85092&mlon=77.16005#map=14/28.85092/77.16005,VIIRS_SNPP_SP,firms-snpp-2025-v1
RV1-0084,mishhverse,development_only,521_1850,2024-03,firms-eb4c684708c90a30f0607f5b,2024-03-12T06:32:00+00:00,26.07733,92.53423,2024-03-06T06:45:00+00:00,2024-03-18T06:20:00+00:00,6,4,3.1500000000000004,5.37,"https://worldview.earthdata.nasa.gov/?v=92.49423,26.05733,92.57423,26.09733&l=Reference_Labels_15m(hidden),DoS_International_Boundaries(hidden),Coastlines_15m,VIIRS_SNPP_Thermal_Anomalies_375m_All,OCI_PACE_True_Color(hidden),VIIRS_NOAA21_CorrectedReflectance_TrueColor(hidden),VIIRS_NOAA20_CorrectedReflectance_TrueColor(hidden),VIIRS_SNPP_CorrectedReflectance_TrueColor&lg=true&t=2024-03-12-T00%3A00%3A00Z",https://www.openstreetmap.org/?mlat=26.07733&mlon=92.53423#map=14/26.07733/92.53423,VIIRS_SNPP_SP,firms-snpp-2024-v1
RV1-0085,NuclearVenom,development_only,377_1924,2024-04,firms-cd9d0edb86a9e68e5102ce69,2024-04-16T07:15:00+00:00,18.85116,96.21938,2024-04-01T06:56:00+00:00,2024-04-16T07:15:00+00:00,2,2,4.225,5.4,"https://worldview.earthdata.nasa.gov/?v=96.17938,18.83116,96.25938,18.87116&l=Reference_Labels_15m(hidden),DoS_International_Boundaries(hidden),Coastlines_15m,VIIRS_SNPP_Thermal_Anomalies_375m_All,OCI_PACE_True_Color(hidden),VIIRS_NOAA21_CorrectedReflectance_TrueColor(hidden),VIIRS_NOAA20_CorrectedReflectance_TrueColor(hidden),VIIRS_SNPP_CorrectedReflectance_TrueColor&lg=true&t=2024-04-16-T00%3A00%3A00Z",https://www.openstreetmap.org/?mlat=18.85116&mlon=96.21938#map=14/18.85116/96.21938,VIIRS_SNPP_SP,firms-snpp-2024-v1
RV1-0086,rajeet-04,development_only,518_1880,2025-04,firms-9a00a1a61380cfc46e1d5d4e,2025-04-26T06:46:00+00:00,25.92136,94.04973,2025-04-04T19:24:00+00:00,2025-04-26T19:12:00+00:00,4,2,3.015,19.18,"https://worldview.earthdata.nasa.gov/?v=94.00973,25.90136,94.08973,25.94136&l=Reference_Labels_15m(hidden),DoS_International_Boundaries(hidden),Coastlines_15m,VIIRS_SNPP_Thermal_Anomalies_375m_All,OCI_PACE_True_Color(hidden),VIIRS_NOAA21_CorrectedReflectance_TrueColor(hidden),VIIRS_NOAA20_CorrectedReflectance_TrueColor(hidden),VIIRS_SNPP_CorrectedReflectance_TrueColor&lg=true&t=2025-04-26-T00%3A00%3A00Z",https://www.openstreetmap.org/?mlat=25.92136&mlon=94.04973#map=14/25.92136/94.04973,VIIRS_SNPP_SP,firms-snpp-2025-v1
RV1-0087,DeepaliSingh10,development_only,476_1671,2024-04,firms-04b40c3b9c3e0430e51b6c06,2024-04-27T07:10:00+00:00,23.81481,83.55499,2024-04-27T07:10:00+00:00,2024-04-27T07:10:00+00:00,1,1,6.69,6.69,"https://worldview.earthdata.nasa.gov/?v=83.51499,23.79481,83.59499,23.83481&l=Reference_Labels_15m(hidden),DoS_International_Boundaries(hidden),Coastlines_15m,VIIRS_SNPP_Thermal_Anomalies_375m_All,OCI_PACE_True_Color(hidden),VIIRS_NOAA21_CorrectedReflectance_TrueColor(hidden),VIIRS_NOAA20_CorrectedReflectance_TrueColor(hidden),VIIRS_SNPP_CorrectedReflectance_TrueColor&lg=true&t=2024-04-27-T00%3A00%3A00Z",https://www.openstreetmap.org/?mlat=23.81481&mlon=83.55499#map=14/23.81481/83.55499,VIIRS_SNPP_SP,firms-snpp-2024-v1
RV1-0088,Somsubhra-Nandi,development_only,434_1684,2025-01,firms-b7ace3cd9b5584c593648be3,2025-01-28T07:35:00+00:00,21.73614,84.20813,2025-01-18T07:22:00+00:00,2025-01-29T07:16:00+00:00,9,3,10.87,40.02,"https://worldview.earthdata.nasa.gov/?v=84.16813,21.71614,84.24813,21.75614&l=Reference_Labels_15m(hidden),DoS_International_Boundaries(hidden),Coastlines_15m,VIIRS_SNPP_Thermal_Anomalies_375m_All,OCI_PACE_True_Color(hidden),VIIRS_NOAA21_CorrectedReflectance_TrueColor(hidden),VIIRS_NOAA20_CorrectedReflectance_TrueColor(hidden),VIIRS_SNPP_CorrectedReflectance_TrueColor&lg=true&t=2025-01-28-T00%3A00%3A00Z",https://www.openstreetmap.org/?mlat=21.73614&mlon=84.20813#map=14/21.73614/84.20813,VIIRS_SNPP_SP,firms-snpp-2025-v1
RV1-0089,Subhra-Nandi,development_only,468_1810,2024-11,firms-c694ef665d3c21792ba0faab,2024-11-21T07:08:00+00:00,23.44733,90.50406,2024-11-21T07:08:00+00:00,2024-11-21T07:08:00+00:00,1,1,3.56,3.56,"https://worldview.earthdata.nasa.gov/?v=90.46406,23.42733,90.54406,23.46733&l=Reference_Labels_15m(hidden),DoS_International_Boundaries(hidden),Coastlines_15m,VIIRS_SNPP_Thermal_Anomalies_375m_All,OCI_PACE_True_Color(hidden),VIIRS_NOAA21_CorrectedReflectance_TrueColor(hidden),VIIRS_NOAA20_CorrectedReflectance_TrueColor(hidden),VIIRS_SNPP_CorrectedReflectance_TrueColor&lg=true&t=2024-11-21-T00%3A00%3A00Z",https://www.openstreetmap.org/?mlat=23.44733&mlon=90.50406#map=14/23.44733/90.50406,VIIRS_SNPP_SP,firms-snpp-2024-v1
RV1-0090,mishhverse,development_only,414_1688,2025-03,firms-4e41448b7f12688a8ec69748,2025-03-12T07:28:00+00:00,20.71629,84.40421,2025-03-12T07:28:00+00:00,2025-03-12T07:28:00+00:00,1,1,7.02,7.02,"https://worldview.earthdata.nasa.gov/?v=84.36421,20.69629,84.44421,20.73629&l=Reference_Labels_15m(hidden),DoS_International_Boundaries(hidden),Coastlines_15m,VIIRS_SNPP_Thermal_Anomalies_375m_All,OCI_PACE_True_Color(hidden),VIIRS_NOAA21_CorrectedReflectance_TrueColor(hidden),VIIRS_NOAA20_CorrectedReflectance_TrueColor(hidden),VIIRS_SNPP_CorrectedReflectance_TrueColor&lg=true&t=2025-03-12-T00%3A00%3A00Z",https://www.openstreetmap.org/?mlat=20.71629&mlon=84.40421#map=14/20.71629/84.40421,VIIRS_SNPP_SP,firms-snpp-2025-v1
RV1-0091,NuclearVenom,development_only,422_1466,2024-01,firms-5391f66f172dc9435c7ab608,2024-01-23T08:31:00+00:00,21.13911,73.34491,2024-01-17T08:44:00+00:00,2024-01-23T08:31:00+00:00,2,2,3.8049999999999997,3.86,"https://worldview.earthdata.nasa.gov/?v=73.30491,21.11911,73.38491,21.15911&l=Reference_Labels_15m(hidden),DoS_International_Boundaries(hidden),Coastlines_15m,VIIRS_SNPP_Thermal_Anomalies_375m_All,OCI_PACE_True_Color(hidden),VIIRS_NOAA21_CorrectedReflectance_TrueColor(hidden),VIIRS_NOAA20_CorrectedReflectance_TrueColor(hidden),VIIRS_SNPP_CorrectedReflectance_TrueColor&lg=true&t=2024-01-23-T00%3A00%3A00Z",https://www.openstreetmap.org/?mlat=21.13911&mlon=73.34491#map=14/21.13911/73.34491,VIIRS_SNPP_SP,firms-snpp-2024-v1
RV1-0092,rajeet-04,development_only,522_1457,2025-01,firms-a657aac3cb65525cc0d209ed,2025-01-22T20:15:00+00:00,26.10971,72.88927,2025-01-22T20:15:00+00:00,2025-01-22T20:15:00+00:00,1,1,1.05,1.05,"https://worldview.earthdata.nasa.gov/?v=72.84927,26.08971,72.92927,26.12971&l=Reference_Labels_15m(hidden),DoS_International_Boundaries(hidden),Coastlines_15m,VIIRS_SNPP_Thermal_Anomalies_375m_All,OCI_PACE_True_Color(hidden),VIIRS_NOAA21_CorrectedReflectance_TrueColor(hidden),VIIRS_NOAA20_CorrectedReflectance_TrueColor(hidden),VIIRS_SNPP_CorrectedReflectance_TrueColor&lg=true&t=2025-01-22-T00%3A00%3A00Z",https://www.openstreetmap.org/?mlat=26.10971&mlon=72.88927#map=14/26.10971/72.88927,VIIRS_SNPP_SP,firms-snpp-2025-v1
RV1-0093,DeepaliSingh10,development_only,345_1464,2024-03,firms-becc472214c55ffb1d6e0c3b,2024-03-20T09:02:00+00:00,17.29381,73.20029,2024-03-20T09:02:00+00:00,2024-03-20T09:02:00+00:00,1,1,6.39,6.39,"https://worldview.earthdata.nasa.gov/?v=73.16029,17.27381,73.24029,17.31381&l=Reference_Labels_15m(hidden),DoS_International_Boundaries(hidden),Coastlines_15m,VIIRS_SNPP_Thermal_Anomalies_375m_All,OCI_PACE_True_Color(hidden),VIIRS_NOAA21_CorrectedReflectance_TrueColor(hidden),VIIRS_NOAA20_CorrectedReflectance_TrueColor(hidden),VIIRS_SNPP_CorrectedReflectance_TrueColor&lg=true&t=2024-03-20-T00%3A00%3A00Z",https://www.openstreetmap.org/?mlat=17.29381&mlon=73.20029#map=14/17.29381/73.20029,VIIRS_SNPP_SP,firms-snpp-2024-v1
RV1-0094,Somsubhra-Nandi,development_only,396_1556,2025-01,firms-cdd65a074f846628bc1ccf30,2025-01-23T07:28:00+00:00,19.84001,77.84628,2025-01-23T07:28:00+00:00,2025-01-23T07:28:00+00:00,2,1,2.355,3.17,"https://worldview.earthdata.nasa.gov/?v=77.80628,19.82001,77.88628,19.86001&l=Reference_Labels_15m(hidden),DoS_International_Boundaries(hidden),Coastlines_15m,VIIRS_SNPP_Thermal_Anomalies_375m_All,OCI_PACE_True_Color(hidden),VIIRS_NOAA21_CorrectedReflectance_TrueColor(hidden),VIIRS_NOAA20_CorrectedReflectance_TrueColor(hidden),VIIRS_SNPP_CorrectedReflectance_TrueColor&lg=true&t=2025-01-23-T00%3A00%3A00Z",https://www.openstreetmap.org/?mlat=19.84001&mlon=77.84628#map=14/19.84001/77.84628,VIIRS_SNPP_SP,firms-snpp-2025-v1
RV1-0095,Subhra-Nandi,development_only,394_1495,2024-12,firms-2526228f8bcdb5a119aeefa9,2024-12-30T08:18:00+00:00,19.71162,74.77796,2024-12-30T08:18:00+00:00,2024-12-30T08:18:00+00:00,1,1,2.6,2.6,"https://worldview.earthdata.nasa.gov/?v=74.73796,19.69162,74.81796,19.73162&l=Reference_Labels_15m(hidden),DoS_International_Boundaries(hidden),Coastlines_15m,VIIRS_SNPP_Thermal_Anomalies_375m_All,OCI_PACE_True_Color(hidden),VIIRS_NOAA21_CorrectedReflectance_TrueColor(hidden),VIIRS_NOAA20_CorrectedReflectance_TrueColor(hidden),VIIRS_SNPP_CorrectedReflectance_TrueColor&lg=true&t=2024-12-30-T00%3A00%3A00Z",https://www.openstreetmap.org/?mlat=19.71162&mlon=74.77796#map=14/19.71162/74.77796,VIIRS_SNPP_SP,firms-snpp-2024-v1
RV1-0096,mishhverse,development_only,207_1561,2025-02,firms-50d3118031b3a91e4c4cb64c,2025-02-11T08:10:00+00:00,10.39106,78.05073,2025-02-11T08:10:00+00:00,2025-02-11T08:10:00+00:00,1,1,1.42,1.42,"https://worldview.earthdata.nasa.gov/?v=78.01073,10.37106,78.09073,10.41106&l=Reference_Labels_15m(hidden),DoS_International_Boundaries(hidden),Coastlines_15m,VIIRS_SNPP_Thermal_Anomalies_375m_All,OCI_PACE_True_Color(hidden),VIIRS_NOAA21_CorrectedReflectance_TrueColor(hidden),VIIRS_NOAA20_CorrectedReflectance_TrueColor(hidden),VIIRS_SNPP_CorrectedReflectance_TrueColor&lg=true&t=2025-02-11-T00%3A00%3A00Z",https://www.openstreetmap.org/?mlat=10.39106&mlon=78.05073#map=14/10.39106/78.05073,VIIRS_SNPP_SP,firms-snpp-2025-v1
RV1-0097,NuclearVenom,development_only,326_1884,2025-03,firms-8ef8baf644b6d497802412db,2025-03-24T07:01:00+00:00,16.31086,94.24924,2025-03-23T07:20:00+00:00,2025-03-24T07:01:00+00:00,2,2,4.4,4.56,"https://worldview.earthdata.nasa.gov/?v=94.20924,16.29086,94.28924,16.33086&l=Reference_Labels_15m(hidden),DoS_International_Boundaries(hidden),Coastlines_15m,VIIRS_SNPP_Thermal_Anomalies_375m_All,OCI_PACE_True_Color(hidden),VIIRS_NOAA21_CorrectedReflectance_TrueColor(hidden),VIIRS_NOAA20_CorrectedReflectance_TrueColor(hidden),VIIRS_SNPP_CorrectedReflectance_TrueColor&lg=true&t=2025-03-24-T00%3A00%3A00Z",https://www.openstreetmap.org/?mlat=16.31086&mlon=94.24924#map=14/16.31086/94.24924,VIIRS_SNPP_SP,firms-snpp-2025-v1
RV1-0098,rajeet-04,development_only,653_1464,2025-05,firms-07154b19e3c06f7f0a8d38e1,2025-05-07T08:23:00+00:00,32.659,73.20593,2025-05-07T08:23:00+00:00,2025-05-07T08:23:00+00:00,1,1,1.8,1.8,"https://worldview.earthdata.nasa.gov/?v=73.16593,32.63900,73.24593,32.67900&l=Reference_Labels_15m(hidden),DoS_International_Boundaries(hidden),Coastlines_15m,VIIRS_SNPP_Thermal_Anomalies_375m_All,OCI_PACE_True_Color(hidden),VIIRS_NOAA21_CorrectedReflectance_TrueColor(hidden),VIIRS_NOAA20_CorrectedReflectance_TrueColor(hidden),VIIRS_SNPP_CorrectedReflectance_TrueColor&lg=true&t=2025-05-07-T00%3A00%3A00Z",https://www.openstreetmap.org/?mlat=32.65900&mlon=73.20593#map=14/32.65900/73.20593,VIIRS_SNPP_SP,firms-snpp-2025-v1
RV1-0099,DeepaliSingh10,development_only,435_1571,2025-03,firms-c0db715f494c3499c4a3b501,2025-03-18T07:16:00+00:00,21.79373,78.57437,2025-03-04T20:48:00+00:00,2025-03-31T08:12:00+00:00,11,6,4.55,10.39,"https://worldview.earthdata.nasa.gov/?v=78.53437,21.77373,78.61437,21.81373&l=Reference_Labels_15m(hidden),DoS_International_Boundaries(hidden),Coastlines_15m,VIIRS_SNPP_Thermal_Anomalies_375m_All,OCI_PACE_True_Color(hidden),VIIRS_NOAA21_CorrectedReflectance_TrueColor(hidden),VIIRS_NOAA20_CorrectedReflectance_TrueColor(hidden),VIIRS_SNPP_CorrectedReflectance_TrueColor&lg=true&t=2025-03-18-T00%3A00%3A00Z",https://www.openstreetmap.org/?mlat=21.79373&mlon=78.57437#map=14/21.79373/78.57437,VIIRS_SNPP_SP,firms-snpp-2025-v1
RV1-0100,Somsubhra-Nandi,development_only,383_1572,2025-02,firms-8b61fe5fb2798304e6634393,2025-02-17T08:00:00+00:00,19.18925,78.61149,2025-02-16T08:18:00+00:00,2025-02-22T20:36:00+00:00,12,4,3.69,6.5,"https://worldview.earthdata.nasa.gov/?v=78.57149,19.16925,78.65149,19.20925&l=Reference_Labels_15m(hidden),DoS_International_Boundaries(hidden),Coastlines_15m,VIIRS_SNPP_Thermal_Anomalies_375m_All,OCI_PACE_True_Color(hidden),VIIRS_NOAA21_CorrectedReflectance_TrueColor(hidden),VIIRS_NOAA20_CorrectedReflectance_TrueColor(hidden),VIIRS_SNPP_CorrectedReflectance_TrueColor&lg=true&t=2025-02-17-T00%3A00%3A00Z",https://www.openstreetmap.org/?mlat=19.18925&mlon=78.61149#map=14/19.18925/78.61149,VIIRS_SNPP_SP,firms-snpp-2025-v1
RV1-0101,Subhra-Nandi,development_only,395_1504,2024-06,firms-60fb20a3c35981f2c32f1c81,2024-06-22T07:58:00+00:00,19.77972,75.22533,2024-06-06T07:59:00+00:00,2024-06-22T07:58:00+00:00,2,2,5.04,6.86,"https://worldview.earthdata.nasa.gov/?v=75.18533,19.75972,75.26533,19.79972&l=Reference_Labels_15m(hidden),DoS_International_Boundaries(hidden),Coastlines_15m,VIIRS_SNPP_Thermal_Anomalies_375m_All,OCI_PACE_True_Color(hidden),VIIRS_NOAA21_CorrectedReflectance_TrueColor(hidden),VIIRS_NOAA20_CorrectedReflectance_TrueColor(hidden),VIIRS_SNPP_CorrectedReflectance_TrueColor&lg=true&t=2024-06-22-T00%3A00%3A00Z",https://www.openstreetmap.org/?mlat=19.77972&mlon=75.22533#map=14/19.77972/75.22533,VIIRS_SNPP_SP,firms-snpp-2024-v1
RV1-0102,mishhverse,development_only,447_1884,2025-03,firms-703c78e13e6e43235d4eca47,2025-03-08T07:03:00+00:00,22.37133,94.22675,2025-03-04T19:06:00+00:00,2025-03-14T19:19:00+00:00,25,6,4.02,9.73,"https://worldview.earthdata.nasa.gov/?v=94.18675,22.35133,94.26675,22.39133&l=Reference_Labels_15m(hidden),DoS_International_Boundaries(hidden),Coastlines_15m,VIIRS_SNPP_Thermal_Anomalies_375m_All,OCI_PACE_True_Color(hidden),VIIRS_NOAA21_CorrectedReflectance_TrueColor(hidden),VIIRS_NOAA20_CorrectedReflectance_TrueColor(hidden),VIIRS_SNPP_CorrectedReflectance_TrueColor&lg=true&t=2025-03-08-T00%3A00%3A00Z",https://www.openstreetmap.org/?mlat=22.37133&mlon=94.22675#map=14/22.37133/94.22675,VIIRS_SNPP_SP,firms-snpp-2025-v1
RV1-0103,NuclearVenom,development_only,587_1590,2024-06,firms-540ddc00b439cdaeb490c986,2024-06-06T20:26:00+00:00,29.37897,79.5324,2024-06-06T20:26:00+00:00,2024-06-06T20:26:00+00:00,1,1,1.05,1.05,"https://worldview.earthdata.nasa.gov/?v=79.49240,29.35897,79.57240,29.39897&l=Reference_Labels_15m(hidden),DoS_International_Boundaries(hidden),Coastlines_15m,VIIRS_SNPP_Thermal_Anomalies_375m_All,OCI_PACE_True_Color(hidden),VIIRS_NOAA21_CorrectedReflectance_TrueColor(hidden),VIIRS_NOAA20_CorrectedReflectance_TrueColor(hidden),VIIRS_SNPP_CorrectedReflectance_TrueColor&lg=true&t=2024-06-06-T00%3A00%3A00Z",https://www.openstreetmap.org/?mlat=29.37897&mlon=79.53240#map=14/29.37897/79.53240,VIIRS_SNPP_SP,firms-snpp-2024-v1
RV1-0104,rajeet-04,development_only,437_1851,2024-04,firms-aca05842597e04fda0713f8b,2024-04-14T18:41:00+00:00,21.88675,92.59929,2024-04-13T19:00:00+00:00,2024-04-14T18:41:00+00:00,3,2,1.82,3.18,"https://worldview.earthdata.nasa.gov/?v=92.55929,21.86675,92.63929,21.90675&l=Reference_Labels_15m(hidden),DoS_International_Boundaries(hidden),Coastlines_15m,VIIRS_SNPP_Thermal_Anomalies_375m_All,OCI_PACE_True_Color(hidden),VIIRS_NOAA21_CorrectedReflectance_TrueColor(hidden),VIIRS_NOAA20_CorrectedReflectance_TrueColor(hidden),VIIRS_SNPP_CorrectedReflectance_TrueColor&lg=true&t=2024-04-14-T00%3A00%3A00Z",https://www.openstreetmap.org/?mlat=21.88675&mlon=92.59929#map=14/21.88675/92.59929,VIIRS_SNPP_SP,firms-snpp-2024-v1
RV1-0105,DeepaliSingh10,development_only,552_1715,2024-04,firms-30817a9b9e0eab7639fef3d4,2024-04-25T07:49:00+00:00,27.60101,85.77473,2024-04-20T20:08:00+00:00,2024-04-25T20:14:00+00:00,3,2,0.99,2.33,"https://worldview.earthdata.nasa.gov/?v=85.73473,27.58101,85.81473,27.62101&l=Reference_Labels_15m(hidden),DoS_International_Boundaries(hidden),Coastlines_15m,VIIRS_SNPP_Thermal_Anomalies_375m_All,OCI_PACE_True_Color(hidden),VIIRS_NOAA21_CorrectedReflectance_TrueColor(hidden),VIIRS_NOAA20_CorrectedReflectance_TrueColor(hidden),VIIRS_SNPP_CorrectedReflectance_TrueColor&lg=true&t=2024-04-25-T00%3A00%3A00Z",https://www.openstreetmap.org/?mlat=27.60101&mlon=85.77473#map=14/27.60101/85.77473,VIIRS_SNPP_SP,firms-snpp-2024-v1
RV1-0106,Somsubhra-Nandi,development_only,252_1533,2024-03,firms-f619110b6c3b8aa55864b069,2024-03-30T07:33:00+00:00,12.64939,76.65575,2024-03-30T07:33:00+00:00,2024-03-30T07:33:00+00:00,2,1,3.33,3.33,"https://worldview.earthdata.nasa.gov/?v=76.61575,12.62939,76.69575,12.66939&l=Reference_Labels_15m(hidden),DoS_International_Boundaries(hidden),Coastlines_15m,VIIRS_SNPP_Thermal_Anomalies_375m_All,OCI_PACE_True_Color(hidden),VIIRS_NOAA21_CorrectedReflectance_TrueColor(hidden),VIIRS_NOAA20_CorrectedReflectance_TrueColor(hidden),VIIRS_SNPP_CorrectedReflectance_TrueColor&lg=true&t=2024-03-30-T00%3A00%3A00Z",https://www.openstreetmap.org/?mlat=12.64939&mlon=76.65575#map=14/12.64939/76.65575,VIIRS_SNPP_SP,firms-snpp-2024-v1
RV1-0107,Subhra-Nandi,development_only,195_1551,2025-02,firms-5bfb3b70709884609e79bf5b,2025-02-22T08:03:00+00:00,9.78503,77.55032,2025-02-22T08:03:00+00:00,2025-02-22T08:03:00+00:00,1,1,3.33,3.33,"https://worldview.earthdata.nasa.gov/?v=77.51032,9.76503,77.59032,9.80503&l=Reference_Labels_15m(hidden),DoS_International_Boundaries(hidden),Coastlines_15m,VIIRS_SNPP_Thermal_Anomalies_375m_All,OCI_PACE_True_Color(hidden),VIIRS_NOAA21_CorrectedReflectance_TrueColor(hidden),VIIRS_NOAA20_CorrectedReflectance_TrueColor(hidden),VIIRS_SNPP_CorrectedReflectance_TrueColor&lg=true&t=2025-02-22-T00%3A00%3A00Z",https://www.openstreetmap.org/?mlat=9.78503&mlon=77.55032#map=14/9.78503/77.55032,VIIRS_SNPP_SP,firms-snpp-2025-v1
RV1-0108,mishhverse,development_only,447_1862,2025-03,firms-c3b4f74624ff7209a93ee64d,2025-03-05T18:48:00+00:00,22.3691,93.12239,2025-03-05T18:48:00+00:00,2025-03-05T18:48:00+00:00,2,1,0.94,0.94,"https://worldview.earthdata.nasa.gov/?v=93.08239,22.34910,93.16239,22.38910&l=Reference_Labels_15m(hidden),DoS_International_Boundaries(hidden),Coastlines_15m,VIIRS_SNPP_Thermal_Anomalies_375m_All,OCI_PACE_True_Color(hidden),VIIRS_NOAA21_CorrectedReflectance_TrueColor(hidden),VIIRS_NOAA20_CorrectedReflectance_TrueColor(hidden),VIIRS_SNPP_CorrectedReflectance_TrueColor&lg=true&t=2025-03-05-T00%3A00%3A00Z",https://www.openstreetmap.org/?mlat=22.36910&mlon=93.12239#map=14/22.36910/93.12239,VIIRS_SNPP_SP,firms-snpp-2025-v1
RV1-0109,NuclearVenom,development_only,557_1595,2025-05,firms-e7aca51fd0869e6ef3043796,2025-05-10T07:25:00+00:00,27.89952,79.76924,2025-05-10T07:25:00+00:00,2025-05-10T07:25:00+00:00,1,1,5.47,5.47,"https://worldview.earthdata.nasa.gov/?v=79.72924,27.87952,79.80924,27.91952&l=Reference_Labels_15m(hidden),DoS_International_Boundaries(hidden),Coastlines_15m,VIIRS_SNPP_Thermal_Anomalies_375m_All,OCI_PACE_True_Color(hidden),VIIRS_NOAA21_CorrectedReflectance_TrueColor(hidden),VIIRS_NOAA20_CorrectedReflectance_TrueColor(hidden),VIIRS_SNPP_CorrectedReflectance_TrueColor&lg=true&t=2025-05-10-T00%3A00%3A00Z",https://www.openstreetmap.org/?mlat=27.89952&mlon=79.76924#map=14/27.89952/79.76924,VIIRS_SNPP_SP,firms-snpp-2025-v1
RV1-0110,rajeet-04,development_only,429_1431,2025-04,firms-1b2ccabb02612f500789e989,2025-04-05T20:48:00+00:00,21.45072,71.55781,2025-04-05T20:48:00+00:00,2025-04-05T20:48:00+00:00,1,1,0.27,0.27,"https://worldview.earthdata.nasa.gov/?v=71.51781,21.43072,71.59781,21.47072&l=Reference_Labels_15m(hidden),DoS_International_Boundaries(hidden),Coastlines_15m,VIIRS_SNPP_Thermal_Anomalies_375m_All,OCI_PACE_True_Color(hidden),VIIRS_NOAA21_CorrectedReflectance_TrueColor(hidden),VIIRS_NOAA20_CorrectedReflectance_TrueColor(hidden),VIIRS_SNPP_CorrectedReflectance_TrueColor&lg=true&t=2025-04-05-T00%3A00%3A00Z",https://www.openstreetmap.org/?mlat=21.45072&mlon=71.55781#map=14/21.45072/71.55781,VIIRS_SNPP_SP,firms-snpp-2025-v1
RV1-0111,DeepaliSingh10,development_only,530_1695,2024-12,firms-f55bb74c357ad9dcec7c1213,2024-12-10T07:54:00+00:00,26.52214,84.77205,2024-12-10T07:54:00+00:00,2024-12-10T07:54:00+00:00,1,1,2.22,2.22,"https://worldview.earthdata.nasa.gov/?v=84.73205,26.50214,84.81205,26.54214&l=Reference_Labels_15m(hidden),DoS_International_Boundaries(hidden),Coastlines_15m,VIIRS_SNPP_Thermal_Anomalies_375m_All,OCI_PACE_True_Color(hidden),VIIRS_NOAA21_CorrectedReflectance_TrueColor(hidden),VIIRS_NOAA20_CorrectedReflectance_TrueColor(hidden),VIIRS_SNPP_CorrectedReflectance_TrueColor&lg=true&t=2024-12-10-T00%3A00%3A00Z",https://www.openstreetmap.org/?mlat=26.52214&mlon=84.77205#map=14/26.52214/84.77205,VIIRS_SNPP_SP,firms-snpp-2024-v1
RV1-0112,Somsubhra-Nandi,development_only,432_1537,2025-04,firms-b96b8178ddbb74746117c612,2025-04-18T20:04:00+00:00,21.61341,76.86739,2025-04-06T08:00:00+00:00,2025-04-18T20:04:00+00:00,2,2,3.4699999999999998,4.05,"https://worldview.earthdata.nasa.gov/?v=76.82739,21.59341,76.90739,21.63341&l=Reference_Labels_15m(hidden),DoS_International_Boundaries(hidden),Coastlines_15m,VIIRS_SNPP_Thermal_Anomalies_375m_All,OCI_PACE_True_Color(hidden),VIIRS_NOAA21_CorrectedReflectance_TrueColor(hidden),VIIRS_NOAA20_CorrectedReflectance_TrueColor(hidden),VIIRS_SNPP_CorrectedReflectance_TrueColor&lg=true&t=2025-04-18-T00%3A00%3A00Z",https://www.openstreetmap.org/?mlat=21.61341&mlon=76.86739#map=14/21.61341/76.86739,VIIRS_SNPP_SP,firms-snpp-2025-v1
RV1-0113,Subhra-Nandi,development_only,576_1546,2024-11,firms-45389931644be5074c2e507c,2024-11-29T08:01:00+00:00,28.82093,77.32789,2024-11-18T08:07:00+00:00,2024-11-29T08:01:00+00:00,3,2,3.82,7.61,"https://worldview.earthdata.nasa.gov/?v=77.28789,28.80093,77.36789,28.84093&l=Reference_Labels_15m(hidden),DoS_International_Boundaries(hidden),Coastlines_15m,VIIRS_SNPP_Thermal_Anomalies_375m_All,OCI_PACE_True_Color(hidden),VIIRS_NOAA21_CorrectedReflectance_TrueColor(hidden),VIIRS_NOAA20_CorrectedReflectance_TrueColor(hidden),VIIRS_SNPP_CorrectedReflectance_TrueColor&lg=true&t=2024-11-29-T00%3A00%3A00Z",https://www.openstreetmap.org/?mlat=28.82093&mlon=77.32789#map=14/28.82093/77.32789,VIIRS_SNPP_SP,firms-snpp-2024-v1
RV1-0114,mishhverse,development_only,373_1485,2024-05,firms-f9c41e663d07dc2a074c4b34,2024-05-20T08:18:00+00:00,18.66372,74.26704,2024-05-07T19:52:00+00:00,2024-05-20T08:18:00+00:00,2,2,1.905,3.6,"https://worldview.earthdata.nasa.gov/?v=74.22704,18.64372,74.30704,18.68372&l=Reference_Labels_15m(hidden),DoS_International_Boundaries(hidden),Coastlines_15m,VIIRS_SNPP_Thermal_Anomalies_375m_All,OCI_PACE_True_Color(hidden),VIIRS_NOAA21_CorrectedReflectance_TrueColor(hidden),VIIRS_NOAA20_CorrectedReflectance_TrueColor(hidden),VIIRS_SNPP_CorrectedReflectance_TrueColor&lg=true&t=2024-05-20-T00%3A00%3A00Z",https://www.openstreetmap.org/?mlat=18.66372&mlon=74.26704#map=14/18.66372/74.26704,VIIRS_SNPP_SP,firms-snpp-2024-v1
RV1-0115,NuclearVenom,development_only,312_1572,2024-04,firms-6a17b20f5db2499fb6a73d0b,2024-04-08T08:05:00+00:00,15.60015,78.61797,2024-04-04T07:40:00+00:00,2024-04-14T07:52:00+00:00,3,3,6.28,13.82,"https://worldview.earthdata.nasa.gov/?v=78.57797,15.58015,78.65797,15.62015&l=Reference_Labels_15m(hidden),DoS_International_Boundaries(hidden),Coastlines_15m,VIIRS_SNPP_Thermal_Anomalies_375m_All,OCI_PACE_True_Color(hidden),VIIRS_NOAA21_CorrectedReflectance_TrueColor(hidden),VIIRS_NOAA20_CorrectedReflectance_TrueColor(hidden),VIIRS_SNPP_CorrectedReflectance_TrueColor&lg=true&t=2024-04-08-T00%3A00%3A00Z",https://www.openstreetmap.org/?mlat=15.60015&mlon=78.61797#map=14/15.60015/78.61797,VIIRS_SNPP_SP,firms-snpp-2024-v1
RV1-0116,rajeet-04,development_only,433_1959,2024-04,firms-ad817bc41688657ec4729f65,2024-04-21T07:22:00+00:00,21.65343,97.98256,2024-04-21T07:22:00+00:00,2024-04-21T07:22:00+00:00,2,1,8.405000000000001,8.49,"https://worldview.earthdata.nasa.gov/?v=97.94256,21.63343,98.02256,21.67343&l=Reference_Labels_15m(hidden),DoS_International_Boundaries(hidden),Coastlines_15m,VIIRS_SNPP_Thermal_Anomalies_375m_All,OCI_PACE_True_Color(hidden),VIIRS_NOAA21_CorrectedReflectance_TrueColor(hidden),VIIRS_NOAA20_CorrectedReflectance_TrueColor(hidden),VIIRS_SNPP_CorrectedReflectance_TrueColor&lg=true&t=2024-04-21-T00%3A00%3A00Z",https://www.openstreetmap.org/?mlat=21.65343&mlon=97.98256#map=14/21.65343/97.98256,VIIRS_SNPP_SP,firms-snpp-2024-v1
RV1-0117,DeepaliSingh10,development_only,415_1867,2025-04,firms-aa48c3a945446dbe78ab2e6b,2025-04-09T19:32:00+00:00,20.76104,93.3823,2025-04-01T07:53:00+00:00,2025-04-09T19:32:00+00:00,2,2,3.63,6.26,"https://worldview.earthdata.nasa.gov/?v=93.34230,20.74104,93.42230,20.78104&l=Reference_Labels_15m(hidden),DoS_International_Boundaries(hidden),Coastlines_15m,VIIRS_SNPP_Thermal_Anomalies_375m_All,OCI_PACE_True_Color(hidden),VIIRS_NOAA21_CorrectedReflectance_TrueColor(hidden),VIIRS_NOAA20_CorrectedReflectance_TrueColor(hidden),VIIRS_SNPP_CorrectedReflectance_TrueColor&lg=true&t=2025-04-09-T00%3A00%3A00Z",https://www.openstreetmap.org/?mlat=20.76104&mlon=93.38230#map=14/20.76104/93.38230,VIIRS_SNPP_SP,firms-snpp-2025-v1
RV1-0118,Somsubhra-Nandi,development_only,559_1684,2024-01,firms-f4883c59d0dfd0dba5fc618c,2024-01-16T07:24:00+00:00,27.96438,84.24782,2024-01-16T07:24:00+00:00,2024-01-16T07:24:00+00:00,2,1,3.04,3.07,"https://worldview.earthdata.nasa.gov/?v=84.20782,27.94438,84.28782,27.98438&l=Reference_Labels_15m(hidden),DoS_International_Boundaries(hidden),Coastlines_15m,VIIRS_SNPP_Thermal_Anomalies_375m_All,OCI_PACE_True_Color(hidden),VIIRS_NOAA21_CorrectedReflectance_TrueColor(hidden),VIIRS_NOAA20_CorrectedReflectance_TrueColor(hidden),VIIRS_SNPP_CorrectedReflectance_TrueColor&lg=true&t=2024-01-16-T00%3A00%3A00Z",https://www.openstreetmap.org/?mlat=27.96438&mlon=84.24782#map=14/27.96438/84.24782,VIIRS_SNPP_SP,firms-snpp-2024-v1
RV1-0119,Subhra-Nandi,development_only,601_1605,2024-01,firms-bd9a767b9da8840ed5adaca6,2024-01-10T07:37:00+00:00,30.0625,80.25369,2024-01-06T07:12:00+00:00,2024-01-10T07:37:00+00:00,3,2,5.0,15.24,"https://worldview.earthdata.nasa.gov/?v=80.21369,30.04250,80.29369,30.08250&l=Reference_Labels_15m(hidden),DoS_International_Boundaries(hidden),Coastlines_15m,VIIRS_SNPP_Thermal_Anomalies_375m_All,OCI_PACE_True_Color(hidden),VIIRS_NOAA21_CorrectedReflectance_TrueColor(hidden),VIIRS_NOAA20_CorrectedReflectance_TrueColor(hidden),VIIRS_SNPP_CorrectedReflectance_TrueColor&lg=true&t=2024-01-10-T00%3A00%3A00Z",https://www.openstreetmap.org/?mlat=30.06250&mlon=80.25369#map=14/30.06250/80.25369,VIIRS_SNPP_SP,firms-snpp-2024-v1
RV1-0120,mishhverse,development_only,447_1415,2025-04,firms-9e588f563f089ce0bfb165d9,2025-04-21T20:48:00+00:00,22.38796,70.79028,2025-04-21T20:48:00+00:00,2025-04-21T20:48:00+00:00,2,1,1.075,1.32,"https://worldview.earthdata.nasa.gov/?v=70.75028,22.36796,70.83028,22.40796&l=Reference_Labels_15m(hidden),DoS_International_Boundaries(hidden),Coastlines_15m,VIIRS_SNPP_Thermal_Anomalies_375m_All,OCI_PACE_True_Color(hidden),VIIRS_NOAA21_CorrectedReflectance_TrueColor(hidden),VIIRS_NOAA20_CorrectedReflectance_TrueColor(hidden),VIIRS_SNPP_CorrectedReflectance_TrueColor&lg=true&t=2025-04-21-T00%3A00%3A00Z",https://www.openstreetmap.org/?mlat=22.38796&mlon=70.79028#map=14/22.38796/70.79028,VIIRS_SNPP_SP,firms-snpp-2025-v1
RV1-0121,NuclearVenom,development_only,449_1413,2024-04,firms-f192edbada2045dbc3ff6a18,2024-04-07T08:26:00+00:00,22.47409,70.69491,2024-04-04T07:42:00+00:00,2024-04-21T09:03:00+00:00,4,3,3.415,11.48,"https://worldview.earthdata.nasa.gov/?v=70.65491,22.45409,70.73491,22.49409&l=Reference_Labels_15m(hidden),DoS_International_Boundaries(hidden),Coastlines_15m,VIIRS_SNPP_Thermal_Anomalies_375m_All,OCI_PACE_True_Color(hidden),VIIRS_NOAA21_CorrectedReflectance_TrueColor(hidden),VIIRS_NOAA20_CorrectedReflectance_TrueColor(hidden),VIIRS_SNPP_CorrectedReflectance_TrueColor&lg=true&t=2024-04-07-T00%3A00%3A00Z",https://www.openstreetmap.org/?mlat=22.47409&mlon=70.69491#map=14/22.47409/70.69491,VIIRS_SNPP_SP,firms-snpp-2024-v1
RV1-0122,rajeet-04,development_only,377_1583,2024-12,firms-874d2bca85794ecc2dd44c8f,2024-12-14T08:18:00+00:00,18.8853,79.17994,2024-12-10T07:52:00+00:00,2024-12-20T08:05:00+00:00,7,4,2.58,5.15,"https://worldview.earthdata.nasa.gov/?v=79.13994,18.86530,79.21994,18.90530&l=Reference_Labels_15m(hidden),DoS_International_Boundaries(hidden),Coastlines_15m,VIIRS_SNPP_Thermal_Anomalies_375m_All,OCI_PACE_True_Color(hidden),VIIRS_NOAA21_CorrectedReflectance_TrueColor(hidden),VIIRS_NOAA20_CorrectedReflectance_TrueColor(hidden),VIIRS_SNPP_CorrectedReflectance_TrueColor&lg=true&t=2024-12-14-T00%3A00%3A00Z",https://www.openstreetmap.org/?mlat=18.88530&mlon=79.17994#map=14/18.88530/79.17994,VIIRS_SNPP_SP,firms-snpp-2024-v1
RV1-0123,DeepaliSingh10,development_only,432_1491,2025-03,firms-3a4da13e3d4308b3ccd528c1,2025-03-27T07:47:00+00:00,21.61683,74.59148,2025-03-27T07:47:00+00:00,2025-03-27T07:47:00+00:00,1,1,6.68,6.68,"https://worldview.earthdata.nasa.gov/?v=74.55148,21.59683,74.63148,21.63683&l=Reference_Labels_15m(hidden),DoS_International_Boundaries(hidden),Coastlines_15m,VIIRS_SNPP_Thermal_Anomalies_375m_All,OCI_PACE_True_Color(hidden),VIIRS_NOAA21_CorrectedReflectance_TrueColor(hidden),VIIRS_NOAA20_CorrectedReflectance_TrueColor(hidden),VIIRS_SNPP_CorrectedReflectance_TrueColor&lg=true&t=2025-03-27-T00%3A00%3A00Z",https://www.openstreetmap.org/?mlat=21.61683&mlon=74.59148#map=14/21.61683/74.59148,VIIRS_SNPP_SP,firms-snpp-2025-v1
RV1-0124,Somsubhra-Nandi,development_only,360_1464,2024-03,firms-a98e270dab9e7848b15a2521,2024-03-10T21:20:00+00:00,18.01639,73.21665,2024-03-09T21:39:00+00:00,2024-03-27T08:31:00+00:00,5,4,3.76,6.76,"https://worldview.earthdata.nasa.gov/?v=73.17665,17.99639,73.25665,18.03639&l=Reference_Labels_15m(hidden),DoS_International_Boundaries(hidden),Coastlines_15m,VIIRS_SNPP_Thermal_Anomalies_375m_All,OCI_PACE_True_Color(hidden),VIIRS_NOAA21_CorrectedReflectance_TrueColor(hidden),VIIRS_NOAA20_CorrectedReflectance_TrueColor(hidden),VIIRS_SNPP_CorrectedReflectance_TrueColor&lg=true&t=2024-03-10-T00%3A00%3A00Z",https://www.openstreetmap.org/?mlat=18.01639&mlon=73.21665#map=14/18.01639/73.21665,VIIRS_SNPP_SP,firms-snpp-2024-v1
RV1-0125,Subhra-Nandi,development_only,521_1826,2024-01,firms-a84560b9a796174c9913867b,2024-01-21T07:29:00+00:00,26.05233,91.31357,2024-01-21T07:29:00+00:00,2024-01-21T07:29:00+00:00,1,1,5.31,5.31,"https://worldview.earthdata.nasa.gov/?v=91.27357,26.03233,91.35357,26.07233&l=Reference_Labels_15m(hidden),DoS_International_Boundaries(hidden),Coastlines_15m,VIIRS_SNPP_Thermal_Anomalies_375m_All,OCI_PACE_True_Color(hidden),VIIRS_NOAA21_CorrectedReflectance_TrueColor(hidden),VIIRS_NOAA20_CorrectedReflectance_TrueColor(hidden),VIIRS_SNPP_CorrectedReflectance_TrueColor&lg=true&t=2024-01-21-T00%3A00%3A00Z",https://www.openstreetmap.org/?mlat=26.05233&mlon=91.31357#map=14/26.05233/91.31357,VIIRS_SNPP_SP,firms-snpp-2024-v1
RV1-0126,mishhverse,development_only,273_1542,2025-01,firms-d4d46bc288f9ae4a3cce8ae6,2025-01-26T08:11:00+00:00,13.69932,77.12907,2025-01-26T08:11:00+00:00,2025-01-26T08:11:00+00:00,2,1,5.02,5.11,"https://worldview.earthdata.nasa.gov/?v=77.08907,13.67932,77.16907,13.71932&l=Reference_Labels_15m(hidden),DoS_International_Boundaries(hidden),Coastlines_15m,VIIRS_SNPP_Thermal_Anomalies_375m_All,OCI_PACE_True_Color(hidden),VIIRS_NOAA21_CorrectedReflectance_TrueColor(hidden),VIIRS_NOAA20_CorrectedReflectance_TrueColor(hidden),VIIRS_SNPP_CorrectedReflectance_TrueColor&lg=true&t=2025-01-26-T00%3A00%3A00Z",https://www.openstreetmap.org/?mlat=13.69932&mlon=77.12907#map=14/13.69932/77.12907,VIIRS_SNPP_SP,firms-snpp-2025-v1
RV1-0127,NuclearVenom,development_only,559_1654,2024-04,firms-d184d68b4951494a41e42ec6,2024-04-25T20:14:00+00:00,27.9534,82.73882,2024-04-25T20:14:00+00:00,2024-04-25T20:14:00+00:00,4,1,2.87,3.62,"https://worldview.earthdata.nasa.gov/?v=82.69882,27.93340,82.77882,27.97340&l=Reference_Labels_15m(hidden),DoS_International_Boundaries(hidden),Coastlines_15m,VIIRS_SNPP_Thermal_Anomalies_375m_All,OCI_PACE_True_Color(hidden),VIIRS_NOAA21_CorrectedReflectance_TrueColor(hidden),VIIRS_NOAA20_CorrectedReflectance_TrueColor(hidden),VIIRS_SNPP_CorrectedReflectance_TrueColor&lg=true&t=2024-04-25-T00%3A00%3A00Z",https://www.openstreetmap.org/?mlat=27.95340&mlon=82.73882#map=14/27.95340/82.73882,VIIRS_SNPP_SP,firms-snpp-2024-v1
RV1-0128,rajeet-04,development_only,597_1362,2025-02,firms-dddfef51c40c1d13d2406203,2025-02-12T07:57:00+00:00,29.88625,68.14417,2025-02-12T07:57:00+00:00,2025-02-12T07:57:00+00:00,1,1,13.34,13.34,"https://worldview.earthdata.nasa.gov/?v=68.10417,29.86625,68.18417,29.90625&l=Reference_Labels_15m(hidden),DoS_International_Boundaries(hidden),Coastlines_15m,VIIRS_SNPP_Thermal_Anomalies_375m_All,OCI_PACE_True_Color(hidden),VIIRS_NOAA21_CorrectedReflectance_TrueColor(hidden),VIIRS_NOAA20_CorrectedReflectance_TrueColor(hidden),VIIRS_SNPP_CorrectedReflectance_TrueColor&lg=true&t=2025-02-12-T00%3A00%3A00Z",https://www.openstreetmap.org/?mlat=29.88625&mlon=68.14417#map=14/29.88625/68.14417,VIIRS_SNPP_SP,firms-snpp-2025-v1
RV1-0129,DeepaliSingh10,development_only,643_1498,2024-10,firms-340177a951911b49a3d02a89,2024-10-22T08:14:00+00:00,32.16688,74.92815,2024-10-18T07:49:00+00:00,2024-10-22T08:14:00+00:00,2,2,3.76,3.86,"https://worldview.earthdata.nasa.gov/?v=74.88815,32.14688,74.96815,32.18688&l=Reference_Labels_15m(hidden),DoS_International_Boundaries(hidden),Coastlines_15m,VIIRS_SNPP_Thermal_Anomalies_375m_All,OCI_PACE_True_Color(hidden),VIIRS_NOAA21_CorrectedReflectance_TrueColor(hidden),VIIRS_NOAA20_CorrectedReflectance_TrueColor(hidden),VIIRS_SNPP_CorrectedReflectance_TrueColor&lg=true&t=2024-10-22-T00%3A00%3A00Z",https://www.openstreetmap.org/?mlat=32.16688&mlon=74.92815#map=14/32.16688/74.92815,VIIRS_SNPP_SP,firms-snpp-2024-v1
RV1-0130,Somsubhra-Nandi,development_only,478_1592,2024-05,firms-f48750c23ac46fceca778088,2024-05-01T20:03:00+00:00,23.94677,79.6171,2024-05-01T20:03:00+00:00,2024-05-01T20:03:00+00:00,1,1,0.52,0.52,"https://worldview.earthdata.nasa.gov/?v=79.57710,23.92677,79.65710,23.96677&l=Reference_Labels_15m(hidden),DoS_International_Boundaries(hidden),Coastlines_15m,VIIRS_SNPP_Thermal_Anomalies_375m_All,OCI_PACE_True_Color(hidden),VIIRS_NOAA21_CorrectedReflectance_TrueColor(hidden),VIIRS_NOAA20_CorrectedReflectance_TrueColor(hidden),VIIRS_SNPP_CorrectedReflectance_TrueColor&lg=true&t=2024-05-01-T00%3A00%3A00Z",https://www.openstreetmap.org/?mlat=23.94677&mlon=79.61710#map=14/23.94677/79.61710,VIIRS_SNPP_SP,firms-snpp-2024-v1
RV1-0131,Subhra-Nandi,development_only,615_1508,2024-11,firms-6458541774f7ee764e700809,2024-11-23T08:14:00+00:00,30.79774,75.42534,2024-11-23T08:14:00+00:00,2024-11-23T08:14:00+00:00,1,1,4.6,4.6,"https://worldview.earthdata.nasa.gov/?v=75.38534,30.77774,75.46534,30.81774&l=Reference_Labels_15m(hidden),DoS_International_Boundaries(hidden),Coastlines_15m,VIIRS_SNPP_Thermal_Anomalies_375m_All,OCI_PACE_True_Color(hidden),VIIRS_NOAA21_CorrectedReflectance_TrueColor(hidden),VIIRS_NOAA20_CorrectedReflectance_TrueColor(hidden),VIIRS_SNPP_CorrectedReflectance_TrueColor&lg=true&t=2024-11-23-T00%3A00%3A00Z",https://www.openstreetmap.org/?mlat=30.79774&mlon=75.42534#map=14/30.79774/75.42534,VIIRS_SNPP_SP,firms-snpp-2024-v1
RV1-0132,mishhverse,development_only,564_1884,2024-05,firms-aec9430bb967333ca535547d,2024-05-20T06:39:00+00:00,28.23613,94.21937,2024-05-20T06:39:00+00:00,2024-05-20T06:39:00+00:00,1,1,6.64,6.64,"https://worldview.earthdata.nasa.gov/?v=94.17937,28.21613,94.25937,28.25613&l=Reference_Labels_15m(hidden),DoS_International_Boundaries(hidden),Coastlines_15m,VIIRS_SNPP_Thermal_Anomalies_375m_All,OCI_PACE_True_Color(hidden),VIIRS_NOAA21_CorrectedReflectance_TrueColor(hidden),VIIRS_NOAA20_CorrectedReflectance_TrueColor(hidden),VIIRS_SNPP_CorrectedReflectance_TrueColor&lg=true&t=2024-05-20-T00%3A00%3A00Z",https://www.openstreetmap.org/?mlat=28.23613&mlon=94.21937#map=14/28.23613/94.21937,VIIRS_SNPP_SP,firms-snpp-2024-v1
RV1-0133,NuclearVenom,development_only,608_1436,2024-11,firms-b127e265590dd3c2c08267fe,2024-11-17T08:26:00+00:00,30.41026,71.84592,2024-11-17T08:26:00+00:00,2024-11-17T08:26:00+00:00,1,1,5.4,5.4,"https://worldview.earthdata.nasa.gov/?v=71.80592,30.39026,71.88592,30.43026&l=Reference_Labels_15m(hidden),DoS_International_Boundaries(hidden),Coastlines_15m,VIIRS_SNPP_Thermal_Anomalies_375m_All,OCI_PACE_True_Color(hidden),VIIRS_NOAA21_CorrectedReflectance_TrueColor(hidden),VIIRS_NOAA20_CorrectedReflectance_TrueColor(hidden),VIIRS_SNPP_CorrectedReflectance_TrueColor&lg=true&t=2024-11-17-T00%3A00%3A00Z",https://www.openstreetmap.org/?mlat=30.41026&mlon=71.84592#map=14/30.41026/71.84592,VIIRS_SNPP_SP,firms-snpp-2024-v1
RV1-0134,rajeet-04,development_only,399_1668,2025-03,firms-283d05f02b3b118a4ddcbf0f,2025-03-16T20:23:00+00:00,19.95134,83.42658,2025-03-09T08:24:00+00:00,2025-03-29T07:09:00+00:00,10,7,3.9499999999999997,9.7,"https://worldview.earthdata.nasa.gov/?v=83.38658,19.93134,83.46658,19.97134&l=Reference_Labels_15m(hidden),DoS_International_Boundaries(hidden),Coastlines_15m,VIIRS_SNPP_Thermal_Anomalies_375m_All,OCI_PACE_True_Color(hidden),VIIRS_NOAA21_CorrectedReflectance_TrueColor(hidden),VIIRS_NOAA20_CorrectedReflectance_TrueColor(hidden),VIIRS_SNPP_CorrectedReflectance_TrueColor&lg=true&t=2025-03-16-T00%3A00%3A00Z",https://www.openstreetmap.org/?mlat=19.95134&mlon=83.42658#map=14/19.95134/83.42658,VIIRS_SNPP_SP,firms-snpp-2025-v1
RV1-0135,DeepaliSingh10,development_only,386_1562,2024-05,firms-f3c45733add5602ad342f25b,2024-05-28T19:58:00+00:00,19.33367,78.14227,2024-05-28T19:58:00+00:00,2024-05-28T19:58:00+00:00,1,1,0.43,0.43,"https://worldview.earthdata.nasa.gov/?v=78.10227,19.31367,78.18227,19.35367&l=Reference_Labels_15m(hidden),DoS_International_Boundaries(hidden),Coastlines_15m,VIIRS_SNPP_Thermal_Anomalies_375m_All,OCI_PACE_True_Color(hidden),VIIRS_NOAA21_CorrectedReflectance_TrueColor(hidden),VIIRS_NOAA20_CorrectedReflectance_TrueColor(hidden),VIIRS_SNPP_CorrectedReflectance_TrueColor&lg=true&t=2024-05-28-T00%3A00%3A00Z",https://www.openstreetmap.org/?mlat=19.33367&mlon=78.14227#map=14/19.33367/78.14227,VIIRS_SNPP_SP,firms-snpp-2024-v1
RV1-0136,Somsubhra-Nandi,development_only,543_1923,2025-03,firms-5298b2406de594dd1fe9f4f3,2025-03-26T06:26:00+00:00,27.17158,96.17799,2025-03-11T06:08:00+00:00,2025-03-31T06:32:00+00:00,19,5,11.69,17.38,"https://worldview.earthdata.nasa.gov/?v=96.13799,27.15158,96.21799,27.19158&l=Reference_Labels_15m(hidden),DoS_International_Boundaries(hidden),Coastlines_15m,VIIRS_SNPP_Thermal_Anomalies_375m_All,OCI_PACE_True_Color(hidden),VIIRS_NOAA21_CorrectedReflectance_TrueColor(hidden),VIIRS_NOAA20_CorrectedReflectance_TrueColor(hidden),VIIRS_SNPP_CorrectedReflectance_TrueColor&lg=true&t=2025-03-26-T00%3A00%3A00Z",https://www.openstreetmap.org/?mlat=27.17158&mlon=96.17799#map=14/27.17158/96.17799,VIIRS_SNPP_SP,firms-snpp-2025-v1
RV1-0137,Subhra-Nandi,development_only,314_1520,2025-03,firms-ad0267b11dad65a411032af7,2025-03-19T08:36:00+00:00,15.73976,76.04444,2025-03-19T08:36:00+00:00,2025-03-19T08:36:00+00:00,2,1,10.715,10.74,"https://worldview.earthdata.nasa.gov/?v=76.00444,15.71976,76.08444,15.75976&l=Reference_Labels_15m(hidden),DoS_International_Boundaries(hidden),Coastlines_15m,VIIRS_SNPP_Thermal_Anomalies_375m_All,OCI_PACE_True_Color(hidden),VIIRS_NOAA21_CorrectedReflectance_TrueColor(hidden),VIIRS_NOAA20_CorrectedReflectance_TrueColor(hidden),VIIRS_SNPP_CorrectedReflectance_TrueColor&lg=true&t=2025-03-19-T00%3A00%3A00Z",https://www.openstreetmap.org/?mlat=15.73976&mlon=76.04444#map=14/15.73976/76.04444,VIIRS_SNPP_SP,firms-snpp-2025-v1
RV1-0138,mishhverse,development_only,365_1922,2025-04,firms-043ccc0dab292e0b29225223,2025-04-10T19:14:00+00:00,18.26032,96.1085,2025-04-01T06:11:00+00:00,2025-04-10T19:14:00+00:00,4,2,2.0,2.93,"https://worldview.earthdata.nasa.gov/?v=96.06850,18.24032,96.14850,18.28032&l=Reference_Labels_15m(hidden),DoS_International_Boundaries(hidden),Coastlines_15m,VIIRS_SNPP_Thermal_Anomalies_375m_All,OCI_PACE_True_Color(hidden),VIIRS_NOAA21_CorrectedReflectance_TrueColor(hidden),VIIRS_NOAA20_CorrectedReflectance_TrueColor(hidden),VIIRS_SNPP_CorrectedReflectance_TrueColor&lg=true&t=2025-04-10-T00%3A00%3A00Z",https://www.openstreetmap.org/?mlat=18.26032&mlon=96.10850#map=14/18.26032/96.10850,VIIRS_SNPP_SP,firms-snpp-2025-v1
RV1-0139,NuclearVenom,development_only,479_1687,2024-04,firms-dd8c01c46fbe39835e052f80,2024-04-05T07:23:00+00:00,23.9868,84.37119,2024-04-05T07:23:00+00:00,2024-04-05T07:23:00+00:00,4,1,3.92,4.14,"https://worldview.earthdata.nasa.gov/?v=84.33119,23.96680,84.41119,24.00680&l=Reference_Labels_15m(hidden),DoS_International_Boundaries(hidden),Coastlines_15m,VIIRS_SNPP_Thermal_Anomalies_375m_All,OCI_PACE_True_Color(hidden),VIIRS_NOAA21_CorrectedReflectance_TrueColor(hidden),VIIRS_NOAA20_CorrectedReflectance_TrueColor(hidden),VIIRS_SNPP_CorrectedReflectance_TrueColor&lg=true&t=2024-04-05-T00%3A00%3A00Z",https://www.openstreetmap.org/?mlat=23.98680&mlon=84.37119#map=14/23.98680/84.37119,VIIRS_SNPP_SP,firms-snpp-2024-v1
RV1-0140,rajeet-04,development_only,684_1426,2024-03,firms-09c6f43e59cde8ef8740e9b4,2024-03-08T07:51:00+00:00,34.24659,71.32225,2024-03-08T07:51:00+00:00,2024-03-08T07:51:00+00:00,1,1,5.71,5.71,"https://worldview.earthdata.nasa.gov/?v=71.28225,34.22659,71.36225,34.26659&l=Reference_Labels_15m(hidden),DoS_International_Boundaries(hidden),Coastlines_15m,VIIRS_SNPP_Thermal_Anomalies_375m_All,OCI_PACE_True_Color(hidden),VIIRS_NOAA21_CorrectedReflectance_TrueColor(hidden),VIIRS_NOAA20_CorrectedReflectance_TrueColor(hidden),VIIRS_SNPP_CorrectedReflectance_TrueColor&lg=true&t=2024-03-08-T00%3A00%3A00Z",https://www.openstreetmap.org/?mlat=34.24659&mlon=71.32225#map=14/34.24659/71.32225,VIIRS_SNPP_SP,firms-snpp-2024-v1
RV1-0141,DeepaliSingh10,development_only,400_1878,2025-05,firms-c29f99464510ec2b8b671ede,2025-05-06T06:57:00+00:00,20.01071,93.93707,2025-05-06T06:57:00+00:00,2025-05-06T06:57:00+00:00,2,1,32.2,32.2,"https://worldview.earthdata.nasa.gov/?v=93.89707,19.99071,93.97707,20.03071&l=Reference_Labels_15m(hidden),DoS_International_Boundaries(hidden),Coastlines_15m,VIIRS_SNPP_Thermal_Anomalies_375m_All,OCI_PACE_True_Color(hidden),VIIRS_NOAA21_CorrectedReflectance_TrueColor(hidden),VIIRS_NOAA20_CorrectedReflectance_TrueColor(hidden),VIIRS_SNPP_CorrectedReflectance_TrueColor&lg=true&t=2025-05-06-T00%3A00%3A00Z",https://www.openstreetmap.org/?mlat=20.01071&mlon=93.93707#map=14/20.01071/93.93707,VIIRS_SNPP_SP,firms-snpp-2025-v1
RV1-0142,Somsubhra-Nandi,development_only,257_1531,2025-01,firms-9d0b51f70020aa685b55ad37,2025-01-25T08:29:00+00:00,12.8514,76.57635,2025-01-25T08:29:00+00:00,2025-01-25T08:29:00+00:00,1,1,3.26,3.26,"https://worldview.earthdata.nasa.gov/?v=76.53635,12.83140,76.61635,12.87140&l=Reference_Labels_15m(hidden),DoS_International_Boundaries(hidden),Coastlines_15m,VIIRS_SNPP_Thermal_Anomalies_375m_All,OCI_PACE_True_Color(hidden),VIIRS_NOAA21_CorrectedReflectance_TrueColor(hidden),VIIRS_NOAA20_CorrectedReflectance_TrueColor(hidden),VIIRS_SNPP_CorrectedReflectance_TrueColor&lg=true&t=2025-01-25-T00%3A00%3A00Z",https://www.openstreetmap.org/?mlat=12.85140&mlon=76.57635#map=14/12.85140/76.57635,VIIRS_SNPP_SP,firms-snpp-2025-v1
RV1-0143,Subhra-Nandi,development_only,519_1805,2025-03,firms-de03d956cd657d7675d124a6,2025-03-29T07:10:00+00:00,25.95181,90.27366,2025-03-29T07:10:00+00:00,2025-03-29T07:10:00+00:00,1,1,1.52,1.52,"https://worldview.earthdata.nasa.gov/?v=90.23366,25.93181,90.31366,25.97181&l=Reference_Labels_15m(hidden),DoS_International_Boundaries(hidden),Coastlines_15m,VIIRS_SNPP_Thermal_Anomalies_375m_All,OCI_PACE_True_Color(hidden),VIIRS_NOAA21_CorrectedReflectance_TrueColor(hidden),VIIRS_NOAA20_CorrectedReflectance_TrueColor(hidden),VIIRS_SNPP_CorrectedReflectance_TrueColor&lg=true&t=2025-03-29-T00%3A00%3A00Z",https://www.openstreetmap.org/?mlat=25.95181&mlon=90.27366#map=14/25.95181/90.27366,VIIRS_SNPP_SP,firms-snpp-2025-v1
RV1-0144,mishhverse,development_only,678_1469,2024-02,firms-7e516adb1cfe3e4c64f7740e,2024-02-15T08:03:00+00:00,33.90945,73.4801,2024-02-14T20:44:00+00:00,2024-02-15T08:03:00+00:00,2,2,1.9000000000000001,2.7,"https://worldview.earthdata.nasa.gov/?v=73.44010,33.88945,73.52010,33.92945&l=Reference_Labels_15m(hidden),DoS_International_Boundaries(hidden),Coastlines_15m,VIIRS_SNPP_Thermal_Anomalies_375m_All,OCI_PACE_True_Color(hidden),VIIRS_NOAA21_CorrectedReflectance_TrueColor(hidden),VIIRS_NOAA20_CorrectedReflectance_TrueColor(hidden),VIIRS_SNPP_CorrectedReflectance_TrueColor&lg=true&t=2024-02-15-T00%3A00%3A00Z",https://www.openstreetmap.org/?mlat=33.90945&mlon=73.48010#map=14/33.90945/73.48010,VIIRS_SNPP_SP,firms-snpp-2024-v1
RV1-0145,NuclearVenom,development_only,478_1728,2024-04,firms-3efc19d83eff1bc4c142e11e,2024-04-27T19:38:00+00:00,23.93999,86.41254,2024-04-26T19:57:00+00:00,2024-04-27T19:38:00+00:00,2,2,2.99,3.9,"https://worldview.earthdata.nasa.gov/?v=86.37254,23.91999,86.45254,23.95999&l=Reference_Labels_15m(hidden),DoS_International_Boundaries(hidden),Coastlines_15m,VIIRS_SNPP_Thermal_Anomalies_375m_All,OCI_PACE_True_Color(hidden),VIIRS_NOAA21_CorrectedReflectance_TrueColor(hidden),VIIRS_NOAA20_CorrectedReflectance_TrueColor(hidden),VIIRS_SNPP_CorrectedReflectance_TrueColor&lg=true&t=2024-04-27-T00%3A00%3A00Z",https://www.openstreetmap.org/?mlat=23.93999&mlon=86.41254#map=14/23.93999/86.41254,VIIRS_SNPP_SP,firms-snpp-2024-v1
RV1-0146,rajeet-04,development_only,424_1583,2025-04,firms-e99391e1253a312d1d499ad5,2025-04-18T07:35:00+00:00,21.20139,79.18685,2025-04-06T08:00:00+00:00,2025-04-18T07:35:00+00:00,2,2,4.775,5.15,"https://worldview.earthdata.nasa.gov/?v=79.14685,21.18139,79.22685,21.22139&l=Reference_Labels_15m(hidden),DoS_International_Boundaries(hidden),Coastlines_15m,VIIRS_SNPP_Thermal_Anomalies_375m_All,OCI_PACE_True_Color(hidden),VIIRS_NOAA21_CorrectedReflectance_TrueColor(hidden),VIIRS_NOAA20_CorrectedReflectance_TrueColor(hidden),VIIRS_SNPP_CorrectedReflectance_TrueColor&lg=true&t=2025-04-18-T00%3A00%3A00Z",https://www.openstreetmap.org/?mlat=21.20139&mlon=79.18685#map=14/21.20139/79.18685,VIIRS_SNPP_SP,firms-snpp-2025-v1
RV1-0147,DeepaliSingh10,development_only,515_1510,2025-05,firms-e6f733db24f0c40bde42ee61,2025-05-04T20:03:00+00:00,25.77119,75.5023,2025-05-04T20:03:00+00:00,2025-05-04T20:03:00+00:00,1,1,0.33,0.33,"https://worldview.earthdata.nasa.gov/?v=75.46230,25.75119,75.54230,25.79119&l=Reference_Labels_15m(hidden),DoS_International_Boundaries(hidden),Coastlines_15m,VIIRS_SNPP_Thermal_Anomalies_375m_All,OCI_PACE_True_Color(hidden),VIIRS_NOAA21_CorrectedReflectance_TrueColor(hidden),VIIRS_NOAA20_CorrectedReflectance_TrueColor(hidden),VIIRS_SNPP_CorrectedReflectance_TrueColor&lg=true&t=2025-05-04-T00%3A00%3A00Z",https://www.openstreetmap.org/?mlat=25.77119&mlon=75.50230#map=14/25.77119/75.50230,VIIRS_SNPP_SP,firms-snpp-2025-v1
RV1-0148,Somsubhra-Nandi,development_only,408_1469,2025-03,firms-5cc892829edd6177de0a850e,2025-03-24T08:43:00+00:00,20.40809,73.48388,2025-03-24T08:43:00+00:00,2025-03-24T08:43:00+00:00,4,1,7.98,14.98,"https://worldview.earthdata.nasa.gov/?v=73.44388,20.38809,73.52388,20.42809&l=Reference_Labels_15m(hidden),DoS_International_Boundaries(hidden),Coastlines_15m,VIIRS_SNPP_Thermal_Anomalies_375m_All,OCI_PACE_True_Color(hidden),VIIRS_NOAA21_CorrectedReflectance_TrueColor(hidden),VIIRS_NOAA20_CorrectedReflectance_TrueColor(hidden),VIIRS_SNPP_CorrectedReflectance_TrueColor&lg=true&t=2025-03-24-T00%3A00%3A00Z",https://www.openstreetmap.org/?mlat=20.40809&mlon=73.48388#map=14/20.40809/73.48388,VIIRS_SNPP_SP,firms-snpp-2025-v1
RV1-0149,Subhra-Nandi,development_only,296_1524,2025-01,firms-171bb0f8a112df268886e9a6,2025-01-21T08:05:00+00:00,14.82789,76.21774,2025-01-21T08:05:00+00:00,2025-01-21T08:05:00+00:00,1,1,8.89,8.89,"https://worldview.earthdata.nasa.gov/?v=76.17774,14.80789,76.25774,14.84789&l=Reference_Labels_15m(hidden),DoS_International_Boundaries(hidden),Coastlines_15m,VIIRS_SNPP_Thermal_Anomalies_375m_All,OCI_PACE_True_Color(hidden),VIIRS_NOAA21_CorrectedReflectance_TrueColor(hidden),VIIRS_NOAA20_CorrectedReflectance_TrueColor(hidden),VIIRS_SNPP_CorrectedReflectance_TrueColor&lg=true&t=2025-01-21-T00%3A00%3A00Z",https://www.openstreetmap.org/?mlat=14.82789&mlon=76.21774#map=14/14.82789/76.21774,VIIRS_SNPP_SP,firms-snpp-2025-v1
RV1-0150,mishhverse,development_only,582_1596,2024-04,firms-500fa1b97f7ec93571120984,2024-04-20T20:08:00+00:00,29.12383,79.82832,2024-04-01T21:04:00+00:00,2024-04-30T20:20:00+00:00,58,12,2.48,12.01,"https://worldview.earthdata.nasa.gov/?v=79.78832,29.10383,79.86832,29.14383&l=Reference_Labels_15m(hidden),DoS_International_Boundaries(hidden),Coastlines_15m,VIIRS_SNPP_Thermal_Anomalies_375m_All,OCI_PACE_True_Color(hidden),VIIRS_NOAA21_CorrectedReflectance_TrueColor(hidden),VIIRS_NOAA20_CorrectedReflectance_TrueColor(hidden),VIIRS_SNPP_CorrectedReflectance_TrueColor&lg=true&t=2024-04-20-T00%3A00%3A00Z",https://www.openstreetmap.org/?mlat=29.12383&mlon=79.82832#map=14/29.12383/79.82832,VIIRS_SNPP_SP,firms-snpp-2024-v1
RV1-0151,NuclearVenom,development_only,290_1538,2025-03,firms-81b06376b4fc91c70fb58f90,2025-03-25T08:23:00+00:00,14.5334,76.94019,2025-03-25T08:23:00+00:00,2025-03-25T08:23:00+00:00,1,1,13.87,13.87,"https://worldview.earthdata.nasa.gov/?v=76.90019,14.51340,76.98019,14.55340&l=Reference_Labels_15m(hidden),DoS_International_Boundaries(hidden),Coastlines_15m,VIIRS_SNPP_Thermal_Anomalies_375m_All,OCI_PACE_True_Color(hidden),VIIRS_NOAA21_CorrectedReflectance_TrueColor(hidden),VIIRS_NOAA20_CorrectedReflectance_TrueColor(hidden),VIIRS_SNPP_CorrectedReflectance_TrueColor&lg=true&t=2025-03-25-T00%3A00%3A00Z",https://www.openstreetmap.org/?mlat=14.53340&mlon=76.94019#map=14/14.53340/76.94019,VIIRS_SNPP_SP,firms-snpp-2025-v1
RV1-0152,rajeet-04,development_only,327_1556,2025-04,firms-b2ee94a0ba0cdd92be066a71,2025-04-21T08:18:00+00:00,16.36143,77.83757,2025-04-21T08:18:00+00:00,2025-04-21T08:18:00+00:00,1,1,4.62,4.62,"https://worldview.earthdata.nasa.gov/?v=77.79757,16.34143,77.87757,16.38143&l=Reference_Labels_15m(hidden),DoS_International_Boundaries(hidden),Coastlines_15m,VIIRS_SNPP_Thermal_Anomalies_375m_All,OCI_PACE_True_Color(hidden),VIIRS_NOAA21_CorrectedReflectance_TrueColor(hidden),VIIRS_NOAA20_CorrectedReflectance_TrueColor(hidden),VIIRS_SNPP_CorrectedReflectance_TrueColor&lg=true&t=2025-04-21-T00%3A00%3A00Z",https://www.openstreetmap.org/?mlat=16.36143&mlon=77.83757#map=14/16.36143/77.83757,VIIRS_SNPP_SP,firms-snpp-2025-v1
RV1-0153,DeepaliSingh10,development_only,583_1643,2024-11,firms-b817b3b1f8662f18f060284f,2024-11-09T07:36:00+00:00,29.16582,82.19604,2024-11-09T07:36:00+00:00,2024-11-09T07:36:00+00:00,1,1,3.31,3.31,"https://worldview.earthdata.nasa.gov/?v=82.15604,29.14582,82.23604,29.18582&l=Reference_Labels_15m(hidden),DoS_International_Boundaries(hidden),Coastlines_15m,VIIRS_SNPP_Thermal_Anomalies_375m_All,OCI_PACE_True_Color(hidden),VIIRS_NOAA21_CorrectedReflectance_TrueColor(hidden),VIIRS_NOAA20_CorrectedReflectance_TrueColor(hidden),VIIRS_SNPP_CorrectedReflectance_TrueColor&lg=true&t=2024-11-09-T00%3A00%3A00Z",https://www.openstreetmap.org/?mlat=29.16582&mlon=82.19604#map=14/29.16582/82.19604,VIIRS_SNPP_SP,firms-snpp-2024-v1
RV1-0154,Somsubhra-Nandi,development_only,433_1667,2024-12,firms-a3dbc57a97cbaf626bbb554f,2024-12-30T08:19:00+00:00,21.65081,83.36101,2024-12-26T07:53:00+00:00,2024-12-31T08:00:00+00:00,10,4,5.84,11.33,"https://worldview.earthdata.nasa.gov/?v=83.32101,21.63081,83.40101,21.67081&l=Reference_Labels_15m(hidden),DoS_International_Boundaries(hidden),Coastlines_15m,VIIRS_SNPP_Thermal_Anomalies_375m_All,OCI_PACE_True_Color(hidden),VIIRS_NOAA21_CorrectedReflectance_TrueColor(hidden),VIIRS_NOAA20_CorrectedReflectance_TrueColor(hidden),VIIRS_SNPP_CorrectedReflectance_TrueColor&lg=true&t=2024-12-30-T00%3A00%3A00Z",https://www.openstreetmap.org/?mlat=21.65081&mlon=83.36101#map=14/21.65081/83.36101,VIIRS_SNPP_SP,firms-snpp-2024-v1
RV1-0155,Subhra-Nandi,development_only,600_1571,2024-05,firms-2a52f25fb3f93f4afdb58cb9,2024-05-06T20:08:00+00:00,30.00842,78.58158,2024-05-01T07:37:00+00:00,2024-05-29T08:52:00+00:00,8,5,1.8199999999999998,6.86,"https://worldview.earthdata.nasa.gov/?v=78.54158,29.98842,78.62158,30.02842&l=Reference_Labels_15m(hidden),DoS_International_Boundaries(hidden),Coastlines_15m,VIIRS_SNPP_Thermal_Anomalies_375m_All,OCI_PACE_True_Color(hidden),VIIRS_NOAA21_CorrectedReflectance_TrueColor(hidden),VIIRS_NOAA20_CorrectedReflectance_TrueColor(hidden),VIIRS_SNPP_CorrectedReflectance_TrueColor&lg=true&t=2024-05-06-T00%3A00%3A00Z",https://www.openstreetmap.org/?mlat=30.00842&mlon=78.58158#map=14/30.00842/78.58158,VIIRS_SNPP_SP,firms-snpp-2024-v1
RV1-0156,mishhverse,development_only,377_1544,2024-03,firms-7db3225a42df49417dcfe393,2024-03-12T08:12:00+00:00,18.87437,77.23508,2024-03-12T08:12:00+00:00,2024-03-12T08:12:00+00:00,1,1,4.74,4.74,"https://worldview.earthdata.nasa.gov/?v=77.19508,18.85437,77.27508,18.89437&l=Reference_Labels_15m(hidden),DoS_International_Boundaries(hidden),Coastlines_15m,VIIRS_SNPP_Thermal_Anomalies_375m_All,OCI_PACE_True_Color(hidden),VIIRS_NOAA21_CorrectedReflectance_TrueColor(hidden),VIIRS_NOAA20_CorrectedReflectance_TrueColor(hidden),VIIRS_SNPP_CorrectedReflectance_TrueColor&lg=true&t=2024-03-12-T00%3A00%3A00Z",https://www.openstreetmap.org/?mlat=18.87437&mlon=77.23508#map=14/18.87437/77.23508,VIIRS_SNPP_SP,firms-snpp-2024-v1
RV1-0157,NuclearVenom,development_only,426_1591,2024-12,firms-d954c197754a4e999c662a4f,2024-12-28T07:16:00+00:00,21.30655,79.5679,2024-12-28T07:16:00+00:00,2024-12-28T07:16:00+00:00,1,1,1.64,1.64,"https://worldview.earthdata.nasa.gov/?v=79.52790,21.28655,79.60790,21.32655&l=Reference_Labels_15m(hidden),DoS_International_Boundaries(hidden),Coastlines_15m,VIIRS_SNPP_Thermal_Anomalies_375m_All,OCI_PACE_True_Color(hidden),VIIRS_NOAA21_CorrectedReflectance_TrueColor(hidden),VIIRS_NOAA20_CorrectedReflectance_TrueColor(hidden),VIIRS_SNPP_CorrectedReflectance_TrueColor&lg=true&t=2024-12-28-T00%3A00%3A00Z",https://www.openstreetmap.org/?mlat=21.30655&mlon=79.56790#map=14/21.30655/79.56790,VIIRS_SNPP_SP,firms-snpp-2024-v1
RV1-0158,rajeet-04,development_only,602_1595,2024-12,firms-4c4ecc0376b3c84c167b63d1,2024-12-16T07:43:00+00:00,30.12194,79.76562,2024-12-03T08:27:00+00:00,2024-12-16T07:43:00+00:00,2,2,3.56,3.62,"https://worldview.earthdata.nasa.gov/?v=79.72562,30.10194,79.80562,30.14194&l=Reference_Labels_15m(hidden),DoS_International_Boundaries(hidden),Coastlines_15m,VIIRS_SNPP_Thermal_Anomalies_375m_All,OCI_PACE_True_Color(hidden),VIIRS_NOAA21_CorrectedReflectance_TrueColor(hidden),VIIRS_NOAA20_CorrectedReflectance_TrueColor(hidden),VIIRS_SNPP_CorrectedReflectance_TrueColor&lg=true&t=2024-12-16-T00%3A00%3A00Z",https://www.openstreetmap.org/?mlat=30.12194&mlon=79.76562#map=14/30.12194/79.76562,VIIRS_SNPP_SP,firms-snpp-2024-v1
RV1-0159,DeepaliSingh10,development_only,535_1692,2025-02,firms-ba5dc2f5e856a140be23284e,2025-02-18T07:43:00+00:00,26.77533,84.62378,2025-02-18T07:43:00+00:00,2025-02-18T07:43:00+00:00,1,1,2.19,2.19,"https://worldview.earthdata.nasa.gov/?v=84.58378,26.75533,84.66378,26.79533&l=Reference_Labels_15m(hidden),DoS_International_Boundaries(hidden),Coastlines_15m,VIIRS_SNPP_Thermal_Anomalies_375m_All,OCI_PACE_True_Color(hidden),VIIRS_NOAA21_CorrectedReflectance_TrueColor(hidden),VIIRS_NOAA20_CorrectedReflectance_TrueColor(hidden),VIIRS_SNPP_CorrectedReflectance_TrueColor&lg=true&t=2025-02-18-T00%3A00%3A00Z",https://www.openstreetmap.org/?mlat=26.77533&mlon=84.62378#map=14/26.77533/84.62378,VIIRS_SNPP_SP,firms-snpp-2025-v1
RV1-0160,Somsubhra-Nandi,development_only,81_1929,2024-07,firms-db8cc65b8aff742425a1d610,2024-07-02T19:04:00+00:00,4.06231,96.4873,2024-07-02T19:04:00+00:00,2024-07-02T19:04:00+00:00,1,1,0.46,0.46,"https://worldview.earthdata.nasa.gov/?v=96.44730,4.04231,96.52730,4.08231&l=Reference_Labels_15m(hidden),DoS_International_Boundaries(hidden),Coastlines_15m,VIIRS_SNPP_Thermal_Anomalies_375m_All,OCI_PACE_True_Color(hidden),VIIRS_NOAA21_CorrectedReflectance_TrueColor(hidden),VIIRS_NOAA20_CorrectedReflectance_TrueColor(hidden),VIIRS_SNPP_CorrectedReflectance_TrueColor&lg=true&t=2024-07-02-T00%3A00%3A00Z",https://www.openstreetmap.org/?mlat=4.06231&mlon=96.48730#map=14/4.06231/96.48730,VIIRS_SNPP_SP,firms-snpp-2024-v1
RV1-0161,Subhra-Nandi,development_only,555_1378,2025-04,firms-4c1223530ce7f47fb5490856,2025-04-20T08:40:00+00:00,27.78311,68.90636,2025-04-13T07:31:00+00:00,2025-04-20T08:40:00+00:00,2,2,6.485,9.38,"https://worldview.earthdata.nasa.gov/?v=68.86636,27.76311,68.94636,27.80311&l=Reference_Labels_15m(hidden),DoS_International_Boundaries(hidden),Coastlines_15m,VIIRS_SNPP_Thermal_Anomalies_375m_All,OCI_PACE_True_Color(hidden),VIIRS_NOAA21_CorrectedReflectance_TrueColor(hidden),VIIRS_NOAA20_CorrectedReflectance_TrueColor(hidden),VIIRS_SNPP_CorrectedReflectance_TrueColor&lg=true&t=2025-04-20-T00%3A00%3A00Z",https://www.openstreetmap.org/?mlat=27.78311&mlon=68.90636#map=14/27.78311/68.90636,VIIRS_SNPP_SP,firms-snpp-2025-v1
RV1-0162,mishhverse,development_only,521_1468,2024-04,firms-f76dc20f0e5a43eb7388b02e,2024-04-07T20:53:00+00:00,26.05246,73.40707,2024-04-07T20:53:00+00:00,2024-04-07T20:53:00+00:00,1,1,0.54,0.54,"https://worldview.earthdata.nasa.gov/?v=73.36707,26.03246,73.44707,26.07246&l=Reference_Labels_15m(hidden),DoS_International_Boundaries(hidden),Coastlines_15m,VIIRS_SNPP_Thermal_Anomalies_375m_All,OCI_PACE_True_Color(hidden),VIIRS_NOAA21_CorrectedReflectance_TrueColor(hidden),VIIRS_NOAA20_CorrectedReflectance_TrueColor(hidden),VIIRS_SNPP_CorrectedReflectance_TrueColor&lg=true&t=2024-04-07-T00%3A00%3A00Z",https://www.openstreetmap.org/?mlat=26.05246&mlon=73.40707#map=14/26.05246/73.40707,VIIRS_SNPP_SP,firms-snpp-2024-v1
RV1-0163,NuclearVenom,development_only,481_1903,2024-04,firms-98cfbca60278c2753a7dbec1,2024-04-05T07:22:00+00:00,24.06389,95.16602,2024-04-05T07:22:00+00:00,2024-04-11T07:10:00+00:00,7,4,9.64,13.42,"https://worldview.earthdata.nasa.gov/?v=95.12602,24.04389,95.20602,24.08389&l=Reference_Labels_15m(hidden),DoS_International_Boundaries(hidden),Coastlines_15m,VIIRS_SNPP_Thermal_Anomalies_375m_All,OCI_PACE_True_Color(hidden),VIIRS_NOAA21_CorrectedReflectance_TrueColor(hidden),VIIRS_NOAA20_CorrectedReflectance_TrueColor(hidden),VIIRS_SNPP_CorrectedReflectance_TrueColor&lg=true&t=2024-04-05-T00%3A00%3A00Z",https://www.openstreetmap.org/?mlat=24.06389&mlon=95.16602#map=14/24.06389/95.16602,VIIRS_SNPP_SP,firms-snpp-2024-v1
RV1-0164,rajeet-04,development_only,395_1561,2025-02,firms-29860c27e3dd542b9854097f,2025-02-21T08:25:00+00:00,19.75615,78.07035,2025-02-20T19:33:00+00:00,2025-02-21T08:25:00+00:00,8,2,4.12,6.51,"https://worldview.earthdata.nasa.gov/?v=78.03035,19.73615,78.11035,19.77615&l=Reference_Labels_15m(hidden),DoS_International_Boundaries(hidden),Coastlines_15m,VIIRS_SNPP_Thermal_Anomalies_375m_All,OCI_PACE_True_Color(hidden),VIIRS_NOAA21_CorrectedReflectance_TrueColor(hidden),VIIRS_NOAA20_CorrectedReflectance_TrueColor(hidden),VIIRS_SNPP_CorrectedReflectance_TrueColor&lg=true&t=2025-02-21-T00%3A00%3A00Z",https://www.openstreetmap.org/?mlat=19.75615&mlon=78.07035#map=14/19.75615/78.07035,VIIRS_SNPP_SP,firms-snpp-2025-v1
RV1-0165,DeepaliSingh10,development_only,292_1547,2025-05,firms-818083a25023297676a1c0aa,2025-05-02T08:11:00+00:00,14.63111,77.37863,2025-05-02T08:11:00+00:00,2025-05-02T08:11:00+00:00,1,1,4.7,4.7,"https://worldview.earthdata.nasa.gov/?v=77.33863,14.61111,77.41863,14.65111&l=Reference_Labels_15m(hidden),DoS_International_Boundaries(hidden),Coastlines_15m,VIIRS_SNPP_Thermal_Anomalies_375m_All,OCI_PACE_True_Color(hidden),VIIRS_NOAA21_CorrectedReflectance_TrueColor(hidden),VIIRS_NOAA20_CorrectedReflectance_TrueColor(hidden),VIIRS_SNPP_CorrectedReflectance_TrueColor&lg=true&t=2025-05-02-T00%3A00%3A00Z",https://www.openstreetmap.org/?mlat=14.63111&mlon=77.37863#map=14/14.63111/77.37863,VIIRS_SNPP_SP,firms-snpp-2025-v1
RV1-0166,Somsubhra-Nandi,development_only,501_1362,2025-03,firms-67664f60c4bec882471bbf9f,2025-03-03T08:39:00+00:00,25.05504,68.12714,2025-03-03T08:39:00+00:00,2025-03-03T08:39:00+00:00,1,1,2.82,2.82,"https://worldview.earthdata.nasa.gov/?v=68.08714,25.03504,68.16714,25.07504&l=Reference_Labels_15m(hidden),DoS_International_Boundaries(hidden),Coastlines_15m,VIIRS_SNPP_Thermal_Anomalies_375m_All,OCI_PACE_True_Color(hidden),VIIRS_NOAA21_CorrectedReflectance_TrueColor(hidden),VIIRS_NOAA20_CorrectedReflectance_TrueColor(hidden),VIIRS_SNPP_CorrectedReflectance_TrueColor&lg=true&t=2025-03-03-T00%3A00%3A00Z",https://www.openstreetmap.org/?mlat=25.05504&mlon=68.12714#map=14/25.05504/68.12714,VIIRS_SNPP_SP,firms-snpp-2025-v1
RV1-0167,Subhra-Nandi,development_only,462_1507,2024-04,firms-c07b86398005e6a555011f9e,2024-04-16T07:17:00+00:00,23.13248,75.39568,2024-04-16T07:17:00+00:00,2024-04-16T07:17:00+00:00,1,1,6.1,6.1,"https://worldview.earthdata.nasa.gov/?v=75.35568,23.11248,75.43568,23.15248&l=Reference_Labels_15m(hidden),DoS_International_Boundaries(hidden),Coastlines_15m,VIIRS_SNPP_Thermal_Anomalies_375m_All,OCI_PACE_True_Color(hidden),VIIRS_NOAA21_CorrectedReflectance_TrueColor(hidden),VIIRS_NOAA20_CorrectedReflectance_TrueColor(hidden),VIIRS_SNPP_CorrectedReflectance_TrueColor&lg=true&t=2024-04-16-T00%3A00%3A00Z",https://www.openstreetmap.org/?mlat=23.13248&mlon=75.39568#map=14/23.13248/75.39568,VIIRS_SNPP_SP,firms-snpp-2024-v1
RV1-0168,mishhverse,development_only,650_1509,2024-05,firms-9973fab60c25e26293d90525,2024-05-29T21:16:00+00:00,32.50006,75.49289,2024-05-29T21:16:00+00:00,2024-05-29T21:16:00+00:00,1,1,9.69,9.69,"https://worldview.earthdata.nasa.gov/?v=75.45289,32.48006,75.53289,32.52006&l=Reference_Labels_15m(hidden),DoS_International_Boundaries(hidden),Coastlines_15m,VIIRS_SNPP_Thermal_Anomalies_375m_All,OCI_PACE_True_Color(hidden),VIIRS_NOAA21_CorrectedReflectance_TrueColor(hidden),VIIRS_NOAA20_CorrectedReflectance_TrueColor(hidden),VIIRS_SNPP_CorrectedReflectance_TrueColor&lg=true&t=2024-05-29-T00%3A00%3A00Z",https://www.openstreetmap.org/?mlat=32.50006&mlon=75.49289#map=14/32.50006/75.49289,VIIRS_SNPP_SP,firms-snpp-2024-v1
RV1-0169,NuclearVenom,development_only,467_1868,2025-03,firms-75ff9ca64fe5ee37e80c016e,2025-03-19T06:57:00+00:00,23.35244,93.44351,2025-03-13T07:09:00+00:00,2025-03-31T06:32:00+00:00,19,6,9.8,222.88,"https://worldview.earthdata.nasa.gov/?v=93.40351,23.33244,93.48351,23.37244&l=Reference_Labels_15m(hidden),DoS_International_Boundaries(hidden),Coastlines_15m,VIIRS_SNPP_Thermal_Anomalies_375m_All,OCI_PACE_True_Color(hidden),VIIRS_NOAA21_CorrectedReflectance_TrueColor(hidden),VIIRS_NOAA20_CorrectedReflectance_TrueColor(hidden),VIIRS_SNPP_CorrectedReflectance_TrueColor&lg=true&t=2025-03-19-T00%3A00%3A00Z",https://www.openstreetmap.org/?mlat=23.35244&mlon=93.44351#map=14/23.35244/93.44351,VIIRS_SNPP_SP,firms-snpp-2025-v1
RV1-0170,rajeet-04,development_only,475_1548,2025-05,firms-49494a23d5cc3eb37a988c25,2025-05-14T07:49:00+00:00,23.77217,77.44967,2025-05-04T07:36:00+00:00,2025-05-14T07:49:00+00:00,2,2,11.120000000000001,14.57,"https://worldview.earthdata.nasa.gov/?v=77.40967,23.75217,77.48967,23.79217&l=Reference_Labels_15m(hidden),DoS_International_Boundaries(hidden),Coastlines_15m,VIIRS_SNPP_Thermal_Anomalies_375m_All,OCI_PACE_True_Color(hidden),VIIRS_NOAA21_CorrectedReflectance_TrueColor(hidden),VIIRS_NOAA20_CorrectedReflectance_TrueColor(hidden),VIIRS_SNPP_CorrectedReflectance_TrueColor&lg=true&t=2025-05-14-T00%3A00%3A00Z",https://www.openstreetmap.org/?mlat=23.77217&mlon=77.44967#map=14/23.77217/77.44967,VIIRS_SNPP_SP,firms-snpp-2025-v1
RV1-0171,DeepaliSingh10,development_only,316_1959,2025-04,firms-63d08d2e7d21053f964e09fb,2025-04-07T05:58:00+00:00,15.81295,97.97877,2025-04-07T05:58:00+00:00,2025-04-07T05:58:00+00:00,2,1,10.09,10.82,"https://worldview.earthdata.nasa.gov/?v=97.93877,15.79295,98.01877,15.83295&l=Reference_Labels_15m(hidden),DoS_International_Boundaries(hidden),Coastlines_15m,VIIRS_SNPP_Thermal_Anomalies_375m_All,OCI_PACE_True_Color(hidden),VIIRS_NOAA21_CorrectedReflectance_TrueColor(hidden),VIIRS_NOAA20_CorrectedReflectance_TrueColor(hidden),VIIRS_SNPP_CorrectedReflectance_TrueColor&lg=true&t=2025-04-07-T00%3A00%3A00Z",https://www.openstreetmap.org/?mlat=15.81295&mlon=97.97877#map=14/15.81295/97.97877,VIIRS_SNPP_SP,firms-snpp-2025-v1
RV1-0172,Somsubhra-Nandi,development_only,379_1658,2025-02,firms-052984c3a48d65cc91c076e5,2025-02-07T07:47:00+00:00,18.99279,82.91406,2025-02-07T07:47:00+00:00,2025-02-07T07:47:00+00:00,1,1,4.79,4.79,"https://worldview.earthdata.nasa.gov/?v=82.87406,18.97279,82.95406,19.01279&l=Reference_Labels_15m(hidden),DoS_International_Boundaries(hidden),Coastlines_15m,VIIRS_SNPP_Thermal_Anomalies_375m_All,OCI_PACE_True_Color(hidden),VIIRS_NOAA21_CorrectedReflectance_TrueColor(hidden),VIIRS_NOAA20_CorrectedReflectance_TrueColor(hidden),VIIRS_SNPP_CorrectedReflectance_TrueColor&lg=true&t=2025-02-07-T00%3A00%3A00Z",https://www.openstreetmap.org/?mlat=18.99279&mlon=82.91406#map=14/18.99279/82.91406,VIIRS_SNPP_SP,firms-snpp-2025-v1
RV1-0173,Subhra-Nandi,development_only,529_1366,2024-12,firms-23f88e212047dfe84f428c10,2024-12-10T07:55:00+00:00,26.45552,68.34476,2024-12-04T08:07:00+00:00,2024-12-18T08:45:00+00:00,4,4,3.51,7.25,"https://worldview.earthdata.nasa.gov/?v=68.30476,26.43552,68.38476,26.47552&l=Reference_Labels_15m(hidden),DoS_International_Boundaries(hidden),Coastlines_15m,VIIRS_SNPP_Thermal_Anomalies_375m_All,OCI_PACE_True_Color(hidden),VIIRS_NOAA21_CorrectedReflectance_TrueColor(hidden),VIIRS_NOAA20_CorrectedReflectance_TrueColor(hidden),VIIRS_SNPP_CorrectedReflectance_TrueColor&lg=true&t=2024-12-10-T00%3A00%3A00Z",https://www.openstreetmap.org/?mlat=26.45552&mlon=68.34476#map=14/26.45552/68.34476,VIIRS_SNPP_SP,firms-snpp-2024-v1
RV1-0174,mishhverse,development_only,454_1922,2025-04,firms-cb86a4a4f7549240248896c4,2025-04-04T06:57:00+00:00,22.73426,96.10018,2025-04-04T06:57:00+00:00,2025-04-04T06:57:00+00:00,1,1,2.04,2.04,"https://worldview.earthdata.nasa.gov/?v=96.06018,22.71426,96.14018,22.75426&l=Reference_Labels_15m(hidden),DoS_International_Boundaries(hidden),Coastlines_15m,VIIRS_SNPP_Thermal_Anomalies_375m_All,OCI_PACE_True_Color(hidden),VIIRS_NOAA21_CorrectedReflectance_TrueColor(hidden),VIIRS_NOAA20_CorrectedReflectance_TrueColor(hidden),VIIRS_SNPP_CorrectedReflectance_TrueColor&lg=true&t=2025-04-04-T00%3A00%3A00Z",https://www.openstreetmap.org/?mlat=22.73426&mlon=96.10018#map=14/22.73426/96.10018,VIIRS_SNPP_SP,firms-snpp-2025-v1
RV1-0175,NuclearVenom,development_only,511_1599,2024-11,firms-ef9dd68db9f376b81dd19cc1,2024-11-25T07:35:00+00:00,25.57164,79.99091,2024-11-25T07:35:00+00:00,2024-11-25T07:35:00+00:00,1,1,2.91,2.91,"https://worldview.earthdata.nasa.gov/?v=79.95091,25.55164,80.03091,25.59164&l=Reference_Labels_15m(hidden),DoS_International_Boundaries(hidden),Coastlines_15m,VIIRS_SNPP_Thermal_Anomalies_375m_All,OCI_PACE_True_Color(hidden),VIIRS_NOAA21_CorrectedReflectance_TrueColor(hidden),VIIRS_NOAA20_CorrectedReflectance_TrueColor(hidden),VIIRS_SNPP_CorrectedReflectance_TrueColor&lg=true&t=2024-11-25-T00%3A00%3A00Z",https://www.openstreetmap.org/?mlat=25.57164&mlon=79.99091#map=14/25.57164/79.99091,VIIRS_SNPP_SP,firms-snpp-2024-v1
RV1-0176,rajeet-04,development_only,407_1601,2025-03,firms-da50baf1b2542491935f3c4e,2025-03-17T07:34:00+00:00,20.39174,80.05862,2025-03-13T07:09:00+00:00,2025-03-31T08:12:00+00:00,19,9,3.74,19.6,"https://worldview.earthdata.nasa.gov/?v=80.01862,20.37174,80.09862,20.41174&l=Reference_Labels_15m(hidden),DoS_International_Boundaries(hidden),Coastlines_15m,VIIRS_SNPP_Thermal_Anomalies_375m_All,OCI_PACE_True_Color(hidden),VIIRS_NOAA21_CorrectedReflectance_TrueColor(hidden),VIIRS_NOAA20_CorrectedReflectance_TrueColor(hidden),VIIRS_SNPP_CorrectedReflectance_TrueColor&lg=true&t=2025-03-17-T00%3A00%3A00Z",https://www.openstreetmap.org/?mlat=20.39174&mlon=80.05862#map=14/20.39174/80.05862,VIIRS_SNPP_SP,firms-snpp-2025-v1
RV1-0177,DeepaliSingh10,development_only,478_1438,2024-11,firms-ac7fef01639df81710765161,2024-11-07T08:12:00+00:00,23.94497,71.92026,2024-11-07T08:12:00+00:00,2024-11-23T08:12:00+00:00,3,2,1.99,1.99,"https://worldview.earthdata.nasa.gov/?v=71.88026,23.92497,71.96026,23.96497&l=Reference_Labels_15m(hidden),DoS_International_Boundaries(hidden),Coastlines_15m,VIIRS_SNPP_Thermal_Anomalies_375m_All,OCI_PACE_True_Color(hidden),VIIRS_NOAA21_CorrectedReflectance_TrueColor(hidden),VIIRS_NOAA20_CorrectedReflectance_TrueColor(hidden),VIIRS_SNPP_CorrectedReflectance_TrueColor&lg=true&t=2024-11-07-T00%3A00%3A00Z",https://www.openstreetmap.org/?mlat=23.94497&mlon=71.92026#map=14/23.94497/71.92026,VIIRS_SNPP_SP,firms-snpp-2024-v1
RV1-0178,Somsubhra-Nandi,development_only,416_1897,2024-02,firms-af81276bf47ad3a81d248ddd,2024-02-12T07:15:00+00:00,20.83178,94.85422,2024-02-12T07:15:00+00:00,2024-02-18T07:02:00+00:00,3,2,4.16,4.56,"https://worldview.earthdata.nasa.gov/?v=94.81422,20.81178,94.89422,20.85178&l=Reference_Labels_15m(hidden),DoS_International_Boundaries(hidden),Coastlines_15m,VIIRS_SNPP_Thermal_Anomalies_375m_All,OCI_PACE_True_Color(hidden),VIIRS_NOAA21_CorrectedReflectance_TrueColor(hidden),VIIRS_NOAA20_CorrectedReflectance_TrueColor(hidden),VIIRS_SNPP_CorrectedReflectance_TrueColor&lg=true&t=2024-02-12-T00%3A00%3A00Z",https://www.openstreetmap.org/?mlat=20.83178&mlon=94.85422#map=14/20.83178/94.85422,VIIRS_SNPP_SP,firms-snpp-2024-v1
RV1-0179,Subhra-Nandi,development_only,643_1449,2024-11,firms-ebb1e8e3fd0cc7ce970176a6,2024-11-13T08:02:00+00:00,32.19529,72.48154,2024-11-13T08:02:00+00:00,2024-11-18T08:08:00+00:00,3,2,3.98,4.0,"https://worldview.earthdata.nasa.gov/?v=72.44154,32.17529,72.52154,32.21529&l=Reference_Labels_15m(hidden),DoS_International_Boundaries(hidden),Coastlines_15m,VIIRS_SNPP_Thermal_Anomalies_375m_All,OCI_PACE_True_Color(hidden),VIIRS_NOAA21_CorrectedReflectance_TrueColor(hidden),VIIRS_NOAA20_CorrectedReflectance_TrueColor(hidden),VIIRS_SNPP_CorrectedReflectance_TrueColor&lg=true&t=2024-11-13-T00%3A00%3A00Z",https://www.openstreetmap.org/?mlat=32.19529&mlon=72.48154#map=14/32.19529/72.48154,VIIRS_SNPP_SP,firms-snpp-2024-v1
RV1-0180,mishhverse,development_only,183_1568,2024-12,firms-a08cc914b4e7229c739ecc30,2024-12-25T08:09:00+00:00,9.18193,78.44803,2024-12-25T08:09:00+00:00,2024-12-25T08:09:00+00:00,1,1,1.9,1.9,"https://worldview.earthdata.nasa.gov/?v=78.40803,9.16193,78.48803,9.20193&l=Reference_Labels_15m(hidden),DoS_International_Boundaries(hidden),Coastlines_15m,VIIRS_SNPP_Thermal_Anomalies_375m_All,OCI_PACE_True_Color(hidden),VIIRS_NOAA21_CorrectedReflectance_TrueColor(hidden),VIIRS_NOAA20_CorrectedReflectance_TrueColor(hidden),VIIRS_SNPP_CorrectedReflectance_TrueColor&lg=true&t=2024-12-25-T00%3A00%3A00Z",https://www.openstreetmap.org/?mlat=9.18193&mlon=78.44803#map=14/9.18193/78.44803,VIIRS_SNPP_SP,firms-snpp-2024-v1
RV1-0181,NuclearVenom,development_only,451_1656,2025-04,firms-236ffa981bcff045bff089b2,2025-04-23T20:10:00+00:00,22.55239,82.82033,2025-04-01T07:53:00+00:00,2025-04-25T07:04:00+00:00,3,3,3.58,3.58,"https://worldview.earthdata.nasa.gov/?v=82.78033,22.53239,82.86033,22.57239&l=Reference_Labels_15m(hidden),DoS_International_Boundaries(hidden),Coastlines_15m,VIIRS_SNPP_Thermal_Anomalies_375m_All,OCI_PACE_True_Color(hidden),VIIRS_NOAA21_CorrectedReflectance_TrueColor(hidden),VIIRS_NOAA20_CorrectedReflectance_TrueColor(hidden),VIIRS_SNPP_CorrectedReflectance_TrueColor&lg=true&t=2025-04-23-T00%3A00%3A00Z",https://www.openstreetmap.org/?mlat=22.55239&mlon=82.82033#map=14/22.55239/82.82033,VIIRS_SNPP_SP,firms-snpp-2025-v1
RV1-0182,rajeet-04,development_only,327_1909,2025-04,firms-d1a5271123e17e5e943ea8a1,2025-04-24T07:21:00+00:00,16.37884,95.4804,2025-04-24T07:21:00+00:00,2025-04-24T07:21:00+00:00,2,1,5.62,6.0,"https://worldview.earthdata.nasa.gov/?v=95.44040,16.35884,95.52040,16.39884&l=Reference_Labels_15m(hidden),DoS_International_Boundaries(hidden),Coastlines_15m,VIIRS_SNPP_Thermal_Anomalies_375m_All,OCI_PACE_True_Color(hidden),VIIRS_NOAA21_CorrectedReflectance_TrueColor(hidden),VIIRS_NOAA20_CorrectedReflectance_TrueColor(hidden),VIIRS_SNPP_CorrectedReflectance_TrueColor&lg=true&t=2025-04-24-T00%3A00%3A00Z",https://www.openstreetmap.org/?mlat=16.37884&mlon=95.48040#map=14/16.37884/95.48040,VIIRS_SNPP_SP,firms-snpp-2025-v1
RV1-0183,DeepaliSingh10,development_only,280_1524,2024-03,firms-c57c012886d24d49afae2a46,2024-03-25T07:27:00+00:00,14.01158,76.22542,2024-03-15T08:54:00+00:00,2024-03-25T07:27:00+00:00,2,2,1.9100000000000001,2.2,"https://worldview.earthdata.nasa.gov/?v=76.18542,13.99158,76.26542,14.03158&l=Reference_Labels_15m(hidden),DoS_International_Boundaries(hidden),Coastlines_15m,VIIRS_SNPP_Thermal_Anomalies_375m_All,OCI_PACE_True_Color(hidden),VIIRS_NOAA21_CorrectedReflectance_TrueColor(hidden),VIIRS_NOAA20_CorrectedReflectance_TrueColor(hidden),VIIRS_SNPP_CorrectedReflectance_TrueColor&lg=true&t=2024-03-25-T00%3A00%3A00Z",https://www.openstreetmap.org/?mlat=14.01158&mlon=76.22542#map=14/14.01158/76.22542,VIIRS_SNPP_SP,firms-snpp-2024-v1
RV1-0184,Somsubhra-Nandi,development_only,437_1543,2025-02,firms-997f9c2367b2c49eb0d60cea,2025-02-25T07:10:00+00:00,21.87197,77.15321,2025-02-21T08:25:00+00:00,2025-02-25T08:51:00+00:00,4,2,3.37,4.87,"https://worldview.earthdata.nasa.gov/?v=77.11321,21.85197,77.19321,21.89197&l=Reference_Labels_15m(hidden),DoS_International_Boundaries(hidden),Coastlines_15m,VIIRS_SNPP_Thermal_Anomalies_375m_All,OCI_PACE_True_Color(hidden),VIIRS_NOAA21_CorrectedReflectance_TrueColor(hidden),VIIRS_NOAA20_CorrectedReflectance_TrueColor(hidden),VIIRS_SNPP_CorrectedReflectance_TrueColor&lg=true&t=2025-02-25-T00%3A00%3A00Z",https://www.openstreetmap.org/?mlat=21.87197&mlon=77.15321#map=14/21.87197/77.15321,VIIRS_SNPP_SP,firms-snpp-2025-v1
RV1-0185,Subhra-Nandi,development_only,546_1689,2024-03,firms-75206d1c1121354ac7659908,2024-03-14T20:02:00+00:00,27.34639,84.49129,2024-03-12T06:33:00+00:00,2024-03-14T20:02:00+00:00,2,2,4.1000000000000005,7.23,"https://worldview.earthdata.nasa.gov/?v=84.45129,27.32639,84.53129,27.36639&l=Reference_Labels_15m(hidden),DoS_International_Boundaries(hidden),Coastlines_15m,VIIRS_SNPP_Thermal_Anomalies_375m_All,OCI_PACE_True_Color(hidden),VIIRS_NOAA21_CorrectedReflectance_TrueColor(hidden),VIIRS_NOAA20_CorrectedReflectance_TrueColor(hidden),VIIRS_SNPP_CorrectedReflectance_TrueColor&lg=true&t=2024-03-14-T00%3A00%3A00Z",https://www.openstreetmap.org/?mlat=27.34639&mlon=84.49129#map=14/27.34639/84.49129,VIIRS_SNPP_SP,firms-snpp-2024-v1
RV1-0186,mishhverse,development_only,523_1577,2024-02,firms-1cb44bffcb8012e2a77e42c3,2024-02-11T07:36:00+00:00,26.18613,78.8568,2024-02-11T07:36:00+00:00,2024-02-11T07:36:00+00:00,1,1,1.98,1.98,"https://worldview.earthdata.nasa.gov/?v=78.81680,26.16613,78.89680,26.20613&l=Reference_Labels_15m(hidden),DoS_International_Boundaries(hidden),Coastlines_15m,VIIRS_SNPP_Thermal_Anomalies_375m_All,OCI_PACE_True_Color(hidden),VIIRS_NOAA21_CorrectedReflectance_TrueColor(hidden),VIIRS_NOAA20_CorrectedReflectance_TrueColor(hidden),VIIRS_SNPP_CorrectedReflectance_TrueColor&lg=true&t=2024-02-11-T00%3A00%3A00Z",https://www.openstreetmap.org/?mlat=26.18613&mlon=78.85680#map=14/26.18613/78.85680,VIIRS_SNPP_SP,firms-snpp-2024-v1
RV1-0187,NuclearVenom,development_only,370_1660,2024-04,firms-fbbdbf4cb3c43bb05bb604f7,2024-04-09T07:46:00+00:00,18.50481,83.03762,2024-04-09T07:46:00+00:00,2024-04-09T07:46:00+00:00,2,1,2.27,3.5,"https://worldview.earthdata.nasa.gov/?v=82.99762,18.48481,83.07762,18.52481&l=Reference_Labels_15m(hidden),DoS_International_Boundaries(hidden),Coastlines_15m,VIIRS_SNPP_Thermal_Anomalies_375m_All,OCI_PACE_True_Color(hidden),VIIRS_NOAA21_CorrectedReflectance_TrueColor(hidden),VIIRS_NOAA20_CorrectedReflectance_TrueColor(hidden),VIIRS_SNPP_CorrectedReflectance_TrueColor&lg=true&t=2024-04-09-T00%3A00%3A00Z",https://www.openstreetmap.org/?mlat=18.50481&mlon=83.03762#map=14/18.50481/83.03762,VIIRS_SNPP_SP,firms-snpp-2024-v1
RV1-0188,rajeet-04,development_only,390_1595,2025-04,firms-0b8192cc34e745a27cc7274c,2025-04-14T07:09:00+00:00,19.50191,79.77464,2025-04-14T07:09:00+00:00,2025-04-14T07:09:00+00:00,1,1,2.11,2.11,"https://worldview.earthdata.nasa.gov/?v=79.73464,19.48191,79.81464,19.52191&l=Reference_Labels_15m(hidden),DoS_International_Boundaries(hidden),Coastlines_15m,VIIRS_SNPP_Thermal_Anomalies_375m_All,OCI_PACE_True_Color(hidden),VIIRS_NOAA21_CorrectedReflectance_TrueColor(hidden),VIIRS_NOAA20_CorrectedReflectance_TrueColor(hidden),VIIRS_SNPP_CorrectedReflectance_TrueColor&lg=true&t=2025-04-14-T00%3A00%3A00Z",https://www.openstreetmap.org/?mlat=19.50191&mlon=79.77464#map=14/19.50191/79.77464,VIIRS_SNPP_SP,firms-snpp-2025-v1
RV1-0189,DeepaliSingh10,development_only,421_1629,2025-04,firms-9357e059fdd2fb58c0850c66,2025-04-01T07:53:00+00:00,21.06444,81.49156,2025-04-01T07:53:00+00:00,2025-04-23T07:41:00+00:00,5,2,5.75,12.32,"https://worldview.earthdata.nasa.gov/?v=81.45156,21.04444,81.53156,21.08444&l=Reference_Labels_15m(hidden),DoS_International_Boundaries(hidden),Coastlines_15m,VIIRS_SNPP_Thermal_Anomalies_375m_All,OCI_PACE_True_Color(hidden),VIIRS_NOAA21_CorrectedReflectance_TrueColor(hidden),VIIRS_NOAA20_CorrectedReflectance_TrueColor(hidden),VIIRS_SNPP_CorrectedReflectance_TrueColor&lg=true&t=2025-04-01-T00%3A00%3A00Z",https://www.openstreetmap.org/?mlat=21.06444&mlon=81.49156#map=14/21.06444/81.49156,VIIRS_SNPP_SP,firms-snpp-2025-v1
RV1-0190,Somsubhra-Nandi,development_only,334_1626,2024-04,firms-5c449e03d27d181223f383e4,2024-04-08T08:05:00+00:00,16.7169,81.33364,2024-04-08T08:05:00+00:00,2024-04-08T08:05:00+00:00,1,1,4.37,4.37,"https://worldview.earthdata.nasa.gov/?v=81.29364,16.69690,81.37364,16.73690&l=Reference_Labels_15m(hidden),DoS_International_Boundaries(hidden),Coastlines_15m,VIIRS_SNPP_Thermal_Anomalies_375m_All,OCI_PACE_True_Color(hidden),VIIRS_NOAA21_CorrectedReflectance_TrueColor(hidden),VIIRS_NOAA20_CorrectedReflectance_TrueColor(hidden),VIIRS_SNPP_CorrectedReflectance_TrueColor&lg=true&t=2024-04-08-T00%3A00%3A00Z",https://www.openstreetmap.org/?mlat=16.71690&mlon=81.33364#map=14/16.71690/81.33364,VIIRS_SNPP_SP,firms-snpp-2024-v1
RV1-0191,Subhra-Nandi,development_only,335_1642,2024-02,firms-014dffb446e8389a659b9eb5,2024-02-17T19:52:00+00:00,16.75932,82.14785,2024-02-17T19:52:00+00:00,2024-02-17T19:52:00+00:00,1,1,0.91,0.91,"https://worldview.earthdata.nasa.gov/?v=82.10785,16.73932,82.18785,16.77932&l=Reference_Labels_15m(hidden),DoS_International_Boundaries(hidden),Coastlines_15m,VIIRS_SNPP_Thermal_Anomalies_375m_All,OCI_PACE_True_Color(hidden),VIIRS_NOAA21_CorrectedReflectance_TrueColor(hidden),VIIRS_NOAA20_CorrectedReflectance_TrueColor(hidden),VIIRS_SNPP_CorrectedReflectance_TrueColor&lg=true&t=2024-02-17-T00%3A00%3A00Z",https://www.openstreetmap.org/?mlat=16.75932&mlon=82.14785#map=14/16.75932/82.14785,VIIRS_SNPP_SP,firms-snpp-2024-v1
RV1-0192,mishhverse,development_only,453_1633,2025-04,firms-865bd3ccf08b6cf4fb006b41,2025-04-07T20:09:00+00:00,22.68758,81.6871,2025-04-06T20:28:00+00:00,2025-04-08T19:51:00+00:00,9,3,1.28,3.48,"https://worldview.earthdata.nasa.gov/?v=81.64710,22.66758,81.72710,22.70758&l=Reference_Labels_15m(hidden),DoS_International_Boundaries(hidden),Coastlines_15m,VIIRS_SNPP_Thermal_Anomalies_375m_All,OCI_PACE_True_Color(hidden),VIIRS_NOAA21_CorrectedReflectance_TrueColor(hidden),VIIRS_NOAA20_CorrectedReflectance_TrueColor(hidden),VIIRS_SNPP_CorrectedReflectance_TrueColor&lg=true&t=2025-04-07-T00%3A00%3A00Z",https://www.openstreetmap.org/?mlat=22.68758&mlon=81.68710#map=14/22.68758/81.68710,VIIRS_SNPP_SP,firms-snpp-2025-v1
RV1-0193,NuclearVenom,development_only,592_1492,2024-11,firms-09dcaa9ab82ab79c83db4d25,2024-11-24T07:55:00+00:00,29.60137,74.60692,2024-11-24T07:55:00+00:00,2024-11-24T07:55:00+00:00,1,1,46.89,46.89,"https://worldview.earthdata.nasa.gov/?v=74.56692,29.58137,74.64692,29.62137&l=Reference_Labels_15m(hidden),DoS_International_Boundaries(hidden),Coastlines_15m,VIIRS_SNPP_Thermal_Anomalies_375m_All,OCI_PACE_True_Color(hidden),VIIRS_NOAA21_CorrectedReflectance_TrueColor(hidden),VIIRS_NOAA20_CorrectedReflectance_TrueColor(hidden),VIIRS_SNPP_CorrectedReflectance_TrueColor&lg=true&t=2024-11-24-T00%3A00%3A00Z",https://www.openstreetmap.org/?mlat=29.60137&mlon=74.60692#map=14/29.60137/74.60692,VIIRS_SNPP_SP,firms-snpp-2024-v1
RV1-0194,rajeet-04,development_only,460_1422,2024-03,firms-79fb80a5a27d2b67a97b5399,2024-03-16T21:06:00+00:00,23.03676,71.13971,2024-03-16T21:06:00+00:00,2024-03-16T21:06:00+00:00,1,1,2.61,2.61,"https://worldview.earthdata.nasa.gov/?v=71.09971,23.01676,71.17971,23.05676&l=Reference_Labels_15m(hidden),DoS_International_Boundaries(hidden),Coastlines_15m,VIIRS_SNPP_Thermal_Anomalies_375m_All,OCI_PACE_True_Color(hidden),VIIRS_NOAA21_CorrectedReflectance_TrueColor(hidden),VIIRS_NOAA20_CorrectedReflectance_TrueColor(hidden),VIIRS_SNPP_CorrectedReflectance_TrueColor&lg=true&t=2024-03-16-T00%3A00%3A00Z",https://www.openstreetmap.org/?mlat=23.03676&mlon=71.13971#map=14/23.03676/71.13971,VIIRS_SNPP_SP,firms-snpp-2024-v1
RV1-0195,DeepaliSingh10,development_only,485_1948,2024-04,firms-4085872a9ddd391d2fc311cc,2024-04-15T18:22:00+00:00,24.25675,97.42719,2024-04-15T18:22:00+00:00,2024-04-15T18:22:00+00:00,1,1,1.43,1.43,"https://worldview.earthdata.nasa.gov/?v=97.38719,24.23675,97.46719,24.27675&l=Reference_Labels_15m(hidden),DoS_International_Boundaries(hidden),Coastlines_15m,VIIRS_SNPP_Thermal_Anomalies_375m_All,OCI_PACE_True_Color(hidden),VIIRS_NOAA21_CorrectedReflectance_TrueColor(hidden),VIIRS_NOAA20_CorrectedReflectance_TrueColor(hidden),VIIRS_SNPP_CorrectedReflectance_TrueColor&lg=true&t=2024-04-15-T00%3A00%3A00Z",https://www.openstreetmap.org/?mlat=24.25675&mlon=97.42719#map=14/24.25675/97.42719,VIIRS_SNPP_SP,firms-snpp-2024-v1
RV1-0196,Somsubhra-Nandi,development_only,469_1536,2024-03,firms-0dcbbe9a98cc172b216b820d,2024-03-28T08:13:00+00:00,23.4802,76.84323,2024-03-28T08:13:00+00:00,2024-03-28T08:13:00+00:00,1,1,22.62,22.62,"https://worldview.earthdata.nasa.gov/?v=76.80323,23.46020,76.88323,23.50020&l=Reference_Labels_15m(hidden),DoS_International_Boundaries(hidden),Coastlines_15m,VIIRS_SNPP_Thermal_Anomalies_375m_All,OCI_PACE_True_Color(hidden),VIIRS_NOAA21_CorrectedReflectance_TrueColor(hidden),VIIRS_NOAA20_CorrectedReflectance_TrueColor(hidden),VIIRS_SNPP_CorrectedReflectance_TrueColor&lg=true&t=2024-03-28-T00%3A00%3A00Z",https://www.openstreetmap.org/?mlat=23.48020&mlon=76.84323#map=14/23.48020/76.84323,VIIRS_SNPP_SP,firms-snpp-2024-v1
RV1-0197,Subhra-Nandi,development_only,305_1549,2024-04,firms-79f1055b739916f88615f4fa,2024-04-29T08:11:00+00:00,15.28071,77.48295,2024-04-29T08:11:00+00:00,2024-04-29T08:11:00+00:00,2,1,7.65,7.88,"https://worldview.earthdata.nasa.gov/?v=77.44295,15.26071,77.52295,15.30071&l=Reference_Labels_15m(hidden),DoS_International_Boundaries(hidden),Coastlines_15m,VIIRS_SNPP_Thermal_Anomalies_375m_All,OCI_PACE_True_Color(hidden),VIIRS_NOAA21_CorrectedReflectance_TrueColor(hidden),VIIRS_NOAA20_CorrectedReflectance_TrueColor(hidden),VIIRS_SNPP_CorrectedReflectance_TrueColor&lg=true&t=2024-04-29-T00%3A00%3A00Z",https://www.openstreetmap.org/?mlat=15.28071&mlon=77.48295#map=14/15.28071/77.48295,VIIRS_SNPP_SP,firms-snpp-2024-v1
RV1-0198,mishhverse,development_only,501_1680,2025-04,firms-27bba34af5de28f45549eea2,2025-04-24T19:50:00+00:00,25.06953,84.00768,2025-04-07T07:42:00+00:00,2025-04-30T07:11:00+00:00,37,9,5.05,93.73,"https://worldview.earthdata.nasa.gov/?v=83.96768,25.04953,84.04768,25.08953&l=Reference_Labels_15m(hidden),DoS_International_Boundaries(hidden),Coastlines_15m,VIIRS_SNPP_Thermal_Anomalies_375m_All,OCI_PACE_True_Color(hidden),VIIRS_NOAA21_CorrectedReflectance_TrueColor(hidden),VIIRS_NOAA20_CorrectedReflectance_TrueColor(hidden),VIIRS_SNPP_CorrectedReflectance_TrueColor&lg=true&t=2025-04-24-T00%3A00%3A00Z",https://www.openstreetmap.org/?mlat=25.06953&mlon=84.00768#map=14/25.06953/84.00768,VIIRS_SNPP_SP,firms-snpp-2025-v1
RV1-0199,NuclearVenom,development_only,339_1577,2025-02,firms-65595ab3c6ee842898799626,2025-02-10T08:30:00+00:00,16.97917,78.85576,2025-02-10T08:30:00+00:00,2025-02-10T08:30:00+00:00,3,1,8.04,10.81,"https://worldview.earthdata.nasa.gov/?v=78.81576,16.95917,78.89576,16.99917&l=Reference_Labels_15m(hidden),DoS_International_Boundaries(hidden),Coastlines_15m,VIIRS_SNPP_Thermal_Anomalies_375m_All,OCI_PACE_True_Color(hidden),VIIRS_NOAA21_CorrectedReflectance_TrueColor(hidden),VIIRS_NOAA20_CorrectedReflectance_TrueColor(hidden),VIIRS_SNPP_CorrectedReflectance_TrueColor&lg=true&t=2025-02-10-T00%3A00%3A00Z",https://www.openstreetmap.org/?mlat=16.97917&mlon=78.85576#map=14/16.97917/78.85576,VIIRS_SNPP_SP,firms-snpp-2025-v1
RV1-0200,rajeet-04,development_only,478_1675,2025-04,firms-543505f0b09c1bd30d93ecda,2025-04-01T07:54:00+00:00,23.91054,83.79571,2025-04-01T07:54:00+00:00,2025-04-01T07:54:00+00:00,1,1,5.26,5.26,"https://worldview.earthdata.nasa.gov/?v=83.75571,23.89054,83.83571,23.93054&l=Reference_Labels_15m(hidden),DoS_International_Boundaries(hidden),Coastlines_15m,VIIRS_SNPP_Thermal_Anomalies_375m_All,OCI_PACE_True_Color(hidden),VIIRS_NOAA21_CorrectedReflectance_TrueColor(hidden),VIIRS_NOAA20_CorrectedReflectance_TrueColor(hidden),VIIRS_SNPP_CorrectedReflectance_TrueColor&lg=true&t=2025-04-01-T00%3A00%3A00Z",https://www.openstreetmap.org/?mlat=23.91054&mlon=83.79571#map=14/23.91054/83.79571,VIIRS_SNPP_SP,firms-snpp-2025-v1
RV1-0201,DeepaliSingh10,development_only,402_1686,2025-03,firms-daeda5a6c309d66ae3e1b4c7,2025-03-28T19:57:00+00:00,20.12274,84.32673,2025-03-17T20:04:00+00:00,2025-03-28T19:57:00+00:00,2,2,0.9650000000000001,1.31,"https://worldview.earthdata.nasa.gov/?v=84.28673,20.10274,84.36673,20.14274&l=Reference_Labels_15m(hidden),DoS_International_Boundaries(hidden),Coastlines_15m,VIIRS_SNPP_Thermal_Anomalies_375m_All,OCI_PACE_True_Color(hidden),VIIRS_NOAA21_CorrectedReflectance_TrueColor(hidden),VIIRS_NOAA20_CorrectedReflectance_TrueColor(hidden),VIIRS_SNPP_CorrectedReflectance_TrueColor&lg=true&t=2025-03-28-T00%3A00%3A00Z",https://www.openstreetmap.org/?mlat=20.12274&mlon=84.32673#map=14/20.12274/84.32673,VIIRS_SNPP_SP,firms-snpp-2025-v1
RV1-0202,Somsubhra-Nandi,development_only,429_1670,2024-01,firms-4de09b2de58464247111f0fd,2024-01-11T07:16:00+00:00,21.49251,83.53901,2024-01-11T07:16:00+00:00,2024-01-11T07:16:00+00:00,1,1,2.91,2.91,"https://worldview.earthdata.nasa.gov/?v=83.49901,21.47251,83.57901,21.51251&l=Reference_Labels_15m(hidden),DoS_International_Boundaries(hidden),Coastlines_15m,VIIRS_SNPP_Thermal_Anomalies_375m_All,OCI_PACE_True_Color(hidden),VIIRS_NOAA21_CorrectedReflectance_TrueColor(hidden),VIIRS_NOAA20_CorrectedReflectance_TrueColor(hidden),VIIRS_SNPP_CorrectedReflectance_TrueColor&lg=true&t=2024-01-11-T00%3A00%3A00Z",https://www.openstreetmap.org/?mlat=21.49251&mlon=83.53901#map=14/21.49251/83.53901,VIIRS_SNPP_SP,firms-snpp-2024-v1
RV1-0203,Subhra-Nandi,development_only,403_1710,2024-01,firms-52dcd03de27176cae906c114,2024-01-10T07:34:00+00:00,20.19428,85.50134,2024-01-10T07:34:00+00:00,2024-01-10T07:34:00+00:00,1,1,3.97,3.97,"https://worldview.earthdata.nasa.gov/?v=85.46134,20.17428,85.54134,20.21428&l=Reference_Labels_15m(hidden),DoS_International_Boundaries(hidden),Coastlines_15m,VIIRS_SNPP_Thermal_Anomalies_375m_All,OCI_PACE_True_Color(hidden),VIIRS_NOAA21_CorrectedReflectance_TrueColor(hidden),VIIRS_NOAA20_CorrectedReflectance_TrueColor(hidden),VIIRS_SNPP_CorrectedReflectance_TrueColor&lg=true&t=2024-01-10-T00%3A00%3A00Z",https://www.openstreetmap.org/?mlat=20.19428&mlon=85.50134#map=14/20.19428/85.50134,VIIRS_SNPP_SP,firms-snpp-2024-v1
RV1-0204,mishhverse,development_only,412_1945,2024-04,firms-ff98d117f7babb34c8a3659d,2024-04-08T06:25:00+00:00,20.64856,97.27409,2024-04-05T07:21:00+00:00,2024-04-21T07:21:00+00:00,6,4,10.01,13.16,"https://worldview.earthdata.nasa.gov/?v=97.23409,20.62856,97.31409,20.66856&l=Reference_Labels_15m(hidden),DoS_International_Boundaries(hidden),Coastlines_15m,VIIRS_SNPP_Thermal_Anomalies_375m_All,OCI_PACE_True_Color(hidden),VIIRS_NOAA21_CorrectedReflectance_TrueColor(hidden),VIIRS_NOAA20_CorrectedReflectance_TrueColor(hidden),VIIRS_SNPP_CorrectedReflectance_TrueColor&lg=true&t=2024-04-08-T00%3A00%3A00Z",https://www.openstreetmap.org/?mlat=20.64856&mlon=97.27409#map=14/20.64856/97.27409,VIIRS_SNPP_SP,firms-snpp-2024-v1
RV1-0205,NuclearVenom,development_only,397_1677,2025-04,firms-eb9f16c80425717a2aa5a404,2025-04-23T07:41:00+00:00,19.89684,83.87772,2025-04-07T07:40:00+00:00,2025-04-25T07:03:00+00:00,10,5,7.44,17.41,"https://worldview.earthdata.nasa.gov/?v=83.83772,19.87684,83.91772,19.91684&l=Reference_Labels_15m(hidden),DoS_International_Boundaries(hidden),Coastlines_15m,VIIRS_SNPP_Thermal_Anomalies_375m_All,OCI_PACE_True_Color(hidden),VIIRS_NOAA21_CorrectedReflectance_TrueColor(hidden),VIIRS_NOAA20_CorrectedReflectance_TrueColor(hidden),VIIRS_SNPP_CorrectedReflectance_TrueColor&lg=true&t=2025-04-23-T00%3A00%3A00Z",https://www.openstreetmap.org/?mlat=19.89684&mlon=83.87772#map=14/19.89684/83.87772,VIIRS_SNPP_SP,firms-snpp-2025-v1
RV1-0206,rajeet-04,development_only,488_1648,2025-04,firms-0d44c12a10e26263d2fe53df,2025-04-07T07:42:00+00:00,24.40908,82.40658,2025-04-05T06:39:00+00:00,2025-04-24T19:51:00+00:00,5,4,3.99,9.6,"https://worldview.earthdata.nasa.gov/?v=82.36658,24.38908,82.44658,24.42908&l=Reference_Labels_15m(hidden),DoS_International_Boundaries(hidden),Coastlines_15m,VIIRS_SNPP_Thermal_Anomalies_375m_All,OCI_PACE_True_Color(hidden),VIIRS_NOAA21_CorrectedReflectance_TrueColor(hidden),VIIRS_NOAA20_CorrectedReflectance_TrueColor(hidden),VIIRS_SNPP_CorrectedReflectance_TrueColor&lg=true&t=2025-04-07-T00%3A00%3A00Z",https://www.openstreetmap.org/?mlat=24.40908&mlon=82.40658#map=14/24.40908/82.40658,VIIRS_SNPP_SP,firms-snpp-2025-v1
RV1-0207,DeepaliSingh10,development_only,442_1891,2024-04,firms-cb0b8929b0a0f35bcf96d155,2024-04-04T07:41:00+00:00,22.10972,94.55123,2024-04-01T06:57:00+00:00,2024-04-16T07:16:00+00:00,4,4,2.57,10.03,"https://worldview.earthdata.nasa.gov/?v=94.51123,22.08972,94.59123,22.12972&l=Reference_Labels_15m(hidden),DoS_International_Boundaries(hidden),Coastlines_15m,VIIRS_SNPP_Thermal_Anomalies_375m_All,OCI_PACE_True_Color(hidden),VIIRS_NOAA21_CorrectedReflectance_TrueColor(hidden),VIIRS_NOAA20_CorrectedReflectance_TrueColor(hidden),VIIRS_SNPP_CorrectedReflectance_TrueColor&lg=true&t=2024-04-04-T00%3A00%3A00Z",https://www.openstreetmap.org/?mlat=22.10972&mlon=94.55123#map=14/22.10972/94.55123,VIIRS_SNPP_SP,firms-snpp-2024-v1
RV1-0208,Somsubhra-Nandi,development_only,474_1494,2025-04,firms-5ee5c2ba99d6f7ec3d5cff1b,2025-04-20T21:06:00+00:00,23.71185,74.72963,2025-04-09T21:12:00+00:00,2025-04-20T21:06:00+00:00,2,2,2.13,2.94,"https://worldview.earthdata.nasa.gov/?v=74.68963,23.69185,74.76963,23.73185&l=Reference_Labels_15m(hidden),DoS_International_Boundaries(hidden),Coastlines_15m,VIIRS_SNPP_Thermal_Anomalies_375m_All,OCI_PACE_True_Color(hidden),VIIRS_NOAA21_CorrectedReflectance_TrueColor(hidden),VIIRS_NOAA20_CorrectedReflectance_TrueColor(hidden),VIIRS_SNPP_CorrectedReflectance_TrueColor&lg=true&t=2025-04-20-T00%3A00%3A00Z",https://www.openstreetmap.org/?mlat=23.71185&mlon=74.72963#map=14/23.71185/74.72963,VIIRS_SNPP_SP,firms-snpp-2025-v1
RV1-0209,Subhra-Nandi,development_only,494_1912,2025-03,firms-60ee66bf3f098464265f2b93,2025-03-29T07:09:00+00:00,24.72651,95.64161,2025-03-25T06:44:00+00:00,2025-03-30T19:18:00+00:00,5,3,2.47,5.16,"https://worldview.earthdata.nasa.gov/?v=95.60161,24.70651,95.68161,24.74651&l=Reference_Labels_15m(hidden),DoS_International_Boundaries(hidden),Coastlines_15m,VIIRS_SNPP_Thermal_Anomalies_375m_All,OCI_PACE_True_Color(hidden),VIIRS_NOAA21_CorrectedReflectance_TrueColor(hidden),VIIRS_NOAA20_CorrectedReflectance_TrueColor(hidden),VIIRS_SNPP_CorrectedReflectance_TrueColor&lg=true&t=2025-03-29-T00%3A00%3A00Z",https://www.openstreetmap.org/?mlat=24.72651&mlon=95.64161#map=14/24.72651/95.64161,VIIRS_SNPP_SP,firms-snpp-2025-v1
RV1-0210,mishhverse,development_only,332_1920,2024-01,firms-355b8846153ec0d84dc65db8,2024-01-07T06:49:00+00:00,16.64278,96.03798,2024-01-07T06:49:00+00:00,2024-01-07T06:49:00+00:00,1,1,2.65,2.65,"https://worldview.earthdata.nasa.gov/?v=95.99798,16.62278,96.07798,16.66278&l=Reference_Labels_15m(hidden),DoS_International_Boundaries(hidden),Coastlines_15m,VIIRS_SNPP_Thermal_Anomalies_375m_All,OCI_PACE_True_Color(hidden),VIIRS_NOAA21_CorrectedReflectance_TrueColor(hidden),VIIRS_NOAA20_CorrectedReflectance_TrueColor(hidden),VIIRS_SNPP_CorrectedReflectance_TrueColor&lg=true&t=2024-01-07-T00%3A00%3A00Z",https://www.openstreetmap.org/?mlat=16.64278&mlon=96.03798#map=14/16.64278/96.03798,VIIRS_SNPP_SP,firms-snpp-2024-v1
RV1-0211,NuclearVenom,development_only,630_1529,2024-06,firms-25883be2ed9b4dc289accbc2,2024-06-15T20:57:00+00:00,31.52489,76.45271,2024-06-11T08:08:00+00:00,2024-06-23T20:06:00+00:00,12,4,1.47,12.94,"https://worldview.earthdata.nasa.gov/?v=76.41271,31.50489,76.49271,31.54489&l=Reference_Labels_15m(hidden),DoS_International_Boundaries(hidden),Coastlines_15m,VIIRS_SNPP_Thermal_Anomalies_375m_All,OCI_PACE_True_Color(hidden),VIIRS_NOAA21_CorrectedReflectance_TrueColor(hidden),VIIRS_NOAA20_CorrectedReflectance_TrueColor(hidden),VIIRS_SNPP_CorrectedReflectance_TrueColor&lg=true&t=2024-06-15-T00%3A00%3A00Z",https://www.openstreetmap.org/?mlat=31.52489&mlon=76.45271#map=14/31.52489/76.45271,VIIRS_SNPP_SP,firms-snpp-2024-v1
RV1-0212,rajeet-04,development_only,185_1556,2024-04,firms-5983b1df2c4d98427dbad7a5,2024-04-06T08:41:00+00:00,9.25041,77.84735,2024-04-06T08:41:00+00:00,2024-04-06T08:41:00+00:00,2,1,9.36,12.81,"https://worldview.earthdata.nasa.gov/?v=77.80735,9.23041,77.88735,9.27041&l=Reference_Labels_15m(hidden),DoS_International_Boundaries(hidden),Coastlines_15m,VIIRS_SNPP_Thermal_Anomalies_375m_All,OCI_PACE_True_Color(hidden),VIIRS_NOAA21_CorrectedReflectance_TrueColor(hidden),VIIRS_NOAA20_CorrectedReflectance_TrueColor(hidden),VIIRS_SNPP_CorrectedReflectance_TrueColor&lg=true&t=2024-04-06-T00%3A00%3A00Z",https://www.openstreetmap.org/?mlat=9.25041&mlon=77.84735#map=14/9.25041/77.84735,VIIRS_SNPP_SP,firms-snpp-2024-v1
RV1-0213,DeepaliSingh10,development_only,555_1625,2025-05,firms-14071139b81d6b2055d86127,2025-05-13T08:09:00+00:00,27.75317,81.26797,2025-05-13T08:09:00+00:00,2025-05-13T08:09:00+00:00,1,1,4.55,4.55,"https://worldview.earthdata.nasa.gov/?v=81.22797,27.73317,81.30797,27.77317&l=Reference_Labels_15m(hidden),DoS_International_Boundaries(hidden),Coastlines_15m,VIIRS_SNPP_Thermal_Anomalies_375m_All,OCI_PACE_True_Color(hidden),VIIRS_NOAA21_CorrectedReflectance_TrueColor(hidden),VIIRS_NOAA20_CorrectedReflectance_TrueColor(hidden),VIIRS_SNPP_CorrectedReflectance_TrueColor&lg=true&t=2025-05-13-T00%3A00%3A00Z",https://www.openstreetmap.org/?mlat=27.75317&mlon=81.26797#map=14/27.75317/81.26797,VIIRS_SNPP_SP,firms-snpp-2025-v1
RV1-0214,Somsubhra-Nandi,development_only,440_1615,2024-05,firms-333953fa5ffa1fcb8878bfe7,2024-05-05T08:00:00+00:00,22.04426,80.78407,2024-05-05T08:00:00+00:00,2024-05-05T08:00:00+00:00,1,1,6.28,6.28,"https://worldview.earthdata.nasa.gov/?v=80.74407,22.02426,80.82407,22.06426&l=Reference_Labels_15m(hidden),DoS_International_Boundaries(hidden),Coastlines_15m,VIIRS_SNPP_Thermal_Anomalies_375m_All,OCI_PACE_True_Color(hidden),VIIRS_NOAA21_CorrectedReflectance_TrueColor(hidden),VIIRS_NOAA20_CorrectedReflectance_TrueColor(hidden),VIIRS_SNPP_CorrectedReflectance_TrueColor&lg=true&t=2024-05-05-T00%3A00%3A00Z",https://www.openstreetmap.org/?mlat=22.04426&mlon=80.78407#map=14/22.04426/80.78407,VIIRS_SNPP_SP,firms-snpp-2024-v1
RV1-0215,Subhra-Nandi,development_only,532_1927,2025-04,firms-23684d9c7a1f6277025124b3,2025-04-05T06:39:00+00:00,26.64821,96.3932,2025-04-01T06:14:00+00:00,2025-04-30T07:11:00+00:00,5,3,18.51,29.01,"https://worldview.earthdata.nasa.gov/?v=96.35320,26.62821,96.43320,26.66821&l=Reference_Labels_15m(hidden),DoS_International_Boundaries(hidden),Coastlines_15m,VIIRS_SNPP_Thermal_Anomalies_375m_All,OCI_PACE_True_Color(hidden),VIIRS_NOAA21_CorrectedReflectance_TrueColor(hidden),VIIRS_NOAA20_CorrectedReflectance_TrueColor(hidden),VIIRS_SNPP_CorrectedReflectance_TrueColor&lg=true&t=2025-04-05-T00%3A00%3A00Z",https://www.openstreetmap.org/?mlat=26.64821&mlon=96.39320#map=14/26.64821/96.39320,VIIRS_SNPP_SP,firms-snpp-2025-v1
RV1-0216,mishhverse,development_only,556_1638,2024-05,firms-7e062dcd77192463cd2067bb,2024-05-05T20:27:00+00:00,27.80082,81.90071,2024-05-05T20:27:00+00:00,2024-05-05T20:27:00+00:00,1,1,1.54,1.54,"https://worldview.earthdata.nasa.gov/?v=81.86071,27.78082,81.94071,27.82082&l=Reference_Labels_15m(hidden),DoS_International_Boundaries(hidden),Coastlines_15m,VIIRS_SNPP_Thermal_Anomalies_375m_All,OCI_PACE_True_Color(hidden),VIIRS_NOAA21_CorrectedReflectance_TrueColor(hidden),VIIRS_NOAA20_CorrectedReflectance_TrueColor(hidden),VIIRS_SNPP_CorrectedReflectance_TrueColor&lg=true&t=2024-05-05-T00%3A00%3A00Z",https://www.openstreetmap.org/?mlat=27.80082&mlon=81.90071#map=14/27.80082/81.90071,VIIRS_SNPP_SP,firms-snpp-2024-v1
RV1-0217,NuclearVenom,development_only,307_1532,2024-12,firms-dd07d6a5385fa3f6f50eb9be,2024-12-14T08:17:00+00:00,15.37976,76.63068,2024-12-10T07:51:00+00:00,2024-12-20T08:04:00+00:00,10,4,3.03,15.01,"https://worldview.earthdata.nasa.gov/?v=76.59068,15.35976,76.67068,15.39976&l=Reference_Labels_15m(hidden),DoS_International_Boundaries(hidden),Coastlines_15m,VIIRS_SNPP_Thermal_Anomalies_375m_All,OCI_PACE_True_Color(hidden),VIIRS_NOAA21_CorrectedReflectance_TrueColor(hidden),VIIRS_NOAA20_CorrectedReflectance_TrueColor(hidden),VIIRS_SNPP_CorrectedReflectance_TrueColor&lg=true&t=2024-12-14-T00%3A00%3A00Z",https://www.openstreetmap.org/?mlat=15.37976&mlon=76.63068#map=14/15.37976/76.63068,VIIRS_SNPP_SP,firms-snpp-2024-v1
RV1-0218,rajeet-04,development_only,664_1515,2024-12,firms-38d44b9368afb385295a9274,2024-12-17T07:25:00+00:00,33.2368,75.76668,2024-12-17T07:25:00+00:00,2024-12-17T07:25:00+00:00,1,1,8.24,8.24,"https://worldview.earthdata.nasa.gov/?v=75.72668,33.21680,75.80668,33.25680&l=Reference_Labels_15m(hidden),DoS_International_Boundaries(hidden),Coastlines_15m,VIIRS_SNPP_Thermal_Anomalies_375m_All,OCI_PACE_True_Color(hidden),VIIRS_NOAA21_CorrectedReflectance_TrueColor(hidden),VIIRS_NOAA20_CorrectedReflectance_TrueColor(hidden),VIIRS_SNPP_CorrectedReflectance_TrueColor&lg=true&t=2024-12-17-T00%3A00%3A00Z",https://www.openstreetmap.org/?mlat=33.23680&mlon=75.76668#map=14/33.23680/75.76668,VIIRS_SNPP_SP,firms-snpp-2024-v1
RV1-0219,DeepaliSingh10,development_only,475_1675,2024-04,firms-f7658f27460ec8119c809d93,2024-04-19T08:00:00+00:00,23.76325,83.79765,2024-04-19T08:00:00+00:00,2024-04-19T08:00:00+00:00,1,1,3.63,3.63,"https://worldview.earthdata.nasa.gov/?v=83.75765,23.74325,83.83765,23.78325&l=Reference_Labels_15m(hidden),DoS_International_Boundaries(hidden),Coastlines_15m,VIIRS_SNPP_Thermal_Anomalies_375m_All,OCI_PACE_True_Color(hidden),VIIRS_NOAA21_CorrectedReflectance_TrueColor(hidden),VIIRS_NOAA20_CorrectedReflectance_TrueColor(hidden),VIIRS_SNPP_CorrectedReflectance_TrueColor&lg=true&t=2024-04-19-T00%3A00%3A00Z",https://www.openstreetmap.org/?mlat=23.76325&mlon=83.79765#map=14/23.76325/83.79765,VIIRS_SNPP_SP,firms-snpp-2024-v1
RV1-0220,Somsubhra-Nandi,development_only,456_1652,2024-05,firms-26cfde73bda5a2717108ebac,2024-05-05T08:00:00+00:00,22.83052,82.646,2024-05-05T08:00:00+00:00,2024-05-05T08:00:00+00:00,1,1,3.81,3.81,"https://worldview.earthdata.nasa.gov/?v=82.60600,22.81052,82.68600,22.85052&l=Reference_Labels_15m(hidden),DoS_International_Boundaries(hidden),Coastlines_15m,VIIRS_SNPP_Thermal_Anomalies_375m_All,OCI_PACE_True_Color(hidden),VIIRS_NOAA21_CorrectedReflectance_TrueColor(hidden),VIIRS_NOAA20_CorrectedReflectance_TrueColor(hidden),VIIRS_SNPP_CorrectedReflectance_TrueColor&lg=true&t=2024-05-05-T00%3A00%3A00Z",https://www.openstreetmap.org/?mlat=22.83052&mlon=82.64600#map=14/22.83052/82.64600,VIIRS_SNPP_SP,firms-snpp-2024-v1
RV1-0221,Subhra-Nandi,development_only,374_1887,2025-03,firms-bba14d063d56d30b1132b948,2025-03-11T06:06:00+00:00,18.70656,94.37789,2025-03-11T06:06:00+00:00,2025-03-11T06:06:00+00:00,2,1,4.99,5.43,"https://worldview.earthdata.nasa.gov/?v=94.33789,18.68656,94.41789,18.72656&l=Reference_Labels_15m(hidden),DoS_International_Boundaries(hidden),Coastlines_15m,VIIRS_SNPP_Thermal_Anomalies_375m_All,OCI_PACE_True_Color(hidden),VIIRS_NOAA21_CorrectedReflectance_TrueColor(hidden),VIIRS_NOAA20_CorrectedReflectance_TrueColor(hidden),VIIRS_SNPP_CorrectedReflectance_TrueColor&lg=true&t=2025-03-11-T00%3A00%3A00Z",https://www.openstreetmap.org/?mlat=18.70656&mlon=94.37789#map=14/18.70656/94.37789,VIIRS_SNPP_SP,firms-snpp-2025-v1
RV1-0222,mishhverse,development_only,313_1535,2024-04,firms-a601de1d5621ce344f2e49b2,2024-04-04T07:40:00+00:00,15.66708,76.79116,2024-04-04T07:40:00+00:00,2024-04-04T07:40:00+00:00,1,1,6.85,6.85,"https://worldview.earthdata.nasa.gov/?v=76.75116,15.64708,76.83116,15.68708&l=Reference_Labels_15m(hidden),DoS_International_Boundaries(hidden),Coastlines_15m,VIIRS_SNPP_Thermal_Anomalies_375m_All,OCI_PACE_True_Color(hidden),VIIRS_NOAA21_CorrectedReflectance_TrueColor(hidden),VIIRS_NOAA20_CorrectedReflectance_TrueColor(hidden),VIIRS_SNPP_CorrectedReflectance_TrueColor&lg=true&t=2024-04-04-T00%3A00%3A00Z",https://www.openstreetmap.org/?mlat=15.66708&mlon=76.79116#map=14/15.66708/76.79116,VIIRS_SNPP_SP,firms-snpp-2024-v1
RV1-0223,NuclearVenom,development_only,195_1565,2025-02,firms-3552d93698846c7f50f96da9,2025-02-15T08:35:00+00:00,9.78837,78.25819,2025-02-15T08:35:00+00:00,2025-02-15T08:35:00+00:00,2,1,4.58,4.58,"https://worldview.earthdata.nasa.gov/?v=78.21819,9.76837,78.29819,9.80837&l=Reference_Labels_15m(hidden),DoS_International_Boundaries(hidden),Coastlines_15m,VIIRS_SNPP_Thermal_Anomalies_375m_All,OCI_PACE_True_Color(hidden),VIIRS_NOAA21_CorrectedReflectance_TrueColor(hidden),VIIRS_NOAA20_CorrectedReflectance_TrueColor(hidden),VIIRS_SNPP_CorrectedReflectance_TrueColor&lg=true&t=2025-02-15-T00%3A00%3A00Z",https://www.openstreetmap.org/?mlat=9.78837&mlon=78.25819#map=14/9.78837/78.25819,VIIRS_SNPP_SP,firms-snpp-2025-v1
RV1-0224,rajeet-04,development_only,404_1728,2025-03,firms-7369083adac0c60991890dcb,2025-03-12T07:28:00+00:00,20.22475,86.40369,2025-03-01T07:34:00+00:00,2025-03-18T07:15:00+00:00,6,4,6.275,11.18,"https://worldview.earthdata.nasa.gov/?v=86.36369,20.20475,86.44369,20.24475&l=Reference_Labels_15m(hidden),DoS_International_Boundaries(hidden),Coastlines_15m,VIIRS_SNPP_Thermal_Anomalies_375m_All,OCI_PACE_True_Color(hidden),VIIRS_NOAA21_CorrectedReflectance_TrueColor(hidden),VIIRS_NOAA20_CorrectedReflectance_TrueColor(hidden),VIIRS_SNPP_CorrectedReflectance_TrueColor&lg=true&t=2025-03-12-T00%3A00%3A00Z",https://www.openstreetmap.org/?mlat=20.22475&mlon=86.40369#map=14/20.22475/86.40369,VIIRS_SNPP_SP,firms-snpp-2025-v1
RV1-0225,DeepaliSingh10,development_only,353_1648,2024-04,firms-096bd4658bc6f6b5824b935e,2024-04-15T07:34:00+00:00,17.69879,82.40325,2024-04-09T20:17:00+00:00,2024-04-15T07:34:00+00:00,3,2,1.53,3.21,"https://worldview.earthdata.nasa.gov/?v=82.36325,17.67879,82.44325,17.71879&l=Reference_Labels_15m(hidden),DoS_International_Boundaries(hidden),Coastlines_15m,VIIRS_SNPP_Thermal_Anomalies_375m_All,OCI_PACE_True_Color(hidden),VIIRS_NOAA21_CorrectedReflectance_TrueColor(hidden),VIIRS_NOAA20_CorrectedReflectance_TrueColor(hidden),VIIRS_SNPP_CorrectedReflectance_TrueColor&lg=true&t=2024-04-15-T00%3A00%3A00Z",https://www.openstreetmap.org/?mlat=17.69879&mlon=82.40325#map=14/17.69879/82.40325,VIIRS_SNPP_SP,firms-snpp-2024-v1
RV1-0226,Somsubhra-Nandi,development_only,480_1870,2025-04,firms-0bde79bdbb26e9a70d0a9f00,2025-04-02T07:35:00+00:00,24.03826,93.5192,2025-04-01T06:13:00+00:00,2025-04-02T07:35:00+00:00,4,2,3.45,6.58,"https://worldview.earthdata.nasa.gov/?v=93.47920,24.01826,93.55920,24.05826&l=Reference_Labels_15m(hidden),DoS_International_Boundaries(hidden),Coastlines_15m,VIIRS_SNPP_Thermal_Anomalies_375m_All,OCI_PACE_True_Color(hidden),VIIRS_NOAA21_CorrectedReflectance_TrueColor(hidden),VIIRS_NOAA20_CorrectedReflectance_TrueColor(hidden),VIIRS_SNPP_CorrectedReflectance_TrueColor&lg=true&t=2025-04-02-T00%3A00%3A00Z",https://www.openstreetmap.org/?mlat=24.03826&mlon=93.51920#map=14/24.03826/93.51920,VIIRS_SNPP_SP,firms-snpp-2025-v1
RV1-0227,Subhra-Nandi,development_only,527_1839,2025-04,firms-e4e2371110e8afd8db2fa67f,2025-04-19T07:17:00+00:00,26.35516,91.99278,2025-04-08T07:23:00+00:00,2025-04-19T07:17:00+00:00,2,2,2.425,2.49,"https://worldview.earthdata.nasa.gov/?v=91.95278,26.33516,92.03278,26.37516&l=Reference_Labels_15m(hidden),DoS_International_Boundaries(hidden),Coastlines_15m,VIIRS_SNPP_Thermal_Anomalies_375m_All,OCI_PACE_True_Color(hidden),VIIRS_NOAA21_CorrectedReflectance_TrueColor(hidden),VIIRS_NOAA20_CorrectedReflectance_TrueColor(hidden),VIIRS_SNPP_CorrectedReflectance_TrueColor&lg=true&t=2025-04-19-T00%3A00%3A00Z",https://www.openstreetmap.org/?mlat=26.35516&mlon=91.99278#map=14/26.35516/91.99278,VIIRS_SNPP_SP,firms-snpp-2025-v1
RV1-0228,mishhverse,development_only,370_1466,2024-03,firms-97aa931688bc6d2852ead9e7,2024-03-23T20:36:00+00:00,18.53635,73.34531,2024-03-12T08:12:00+00:00,2024-03-26T21:20:00+00:00,4,3,1.03,28.53,"https://worldview.earthdata.nasa.gov/?v=73.30531,18.51635,73.38531,18.55635&l=Reference_Labels_15m(hidden),DoS_International_Boundaries(hidden),Coastlines_15m,VIIRS_SNPP_Thermal_Anomalies_375m_All,OCI_PACE_True_Color(hidden),VIIRS_NOAA21_CorrectedReflectance_TrueColor(hidden),VIIRS_NOAA20_CorrectedReflectance_TrueColor(hidden),VIIRS_SNPP_CorrectedReflectance_TrueColor&lg=true&t=2024-03-23-T00%3A00%3A00Z",https://www.openstreetmap.org/?mlat=18.53635&mlon=73.34531#map=14/18.53635/73.34531,VIIRS_SNPP_SP,firms-snpp-2024-v1
RV1-0229,NuclearVenom,development_only,163_1550,2025-02,firms-a4595e3508b108cf303ec72b,2025-02-10T08:28:00+00:00,8.19925,77.51756,2025-02-10T08:28:00+00:00,2025-02-10T08:28:00+00:00,1,1,3.07,3.07,"https://worldview.earthdata.nasa.gov/?v=77.47756,8.17925,77.55756,8.21925&l=Reference_Labels_15m(hidden),DoS_International_Boundaries(hidden),Coastlines_15m,VIIRS_SNPP_Thermal_Anomalies_375m_All,OCI_PACE_True_Color(hidden),VIIRS_NOAA21_CorrectedReflectance_TrueColor(hidden),VIIRS_NOAA20_CorrectedReflectance_TrueColor(hidden),VIIRS_SNPP_CorrectedReflectance_TrueColor&lg=true&t=2025-02-10-T00%3A00%3A00Z",https://www.openstreetmap.org/?mlat=8.19925&mlon=77.51756#map=14/8.19925/77.51756,VIIRS_SNPP_SP,firms-snpp-2025-v1
RV1-0230,rajeet-04,development_only,447_1444,2024-02,firms-73e4d0bd5ca8ee9ca7ac5982,2024-02-25T08:13:00+00:00,22.39169,72.23889,2024-02-25T08:13:00+00:00,2024-02-25T08:13:00+00:00,1,1,7.68,7.68,"https://worldview.earthdata.nasa.gov/?v=72.19889,22.37169,72.27889,22.41169&l=Reference_Labels_15m(hidden),DoS_International_Boundaries(hidden),Coastlines_15m,VIIRS_SNPP_Thermal_Anomalies_375m_All,OCI_PACE_True_Color(hidden),VIIRS_NOAA21_CorrectedReflectance_TrueColor(hidden),VIIRS_NOAA20_CorrectedReflectance_TrueColor(hidden),VIIRS_SNPP_CorrectedReflectance_TrueColor&lg=true&t=2024-02-25-T00%3A00%3A00Z",https://www.openstreetmap.org/?mlat=22.39169&mlon=72.23889#map=14/22.39169/72.23889,VIIRS_SNPP_SP,firms-snpp-2024-v1
RV1-0231,DeepaliSingh10,development_only,459_1486,2025-03,firms-ca7d3b72ecdfa80956952c3c,2025-03-15T08:13:00+00:00,22.97602,74.32435,2025-03-15T08:13:00+00:00,2025-03-15T08:13:00+00:00,2,1,6.11,6.11,"https://worldview.earthdata.nasa.gov/?v=74.28435,22.95602,74.36435,22.99602&l=Reference_Labels_15m(hidden),DoS_International_Boundaries(hidden),Coastlines_15m,VIIRS_SNPP_Thermal_Anomalies_375m_All,OCI_PACE_True_Color(hidden),VIIRS_NOAA21_CorrectedReflectance_TrueColor(hidden),VIIRS_NOAA20_CorrectedReflectance_TrueColor(hidden),VIIRS_SNPP_CorrectedReflectance_TrueColor&lg=true&t=2025-03-15-T00%3A00%3A00Z",https://www.openstreetmap.org/?mlat=22.97602&mlon=74.32435#map=14/22.97602/74.32435,VIIRS_SNPP_SP,firms-snpp-2025-v1
RV1-0232,Somsubhra-Nandi,development_only,501_1921,2024-04,firms-06361e4b8a94698c59e475d1,2024-04-27T07:10:00+00:00,25.0972,96.09613,2024-04-13T06:32:00+00:00,2024-04-27T07:10:00+00:00,5,3,9.54,24.27,"https://worldview.earthdata.nasa.gov/?v=96.05613,25.07720,96.13613,25.11720&l=Reference_Labels_15m(hidden),DoS_International_Boundaries(hidden),Coastlines_15m,VIIRS_SNPP_Thermal_Anomalies_375m_All,OCI_PACE_True_Color(hidden),VIIRS_NOAA21_CorrectedReflectance_TrueColor(hidden),VIIRS_NOAA20_CorrectedReflectance_TrueColor(hidden),VIIRS_SNPP_CorrectedReflectance_TrueColor&lg=true&t=2024-04-27-T00%3A00%3A00Z",https://www.openstreetmap.org/?mlat=25.09720&mlon=96.09613#map=14/25.09720/96.09613,VIIRS_SNPP_SP,firms-snpp-2024-v1
RV1-0233,Subhra-Nandi,development_only,262_1517,2024-01,firms-5e08545571bf8195cf28f8fd,2024-01-25T07:51:00+00:00,13.14448,75.87536,2024-01-25T07:51:00+00:00,2024-01-26T20:06:00+00:00,3,2,7.98,8.7,"https://worldview.earthdata.nasa.gov/?v=75.83536,13.12448,75.91536,13.16448&l=Reference_Labels_15m(hidden),DoS_International_Boundaries(hidden),Coastlines_15m,VIIRS_SNPP_Thermal_Anomalies_375m_All,OCI_PACE_True_Color(hidden),VIIRS_NOAA21_CorrectedReflectance_TrueColor(hidden),VIIRS_NOAA20_CorrectedReflectance_TrueColor(hidden),VIIRS_SNPP_CorrectedReflectance_TrueColor&lg=true&t=2024-01-25-T00%3A00%3A00Z",https://www.openstreetmap.org/?mlat=13.14448&mlon=75.87536#map=14/13.14448/75.87536,VIIRS_SNPP_SP,firms-snpp-2024-v1
RV1-0234,mishhverse,development_only,166_1551,2024-06,firms-ed4d3edcfc36403d7514d236,2024-06-15T08:27:00+00:00,8.30787,77.59312,2024-06-15T08:27:00+00:00,2024-06-15T08:27:00+00:00,1,1,5.35,5.35,"https://worldview.earthdata.nasa.gov/?v=77.55312,8.28787,77.63312,8.32787&l=Reference_Labels_15m(hidden),DoS_International_Boundaries(hidden),Coastlines_15m,VIIRS_SNPP_Thermal_Anomalies_375m_All,OCI_PACE_True_Color(hidden),VIIRS_NOAA21_CorrectedReflectance_TrueColor(hidden),VIIRS_NOAA20_CorrectedReflectance_TrueColor(hidden),VIIRS_SNPP_CorrectedReflectance_TrueColor&lg=true&t=2024-06-15-T00%3A00%3A00Z",https://www.openstreetmap.org/?mlat=8.30787&mlon=77.59312#map=14/8.30787/77.59312,VIIRS_SNPP_SP,firms-snpp-2024-v1
RV1-0235,NuclearVenom,development_only,440_1587,2025-02,firms-ab3833f6f3bd7624c4f6d4f9,2025-02-18T20:10:00+00:00,22.02943,79.35998,2025-02-18T20:10:00+00:00,2025-02-18T20:10:00+00:00,1,1,0.61,0.61,"https://worldview.earthdata.nasa.gov/?v=79.31998,22.00943,79.39998,22.04943&l=Reference_Labels_15m(hidden),DoS_International_Boundaries(hidden),Coastlines_15m,VIIRS_SNPP_Thermal_Anomalies_375m_All,OCI_PACE_True_Color(hidden),VIIRS_NOAA21_CorrectedReflectance_TrueColor(hidden),VIIRS_NOAA20_CorrectedReflectance_TrueColor(hidden),VIIRS_SNPP_CorrectedReflectance_TrueColor&lg=true&t=2025-02-18-T00%3A00%3A00Z",https://www.openstreetmap.org/?mlat=22.02943&mlon=79.35998#map=14/22.02943/79.35998,VIIRS_SNPP_SP,firms-snpp-2025-v1
RV1-0236,rajeet-04,development_only,478_1607,2025-04,firms-3f18367fe953ffd6a7ae6585,2025-04-07T07:42:00+00:00,23.91269,80.37708,2025-04-05T08:19:00+00:00,2025-04-07T07:42:00+00:00,2,2,6.319999999999999,11.2,"https://worldview.earthdata.nasa.gov/?v=80.33708,23.89269,80.41708,23.93269&l=Reference_Labels_15m(hidden),DoS_International_Boundaries(hidden),Coastlines_15m,VIIRS_SNPP_Thermal_Anomalies_375m_All,OCI_PACE_True_Color(hidden),VIIRS_NOAA21_CorrectedReflectance_TrueColor(hidden),VIIRS_NOAA20_CorrectedReflectance_TrueColor(hidden),VIIRS_SNPP_CorrectedReflectance_TrueColor&lg=true&t=2025-04-07-T00%3A00%3A00Z",https://www.openstreetmap.org/?mlat=23.91269&mlon=80.37708#map=14/23.91269/80.37708,VIIRS_SNPP_SP,firms-snpp-2025-v1
RV1-0237,DeepaliSingh10,development_only,520_1564,2024-05,firms-c59364ff0cc63dea3c68e744,2024-05-05T08:01:00+00:00,26.03613,78.22017,2024-05-04T08:20:00+00:00,2024-05-08T07:05:00+00:00,3,3,13.41,16.29,"https://worldview.earthdata.nasa.gov/?v=78.18017,26.01613,78.26017,26.05613&l=Reference_Labels_15m(hidden),DoS_International_Boundaries(hidden),Coastlines_15m,VIIRS_SNPP_Thermal_Anomalies_375m_All,OCI_PACE_True_Color(hidden),VIIRS_NOAA21_CorrectedReflectance_TrueColor(hidden),VIIRS_NOAA20_CorrectedReflectance_TrueColor(hidden),VIIRS_SNPP_CorrectedReflectance_TrueColor&lg=true&t=2024-05-05-T00%3A00%3A00Z",https://www.openstreetmap.org/?mlat=26.03613&mlon=78.22017#map=14/26.03613/78.22017,VIIRS_SNPP_SP,firms-snpp-2024-v1
RV1-0238,Somsubhra-Nandi,development_only,577_1553,2025-01,firms-1d7eb2d1f387751162c10ba6,2025-01-22T07:50:00+00:00,28.88077,77.66532,2025-01-22T07:50:00+00:00,2025-01-22T07:50:00+00:00,1,1,3.52,3.52,"https://worldview.earthdata.nasa.gov/?v=77.62532,28.86077,77.70532,28.90077&l=Reference_Labels_15m(hidden),DoS_International_Boundaries(hidden),Coastlines_15m,VIIRS_SNPP_Thermal_Anomalies_375m_All,OCI_PACE_True_Color(hidden),VIIRS_NOAA21_CorrectedReflectance_TrueColor(hidden),VIIRS_NOAA20_CorrectedReflectance_TrueColor(hidden),VIIRS_SNPP_CorrectedReflectance_TrueColor&lg=true&t=2025-01-22-T00%3A00%3A00Z",https://www.openstreetmap.org/?mlat=28.88077&mlon=77.66532#map=14/28.88077/77.66532,VIIRS_SNPP_SP,firms-snpp-2025-v1
RV1-0239,Subhra-Nandi,development_only,448_1909,2025-01,firms-14dcf2fa46d7b6e34785dd1d,2025-01-25T06:51:00+00:00,22.44996,95.4894,2025-01-15T06:38:00+00:00,2025-01-25T06:51:00+00:00,4,3,3.66,5.98,"https://worldview.earthdata.nasa.gov/?v=95.44940,22.42996,95.52940,22.46996&l=Reference_Labels_15m(hidden),DoS_International_Boundaries(hidden),Coastlines_15m,VIIRS_SNPP_Thermal_Anomalies_375m_All,OCI_PACE_True_Color(hidden),VIIRS_NOAA21_CorrectedReflectance_TrueColor(hidden),VIIRS_NOAA20_CorrectedReflectance_TrueColor(hidden),VIIRS_SNPP_CorrectedReflectance_TrueColor&lg=true&t=2025-01-25-T00%3A00%3A00Z",https://www.openstreetmap.org/?mlat=22.44996&mlon=95.48940#map=14/22.44996/95.48940,VIIRS_SNPP_SP,firms-snpp-2025-v1
RV1-0240,mishhverse,development_only,402_1690,2025-04,firms-e522493a169114282c9ee130,2025-04-05T08:18:00+00:00,20.14758,84.52588,2025-04-05T08:18:00+00:00,2025-04-05T08:18:00+00:00,1,1,1.89,1.89,"https://worldview.earthdata.nasa.gov/?v=84.48588,20.12758,84.56588,20.16758&l=Reference_Labels_15m(hidden),DoS_International_Boundaries(hidden),Coastlines_15m,VIIRS_SNPP_Thermal_Anomalies_375m_All,OCI_PACE_True_Color(hidden),VIIRS_NOAA21_CorrectedReflectance_TrueColor(hidden),VIIRS_NOAA20_CorrectedReflectance_TrueColor(hidden),VIIRS_SNPP_CorrectedReflectance_TrueColor&lg=true&t=2025-04-05-T00%3A00%3A00Z",https://www.openstreetmap.org/?mlat=20.14758&mlon=84.52588#map=14/20.14758/84.52588,VIIRS_SNPP_SP,firms-snpp-2025-v1
RV1-0241,NuclearVenom,development_only,560_1360,2024-05,firms-3438203547f6598e7ca3755d,2024-05-27T07:49:00+00:00,28.04495,68.02367,2024-05-27T07:49:00+00:00,2024-05-27T07:49:00+00:00,3,1,7.29,7.66,"https://worldview.earthdata.nasa.gov/?v=67.98367,28.02495,68.06367,28.06495&l=Reference_Labels_15m(hidden),DoS_International_Boundaries(hidden),Coastlines_15m,VIIRS_SNPP_Thermal_Anomalies_375m_All,OCI_PACE_True_Color(hidden),VIIRS_NOAA21_CorrectedReflectance_TrueColor(hidden),VIIRS_NOAA20_CorrectedReflectance_TrueColor(hidden),VIIRS_SNPP_CorrectedReflectance_TrueColor&lg=true&t=2024-05-27-T00%3A00%3A00Z",https://www.openstreetmap.org/?mlat=28.04495&mlon=68.02367#map=14/28.04495/68.02367,VIIRS_SNPP_SP,firms-snpp-2024-v1
RV1-0242,rajeet-04,development_only,557_1702,2024-04,firms-cff64d8896354aecf8928d7f,2024-04-25T20:14:00+00:00,27.85233,85.10197,2024-04-25T20:14:00+00:00,2024-04-25T20:14:00+00:00,1,1,0.61,0.61,"https://worldview.earthdata.nasa.gov/?v=85.06197,27.83233,85.14197,27.87233&l=Reference_Labels_15m(hidden),DoS_International_Boundaries(hidden),Coastlines_15m,VIIRS_SNPP_Thermal_Anomalies_375m_All,OCI_PACE_True_Color(hidden),VIIRS_NOAA21_CorrectedReflectance_TrueColor(hidden),VIIRS_NOAA20_CorrectedReflectance_TrueColor(hidden),VIIRS_SNPP_CorrectedReflectance_TrueColor&lg=true&t=2024-04-25-T00%3A00%3A00Z",https://www.openstreetmap.org/?mlat=27.85233&mlon=85.10197#map=14/27.85233/85.10197,VIIRS_SNPP_SP,firms-snpp-2024-v1
RV1-0243,DeepaliSingh10,development_only,402_1934,2025-04,firms-b6341dd7209ab912ff03c33e,2025-04-02T07:33:00+00:00,20.10134,96.7155,2025-04-01T18:41:00+00:00,2025-04-21T06:37:00+00:00,8,4,7.89,169.57,"https://worldview.earthdata.nasa.gov/?v=96.67550,20.08134,96.75550,20.12134&l=Reference_Labels_15m(hidden),DoS_International_Boundaries(hidden),Coastlines_15m,VIIRS_SNPP_Thermal_Anomalies_375m_All,OCI_PACE_True_Color(hidden),VIIRS_NOAA21_CorrectedReflectance_TrueColor(hidden),VIIRS_NOAA20_CorrectedReflectance_TrueColor(hidden),VIIRS_SNPP_CorrectedReflectance_TrueColor&lg=true&t=2025-04-02-T00%3A00%3A00Z",https://www.openstreetmap.org/?mlat=20.10134&mlon=96.71550#map=14/20.10134/96.71550,VIIRS_SNPP_SP,firms-snpp-2025-v1
RV1-0244,Somsubhra-Nandi,development_only,334_1625,2025-05,firms-6e4a647189203ea30dcf3311,2025-05-03T07:53:00+00:00,16.74032,81.29199,2025-05-03T07:53:00+00:00,2025-05-03T07:53:00+00:00,3,1,4.78,4.78,"https://worldview.earthdata.nasa.gov/?v=81.25199,16.72032,81.33199,16.76032&l=Reference_Labels_15m(hidden),DoS_International_Boundaries(hidden),Coastlines_15m,VIIRS_SNPP_Thermal_Anomalies_375m_All,OCI_PACE_True_Color(hidden),VIIRS_NOAA21_CorrectedReflectance_TrueColor(hidden),VIIRS_NOAA20_CorrectedReflectance_TrueColor(hidden),VIIRS_SNPP_CorrectedReflectance_TrueColor&lg=true&t=2025-05-03-T00%3A00%3A00Z",https://www.openstreetmap.org/?mlat=16.74032&mlon=81.29199#map=14/16.74032/81.29199,VIIRS_SNPP_SP,firms-snpp-2025-v1
RV1-0245,Subhra-Nandi,development_only,559_1707,2024-04,firms-e35f17075dcc8a93d12faf7a,2024-04-29T08:14:00+00:00,27.97594,85.37984,2024-04-29T08:14:00+00:00,2024-04-29T08:14:00+00:00,3,1,15.42,17.4,"https://worldview.earthdata.nasa.gov/?v=85.33984,27.95594,85.41984,27.99594&l=Reference_Labels_15m(hidden),DoS_International_Boundaries(hidden),Coastlines_15m,VIIRS_SNPP_Thermal_Anomalies_375m_All,OCI_PACE_True_Color(hidden),VIIRS_NOAA21_CorrectedReflectance_TrueColor(hidden),VIIRS_NOAA20_CorrectedReflectance_TrueColor(hidden),VIIRS_SNPP_CorrectedReflectance_TrueColor&lg=true&t=2024-04-29-T00%3A00%3A00Z",https://www.openstreetmap.org/?mlat=27.97594&mlon=85.37984#map=14/27.97594/85.37984,VIIRS_SNPP_SP,firms-snpp-2024-v1
RV1-0246,mishhverse,development_only,298_1592,2024-05,firms-ae4b4e2437c250feb92822e2,2024-05-10T08:04:00+00:00,14.93005,79.60662,2024-05-04T08:17:00+00:00,2024-05-10T08:04:00+00:00,2,2,6.380000000000001,9.06,"https://worldview.earthdata.nasa.gov/?v=79.56662,14.91005,79.64662,14.95005&l=Reference_Labels_15m(hidden),DoS_International_Boundaries(hidden),Coastlines_15m,VIIRS_SNPP_Thermal_Anomalies_375m_All,OCI_PACE_True_Color(hidden),VIIRS_NOAA21_CorrectedReflectance_TrueColor(hidden),VIIRS_NOAA20_CorrectedReflectance_TrueColor(hidden),VIIRS_SNPP_CorrectedReflectance_TrueColor&lg=true&t=2024-05-10-T00%3A00%3A00Z",https://www.openstreetmap.org/?mlat=14.93005&mlon=79.60662#map=14/14.93005/79.60662,VIIRS_SNPP_SP,firms-snpp-2024-v1
RV1-0247,NuclearVenom,development_only,579_1366,2025-05,firms-ef61aaa631be5e5208038e79,2025-05-14T07:51:00+00:00,28.99165,68.33252,2025-05-14T07:51:00+00:00,2025-05-14T07:51:00+00:00,1,1,1.45,1.45,"https://worldview.earthdata.nasa.gov/?v=68.29252,28.97165,68.37252,29.01165&l=Reference_Labels_15m(hidden),DoS_International_Boundaries(hidden),Coastlines_15m,VIIRS_SNPP_Thermal_Anomalies_375m_All,OCI_PACE_True_Color(hidden),VIIRS_NOAA21_CorrectedReflectance_TrueColor(hidden),VIIRS_NOAA20_CorrectedReflectance_TrueColor(hidden),VIIRS_SNPP_CorrectedReflectance_TrueColor&lg=true&t=2025-05-14-T00%3A00%3A00Z",https://www.openstreetmap.org/?mlat=28.99165&mlon=68.33252#map=14/28.99165/68.33252,VIIRS_SNPP_SP,firms-snpp-2025-v1
RV1-0248,rajeet-04,development_only,416_1940,2025-04,firms-3f5b3c4061a69276c881a8c4,2025-04-20T06:56:00+00:00,20.82717,97.00317,2025-04-20T06:56:00+00:00,2025-04-20T06:56:00+00:00,1,1,4.57,4.57,"https://worldview.earthdata.nasa.gov/?v=96.96317,20.80717,97.04317,20.84717&l=Reference_Labels_15m(hidden),DoS_International_Boundaries(hidden),Coastlines_15m,VIIRS_SNPP_Thermal_Anomalies_375m_All,OCI_PACE_True_Color(hidden),VIIRS_NOAA21_CorrectedReflectance_TrueColor(hidden),VIIRS_NOAA20_CorrectedReflectance_TrueColor(hidden),VIIRS_SNPP_CorrectedReflectance_TrueColor&lg=true&t=2025-04-20-T00%3A00%3A00Z",https://www.openstreetmap.org/?mlat=20.82717&mlon=97.00317#map=14/20.82717/97.00317,VIIRS_SNPP_SP,firms-snpp-2025-v1
RV1-0249,DeepaliSingh10,development_only,490_1909,2024-05,firms-a76fbfb0273bdec15a786c63,2024-05-14T19:18:00+00:00,24.50252,95.47546,2024-05-14T06:51:00+00:00,2024-05-14T19:18:00+00:00,2,1,2.475,2.64,"https://worldview.earthdata.nasa.gov/?v=95.43546,24.48252,95.51546,24.52252&l=Reference_Labels_15m(hidden),DoS_International_Boundaries(hidden),Coastlines_15m,VIIRS_SNPP_Thermal_Anomalies_375m_All,OCI_PACE_True_Color(hidden),VIIRS_NOAA21_CorrectedReflectance_TrueColor(hidden),VIIRS_NOAA20_CorrectedReflectance_TrueColor(hidden),VIIRS_SNPP_CorrectedReflectance_TrueColor&lg=true&t=2024-05-14-T00%3A00%3A00Z",https://www.openstreetmap.org/?mlat=24.50252&mlon=95.47546#map=14/24.50252/95.47546,VIIRS_SNPP_SP,firms-snpp-2024-v1
RV1-0250,Somsubhra-Nandi,development_only,522_1376,2025-01,firms-a1193f970c0b7c29bc904baa,2025-01-17T07:43:00+00:00,26.11246,68.84301,2025-01-17T07:43:00+00:00,2025-01-17T07:43:00+00:00,1,1,3.95,3.95,"https://worldview.earthdata.nasa.gov/?v=68.80301,26.09246,68.88301,26.13246&l=Reference_Labels_15m(hidden),DoS_International_Boundaries(hidden),Coastlines_15m,VIIRS_SNPP_Thermal_Anomalies_375m_All,OCI_PACE_True_Color(hidden),VIIRS_NOAA21_CorrectedReflectance_TrueColor(hidden),VIIRS_NOAA20_CorrectedReflectance_TrueColor(hidden),VIIRS_SNPP_CorrectedReflectance_TrueColor&lg=true&t=2025-01-17-T00%3A00%3A00Z",https://www.openstreetmap.org/?mlat=26.11246&mlon=68.84301#map=14/26.11246/68.84301,VIIRS_SNPP_SP,firms-snpp-2025-v1
RV1-0251,Subhra-Nandi,development_only,611_1481,2024-11,firms-8a0db12e271d444de5baa77d,2024-11-22T08:33:00+00:00,30.56395,74.09033,2024-11-10T08:58:00+00:00,2024-11-22T08:33:00+00:00,4,3,5.65,8.43,"https://worldview.earthdata.nasa.gov/?v=74.05033,30.54395,74.13033,30.58395&l=Reference_Labels_15m(hidden),DoS_International_Boundaries(hidden),Coastlines_15m,VIIRS_SNPP_Thermal_Anomalies_375m_All,OCI_PACE_True_Color(hidden),VIIRS_NOAA21_CorrectedReflectance_TrueColor(hidden),VIIRS_NOAA20_CorrectedReflectance_TrueColor(hidden),VIIRS_SNPP_CorrectedReflectance_TrueColor&lg=true&t=2024-11-22-T00%3A00%3A00Z",https://www.openstreetmap.org/?mlat=30.56395&mlon=74.09033#map=14/30.56395/74.09033,VIIRS_SNPP_SP,firms-snpp-2024-v1
RV1-0252,mishhverse,development_only,427_1932,2025-03,firms-4fb2a7608b4d163744c60b30,2025-03-16T06:12:00+00:00,21.39481,96.61349,2025-03-03T06:56:00+00:00,2025-03-31T19:00:00+00:00,27,11,2.01,27.71,"https://worldview.earthdata.nasa.gov/?v=96.57349,21.37481,96.65349,21.41481&l=Reference_Labels_15m(hidden),DoS_International_Boundaries(hidden),Coastlines_15m,VIIRS_SNPP_Thermal_Anomalies_375m_All,OCI_PACE_True_Color(hidden),VIIRS_NOAA21_CorrectedReflectance_TrueColor(hidden),VIIRS_NOAA20_CorrectedReflectance_TrueColor(hidden),VIIRS_SNPP_CorrectedReflectance_TrueColor&lg=true&t=2025-03-16-T00%3A00%3A00Z",https://www.openstreetmap.org/?mlat=21.39481&mlon=96.61349#map=14/21.39481/96.61349,VIIRS_SNPP_SP,firms-snpp-2025-v1
RV1-0253,NuclearVenom,development_only,517_1864,2025-04,firms-e960acc8f2db02c60ab8f1a0,2025-04-15T06:52:00+00:00,25.86246,93.22185,2025-04-15T06:52:00+00:00,2025-04-26T06:46:00+00:00,3,2,3.27,4.99,"https://worldview.earthdata.nasa.gov/?v=93.18185,25.84246,93.26185,25.88246&l=Reference_Labels_15m(hidden),DoS_International_Boundaries(hidden),Coastlines_15m,VIIRS_SNPP_Thermal_Anomalies_375m_All,OCI_PACE_True_Color(hidden),VIIRS_NOAA21_CorrectedReflectance_TrueColor(hidden),VIIRS_NOAA20_CorrectedReflectance_TrueColor(hidden),VIIRS_SNPP_CorrectedReflectance_TrueColor&lg=true&t=2025-04-15-T00%3A00%3A00Z",https://www.openstreetmap.org/?mlat=25.86246&mlon=93.22185#map=14/25.86246/93.22185,VIIRS_SNPP_SP,firms-snpp-2025-v1
RV1-0254,rajeet-04,development_only,283_1544,2025-01,firms-93116e27c92ce432d206beaa,2025-01-27T07:52:00+00:00,14.19889,77.24346,2025-01-27T07:52:00+00:00,2025-01-27T07:52:00+00:00,1,1,12.39,12.39,"https://worldview.earthdata.nasa.gov/?v=77.20346,14.17889,77.28346,14.21889&l=Reference_Labels_15m(hidden),DoS_International_Boundaries(hidden),Coastlines_15m,VIIRS_SNPP_Thermal_Anomalies_375m_All,OCI_PACE_True_Color(hidden),VIIRS_NOAA21_CorrectedReflectance_TrueColor(hidden),VIIRS_NOAA20_CorrectedReflectance_TrueColor(hidden),VIIRS_SNPP_CorrectedReflectance_TrueColor&lg=true&t=2025-01-27-T00%3A00%3A00Z",https://www.openstreetmap.org/?mlat=14.19889&mlon=77.24346#map=14/14.19889/77.24346,VIIRS_SNPP_SP,firms-snpp-2025-v1
RV1-0255,DeepaliSingh10,development_only,572_1383,2024-10,firms-f1005e8ea5be46eca454af5c,2024-10-28T20:26:00+00:00,28.63293,69.19882,2024-10-28T20:26:00+00:00,2024-10-28T20:26:00+00:00,1,1,0.66,0.66,"https://worldview.earthdata.nasa.gov/?v=69.15882,28.61293,69.23882,28.65293&l=Reference_Labels_15m(hidden),DoS_International_Boundaries(hidden),Coastlines_15m,VIIRS_SNPP_Thermal_Anomalies_375m_All,OCI_PACE_True_Color(hidden),VIIRS_NOAA21_CorrectedReflectance_TrueColor(hidden),VIIRS_NOAA20_CorrectedReflectance_TrueColor(hidden),VIIRS_SNPP_CorrectedReflectance_TrueColor&lg=true&t=2024-10-28-T00%3A00%3A00Z",https://www.openstreetmap.org/?mlat=28.63293&mlon=69.19882#map=14/28.63293/69.19882,VIIRS_SNPP_SP,firms-snpp-2024-v1
RV1-0256,Somsubhra-Nandi,development_only,588_1494,2024-11,firms-236980ef32acde8ca97944ec,2024-11-26T21:22:00+00:00,29.41194,74.72356,2024-11-22T20:57:00+00:00,2024-11-26T21:22:00+00:00,4,3,1.605,2.56,"https://worldview.earthdata.nasa.gov/?v=74.68356,29.39194,74.76356,29.43194&l=Reference_Labels_15m(hidden),DoS_International_Boundaries(hidden),Coastlines_15m,VIIRS_SNPP_Thermal_Anomalies_375m_All,OCI_PACE_True_Color(hidden),VIIRS_NOAA21_CorrectedReflectance_TrueColor(hidden),VIIRS_NOAA20_CorrectedReflectance_TrueColor(hidden),VIIRS_SNPP_CorrectedReflectance_TrueColor&lg=true&t=2024-11-26-T00%3A00%3A00Z",https://www.openstreetmap.org/?mlat=29.41194&mlon=74.72356#map=14/29.41194/74.72356,VIIRS_SNPP_SP,firms-snpp-2024-v1
RV1-0257,Subhra-Nandi,development_only,477_1483,2024-05,firms-de9b705e65884a9bb070f1ca,2024-05-02T08:57:00+00:00,23.8869,74.15486,2024-05-02T08:57:00+00:00,2024-05-02T08:57:00+00:00,1,1,5.05,5.05,"https://worldview.earthdata.nasa.gov/?v=74.11486,23.86690,74.19486,23.90690&l=Reference_Labels_15m(hidden),DoS_International_Boundaries(hidden),Coastlines_15m,VIIRS_SNPP_Thermal_Anomalies_375m_All,OCI_PACE_True_Color(hidden),VIIRS_NOAA21_CorrectedReflectance_TrueColor(hidden),VIIRS_NOAA20_CorrectedReflectance_TrueColor(hidden),VIIRS_SNPP_CorrectedReflectance_TrueColor&lg=true&t=2024-05-02-T00%3A00%3A00Z",https://www.openstreetmap.org/?mlat=23.88690&mlon=74.15486#map=14/23.88690/74.15486,VIIRS_SNPP_SP,firms-snpp-2024-v1
RV1-0258,mishhverse,development_only,571_1369,2024-05,firms-11d0d4a2d7f62614f91c509b,2024-05-26T22:13:00+00:00,28.55002,68.48659,2024-05-17T07:37:00+00:00,2024-05-27T20:14:00+00:00,3,3,1.53,8.1,"https://worldview.earthdata.nasa.gov/?v=68.44659,28.53002,68.52659,28.57002&l=Reference_Labels_15m(hidden),DoS_International_Boundaries(hidden),Coastlines_15m,VIIRS_SNPP_Thermal_Anomalies_375m_All,OCI_PACE_True_Color(hidden),VIIRS_NOAA21_CorrectedReflectance_TrueColor(hidden),VIIRS_NOAA20_CorrectedReflectance_TrueColor(hidden),VIIRS_SNPP_CorrectedReflectance_TrueColor&lg=true&t=2024-05-26-T00%3A00%3A00Z",https://www.openstreetmap.org/?mlat=28.55002&mlon=68.48659#map=14/28.55002/68.48659,VIIRS_SNPP_SP,firms-snpp-2024-v1
RV1-0259,NuclearVenom,development_only,616_1437,2024-05,firms-1c98d03113ac9cd4929b5e30,2024-05-02T08:59:00+00:00,30.81157,71.8665,2024-05-01T07:38:00+00:00,2024-05-16T07:56:00+00:00,5,3,3.93,6.36,"https://worldview.earthdata.nasa.gov/?v=71.82650,30.79157,71.90650,30.83157&l=Reference_Labels_15m(hidden),DoS_International_Boundaries(hidden),Coastlines_15m,VIIRS_SNPP_Thermal_Anomalies_375m_All,OCI_PACE_True_Color(hidden),VIIRS_NOAA21_CorrectedReflectance_TrueColor(hidden),VIIRS_NOAA20_CorrectedReflectance_TrueColor(hidden),VIIRS_SNPP_CorrectedReflectance_TrueColor&lg=true&t=2024-05-02-T00%3A00%3A00Z",https://www.openstreetmap.org/?mlat=30.81157&mlon=71.86650#map=14/30.81157/71.86650,VIIRS_SNPP_SP,firms-snpp-2024-v1
RV1-0260,rajeet-04,development_only,412_1504,2025-03,firms-dae15d5d850f4e90914f789e,2025-03-31T08:12:00+00:00,20.64614,75.24753,2025-03-31T08:12:00+00:00,2025-03-31T08:12:00+00:00,1,1,9.76,9.76,"https://worldview.earthdata.nasa.gov/?v=75.20753,20.62614,75.28753,20.66614&l=Reference_Labels_15m(hidden),DoS_International_Boundaries(hidden),Coastlines_15m,VIIRS_SNPP_Thermal_Anomalies_375m_All,OCI_PACE_True_Color(hidden),VIIRS_NOAA21_CorrectedReflectance_TrueColor(hidden),VIIRS_NOAA20_CorrectedReflectance_TrueColor(hidden),VIIRS_SNPP_CorrectedReflectance_TrueColor&lg=true&t=2025-03-31-T00%3A00%3A00Z",https://www.openstreetmap.org/?mlat=20.64614&mlon=75.24753#map=14/20.64614/75.24753,VIIRS_SNPP_SP,firms-snpp-2025-v1
RV1-0261,DeepaliSingh10,development_only,412_1521,2025-05,firms-ac25a7220a856f452232c7f5,2025-05-04T07:35:00+00:00,20.63449,76.09633,2025-05-04T07:35:00+00:00,2025-05-15T07:29:00+00:00,3,2,12.79,12.86,"https://worldview.earthdata.nasa.gov/?v=76.05633,20.61449,76.13633,20.65449&l=Reference_Labels_15m(hidden),DoS_International_Boundaries(hidden),Coastlines_15m,VIIRS_SNPP_Thermal_Anomalies_375m_All,OCI_PACE_True_Color(hidden),VIIRS_NOAA21_CorrectedReflectance_TrueColor(hidden),VIIRS_NOAA20_CorrectedReflectance_TrueColor(hidden),VIIRS_SNPP_CorrectedReflectance_TrueColor&lg=true&t=2025-05-04-T00%3A00%3A00Z",https://www.openstreetmap.org/?mlat=20.63449&mlon=76.09633#map=14/20.63449/76.09633,VIIRS_SNPP_SP,firms-snpp-2025-v1
RV1-0262,Somsubhra-Nandi,development_only,537_1609,2024-10,firms-f9a52f9d885de9a575760e62,2024-10-24T07:35:00+00:00,26.8928,80.45463,2024-10-24T07:35:00+00:00,2024-10-24T07:35:00+00:00,1,1,2.3,2.3,"https://worldview.earthdata.nasa.gov/?v=80.41463,26.87280,80.49463,26.91280&l=Reference_Labels_15m(hidden),DoS_International_Boundaries(hidden),Coastlines_15m,VIIRS_SNPP_Thermal_Anomalies_375m_All,OCI_PACE_True_Color(hidden),VIIRS_NOAA21_CorrectedReflectance_TrueColor(hidden),VIIRS_NOAA20_CorrectedReflectance_TrueColor(hidden),VIIRS_SNPP_CorrectedReflectance_TrueColor&lg=true&t=2024-10-24-T00%3A00%3A00Z",https://www.openstreetmap.org/?mlat=26.89280&mlon=80.45463#map=14/26.89280/80.45463,VIIRS_SNPP_SP,firms-snpp-2024-v1
RV1-0263,Subhra-Nandi,development_only,563_1365,2024-05,firms-772fcabcf27865b5064819e8,2024-05-28T09:11:00+00:00,28.19511,68.25576,2024-05-28T09:11:00+00:00,2024-05-28T09:11:00+00:00,10,1,1.5950000000000002,1.73,"https://worldview.earthdata.nasa.gov/?v=68.21576,28.17511,68.29576,28.21511&l=Reference_Labels_15m(hidden),DoS_International_Boundaries(hidden),Coastlines_15m,VIIRS_SNPP_Thermal_Anomalies_375m_All,OCI_PACE_True_Color(hidden),VIIRS_NOAA21_CorrectedReflectance_TrueColor(hidden),VIIRS_NOAA20_CorrectedReflectance_TrueColor(hidden),VIIRS_SNPP_CorrectedReflectance_TrueColor&lg=true&t=2024-05-28-T00%3A00%3A00Z",https://www.openstreetmap.org/?mlat=28.19511&mlon=68.25576#map=14/28.19511/68.25576,VIIRS_SNPP_SP,firms-snpp-2024-v1
RV1-0264,mishhverse,development_only,536_1655,2024-11,firms-545ea4bd6c7f93fd088be37a,2024-11-21T07:10:00+00:00,26.82012,82.798,2024-11-21T07:10:00+00:00,2024-11-21T07:10:00+00:00,1,1,2.46,2.46,"https://worldview.earthdata.nasa.gov/?v=82.75800,26.80012,82.83800,26.84012&l=Reference_Labels_15m(hidden),DoS_International_Boundaries(hidden),Coastlines_15m,VIIRS_SNPP_Thermal_Anomalies_375m_All,OCI_PACE_True_Color(hidden),VIIRS_NOAA21_CorrectedReflectance_TrueColor(hidden),VIIRS_NOAA20_CorrectedReflectance_TrueColor(hidden),VIIRS_SNPP_CorrectedReflectance_TrueColor&lg=true&t=2024-11-21-T00%3A00%3A00Z",https://www.openstreetmap.org/?mlat=26.82012&mlon=82.79800#map=14/26.82012/82.79800,VIIRS_SNPP_SP,firms-snpp-2024-v1
RV1-0265,NuclearVenom,development_only,309_1558,2025-02,firms-63b71bd22a1080ec23a0ac9c,2025-02-21T08:24:00+00:00,15.47369,77.934,2025-02-21T08:24:00+00:00,2025-02-21T08:24:00+00:00,1,1,4.05,4.05,"https://worldview.earthdata.nasa.gov/?v=77.89400,15.45369,77.97400,15.49369&l=Reference_Labels_15m(hidden),DoS_International_Boundaries(hidden),Coastlines_15m,VIIRS_SNPP_Thermal_Anomalies_375m_All,OCI_PACE_True_Color(hidden),VIIRS_NOAA21_CorrectedReflectance_TrueColor(hidden),VIIRS_NOAA20_CorrectedReflectance_TrueColor(hidden),VIIRS_SNPP_CorrectedReflectance_TrueColor&lg=true&t=2025-02-21-T00%3A00%3A00Z",https://www.openstreetmap.org/?mlat=15.47369&mlon=77.93400#map=14/15.47369/77.93400,VIIRS_SNPP_SP,firms-snpp-2025-v1
RV1-0266,rajeet-04,development_only,752_1376,2024-10,firms-336549cba164419c472bfd85,2024-10-22T08:16:00+00:00,37.63255,68.82167,2024-10-22T08:16:00+00:00,2024-10-22T08:16:00+00:00,1,1,3.84,3.84,"https://worldview.earthdata.nasa.gov/?v=68.78167,37.61255,68.86167,37.65255&l=Reference_Labels_15m(hidden),DoS_International_Boundaries(hidden),Coastlines_15m,VIIRS_SNPP_Thermal_Anomalies_375m_All,OCI_PACE_True_Color(hidden),VIIRS_NOAA21_CorrectedReflectance_TrueColor(hidden),VIIRS_NOAA20_CorrectedReflectance_TrueColor(hidden),VIIRS_SNPP_CorrectedReflectance_TrueColor&lg=true&t=2024-10-22-T00%3A00%3A00Z",https://www.openstreetmap.org/?mlat=37.63255&mlon=68.82167#map=14/37.63255/68.82167,VIIRS_SNPP_SP,firms-snpp-2024-v1
RV1-0267,DeepaliSingh10,development_only,456_1523,2025-04,firms-e2291452d9966ca98bff42fc,2025-04-07T20:10:00+00:00,22.80294,76.16178,2025-04-07T20:10:00+00:00,2025-04-07T20:10:00+00:00,1,1,0.81,0.81,"https://worldview.earthdata.nasa.gov/?v=76.12178,22.78294,76.20178,22.82294&l=Reference_Labels_15m(hidden),DoS_International_Boundaries(hidden),Coastlines_15m,VIIRS_SNPP_Thermal_Anomalies_375m_All,OCI_PACE_True_Color(hidden),VIIRS_NOAA21_CorrectedReflectance_TrueColor(hidden),VIIRS_NOAA20_CorrectedReflectance_TrueColor(hidden),VIIRS_SNPP_CorrectedReflectance_TrueColor&lg=true&t=2025-04-07-T00%3A00%3A00Z",https://www.openstreetmap.org/?mlat=22.80294&mlon=76.16178#map=14/22.80294/76.16178,VIIRS_SNPP_SP,firms-snpp-2025-v1
RV1-0268,Somsubhra-Nandi,development_only,455_1549,2025-03,firms-2d9d0258e9ed4eaa3a127bcc,2025-03-13T07:10:00+00:00,22.77338,77.49554,2025-03-08T08:44:00+00:00,2025-03-30T21:00:00+00:00,11,9,2.36,8.12,"https://worldview.earthdata.nasa.gov/?v=77.45554,22.75338,77.53554,22.79338&l=Reference_Labels_15m(hidden),DoS_International_Boundaries(hidden),Coastlines_15m,VIIRS_SNPP_Thermal_Anomalies_375m_All,OCI_PACE_True_Color(hidden),VIIRS_NOAA21_CorrectedReflectance_TrueColor(hidden),VIIRS_NOAA20_CorrectedReflectance_TrueColor(hidden),VIIRS_SNPP_CorrectedReflectance_TrueColor&lg=true&t=2025-03-13-T00%3A00%3A00Z",https://www.openstreetmap.org/?mlat=22.77338&mlon=77.49554#map=14/22.77338/77.49554,VIIRS_SNPP_SP,firms-snpp-2025-v1
RV1-0269,Subhra-Nandi,development_only,418_1951,2024-02,firms-0f4ba587b3f4d5da208ddca3,2024-02-17T07:21:00+00:00,20.94221,97.57097,2024-02-03T19:13:00+00:00,2024-02-17T07:21:00+00:00,4,3,5.535,9.34,"https://worldview.earthdata.nasa.gov/?v=97.53097,20.92221,97.61097,20.96221&l=Reference_Labels_15m(hidden),DoS_International_Boundaries(hidden),Coastlines_15m,VIIRS_SNPP_Thermal_Anomalies_375m_All,OCI_PACE_True_Color(hidden),VIIRS_NOAA21_CorrectedReflectance_TrueColor(hidden),VIIRS_NOAA20_CorrectedReflectance_TrueColor(hidden),VIIRS_SNPP_CorrectedReflectance_TrueColor&lg=true&t=2024-02-17-T00%3A00%3A00Z",https://www.openstreetmap.org/?mlat=20.94221&mlon=97.57097#map=14/20.94221/97.57097,VIIRS_SNPP_SP,firms-snpp-2024-v1
RV1-0270,mishhverse,development_only,564_1616,2024-02,firms-76a9112e002726320d341749,2024-02-15T08:02:00+00:00,28.24844,80.80999,2024-02-10T07:55:00+00:00,2024-02-15T08:02:00+00:00,2,2,4.23,4.26,"https://worldview.earthdata.nasa.gov/?v=80.76999,28.22844,80.84999,28.26844&l=Reference_Labels_15m(hidden),DoS_International_Boundaries(hidden),Coastlines_15m,VIIRS_SNPP_Thermal_Anomalies_375m_All,OCI_PACE_True_Color(hidden),VIIRS_NOAA21_CorrectedReflectance_TrueColor(hidden),VIIRS_NOAA20_CorrectedReflectance_TrueColor(hidden),VIIRS_SNPP_CorrectedReflectance_TrueColor&lg=true&t=2024-02-15-T00%3A00%3A00Z",https://www.openstreetmap.org/?mlat=28.24844&mlon=80.80999#map=14/28.24844/80.80999,VIIRS_SNPP_SP,firms-snpp-2024-v1
RV1-0271,NuclearVenom,development_only,477_1599,2025-04,firms-69fc1ed82128f6eacae69180,2025-04-24T07:23:00+00:00,23.87553,79.98162,2025-04-13T07:29:00+00:00,2025-04-24T07:23:00+00:00,4,2,10.765,34.47,"https://worldview.earthdata.nasa.gov/?v=79.94162,23.85553,80.02162,23.89553&l=Reference_Labels_15m(hidden),DoS_International_Boundaries(hidden),Coastlines_15m,VIIRS_SNPP_Thermal_Anomalies_375m_All,OCI_PACE_True_Color(hidden),VIIRS_NOAA21_CorrectedReflectance_TrueColor(hidden),VIIRS_NOAA20_CorrectedReflectance_TrueColor(hidden),VIIRS_SNPP_CorrectedReflectance_TrueColor&lg=true&t=2025-04-24-T00%3A00%3A00Z",https://www.openstreetmap.org/?mlat=23.87553&mlon=79.98162#map=14/23.87553/79.98162,VIIRS_SNPP_SP,firms-snpp-2025-v1
RV1-0272,rajeet-04,development_only,463_1441,2024-11,firms-a48c2154e7fce550e77dece0,2024-11-15T07:22:00+00:00,23.16895,72.0684,2024-11-15T07:22:00+00:00,2024-11-15T07:22:00+00:00,1,1,3.97,3.97,"https://worldview.earthdata.nasa.gov/?v=72.02840,23.14895,72.10840,23.18895&l=Reference_Labels_15m(hidden),DoS_International_Boundaries(hidden),Coastlines_15m,VIIRS_SNPP_Thermal_Anomalies_375m_All,OCI_PACE_True_Color(hidden),VIIRS_NOAA21_CorrectedReflectance_TrueColor(hidden),VIIRS_NOAA20_CorrectedReflectance_TrueColor(hidden),VIIRS_SNPP_CorrectedReflectance_TrueColor&lg=true&t=2024-11-15-T00%3A00%3A00Z",https://www.openstreetmap.org/?mlat=23.16895&mlon=72.06840#map=14/23.16895/72.06840,VIIRS_SNPP_SP,firms-snpp-2024-v1
RV1-0273,DeepaliSingh10,development_only,472_1918,2024-03,firms-af768507aaf2ae83d3a8a529,2024-03-06T19:12:00+00:00,23.6214,95.91699,2024-03-01T06:38:00+00:00,2024-03-09T19:56:00+00:00,14,7,1.345,4.43,"https://worldview.earthdata.nasa.gov/?v=95.87699,23.60140,95.95699,23.64140&l=Reference_Labels_15m(hidden),DoS_International_Boundaries(hidden),Coastlines_15m,VIIRS_SNPP_Thermal_Anomalies_375m_All,OCI_PACE_True_Color(hidden),VIIRS_NOAA21_CorrectedReflectance_TrueColor(hidden),VIIRS_NOAA20_CorrectedReflectance_TrueColor(hidden),VIIRS_SNPP_CorrectedReflectance_TrueColor&lg=true&t=2024-03-06-T00%3A00%3A00Z",https://www.openstreetmap.org/?mlat=23.62140&mlon=95.91699#map=14/23.62140/95.91699,VIIRS_SNPP_SP,firms-snpp-2024-v1
RV1-0274,Somsubhra-Nandi,development_only,496_1850,2024-02,firms-90b95734069e968e659b89a7,2024-02-09T06:32:00+00:00,24.80358,92.54598,2024-02-09T06:32:00+00:00,2024-02-09T06:32:00+00:00,2,1,2.295,2.57,"https://worldview.earthdata.nasa.gov/?v=92.50598,24.78358,92.58598,24.82358&l=Reference_Labels_15m(hidden),DoS_International_Boundaries(hidden),Coastlines_15m,VIIRS_SNPP_Thermal_Anomalies_375m_All,OCI_PACE_True_Color(hidden),VIIRS_NOAA21_CorrectedReflectance_TrueColor(hidden),VIIRS_NOAA20_CorrectedReflectance_TrueColor(hidden),VIIRS_SNPP_CorrectedReflectance_TrueColor&lg=true&t=2024-02-09-T00%3A00%3A00Z",https://www.openstreetmap.org/?mlat=24.80358&mlon=92.54598#map=14/24.80358/92.54598,VIIRS_SNPP_SP,firms-snpp-2024-v1
RV1-0275,Subhra-Nandi,development_only,307_1550,2025-02,firms-c4561d118e52ba2252f530b5,2025-02-02T07:40:00+00:00,15.3786,77.53254,2025-02-02T07:40:00+00:00,2025-02-27T08:11:00+00:00,3,2,3.16,4.75,"https://worldview.earthdata.nasa.gov/?v=77.49254,15.35860,77.57254,15.39860&l=Reference_Labels_15m(hidden),DoS_International_Boundaries(hidden),Coastlines_15m,VIIRS_SNPP_Thermal_Anomalies_375m_All,OCI_PACE_True_Color(hidden),VIIRS_NOAA21_CorrectedReflectance_TrueColor(hidden),VIIRS_NOAA20_CorrectedReflectance_TrueColor(hidden),VIIRS_SNPP_CorrectedReflectance_TrueColor&lg=true&t=2025-02-02-T00%3A00%3A00Z",https://www.openstreetmap.org/?mlat=15.37860&mlon=77.53254#map=14/15.37860/77.53254,VIIRS_SNPP_SP,firms-snpp-2025-v1
RV1-0276,mishhverse,development_only,342_1465,2024-02,firms-a1b5ef1e27d9066275b41aa9,2024-02-19T08:24:00+00:00,17.12449,73.29556,2024-02-17T09:02:00+00:00,2024-02-19T08:24:00+00:00,4,2,6.115,8.9,"https://worldview.earthdata.nasa.gov/?v=73.25556,17.10449,73.33556,17.14449&l=Reference_Labels_15m(hidden),DoS_International_Boundaries(hidden),Coastlines_15m,VIIRS_SNPP_Thermal_Anomalies_375m_All,OCI_PACE_True_Color(hidden),VIIRS_NOAA21_CorrectedReflectance_TrueColor(hidden),VIIRS_NOAA20_CorrectedReflectance_TrueColor(hidden),VIIRS_SNPP_CorrectedReflectance_TrueColor&lg=true&t=2024-02-19-T00%3A00%3A00Z",https://www.openstreetmap.org/?mlat=17.12449&mlon=73.29556#map=14/17.12449/73.29556,VIIRS_SNPP_SP,firms-snpp-2024-v1
RV1-0277,NuclearVenom,development_only,540_1709,2025-01,firms-db7b232b5a1bb60f7984e318,2025-01-12T07:36:00+00:00,27.01689,85.45063,2025-01-12T07:36:00+00:00,2025-01-12T07:36:00+00:00,1,1,2.23,2.23,"https://worldview.earthdata.nasa.gov/?v=85.41063,26.99689,85.49063,27.03689&l=Reference_Labels_15m(hidden),DoS_International_Boundaries(hidden),Coastlines_15m,VIIRS_SNPP_Thermal_Anomalies_375m_All,OCI_PACE_True_Color(hidden),VIIRS_NOAA21_CorrectedReflectance_TrueColor(hidden),VIIRS_NOAA20_CorrectedReflectance_TrueColor(hidden),VIIRS_SNPP_CorrectedReflectance_TrueColor&lg=true&t=2025-01-12-T00%3A00%3A00Z",https://www.openstreetmap.org/?mlat=27.01689&mlon=85.45063#map=14/27.01689/85.45063,VIIRS_SNPP_SP,firms-snpp-2025-v1
RV1-0278,rajeet-04,development_only,331_1952,2024-12,firms-433f2bbcae9dcc17ad28afd5,2024-12-04T06:23:00+00:00,16.56892,97.64376,2024-12-04T06:23:00+00:00,2024-12-04T06:23:00+00:00,1,1,2.85,2.85,"https://worldview.earthdata.nasa.gov/?v=97.60376,16.54892,97.68376,16.58892&l=Reference_Labels_15m(hidden),DoS_International_Boundaries(hidden),Coastlines_15m,VIIRS_SNPP_Thermal_Anomalies_375m_All,OCI_PACE_True_Color(hidden),VIIRS_NOAA21_CorrectedReflectance_TrueColor(hidden),VIIRS_NOAA20_CorrectedReflectance_TrueColor(hidden),VIIRS_SNPP_CorrectedReflectance_TrueColor&lg=true&t=2024-12-04-T00%3A00%3A00Z",https://www.openstreetmap.org/?mlat=16.56892&mlon=97.64376#map=14/16.56892/97.64376,VIIRS_SNPP_SP,firms-snpp-2024-v1
RV1-0279,DeepaliSingh10,development_only,189_1576,2024-06,firms-82643789d8beb666c0d6b084,2024-06-15T08:27:00+00:00,9.49899,78.84853,2024-06-15T08:27:00+00:00,2024-06-15T08:27:00+00:00,1,1,4.64,4.64,"https://worldview.earthdata.nasa.gov/?v=78.80853,9.47899,78.88853,9.51899&l=Reference_Labels_15m(hidden),DoS_International_Boundaries(hidden),Coastlines_15m,VIIRS_SNPP_Thermal_Anomalies_375m_All,OCI_PACE_True_Color(hidden),VIIRS_NOAA21_CorrectedReflectance_TrueColor(hidden),VIIRS_NOAA20_CorrectedReflectance_TrueColor(hidden),VIIRS_SNPP_CorrectedReflectance_TrueColor&lg=true&t=2024-06-15-T00%3A00%3A00Z",https://www.openstreetmap.org/?mlat=9.49899&mlon=78.84853#map=14/9.49899/78.84853,VIIRS_SNPP_SP,firms-snpp-2024-v1
RV1-0280,Somsubhra-Nandi,development_only,484_1625,2024-12,firms-4c0047a3f7b800a7cfdc2c3e,2024-12-04T08:06:00+00:00,24.24266,81.26144,2024-12-04T08:06:00+00:00,2024-12-04T08:06:00+00:00,1,1,2.61,2.61,"https://worldview.earthdata.nasa.gov/?v=81.22144,24.22266,81.30144,24.26266&l=Reference_Labels_15m(hidden),DoS_International_Boundaries(hidden),Coastlines_15m,VIIRS_SNPP_Thermal_Anomalies_375m_All,OCI_PACE_True_Color(hidden),VIIRS_NOAA21_CorrectedReflectance_TrueColor(hidden),VIIRS_NOAA20_CorrectedReflectance_TrueColor(hidden),VIIRS_SNPP_CorrectedReflectance_TrueColor&lg=true&t=2024-12-04-T00%3A00%3A00Z",https://www.openstreetmap.org/?mlat=24.24266&mlon=81.26144#map=14/24.24266/81.26144,VIIRS_SNPP_SP,firms-snpp-2024-v1
RV1-0281,Subhra-Nandi,development_only,523_1839,2025-03,firms-f33dd5674b9bdce5d23f5a3c,2025-03-19T06:58:00+00:00,26.18861,91.96855,2025-03-18T19:43:00+00:00,2025-03-25T06:45:00+00:00,5,4,1.74,5.45,"https://worldview.earthdata.nasa.gov/?v=91.92855,26.16861,92.00855,26.20861&l=Reference_Labels_15m(hidden),DoS_International_Boundaries(hidden),Coastlines_15m,VIIRS_SNPP_Thermal_Anomalies_375m_All,OCI_PACE_True_Color(hidden),VIIRS_NOAA21_CorrectedReflectance_TrueColor(hidden),VIIRS_NOAA20_CorrectedReflectance_TrueColor(hidden),VIIRS_SNPP_CorrectedReflectance_TrueColor&lg=true&t=2025-03-19-T00%3A00%3A00Z",https://www.openstreetmap.org/?mlat=26.18861&mlon=91.96855#map=14/26.18861/91.96855,VIIRS_SNPP_SP,firms-snpp-2025-v1
RV1-0282,mishhverse,development_only,278_1581,2025-05,firms-4100d60fb577eac5fa24b86f,2025-05-08T07:59:00+00:00,13.90821,79.07264,2025-05-08T07:59:00+00:00,2025-05-08T07:59:00+00:00,1,1,1.81,1.81,"https://worldview.earthdata.nasa.gov/?v=79.03264,13.88821,79.11264,13.92821&l=Reference_Labels_15m(hidden),DoS_International_Boundaries(hidden),Coastlines_15m,VIIRS_SNPP_Thermal_Anomalies_375m_All,OCI_PACE_True_Color(hidden),VIIRS_NOAA21_CorrectedReflectance_TrueColor(hidden),VIIRS_NOAA20_CorrectedReflectance_TrueColor(hidden),VIIRS_SNPP_CorrectedReflectance_TrueColor&lg=true&t=2025-05-08-T00%3A00%3A00Z",https://www.openstreetmap.org/?mlat=13.90821&mlon=79.07264#map=14/13.90821/79.07264,VIIRS_SNPP_SP,firms-snpp-2025-v1
RV1-0283,NuclearVenom,development_only,628_1510,2024-06,firms-ef7979bc724334f4e40a5718,2024-06-23T07:43:00+00:00,31.44384,75.53058,2024-06-18T07:37:00+00:00,2024-06-24T07:24:00+00:00,3,3,12.89,16.19,"https://worldview.earthdata.nasa.gov/?v=75.49058,31.42384,75.57058,31.46384&l=Reference_Labels_15m(hidden),DoS_International_Boundaries(hidden),Coastlines_15m,VIIRS_SNPP_Thermal_Anomalies_375m_All,OCI_PACE_True_Color(hidden),VIIRS_NOAA21_CorrectedReflectance_TrueColor(hidden),VIIRS_NOAA20_CorrectedReflectance_TrueColor(hidden),VIIRS_SNPP_CorrectedReflectance_TrueColor&lg=true&t=2024-06-23-T00%3A00%3A00Z",https://www.openstreetmap.org/?mlat=31.44384&mlon=75.53058#map=14/31.44384/75.53058,VIIRS_SNPP_SP,firms-snpp-2024-v1
RV1-0284,rajeet-04,development_only,399_1464,2025-04,firms-bf49bb298815d0ac84f4aefc,2025-04-10T08:25:00+00:00,19.9879,73.21719,2025-04-10T08:25:00+00:00,2025-04-10T08:25:00+00:00,1,1,5.01,5.01,"https://worldview.earthdata.nasa.gov/?v=73.17719,19.96790,73.25719,20.00790&l=Reference_Labels_15m(hidden),DoS_International_Boundaries(hidden),Coastlines_15m,VIIRS_SNPP_Thermal_Anomalies_375m_All,OCI_PACE_True_Color(hidden),VIIRS_NOAA21_CorrectedReflectance_TrueColor(hidden),VIIRS_NOAA20_CorrectedReflectance_TrueColor(hidden),VIIRS_SNPP_CorrectedReflectance_TrueColor&lg=true&t=2025-04-10-T00%3A00%3A00Z",https://www.openstreetmap.org/?mlat=19.98790&mlon=73.21719#map=14/19.98790/73.21719,VIIRS_SNPP_SP,firms-snpp-2025-v1
RV1-0285,DeepaliSingh10,development_only,246_1530,2025-02,firms-f889c99ddb031866d366389a,2025-02-06T08:04:00+00:00,12.31154,76.51742,2025-02-06T08:04:00+00:00,2025-02-13T07:33:00+00:00,3,2,3.22,5.64,"https://worldview.earthdata.nasa.gov/?v=76.47742,12.29154,76.55742,12.33154&l=Reference_Labels_15m(hidden),DoS_International_Boundaries(hidden),Coastlines_15m,VIIRS_SNPP_Thermal_Anomalies_375m_All,OCI_PACE_True_Color(hidden),VIIRS_NOAA21_CorrectedReflectance_TrueColor(hidden),VIIRS_NOAA20_CorrectedReflectance_TrueColor(hidden),VIIRS_SNPP_CorrectedReflectance_TrueColor&lg=true&t=2025-02-06-T00%3A00%3A00Z",https://www.openstreetmap.org/?mlat=12.31154&mlon=76.51742#map=14/12.31154/76.51742,VIIRS_SNPP_SP,firms-snpp-2025-v1
RV1-0286,Somsubhra-Nandi,development_only,443_1642,2024-01,firms-3f2529a4a54c6653feffe948,2024-01-29T20:47:00+00:00,22.18668,82.12283,2024-01-29T20:47:00+00:00,2024-01-29T20:47:00+00:00,1,1,0.32,0.32,"https://worldview.earthdata.nasa.gov/?v=82.08283,22.16668,82.16283,22.20668&l=Reference_Labels_15m(hidden),DoS_International_Boundaries(hidden),Coastlines_15m,VIIRS_SNPP_Thermal_Anomalies_375m_All,OCI_PACE_True_Color(hidden),VIIRS_NOAA21_CorrectedReflectance_TrueColor(hidden),VIIRS_NOAA20_CorrectedReflectance_TrueColor(hidden),VIIRS_SNPP_CorrectedReflectance_TrueColor&lg=true&t=2024-01-29-T00%3A00%3A00Z",https://www.openstreetmap.org/?mlat=22.18668&mlon=82.12283#map=14/22.18668/82.12283,VIIRS_SNPP_SP,firms-snpp-2024-v1
RV1-0287,Subhra-Nandi,development_only,362_1578,2025-01,firms-7793d8027c254050a424bb9d,2025-01-26T08:12:00+00:00,18.10718,78.93043,2025-01-26T08:12:00+00:00,2025-01-26T08:12:00+00:00,2,1,4.1850000000000005,4.58,"https://worldview.earthdata.nasa.gov/?v=78.89043,18.08718,78.97043,18.12718&l=Reference_Labels_15m(hidden),DoS_International_Boundaries(hidden),Coastlines_15m,VIIRS_SNPP_Thermal_Anomalies_375m_All,OCI_PACE_True_Color(hidden),VIIRS_NOAA21_CorrectedReflectance_TrueColor(hidden),VIIRS_NOAA20_CorrectedReflectance_TrueColor(hidden),VIIRS_SNPP_CorrectedReflectance_TrueColor&lg=true&t=2025-01-26-T00%3A00%3A00Z",https://www.openstreetmap.org/?mlat=18.10718&mlon=78.93043#map=14/18.10718/78.93043,VIIRS_SNPP_SP,firms-snpp-2025-v1
RV1-0288,mishhverse,development_only,536_1670,2024-11,firms-a2c103af59ee56ac6a6a092c,2024-11-20T07:28:00+00:00,26.80785,83.53542,2024-11-15T07:22:00+00:00,2024-11-26T07:16:00+00:00,12,7,3.13,6.61,"https://worldview.earthdata.nasa.gov/?v=83.49542,26.78785,83.57542,26.82785&l=Reference_Labels_15m(hidden),DoS_International_Boundaries(hidden),Coastlines_15m,VIIRS_SNPP_Thermal_Anomalies_375m_All,OCI_PACE_True_Color(hidden),VIIRS_NOAA21_CorrectedReflectance_TrueColor(hidden),VIIRS_NOAA20_CorrectedReflectance_TrueColor(hidden),VIIRS_SNPP_CorrectedReflectance_TrueColor&lg=true&t=2024-11-20-T00%3A00%3A00Z",https://www.openstreetmap.org/?mlat=26.80785&mlon=83.53542#map=14/26.80785/83.53542,VIIRS_SNPP_SP,firms-snpp-2024-v1
RV1-0289,NuclearVenom,development_only,274_1573,2024-03,firms-db363556ba9be843120f6b0d,2024-03-12T08:10:00+00:00,13.70787,78.65024,2024-03-12T08:10:00+00:00,2024-03-12T08:10:00+00:00,1,1,6.3,6.3,"https://worldview.earthdata.nasa.gov/?v=78.61024,13.68787,78.69024,13.72787&l=Reference_Labels_15m(hidden),DoS_International_Boundaries(hidden),Coastlines_15m,VIIRS_SNPP_Thermal_Anomalies_375m_All,OCI_PACE_True_Color(hidden),VIIRS_NOAA21_CorrectedReflectance_TrueColor(hidden),VIIRS_NOAA20_CorrectedReflectance_TrueColor(hidden),VIIRS_SNPP_CorrectedReflectance_TrueColor&lg=true&t=2024-03-12-T00%3A00%3A00Z",https://www.openstreetmap.org/?mlat=13.70787&mlon=78.65024#map=14/13.70787/78.65024,VIIRS_SNPP_SP,firms-snpp-2024-v1
RV1-0290,rajeet-04,development_only,477_1656,2024-05,firms-b60240ce03e3197bf713492b,2024-05-22T07:41:00+00:00,23.87255,82.83329,2024-05-22T07:41:00+00:00,2024-05-22T07:41:00+00:00,3,1,8.84,10.44,"https://worldview.earthdata.nasa.gov/?v=82.79329,23.85255,82.87329,23.89255&l=Reference_Labels_15m(hidden),DoS_International_Boundaries(hidden),Coastlines_15m,VIIRS_SNPP_Thermal_Anomalies_375m_All,OCI_PACE_True_Color(hidden),VIIRS_NOAA21_CorrectedReflectance_TrueColor(hidden),VIIRS_NOAA20_CorrectedReflectance_TrueColor(hidden),VIIRS_SNPP_CorrectedReflectance_TrueColor&lg=true&t=2024-05-22-T00%3A00%3A00Z",https://www.openstreetmap.org/?mlat=23.87255&mlon=82.83329#map=14/23.87255/82.83329,VIIRS_SNPP_SP,firms-snpp-2024-v1
RV1-0291,DeepaliSingh10,development_only,387_1485,2025-03,firms-04089a59f9d0dc6a7578f3b6,2025-03-31T08:12:00+00:00,19.35688,74.28722,2025-03-20T08:18:00+00:00,2025-03-31T08:12:00+00:00,2,2,3.515,4.24,"https://worldview.earthdata.nasa.gov/?v=74.24722,19.33688,74.32722,19.37688&l=Reference_Labels_15m(hidden),DoS_International_Boundaries(hidden),Coastlines_15m,VIIRS_SNPP_Thermal_Anomalies_375m_All,OCI_PACE_True_Color(hidden),VIIRS_NOAA21_CorrectedReflectance_TrueColor(hidden),VIIRS_NOAA20_CorrectedReflectance_TrueColor(hidden),VIIRS_SNPP_CorrectedReflectance_TrueColor&lg=true&t=2025-03-31-T00%3A00%3A00Z",https://www.openstreetmap.org/?mlat=19.35688&mlon=74.28722#map=14/19.35688/74.28722,VIIRS_SNPP_SP,firms-snpp-2025-v1
RV1-0292,Somsubhra-Nandi,development_only,445_1457,2025-05,firms-80d830696a92edbf4adc5224,2025-05-17T08:33:00+00:00,22.27336,72.86328,2025-05-17T08:33:00+00:00,2025-05-17T08:33:00+00:00,2,1,11.004999999999999,11.93,"https://worldview.earthdata.nasa.gov/?v=72.82328,22.25336,72.90328,22.29336&l=Reference_Labels_15m(hidden),DoS_International_Boundaries(hidden),Coastlines_15m,VIIRS_SNPP_Thermal_Anomalies_375m_All,OCI_PACE_True_Color(hidden),VIIRS_NOAA21_CorrectedReflectance_TrueColor(hidden),VIIRS_NOAA20_CorrectedReflectance_TrueColor(hidden),VIIRS_SNPP_CorrectedReflectance_TrueColor&lg=true&t=2025-05-17-T00%3A00%3A00Z",https://www.openstreetmap.org/?mlat=22.27336&mlon=72.86328#map=14/22.27336/72.86328,VIIRS_SNPP_SP,firms-snpp-2025-v1
RV1-0293,Subhra-Nandi,development_only,516_1572,2025-05,firms-055a49e651437a8311992f52,2025-05-11T07:06:00+00:00,25.83742,78.64991,2025-05-04T07:37:00+00:00,2025-05-17T06:53:00+00:00,14,6,10.14,19.22,"https://worldview.earthdata.nasa.gov/?v=78.60991,25.81742,78.68991,25.85742&l=Reference_Labels_15m(hidden),DoS_International_Boundaries(hidden),Coastlines_15m,VIIRS_SNPP_Thermal_Anomalies_375m_All,OCI_PACE_True_Color(hidden),VIIRS_NOAA21_CorrectedReflectance_TrueColor(hidden),VIIRS_NOAA20_CorrectedReflectance_TrueColor(hidden),VIIRS_SNPP_CorrectedReflectance_TrueColor&lg=true&t=2025-05-11-T00%3A00%3A00Z",https://www.openstreetmap.org/?mlat=25.83742&mlon=78.64991#map=14/25.83742/78.64991,VIIRS_SNPP_SP,firms-snpp-2025-v1
RV1-0294,mishhverse,development_only,347_1463,2024-12,firms-dd5f9a7bcac01aa77a91c646,2024-12-21T07:46:00+00:00,17.3998,73.17632,2024-12-21T07:46:00+00:00,2024-12-21T07:46:00+00:00,1,1,4.31,4.31,"https://worldview.earthdata.nasa.gov/?v=73.13632,17.37980,73.21632,17.41980&l=Reference_Labels_15m(hidden),DoS_International_Boundaries(hidden),Coastlines_15m,VIIRS_SNPP_Thermal_Anomalies_375m_All,OCI_PACE_True_Color(hidden),VIIRS_NOAA21_CorrectedReflectance_TrueColor(hidden),VIIRS_NOAA20_CorrectedReflectance_TrueColor(hidden),VIIRS_SNPP_CorrectedReflectance_TrueColor&lg=true&t=2024-12-21-T00%3A00%3A00Z",https://www.openstreetmap.org/?mlat=17.39980&mlon=73.17632#map=14/17.39980/73.17632,VIIRS_SNPP_SP,firms-snpp-2024-v1
RV1-0295,NuclearVenom,development_only,439_1607,2025-04,firms-afb16a240dff7a9d3b0e7242,2025-04-22T20:29:00+00:00,21.95229,80.35146,2025-04-07T07:41:00+00:00,2025-04-24T07:23:00+00:00,7,4,3.95,7.52,"https://worldview.earthdata.nasa.gov/?v=80.31146,21.93229,80.39146,21.97229&l=Reference_Labels_15m(hidden),DoS_International_Boundaries(hidden),Coastlines_15m,VIIRS_SNPP_Thermal_Anomalies_375m_All,OCI_PACE_True_Color(hidden),VIIRS_NOAA21_CorrectedReflectance_TrueColor(hidden),VIIRS_NOAA20_CorrectedReflectance_TrueColor(hidden),VIIRS_SNPP_CorrectedReflectance_TrueColor&lg=true&t=2025-04-22-T00%3A00%3A00Z",https://www.openstreetmap.org/?mlat=21.95229&mlon=80.35146#map=14/21.95229/80.35146,VIIRS_SNPP_SP,firms-snpp-2025-v1
RV1-0296,rajeet-04,development_only,266_1606,2024-04,firms-fbf9e725d6e32f07328d6290,2024-04-29T08:10:00+00:00,13.34441,80.32554,2024-04-02T08:16:00+00:00,2024-04-29T08:10:00+00:00,2,2,5.585,5.75,"https://worldview.earthdata.nasa.gov/?v=80.28554,13.32441,80.36554,13.36441&l=Reference_Labels_15m(hidden),DoS_International_Boundaries(hidden),Coastlines_15m,VIIRS_SNPP_Thermal_Anomalies_375m_All,OCI_PACE_True_Color(hidden),VIIRS_NOAA21_CorrectedReflectance_TrueColor(hidden),VIIRS_NOAA20_CorrectedReflectance_TrueColor(hidden),VIIRS_SNPP_CorrectedReflectance_TrueColor&lg=true&t=2024-04-29-T00%3A00%3A00Z",https://www.openstreetmap.org/?mlat=13.34441&mlon=80.32554#map=14/13.34441/80.32554,VIIRS_SNPP_SP,firms-snpp-2024-v1
RV1-0297,DeepaliSingh10,development_only,386_1929,2025-04,firms-cb06c95e4f0faa717241bebb,2025-04-02T07:33:00+00:00,19.33231,96.47173,2025-04-02T07:33:00+00:00,2025-04-04T19:26:00+00:00,5,2,95.84,95.84,"https://worldview.earthdata.nasa.gov/?v=96.43173,19.31231,96.51173,19.35231&l=Reference_Labels_15m(hidden),DoS_International_Boundaries(hidden),Coastlines_15m,VIIRS_SNPP_Thermal_Anomalies_375m_All,OCI_PACE_True_Color(hidden),VIIRS_NOAA21_CorrectedReflectance_TrueColor(hidden),VIIRS_NOAA20_CorrectedReflectance_TrueColor(hidden),VIIRS_SNPP_CorrectedReflectance_TrueColor&lg=true&t=2025-04-02-T00%3A00%3A00Z",https://www.openstreetmap.org/?mlat=19.33231&mlon=96.47173#map=14/19.33231/96.47173,VIIRS_SNPP_SP,firms-snpp-2025-v1
RV1-0298,Somsubhra-Nandi,development_only,347_1512,2025-04,firms-123a8945556bc22c8b7961c2,2025-04-12T07:46:00+00:00,17.35051,75.63692,2025-04-12T07:46:00+00:00,2025-04-12T07:46:00+00:00,1,1,13.38,13.38,"https://worldview.earthdata.nasa.gov/?v=75.59692,17.33051,75.67692,17.37051&l=Reference_Labels_15m(hidden),DoS_International_Boundaries(hidden),Coastlines_15m,VIIRS_SNPP_Thermal_Anomalies_375m_All,OCI_PACE_True_Color(hidden),VIIRS_NOAA21_CorrectedReflectance_TrueColor(hidden),VIIRS_NOAA20_CorrectedReflectance_TrueColor(hidden),VIIRS_SNPP_CorrectedReflectance_TrueColor&lg=true&t=2025-04-12-T00%3A00%3A00Z",https://www.openstreetmap.org/?mlat=17.35051&mlon=75.63692#map=14/17.35051/75.63692,VIIRS_SNPP_SP,firms-snpp-2025-v1
RV1-0299,Subhra-Nandi,development_only,621_1484,2025-05,firms-e6695d13c2213e8e81afeaa4,2025-05-11T08:48:00+00:00,31.05952,74.24268,2025-05-11T08:48:00+00:00,2025-05-14T07:51:00+00:00,3,2,2.3,4.71,"https://worldview.earthdata.nasa.gov/?v=74.20268,31.03952,74.28268,31.07952&l=Reference_Labels_15m(hidden),DoS_International_Boundaries(hidden),Coastlines_15m,VIIRS_SNPP_Thermal_Anomalies_375m_All,OCI_PACE_True_Color(hidden),VIIRS_NOAA21_CorrectedReflectance_TrueColor(hidden),VIIRS_NOAA20_CorrectedReflectance_TrueColor(hidden),VIIRS_SNPP_CorrectedReflectance_TrueColor&lg=true&t=2025-05-11-T00%3A00%3A00Z",https://www.openstreetmap.org/?mlat=31.05952&mlon=74.24268#map=14/31.05952/74.24268,VIIRS_SNPP_SP,firms-snpp-2025-v1
RV1-0300,mishhverse,development_only,464_1759,2025-01,firms-a3fdcf4b80f47a8c8b0e6cc8,2025-01-07T07:29:00+00:00,23.24746,87.98947,2025-01-07T07:29:00+00:00,2025-01-07T07:29:00+00:00,1,1,3.12,3.12,"https://worldview.earthdata.nasa.gov/?v=87.94947,23.22746,88.02947,23.26746&l=Reference_Labels_15m(hidden),DoS_International_Boundaries(hidden),Coastlines_15m,VIIRS_SNPP_Thermal_Anomalies_375m_All,OCI_PACE_True_Color(hidden),VIIRS_NOAA21_CorrectedReflectance_TrueColor(hidden),VIIRS_NOAA20_CorrectedReflectance_TrueColor(hidden),VIIRS_SNPP_CorrectedReflectance_TrueColor&lg=true&t=2025-01-07-T00%3A00%3A00Z",https://www.openstreetmap.org/?mlat=23.24746&mlon=87.98947#map=14/23.24746/87.98947,VIIRS_SNPP_SP,firms-snpp-2025-v1
RV1-0301,NuclearVenom,development_only,473_1580,2025-04,firms-63c6cb9285d93f32afb8ba13,2025-04-13T07:29:00+00:00,23.69368,79.03677,2025-04-11T08:07:00+00:00,2025-04-23T20:10:00+00:00,3,3,4.26,7.66,"https://worldview.earthdata.nasa.gov/?v=78.99677,23.67368,79.07677,23.71368&l=Reference_Labels_15m(hidden),DoS_International_Boundaries(hidden),Coastlines_15m,VIIRS_SNPP_Thermal_Anomalies_375m_All,OCI_PACE_True_Color(hidden),VIIRS_NOAA21_CorrectedReflectance_TrueColor(hidden),VIIRS_NOAA20_CorrectedReflectance_TrueColor(hidden),VIIRS_SNPP_CorrectedReflectance_TrueColor&lg=true&t=2025-04-13-T00%3A00%3A00Z",https://www.openstreetmap.org/?mlat=23.69368&mlon=79.03677#map=14/23.69368/79.03677,VIIRS_SNPP_SP,firms-snpp-2025-v1
RV1-0302,rajeet-04,development_only,306_1568,2025-05,firms-73ab3073203f3210b868c582,2025-05-07T08:18:00+00:00,15.32654,78.44613,2025-05-05T07:15:00+00:00,2025-05-13T08:05:00+00:00,11,6,3.99,11.77,"https://worldview.earthdata.nasa.gov/?v=78.40613,15.30654,78.48613,15.34654&l=Reference_Labels_15m(hidden),DoS_International_Boundaries(hidden),Coastlines_15m,VIIRS_SNPP_Thermal_Anomalies_375m_All,OCI_PACE_True_Color(hidden),VIIRS_NOAA21_CorrectedReflectance_TrueColor(hidden),VIIRS_NOAA20_CorrectedReflectance_TrueColor(hidden),VIIRS_SNPP_CorrectedReflectance_TrueColor&lg=true&t=2025-05-07-T00%3A00%3A00Z",https://www.openstreetmap.org/?mlat=15.32654&mlon=78.44613#map=14/15.32654/78.44613,VIIRS_SNPP_SP,firms-snpp-2025-v1
RV1-0303,DeepaliSingh10,development_only,449_1504,2024-05,firms-40241eba8612bfec2fd20927,2024-05-11T07:48:00+00:00,22.46694,75.24786,2024-05-11T07:48:00+00:00,2024-05-11T07:48:00+00:00,1,1,12.45,12.45,"https://worldview.earthdata.nasa.gov/?v=75.20786,22.44694,75.28786,22.48694&l=Reference_Labels_15m(hidden),DoS_International_Boundaries(hidden),Coastlines_15m,VIIRS_SNPP_Thermal_Anomalies_375m_All,OCI_PACE_True_Color(hidden),VIIRS_NOAA21_CorrectedReflectance_TrueColor(hidden),VIIRS_NOAA20_CorrectedReflectance_TrueColor(hidden),VIIRS_SNPP_CorrectedReflectance_TrueColor&lg=true&t=2024-05-11-T00%3A00%3A00Z",https://www.openstreetmap.org/?mlat=22.46694&mlon=75.24786#map=14/22.46694/75.24786,VIIRS_SNPP_SP,firms-snpp-2024-v1
RV1-0304,Somsubhra-Nandi,development_only,410_1887,2024-04,firms-acb31778ee49a6f181e6a502,2024-04-06T07:03:00+00:00,20.54531,94.37005,2024-04-02T06:37:00+00:00,2024-04-23T06:44:00+00:00,5,3,4.78,9.46,"https://worldview.earthdata.nasa.gov/?v=94.33005,20.52531,94.41005,20.56531&l=Reference_Labels_15m(hidden),DoS_International_Boundaries(hidden),Coastlines_15m,VIIRS_SNPP_Thermal_Anomalies_375m_All,OCI_PACE_True_Color(hidden),VIIRS_NOAA21_CorrectedReflectance_TrueColor(hidden),VIIRS_NOAA20_CorrectedReflectance_TrueColor(hidden),VIIRS_SNPP_CorrectedReflectance_TrueColor&lg=true&t=2024-04-06-T00%3A00%3A00Z",https://www.openstreetmap.org/?mlat=20.54531&mlon=94.37005#map=14/20.54531/94.37005,VIIRS_SNPP_SP,firms-snpp-2024-v1
RV1-0305,Subhra-Nandi,development_only,322_1905,2024-01,firms-be6d9363ef67a42b9af48402,2024-01-24T06:30:00+00:00,16.14203,95.25683,2024-01-12T06:55:00+00:00,2024-01-24T06:30:00+00:00,2,2,5.805,6.94,"https://worldview.earthdata.nasa.gov/?v=95.21683,16.12203,95.29683,16.16203&l=Reference_Labels_15m(hidden),DoS_International_Boundaries(hidden),Coastlines_15m,VIIRS_SNPP_Thermal_Anomalies_375m_All,OCI_PACE_True_Color(hidden),VIIRS_NOAA21_CorrectedReflectance_TrueColor(hidden),VIIRS_NOAA20_CorrectedReflectance_TrueColor(hidden),VIIRS_SNPP_CorrectedReflectance_TrueColor&lg=true&t=2024-01-24-T00%3A00%3A00Z",https://www.openstreetmap.org/?mlat=16.14203&mlon=95.25683#map=14/16.14203/95.25683,VIIRS_SNPP_SP,firms-snpp-2024-v1
RV1-0306,mishhverse,development_only,485_1471,2024-04,firms-7636a0b66218343ca9ef79f9,2024-04-28T08:32:00+00:00,24.29628,73.56467,2024-04-28T08:32:00+00:00,2024-04-28T08:32:00+00:00,1,1,7.77,7.77,"https://worldview.earthdata.nasa.gov/?v=73.52467,24.27628,73.60467,24.31628&l=Reference_Labels_15m(hidden),DoS_International_Boundaries(hidden),Coastlines_15m,VIIRS_SNPP_Thermal_Anomalies_375m_All,OCI_PACE_True_Color(hidden),VIIRS_NOAA21_CorrectedReflectance_TrueColor(hidden),VIIRS_NOAA20_CorrectedReflectance_TrueColor(hidden),VIIRS_SNPP_CorrectedReflectance_TrueColor&lg=true&t=2024-04-28-T00%3A00%3A00Z",https://www.openstreetmap.org/?mlat=24.29628&mlon=73.56467#map=14/24.29628/73.56467,VIIRS_SNPP_SP,firms-snpp-2024-v1
RV1-0307,NuclearVenom,development_only,475_1514,2024-04,firms-0598a305e6017b585b78659a,2024-04-20T07:42:00+00:00,23.78196,75.72803,2024-04-15T07:36:00+00:00,2024-04-20T07:42:00+00:00,3,2,4.23,5.01,"https://worldview.earthdata.nasa.gov/?v=75.68803,23.76196,75.76803,23.80196&l=Reference_Labels_15m(hidden),DoS_International_Boundaries(hidden),Coastlines_15m,VIIRS_SNPP_Thermal_Anomalies_375m_All,OCI_PACE_True_Color(hidden),VIIRS_NOAA21_CorrectedReflectance_TrueColor(hidden),VIIRS_NOAA20_CorrectedReflectance_TrueColor(hidden),VIIRS_SNPP_CorrectedReflectance_TrueColor&lg=true&t=2024-04-20-T00%3A00%3A00Z",https://www.openstreetmap.org/?mlat=23.78196&mlon=75.72803#map=14/23.78196/75.72803,VIIRS_SNPP_SP,firms-snpp-2024-v1
RV1-0308,rajeet-04,development_only,403_1681,2025-03,firms-3b7da77b0b59da20323588a0,2025-03-28T19:57:00+00:00,20.19977,84.0797,2025-03-18T07:15:00+00:00,2025-03-31T08:12:00+00:00,3,3,1.87,6.19,"https://worldview.earthdata.nasa.gov/?v=84.03970,20.17977,84.11970,20.21977&l=Reference_Labels_15m(hidden),DoS_International_Boundaries(hidden),Coastlines_15m,VIIRS_SNPP_Thermal_Anomalies_375m_All,OCI_PACE_True_Color(hidden),VIIRS_NOAA21_CorrectedReflectance_TrueColor(hidden),VIIRS_NOAA20_CorrectedReflectance_TrueColor(hidden),VIIRS_SNPP_CorrectedReflectance_TrueColor&lg=true&t=2025-03-28-T00%3A00%3A00Z",https://www.openstreetmap.org/?mlat=20.19977&mlon=84.07970#map=14/20.19977/84.07970,VIIRS_SNPP_SP,firms-snpp-2025-v1
RV1-0309,DeepaliSingh10,development_only,420_1605,2024-03,firms-6e207242dfd9f82f7164dc7a,2024-03-29T07:53:00+00:00,21.04018,80.28902,2024-03-29T07:53:00+00:00,2024-03-29T07:53:00+00:00,7,1,3.28,5.46,"https://worldview.earthdata.nasa.gov/?v=80.24902,21.02018,80.32902,21.06018&l=Reference_Labels_15m(hidden),DoS_International_Boundaries(hidden),Coastlines_15m,VIIRS_SNPP_Thermal_Anomalies_375m_All,OCI_PACE_True_Color(hidden),VIIRS_NOAA21_CorrectedReflectance_TrueColor(hidden),VIIRS_NOAA20_CorrectedReflectance_TrueColor(hidden),VIIRS_SNPP_CorrectedReflectance_TrueColor&lg=true&t=2024-03-29-T00%3A00%3A00Z",https://www.openstreetmap.org/?mlat=21.04018&mlon=80.28902#map=14/21.04018/80.28902,VIIRS_SNPP_SP,firms-snpp-2024-v1
RV1-0310,Somsubhra-Nandi,development_only,184_1556,2024-01,firms-bb0f287e87022cd6c72c0753,2024-01-26T07:31:00+00:00,9.24452,77.82844,2024-01-26T07:31:00+00:00,2024-01-26T07:31:00+00:00,1,1,3.23,3.23,"https://worldview.earthdata.nasa.gov/?v=77.78844,9.22452,77.86844,9.26452&l=Reference_Labels_15m(hidden),DoS_International_Boundaries(hidden),Coastlines_15m,VIIRS_SNPP_Thermal_Anomalies_375m_All,OCI_PACE_True_Color(hidden),VIIRS_NOAA21_CorrectedReflectance_TrueColor(hidden),VIIRS_NOAA20_CorrectedReflectance_TrueColor(hidden),VIIRS_SNPP_CorrectedReflectance_TrueColor&lg=true&t=2024-01-26-T00%3A00%3A00Z",https://www.openstreetmap.org/?mlat=9.24452&mlon=77.82844#map=14/9.24452/77.82844,VIIRS_SNPP_SP,firms-snpp-2024-v1
RV1-0311,Subhra-Nandi,development_only,365_1902,2024-01,firms-09f2634e583f10d34f34a013,2024-01-28T06:56:00+00:00,18.25509,95.11813,2024-01-28T06:56:00+00:00,2024-01-28T06:56:00+00:00,1,1,6.04,6.04,"https://worldview.earthdata.nasa.gov/?v=95.07813,18.23509,95.15813,18.27509&l=Reference_Labels_15m(hidden),DoS_International_Boundaries(hidden),Coastlines_15m,VIIRS_SNPP_Thermal_Anomalies_375m_All,OCI_PACE_True_Color(hidden),VIIRS_NOAA21_CorrectedReflectance_TrueColor(hidden),VIIRS_NOAA20_CorrectedReflectance_TrueColor(hidden),VIIRS_SNPP_CorrectedReflectance_TrueColor&lg=true&t=2024-01-28-T00%3A00%3A00Z",https://www.openstreetmap.org/?mlat=18.25509&mlon=95.11813#map=14/18.25509/95.11813,VIIRS_SNPP_SP,firms-snpp-2024-v1
RV1-0312,mishhverse,development_only,553_1601,2024-11,firms-f0f07e13cc9f62bd2f8c9840,2024-11-07T08:13:00+00:00,27.66127,80.06359,2024-11-07T08:13:00+00:00,2024-11-07T08:13:00+00:00,2,1,4.315,4.94,"https://worldview.earthdata.nasa.gov/?v=80.02359,27.64127,80.10359,27.68127&l=Reference_Labels_15m(hidden),DoS_International_Boundaries(hidden),Coastlines_15m,VIIRS_SNPP_Thermal_Anomalies_375m_All,OCI_PACE_True_Color(hidden),VIIRS_NOAA21_CorrectedReflectance_TrueColor(hidden),VIIRS_NOAA20_CorrectedReflectance_TrueColor(hidden),VIIRS_SNPP_CorrectedReflectance_TrueColor&lg=true&t=2024-11-07-T00%3A00%3A00Z",https://www.openstreetmap.org/?mlat=27.66127&mlon=80.06359#map=14/27.66127/80.06359,VIIRS_SNPP_SP,firms-snpp-2024-v1
RV1-0313,NuclearVenom,development_only,363_1618,2025-03,firms-9331ba270a8adc89e41468bd,2025-03-20T08:17:00+00:00,18.18582,80.93522,2025-03-15T08:11:00+00:00,2025-03-26T08:05:00+00:00,10,5,4.18,11.37,"https://worldview.earthdata.nasa.gov/?v=80.89522,18.16582,80.97522,18.20582&l=Reference_Labels_15m(hidden),DoS_International_Boundaries(hidden),Coastlines_15m,VIIRS_SNPP_Thermal_Anomalies_375m_All,OCI_PACE_True_Color(hidden),VIIRS_NOAA21_CorrectedReflectance_TrueColor(hidden),VIIRS_NOAA20_CorrectedReflectance_TrueColor(hidden),VIIRS_SNPP_CorrectedReflectance_TrueColor&lg=true&t=2025-03-20-T00%3A00%3A00Z",https://www.openstreetmap.org/?mlat=18.18582&mlon=80.93522#map=14/18.18582/80.93522,VIIRS_SNPP_SP,firms-snpp-2025-v1
RV1-0314,rajeet-04,development_only,418_1873,2024-03,firms-b2d1fa155ccbfa113b3a7c9a,2024-03-15T19:44:00+00:00,20.94639,93.67999,2024-03-11T06:50:00+00:00,2024-03-15T19:44:00+00:00,2,2,4.865,8.84,"https://worldview.earthdata.nasa.gov/?v=93.63999,20.92639,93.71999,20.96639&l=Reference_Labels_15m(hidden),DoS_International_Boundaries(hidden),Coastlines_15m,VIIRS_SNPP_Thermal_Anomalies_375m_All,OCI_PACE_True_Color(hidden),VIIRS_NOAA21_CorrectedReflectance_TrueColor(hidden),VIIRS_NOAA20_CorrectedReflectance_TrueColor(hidden),VIIRS_SNPP_CorrectedReflectance_TrueColor&lg=true&t=2024-03-15-T00%3A00%3A00Z",https://www.openstreetmap.org/?mlat=20.94639&mlon=93.67999#map=14/20.94639/93.67999,VIIRS_SNPP_SP,firms-snpp-2024-v1
RV1-0315,DeepaliSingh10,development_only,174_1615,2024-08,firms-5df494f86f0fa6c9ce6b5af6,2024-08-03T08:09:00+00:00,8.71814,80.75565,2024-08-03T08:09:00+00:00,2024-08-03T08:09:00+00:00,2,1,5.6850000000000005,5.94,"https://worldview.earthdata.nasa.gov/?v=80.71565,8.69814,80.79565,8.73814&l=Reference_Labels_15m(hidden),DoS_International_Boundaries(hidden),Coastlines_15m,VIIRS_SNPP_Thermal_Anomalies_375m_All,OCI_PACE_True_Color(hidden),VIIRS_NOAA21_CorrectedReflectance_TrueColor(hidden),VIIRS_NOAA20_CorrectedReflectance_TrueColor(hidden),VIIRS_SNPP_CorrectedReflectance_TrueColor&lg=true&t=2024-08-03-T00%3A00%3A00Z",https://www.openstreetmap.org/?mlat=8.71814&mlon=80.75565#map=14/8.71814/80.75565,VIIRS_SNPP_SP,firms-snpp-2024-v1
RV1-0316,Somsubhra-Nandi,development_only,571_1599,2024-10,firms-daf320eb3ff74c89cf9f7ba4,2024-10-13T07:42:00+00:00,28.55225,79.99397,2024-10-13T07:42:00+00:00,2024-10-13T07:42:00+00:00,1,1,6.03,6.03,"https://worldview.earthdata.nasa.gov/?v=79.95397,28.53225,80.03397,28.57225&l=Reference_Labels_15m(hidden),DoS_International_Boundaries(hidden),Coastlines_15m,VIIRS_SNPP_Thermal_Anomalies_375m_All,OCI_PACE_True_Color(hidden),VIIRS_NOAA21_CorrectedReflectance_TrueColor(hidden),VIIRS_NOAA20_CorrectedReflectance_TrueColor(hidden),VIIRS_SNPP_CorrectedReflectance_TrueColor&lg=true&t=2024-10-13-T00%3A00%3A00Z",https://www.openstreetmap.org/?mlat=28.55225&mlon=79.99397#map=14/28.55225/79.99397,VIIRS_SNPP_SP,firms-snpp-2024-v1
RV1-0317,Subhra-Nandi,development_only,415_1915,2024-02,firms-d18fee9e11d5c9990f809d5d,2024-02-29T06:56:00+00:00,20.79554,95.7781,2024-02-29T06:56:00+00:00,2024-02-29T06:56:00+00:00,1,1,2.74,2.74,"https://worldview.earthdata.nasa.gov/?v=95.73810,20.77554,95.81810,20.81554&l=Reference_Labels_15m(hidden),DoS_International_Boundaries(hidden),Coastlines_15m,VIIRS_SNPP_Thermal_Anomalies_375m_All,OCI_PACE_True_Color(hidden),VIIRS_NOAA21_CorrectedReflectance_TrueColor(hidden),VIIRS_NOAA20_CorrectedReflectance_TrueColor(hidden),VIIRS_SNPP_CorrectedReflectance_TrueColor&lg=true&t=2024-02-29-T00%3A00%3A00Z",https://www.openstreetmap.org/?mlat=20.79554&mlon=95.77810#map=14/20.79554/95.77810,VIIRS_SNPP_SP,firms-snpp-2024-v1
RV1-0318,mishhverse,development_only,188_1541,2024-01,firms-92e51b01e0b4bea5562497f4,2024-01-14T20:32:00+00:00,9.4343,77.08314,2024-01-14T20:32:00+00:00,2024-01-14T20:32:00+00:00,1,1,0.39,0.39,"https://worldview.earthdata.nasa.gov/?v=77.04314,9.41430,77.12314,9.45430&l=Reference_Labels_15m(hidden),DoS_International_Boundaries(hidden),Coastlines_15m,VIIRS_SNPP_Thermal_Anomalies_375m_All,OCI_PACE_True_Color(hidden),VIIRS_NOAA21_CorrectedReflectance_TrueColor(hidden),VIIRS_NOAA20_CorrectedReflectance_TrueColor(hidden),VIIRS_SNPP_CorrectedReflectance_TrueColor&lg=true&t=2024-01-14-T00%3A00%3A00Z",https://www.openstreetmap.org/?mlat=9.43430&mlon=77.08314#map=14/9.43430/77.08314,VIIRS_SNPP_SP,firms-snpp-2024-v1
RV1-0319,NuclearVenom,development_only,404_1926,2024-12,firms-6dfec7716def7aa999bca03d,2024-12-29T06:56:00+00:00,20.21074,96.30151,2024-12-29T06:56:00+00:00,2024-12-31T06:18:00+00:00,3,2,4.93,10.77,"https://worldview.earthdata.nasa.gov/?v=96.26151,20.19074,96.34151,20.23074&l=Reference_Labels_15m(hidden),DoS_International_Boundaries(hidden),Coastlines_15m,VIIRS_SNPP_Thermal_Anomalies_375m_All,OCI_PACE_True_Color(hidden),VIIRS_NOAA21_CorrectedReflectance_TrueColor(hidden),VIIRS_NOAA20_CorrectedReflectance_TrueColor(hidden),VIIRS_SNPP_CorrectedReflectance_TrueColor&lg=true&t=2024-12-29-T00%3A00%3A00Z",https://www.openstreetmap.org/?mlat=20.21074&mlon=96.30151#map=14/20.21074/96.30151,VIIRS_SNPP_SP,firms-snpp-2024-v1
RV1-0320,rajeet-04,development_only,372_1666,2024-03,firms-0fb2ff800a944c52c52ec378,2024-03-13T07:52:00+00:00,18.64156,83.33308,2024-03-12T08:11:00+00:00,2024-03-26T07:09:00+00:00,4,3,4.245,10.67,"https://worldview.earthdata.nasa.gov/?v=83.29308,18.62156,83.37308,18.66156&l=Reference_Labels_15m(hidden),DoS_International_Boundaries(hidden),Coastlines_15m,VIIRS_SNPP_Thermal_Anomalies_375m_All,OCI_PACE_True_Color(hidden),VIIRS_NOAA21_CorrectedReflectance_TrueColor(hidden),VIIRS_NOAA20_CorrectedReflectance_TrueColor(hidden),VIIRS_SNPP_CorrectedReflectance_TrueColor&lg=true&t=2024-03-13-T00%3A00%3A00Z",https://www.openstreetmap.org/?mlat=18.64156&mlon=83.33308#map=14/18.64156/83.33308,VIIRS_SNPP_SP,firms-snpp-2024-v1
RV1-0321,DeepaliSingh10,development_only,519_1371,2024-12,firms-740af057ee8fdc1e8dd139e0,2024-12-14T08:20:00+00:00,25.9875,68.57427,2024-12-14T08:20:00+00:00,2024-12-14T08:20:00+00:00,1,1,7.87,7.87,"https://worldview.earthdata.nasa.gov/?v=68.53427,25.96750,68.61427,26.00750&l=Reference_Labels_15m(hidden),DoS_International_Boundaries(hidden),Coastlines_15m,VIIRS_SNPP_Thermal_Anomalies_375m_All,OCI_PACE_True_Color(hidden),VIIRS_NOAA21_CorrectedReflectance_TrueColor(hidden),VIIRS_NOAA20_CorrectedReflectance_TrueColor(hidden),VIIRS_SNPP_CorrectedReflectance_TrueColor&lg=true&t=2024-12-14-T00%3A00%3A00Z",https://www.openstreetmap.org/?mlat=25.98750&mlon=68.57427#map=14/25.98750/68.57427,VIIRS_SNPP_SP,firms-snpp-2024-v1
RV1-0322,Somsubhra-Nandi,development_only,410_1727,2024-02,firms-48f7945ed4c9941408d58084,2024-02-12T07:15:00+00:00,20.528,86.36594,2024-02-12T07:15:00+00:00,2024-02-12T07:15:00+00:00,2,1,4.98,5.05,"https://worldview.earthdata.nasa.gov/?v=86.32594,20.50800,86.40594,20.54800&l=Reference_Labels_15m(hidden),DoS_International_Boundaries(hidden),Coastlines_15m,VIIRS_SNPP_Thermal_Anomalies_375m_All,OCI_PACE_True_Color(hidden),VIIRS_NOAA21_CorrectedReflectance_TrueColor(hidden),VIIRS_NOAA20_CorrectedReflectance_TrueColor(hidden),VIIRS_SNPP_CorrectedReflectance_TrueColor&lg=true&t=2024-02-12-T00%3A00%3A00Z",https://www.openstreetmap.org/?mlat=20.52800&mlon=86.36594#map=14/20.52800/86.36594,VIIRS_SNPP_SP,firms-snpp-2024-v1
RV1-0323,Subhra-Nandi,development_only,621_1491,2024-10,firms-1eea9eae601e13332243251d,2024-10-01T08:08:00+00:00,31.06687,74.56196,2024-10-01T08:08:00+00:00,2024-10-31T08:46:00+00:00,3,2,4.1,4.83,"https://worldview.earthdata.nasa.gov/?v=74.52196,31.04687,74.60196,31.08687&l=Reference_Labels_15m(hidden),DoS_International_Boundaries(hidden),Coastlines_15m,VIIRS_SNPP_Thermal_Anomalies_375m_All,OCI_PACE_True_Color(hidden),VIIRS_NOAA21_CorrectedReflectance_TrueColor(hidden),VIIRS_NOAA20_CorrectedReflectance_TrueColor(hidden),VIIRS_SNPP_CorrectedReflectance_TrueColor&lg=true&t=2024-10-01-T00%3A00%3A00Z",https://www.openstreetmap.org/?mlat=31.06687&mlon=74.56196#map=14/31.06687/74.56196,VIIRS_SNPP_SP,firms-snpp-2024-v1
RV1-0324,mishhverse,development_only,451_1944,2025-02,firms-35820f56174ede538e7ca605,2025-02-28T18:41:00+00:00,22.59284,97.22009,2025-02-25T07:09:00+00:00,2025-02-28T18:41:00+00:00,6,3,1.355,20.13,"https://worldview.earthdata.nasa.gov/?v=97.18009,22.57284,97.26009,22.61284&l=Reference_Labels_15m(hidden),DoS_International_Boundaries(hidden),Coastlines_15m,VIIRS_SNPP_Thermal_Anomalies_375m_All,OCI_PACE_True_Color(hidden),VIIRS_NOAA21_CorrectedReflectance_TrueColor(hidden),VIIRS_NOAA20_CorrectedReflectance_TrueColor(hidden),VIIRS_SNPP_CorrectedReflectance_TrueColor&lg=true&t=2025-02-28-T00%3A00%3A00Z",https://www.openstreetmap.org/?mlat=22.59284&mlon=97.22009#map=14/22.59284/97.22009,VIIRS_SNPP_SP,firms-snpp-2025-v1
RV1-0325,NuclearVenom,development_only,596_1544,2024-02,firms-2a7ca41f628f47cc989b5b80,2024-02-15T08:02:00+00:00,29.82997,77.24331,2024-02-15T08:02:00+00:00,2024-02-15T08:02:00+00:00,1,1,3.62,3.62,"https://worldview.earthdata.nasa.gov/?v=77.20331,29.80997,77.28331,29.84997&l=Reference_Labels_15m(hidden),DoS_International_Boundaries(hidden),Coastlines_15m,VIIRS_SNPP_Thermal_Anomalies_375m_All,OCI_PACE_True_Color(hidden),VIIRS_NOAA21_CorrectedReflectance_TrueColor(hidden),VIIRS_NOAA20_CorrectedReflectance_TrueColor(hidden),VIIRS_SNPP_CorrectedReflectance_TrueColor&lg=true&t=2024-02-15-T00%3A00%3A00Z",https://www.openstreetmap.org/?mlat=29.82997&mlon=77.24331#map=14/29.82997/77.24331,VIIRS_SNPP_SP,firms-snpp-2024-v1
RV1-0326,rajeet-04,development_only,473_1553,2024-05,firms-b55f9a5e4b16c16cd1e8c010,2024-05-01T07:36:00+00:00,23.67155,77.65855,2024-05-01T07:36:00+00:00,2024-05-01T07:36:00+00:00,2,1,10.91,11.63,"https://worldview.earthdata.nasa.gov/?v=77.61855,23.65155,77.69855,23.69155&l=Reference_Labels_15m(hidden),DoS_International_Boundaries(hidden),Coastlines_15m,VIIRS_SNPP_Thermal_Anomalies_375m_All,OCI_PACE_True_Color(hidden),VIIRS_NOAA21_CorrectedReflectance_TrueColor(hidden),VIIRS_NOAA20_CorrectedReflectance_TrueColor(hidden),VIIRS_SNPP_CorrectedReflectance_TrueColor&lg=true&t=2024-05-01-T00%3A00%3A00Z",https://www.openstreetmap.org/?mlat=23.67155&mlon=77.65855#map=14/23.67155/77.65855,VIIRS_SNPP_SP,firms-snpp-2024-v1
RV1-0327,DeepaliSingh10,development_only,376_1522,2025-04,firms-bd6a2d7dc7db842b499e236b,2025-04-05T08:18:00+00:00,18.84055,76.10218,2025-04-05T08:18:00+00:00,2025-04-05T08:18:00+00:00,2,1,10.35,11.43,"https://worldview.earthdata.nasa.gov/?v=76.06218,18.82055,76.14218,18.86055&l=Reference_Labels_15m(hidden),DoS_International_Boundaries(hidden),Coastlines_15m,VIIRS_SNPP_Thermal_Anomalies_375m_All,OCI_PACE_True_Color(hidden),VIIRS_NOAA21_CorrectedReflectance_TrueColor(hidden),VIIRS_NOAA20_CorrectedReflectance_TrueColor(hidden),VIIRS_SNPP_CorrectedReflectance_TrueColor&lg=true&t=2025-04-05-T00%3A00%3A00Z",https://www.openstreetmap.org/?mlat=18.84055&mlon=76.10218#map=14/18.84055/76.10218,VIIRS_SNPP_SP,firms-snpp-2025-v1
RV1-0328,Somsubhra-Nandi,development_only,169_1558,2024-03,firms-82447d588df8140fcccc75af,2024-03-14T07:31:00+00:00,8.46979,77.92506,2024-03-14T07:31:00+00:00,2024-03-14T07:31:00+00:00,4,1,4.755000000000001,5.23,"https://worldview.earthdata.nasa.gov/?v=77.88506,8.44979,77.96506,8.48979&l=Reference_Labels_15m(hidden),DoS_International_Boundaries(hidden),Coastlines_15m,VIIRS_SNPP_Thermal_Anomalies_375m_All,OCI_PACE_True_Color(hidden),VIIRS_NOAA21_CorrectedReflectance_TrueColor(hidden),VIIRS_NOAA20_CorrectedReflectance_TrueColor(hidden),VIIRS_SNPP_CorrectedReflectance_TrueColor&lg=true&t=2024-03-14-T00%3A00%3A00Z",https://www.openstreetmap.org/?mlat=8.46979&mlon=77.92506#map=14/8.46979/77.92506,VIIRS_SNPP_SP,firms-snpp-2024-v1
RV1-0329,Subhra-Nandi,development_only,106_1916,2024-06,firms-dc3bedea8732e854a571a4eb,2024-06-26T06:38:00+00:00,5.32623,95.84513,2024-06-26T06:38:00+00:00,2024-06-26T06:38:00+00:00,2,1,9.129999999999999,9.17,"https://worldview.earthdata.nasa.gov/?v=95.80513,5.30623,95.88513,5.34623&l=Reference_Labels_15m(hidden),DoS_International_Boundaries(hidden),Coastlines_15m,VIIRS_SNPP_Thermal_Anomalies_375m_All,OCI_PACE_True_Color(hidden),VIIRS_NOAA21_CorrectedReflectance_TrueColor(hidden),VIIRS_NOAA20_CorrectedReflectance_TrueColor(hidden),VIIRS_SNPP_CorrectedReflectance_TrueColor&lg=true&t=2024-06-26-T00%3A00%3A00Z",https://www.openstreetmap.org/?mlat=5.32623&mlon=95.84513#map=14/5.32623/95.84513,VIIRS_SNPP_SP,firms-snpp-2024-v1
RV1-0330,mishhverse,development_only,467_1898,2025-04,firms-47ada2e2f4ca5db7428909fa,2025-04-04T06:57:00+00:00,23.37205,94.90614,2025-04-04T06:57:00+00:00,2025-04-04T06:57:00+00:00,6,1,3.87,4.82,"https://worldview.earthdata.nasa.gov/?v=94.86614,23.35205,94.94614,23.39205&l=Reference_Labels_15m(hidden),DoS_International_Boundaries(hidden),Coastlines_15m,VIIRS_SNPP_Thermal_Anomalies_375m_All,OCI_PACE_True_Color(hidden),VIIRS_NOAA21_CorrectedReflectance_TrueColor(hidden),VIIRS_NOAA20_CorrectedReflectance_TrueColor(hidden),VIIRS_SNPP_CorrectedReflectance_TrueColor&lg=true&t=2025-04-04-T00%3A00%3A00Z",https://www.openstreetmap.org/?mlat=23.37205&mlon=94.90614#map=14/23.37205/94.90614,VIIRS_SNPP_SP,firms-snpp-2025-v1
RV1-0331,NuclearVenom,development_only,472_1509,2024-04,firms-d545911f22b210f7d7507650,2024-04-13T20:41:00+00:00,23.64285,75.4818,2024-04-04T07:42:00+00:00,2024-04-22T21:12:00+00:00,4,3,1.755,5.25,"https://worldview.earthdata.nasa.gov/?v=75.44180,23.62285,75.52180,23.66285&l=Reference_Labels_15m(hidden),DoS_International_Boundaries(hidden),Coastlines_15m,VIIRS_SNPP_Thermal_Anomalies_375m_All,OCI_PACE_True_Color(hidden),VIIRS_NOAA21_CorrectedReflectance_TrueColor(hidden),VIIRS_NOAA20_CorrectedReflectance_TrueColor(hidden),VIIRS_SNPP_CorrectedReflectance_TrueColor&lg=true&t=2024-04-13-T00%3A00%3A00Z",https://www.openstreetmap.org/?mlat=23.64285&mlon=75.48180#map=14/23.64285/75.48180,VIIRS_SNPP_SP,firms-snpp-2024-v1
RV1-0332,rajeet-04,development_only,469_1871,2024-03,firms-7ecaae6f006404ed3394ce80,2024-03-11T06:50:00+00:00,23.45504,93.56374,2024-03-05T07:03:00+00:00,2024-03-11T06:51:00+00:00,10,2,8.83,42.23,"https://worldview.earthdata.nasa.gov/?v=93.52374,23.43504,93.60374,23.47504&l=Reference_Labels_15m(hidden),DoS_International_Boundaries(hidden),Coastlines_15m,VIIRS_SNPP_Thermal_Anomalies_375m_All,OCI_PACE_True_Color(hidden),VIIRS_NOAA21_CorrectedReflectance_TrueColor(hidden),VIIRS_NOAA20_CorrectedReflectance_TrueColor(hidden),VIIRS_SNPP_CorrectedReflectance_TrueColor&lg=true&t=2024-03-11-T00%3A00%3A00Z",https://www.openstreetmap.org/?mlat=23.45504&mlon=93.56374#map=14/23.45504/93.56374,VIIRS_SNPP_SP,firms-snpp-2024-v1
RV1-0333,DeepaliSingh10,development_only,641_1501,2024-10,firms-219f00788eb60bb21e8ddb29,2024-10-30T09:05:00+00:00,32.09055,75.09319,2024-10-18T07:49:00+00:00,2024-10-30T09:05:00+00:00,3,2,7.62,9.39,"https://worldview.earthdata.nasa.gov/?v=75.05319,32.07055,75.13319,32.11055&l=Reference_Labels_15m(hidden),DoS_International_Boundaries(hidden),Coastlines_15m,VIIRS_SNPP_Thermal_Anomalies_375m_All,OCI_PACE_True_Color(hidden),VIIRS_NOAA21_CorrectedReflectance_TrueColor(hidden),VIIRS_NOAA20_CorrectedReflectance_TrueColor(hidden),VIIRS_SNPP_CorrectedReflectance_TrueColor&lg=true&t=2024-10-30-T00%3A00%3A00Z",https://www.openstreetmap.org/?mlat=32.09055&mlon=75.09319#map=14/32.09055/75.09319,VIIRS_SNPP_SP,firms-snpp-2024-v1
RV1-0334,Somsubhra-Nandi,development_only,387_1940,2025-04,firms-16d01b111bfc7646cf28e8f8,2025-04-03T07:14:00+00:00,19.39578,97.04633,2025-04-01T06:12:00+00:00,2025-04-11T06:24:00+00:00,9,5,12.1,116.91,"https://worldview.earthdata.nasa.gov/?v=97.00633,19.37578,97.08633,19.41578&l=Reference_Labels_15m(hidden),DoS_International_Boundaries(hidden),Coastlines_15m,VIIRS_SNPP_Thermal_Anomalies_375m_All,OCI_PACE_True_Color(hidden),VIIRS_NOAA21_CorrectedReflectance_TrueColor(hidden),VIIRS_NOAA20_CorrectedReflectance_TrueColor(hidden),VIIRS_SNPP_CorrectedReflectance_TrueColor&lg=true&t=2025-04-03-T00%3A00%3A00Z",https://www.openstreetmap.org/?mlat=19.39578&mlon=97.04633#map=14/19.39578/97.04633,VIIRS_SNPP_SP,firms-snpp-2025-v1
RV1-0335,Subhra-Nandi,development_only,447_1843,2024-04,firms-80bff2b35e9ef4a5fed5ae37,2024-04-11T07:09:00+00:00,22.39961,92.15032,2024-04-11T07:09:00+00:00,2024-04-11T07:09:00+00:00,2,1,3.63,4.47,"https://worldview.earthdata.nasa.gov/?v=92.11032,22.37961,92.19032,22.41961&l=Reference_Labels_15m(hidden),DoS_International_Boundaries(hidden),Coastlines_15m,VIIRS_SNPP_Thermal_Anomalies_375m_All,OCI_PACE_True_Color(hidden),VIIRS_NOAA21_CorrectedReflectance_TrueColor(hidden),VIIRS_NOAA20_CorrectedReflectance_TrueColor(hidden),VIIRS_SNPP_CorrectedReflectance_TrueColor&lg=true&t=2024-04-11-T00%3A00%3A00Z",https://www.openstreetmap.org/?mlat=22.39961&mlon=92.15032#map=14/22.39961/92.15032,VIIRS_SNPP_SP,firms-snpp-2024-v1
RV1-0336,mishhverse,development_only,468_1554,2025-04,firms-3576cc4872f363708d9f53f7,2025-04-20T08:39:00+00:00,23.40301,77.72464,2025-04-19T07:17:00+00:00,2025-04-30T07:11:00+00:00,35,5,4.32,30.04,"https://worldview.earthdata.nasa.gov/?v=77.68464,23.38301,77.76464,23.42301&l=Reference_Labels_15m(hidden),DoS_International_Boundaries(hidden),Coastlines_15m,VIIRS_SNPP_Thermal_Anomalies_375m_All,OCI_PACE_True_Color(hidden),VIIRS_NOAA21_CorrectedReflectance_TrueColor(hidden),VIIRS_NOAA20_CorrectedReflectance_TrueColor(hidden),VIIRS_SNPP_CorrectedReflectance_TrueColor&lg=true&t=2025-04-20-T00%3A00%3A00Z",https://www.openstreetmap.org/?mlat=23.40301&mlon=77.72464#map=14/23.40301/77.72464,VIIRS_SNPP_SP,firms-snpp-2025-v1
RV1-0337,NuclearVenom,development_only,477_1611,2024-11,firms-79fc53dedb8cf8d7ff2b5f55,2024-11-19T07:47:00+00:00,23.89829,80.57419,2024-11-18T08:05:00+00:00,2024-11-29T07:59:00+00:00,5,3,2.6,4.38,"https://worldview.earthdata.nasa.gov/?v=80.53419,23.87829,80.61419,23.91829&l=Reference_Labels_15m(hidden),DoS_International_Boundaries(hidden),Coastlines_15m,VIIRS_SNPP_Thermal_Anomalies_375m_All,OCI_PACE_True_Color(hidden),VIIRS_NOAA21_CorrectedReflectance_TrueColor(hidden),VIIRS_NOAA20_CorrectedReflectance_TrueColor(hidden),VIIRS_SNPP_CorrectedReflectance_TrueColor&lg=true&t=2024-11-19-T00%3A00%3A00Z",https://www.openstreetmap.org/?mlat=23.89829&mlon=80.57419#map=14/23.89829/80.57419,VIIRS_SNPP_SP,firms-snpp-2024-v1
RV1-0338,rajeet-04,development_only,640_1427,2024-02,firms-7c123b401467e44d55d06f02,2024-02-20T08:09:00+00:00,32.00316,71.36594,2024-02-20T08:09:00+00:00,2024-02-20T08:09:00+00:00,1,1,1.49,1.49,"https://worldview.earthdata.nasa.gov/?v=71.32594,31.98316,71.40594,32.02316&l=Reference_Labels_15m(hidden),DoS_International_Boundaries(hidden),Coastlines_15m,VIIRS_SNPP_Thermal_Anomalies_375m_All,OCI_PACE_True_Color(hidden),VIIRS_NOAA21_CorrectedReflectance_TrueColor(hidden),VIIRS_NOAA20_CorrectedReflectance_TrueColor(hidden),VIIRS_SNPP_CorrectedReflectance_TrueColor&lg=true&t=2024-02-20-T00%3A00%3A00Z",https://www.openstreetmap.org/?mlat=32.00316&mlon=71.36594#map=14/32.00316/71.36594,VIIRS_SNPP_SP,firms-snpp-2024-v1
RV1-0339,DeepaliSingh10,development_only,425_1607,2024-06,firms-838e7357cb0ee519071166a5,2024-06-09T07:03:00+00:00,21.29851,80.39676,2024-06-09T07:03:00+00:00,2024-06-09T07:03:00+00:00,1,1,2.72,2.72,"https://worldview.earthdata.nasa.gov/?v=80.35676,21.27851,80.43676,21.31851&l=Reference_Labels_15m(hidden),DoS_International_Boundaries(hidden),Coastlines_15m,VIIRS_SNPP_Thermal_Anomalies_375m_All,OCI_PACE_True_Color(hidden),VIIRS_NOAA21_CorrectedReflectance_TrueColor(hidden),VIIRS_NOAA20_CorrectedReflectance_TrueColor(hidden),VIIRS_SNPP_CorrectedReflectance_TrueColor&lg=true&t=2024-06-09-T00%3A00%3A00Z",https://www.openstreetmap.org/?mlat=21.29851&mlon=80.39676#map=14/21.29851/80.39676,VIIRS_SNPP_SP,firms-snpp-2024-v1
RV1-0340,Somsubhra-Nandi,development_only,400_1651,2025-03,firms-0a50ce83020356ae1c9bdb81,2025-03-13T07:09:00+00:00,20.01832,82.55407,2025-03-01T07:34:00+00:00,2025-03-17T20:04:00+00:00,12,6,4.5249999999999995,10.07,"https://worldview.earthdata.nasa.gov/?v=82.51407,19.99832,82.59407,20.03832&l=Reference_Labels_15m(hidden),DoS_International_Boundaries(hidden),Coastlines_15m,VIIRS_SNPP_Thermal_Anomalies_375m_All,OCI_PACE_True_Color(hidden),VIIRS_NOAA21_CorrectedReflectance_TrueColor(hidden),VIIRS_NOAA20_CorrectedReflectance_TrueColor(hidden),VIIRS_SNPP_CorrectedReflectance_TrueColor&lg=true&t=2025-03-13-T00%3A00%3A00Z",https://www.openstreetmap.org/?mlat=20.01832&mlon=82.55407#map=14/20.01832/82.55407,VIIRS_SNPP_SP,firms-snpp-2025-v1
RV1-0341,Subhra-Nandi,development_only,498_1728,2025-03,firms-d07e93fffc3785a0992cbde9,2025-03-02T07:17:00+00:00,24.91345,86.40098,2025-03-02T07:17:00+00:00,2025-03-02T07:17:00+00:00,1,1,2.39,2.39,"https://worldview.earthdata.nasa.gov/?v=86.36098,24.89345,86.44098,24.93345&l=Reference_Labels_15m(hidden),DoS_International_Boundaries(hidden),Coastlines_15m,VIIRS_SNPP_Thermal_Anomalies_375m_All,OCI_PACE_True_Color(hidden),VIIRS_NOAA21_CorrectedReflectance_TrueColor(hidden),VIIRS_NOAA20_CorrectedReflectance_TrueColor(hidden),VIIRS_SNPP_CorrectedReflectance_TrueColor&lg=true&t=2025-03-02-T00%3A00%3A00Z",https://www.openstreetmap.org/?mlat=24.91345&mlon=86.40098#map=14/24.91345/86.40098,VIIRS_SNPP_SP,firms-snpp-2025-v1
RV1-0342,mishhverse,development_only,374_1637,2025-03,firms-ed840bd4409c5a009ca10fb2,2025-03-11T07:46:00+00:00,18.71808,81.85876,2025-03-04T08:18:00+00:00,2025-03-11T07:46:00+00:00,2,2,5.845,8.37,"https://worldview.earthdata.nasa.gov/?v=81.81876,18.69808,81.89876,18.73808&l=Reference_Labels_15m(hidden),DoS_International_Boundaries(hidden),Coastlines_15m,VIIRS_SNPP_Thermal_Anomalies_375m_All,OCI_PACE_True_Color(hidden),VIIRS_NOAA21_CorrectedReflectance_TrueColor(hidden),VIIRS_NOAA20_CorrectedReflectance_TrueColor(hidden),VIIRS_SNPP_CorrectedReflectance_TrueColor&lg=true&t=2025-03-11-T00%3A00%3A00Z",https://www.openstreetmap.org/?mlat=18.71808&mlon=81.85876#map=14/18.71808/81.85876,VIIRS_SNPP_SP,firms-snpp-2025-v1
RV1-0343,NuclearVenom,development_only,330_1893,2024-02,firms-6e318c7eb14229cdd4f21cbf,2024-02-25T06:30:00+00:00,16.54213,94.65217,2024-02-03T06:42:00+00:00,2024-02-25T06:30:00+00:00,3,2,19.4,19.4,"https://worldview.earthdata.nasa.gov/?v=94.61217,16.52213,94.69217,16.56213&l=Reference_Labels_15m(hidden),DoS_International_Boundaries(hidden),Coastlines_15m,VIIRS_SNPP_Thermal_Anomalies_375m_All,OCI_PACE_True_Color(hidden),VIIRS_NOAA21_CorrectedReflectance_TrueColor(hidden),VIIRS_NOAA20_CorrectedReflectance_TrueColor(hidden),VIIRS_SNPP_CorrectedReflectance_TrueColor&lg=true&t=2024-02-25-T00%3A00%3A00Z",https://www.openstreetmap.org/?mlat=16.54213&mlon=94.65217#map=14/16.54213/94.65217,VIIRS_SNPP_SP,firms-snpp-2024-v1
RV1-0344,rajeet-04,development_only,559_1532,2025-02,firms-cd88c46bd17ac5db11af3d49,2025-02-16T08:21:00+00:00,27.95761,76.63692,2025-02-16T08:21:00+00:00,2025-02-16T08:21:00+00:00,1,1,3.51,3.51,"https://worldview.earthdata.nasa.gov/?v=76.59692,27.93761,76.67692,27.97761&l=Reference_Labels_15m(hidden),DoS_International_Boundaries(hidden),Coastlines_15m,VIIRS_SNPP_Thermal_Anomalies_375m_All,OCI_PACE_True_Color(hidden),VIIRS_NOAA21_CorrectedReflectance_TrueColor(hidden),VIIRS_NOAA20_CorrectedReflectance_TrueColor(hidden),VIIRS_SNPP_CorrectedReflectance_TrueColor&lg=true&t=2025-02-16-T00%3A00%3A00Z",https://www.openstreetmap.org/?mlat=27.95761&mlon=76.63692#map=14/27.95761/76.63692,VIIRS_SNPP_SP,firms-snpp-2025-v1
RV1-0345,DeepaliSingh10,development_only,382_1580,2025-03,firms-b57c3f6d8cf26a4b5232ca65,2025-03-08T08:43:00+00:00,19.14161,79.0466,2025-03-06T07:40:00+00:00,2025-03-30T08:30:00+00:00,6,5,3.76,9.01,"https://worldview.earthdata.nasa.gov/?v=79.00660,19.12161,79.08660,19.16161&l=Reference_Labels_15m(hidden),DoS_International_Boundaries(hidden),Coastlines_15m,VIIRS_SNPP_Thermal_Anomalies_375m_All,OCI_PACE_True_Color(hidden),VIIRS_NOAA21_CorrectedReflectance_TrueColor(hidden),VIIRS_NOAA20_CorrectedReflectance_TrueColor(hidden),VIIRS_SNPP_CorrectedReflectance_TrueColor&lg=true&t=2025-03-08-T00%3A00%3A00Z",https://www.openstreetmap.org/?mlat=19.14161&mlon=79.04660#map=14/19.14161/79.04660,VIIRS_SNPP_SP,firms-snpp-2025-v1
RV1-0346,Somsubhra-Nandi,development_only,662_1489,2025-04,firms-1305cd41c76e0812d2873799,2025-04-26T20:51:00+00:00,33.12248,74.45962,2025-04-26T20:51:00+00:00,2025-04-26T20:51:00+00:00,1,1,0.93,0.93,"https://worldview.earthdata.nasa.gov/?v=74.41962,33.10248,74.49962,33.14248&l=Reference_Labels_15m(hidden),DoS_International_Boundaries(hidden),Coastlines_15m,VIIRS_SNPP_Thermal_Anomalies_375m_All,OCI_PACE_True_Color(hidden),VIIRS_NOAA21_CorrectedReflectance_TrueColor(hidden),VIIRS_NOAA20_CorrectedReflectance_TrueColor(hidden),VIIRS_SNPP_CorrectedReflectance_TrueColor&lg=true&t=2025-04-26-T00%3A00%3A00Z",https://www.openstreetmap.org/?mlat=33.12248&mlon=74.45962#map=14/33.12248/74.45962,VIIRS_SNPP_SP,firms-snpp-2025-v1
RV1-0347,Subhra-Nandi,development_only,301_1559,2024-11,firms-4fcf35f1068421f551f7eaeb,2024-11-09T20:04:00+00:00,15.06178,77.95131,2024-11-09T20:04:00+00:00,2024-11-09T20:04:00+00:00,1,1,0.71,0.71,"https://worldview.earthdata.nasa.gov/?v=77.91131,15.04178,77.99131,15.08178&l=Reference_Labels_15m(hidden),DoS_International_Boundaries(hidden),Coastlines_15m,VIIRS_SNPP_Thermal_Anomalies_375m_All,OCI_PACE_True_Color(hidden),VIIRS_NOAA21_CorrectedReflectance_TrueColor(hidden),VIIRS_NOAA20_CorrectedReflectance_TrueColor(hidden),VIIRS_SNPP_CorrectedReflectance_TrueColor&lg=true&t=2024-11-09-T00%3A00%3A00Z",https://www.openstreetmap.org/?mlat=15.06178&mlon=77.95131#map=14/15.06178/77.95131,VIIRS_SNPP_SP,firms-snpp-2024-v1
RV1-0348,mishhverse,development_only,469_1500,2025-03,firms-5d065f53e33d31f58686fd92,2025-03-22T07:41:00+00:00,23.45134,75.02194,2025-03-22T07:41:00+00:00,2025-03-22T07:41:00+00:00,1,1,5.18,5.18,"https://worldview.earthdata.nasa.gov/?v=74.98194,23.43134,75.06194,23.47134&l=Reference_Labels_15m(hidden),DoS_International_Boundaries(hidden),Coastlines_15m,VIIRS_SNPP_Thermal_Anomalies_375m_All,OCI_PACE_True_Color(hidden),VIIRS_NOAA21_CorrectedReflectance_TrueColor(hidden),VIIRS_NOAA20_CorrectedReflectance_TrueColor(hidden),VIIRS_SNPP_CorrectedReflectance_TrueColor&lg=true&t=2025-03-22-T00%3A00%3A00Z",https://www.openstreetmap.org/?mlat=23.45134&mlon=75.02194#map=14/23.45134/75.02194,VIIRS_SNPP_SP,firms-snpp-2025-v1
RV1-0349,NuclearVenom,development_only,402_1600,2025-03,firms-70098206440b057f92435725,2025-03-14T08:31:00+00:00,20.1331,80.03928,2025-03-05T07:59:00+00:00,2025-03-31T08:12:00+00:00,9,7,3.21,10.69,"https://worldview.earthdata.nasa.gov/?v=79.99928,20.11310,80.07928,20.15310&l=Reference_Labels_15m(hidden),DoS_International_Boundaries(hidden),Coastlines_15m,VIIRS_SNPP_Thermal_Anomalies_375m_All,OCI_PACE_True_Color(hidden),VIIRS_NOAA21_CorrectedReflectance_TrueColor(hidden),VIIRS_NOAA20_CorrectedReflectance_TrueColor(hidden),VIIRS_SNPP_CorrectedReflectance_TrueColor&lg=true&t=2025-03-14-T00%3A00%3A00Z",https://www.openstreetmap.org/?mlat=20.13310&mlon=80.03928#map=14/20.13310/80.03928,VIIRS_SNPP_SP,firms-snpp-2025-v1
RV1-0350,rajeet-04,development_only,430_1505,2024-04,firms-697c5551bb723487c8f7b2dc,2024-04-29T08:13:00+00:00,21.52318,75.281,2024-04-03T20:29:00+00:00,2024-04-29T08:13:00+00:00,3,2,7.74,8.17,"https://worldview.earthdata.nasa.gov/?v=75.24100,21.50318,75.32100,21.54318&l=Reference_Labels_15m(hidden),DoS_International_Boundaries(hidden),Coastlines_15m,VIIRS_SNPP_Thermal_Anomalies_375m_All,OCI_PACE_True_Color(hidden),VIIRS_NOAA21_CorrectedReflectance_TrueColor(hidden),VIIRS_NOAA20_CorrectedReflectance_TrueColor(hidden),VIIRS_SNPP_CorrectedReflectance_TrueColor&lg=true&t=2024-04-29-T00%3A00%3A00Z",https://www.openstreetmap.org/?mlat=21.52318&mlon=75.28100#map=14/21.52318/75.28100,VIIRS_SNPP_SP,firms-snpp-2024-v1
RV1-0351,DeepaliSingh10,development_only,500_1542,2024-11,firms-e713bec8e377e71a6762d81c,2024-11-19T07:47:00+00:00,25.00889,77.11703,2024-11-11T08:37:00+00:00,2024-11-19T07:47:00+00:00,2,2,3.4050000000000002,4.61,"https://worldview.earthdata.nasa.gov/?v=77.07703,24.98889,77.15703,25.02889&l=Reference_Labels_15m(hidden),DoS_International_Boundaries(hidden),Coastlines_15m,VIIRS_SNPP_Thermal_Anomalies_375m_All,OCI_PACE_True_Color(hidden),VIIRS_NOAA21_CorrectedReflectance_TrueColor(hidden),VIIRS_NOAA20_CorrectedReflectance_TrueColor(hidden),VIIRS_SNPP_CorrectedReflectance_TrueColor&lg=true&t=2024-11-19-T00%3A00%3A00Z",https://www.openstreetmap.org/?mlat=25.00889&mlon=77.11703#map=14/25.00889/77.11703,VIIRS_SNPP_SP,firms-snpp-2024-v1
RV1-0352,Somsubhra-Nandi,development_only,576_1581,2024-05,firms-7a95d1f106a08e176d3d6ac8,2024-05-04T08:21:00+00:00,28.82689,79.08081,2024-05-03T06:59:00+00:00,2024-05-04T08:21:00+00:00,2,2,2.5250000000000004,2.89,"https://worldview.earthdata.nasa.gov/?v=79.04081,28.80689,79.12081,28.84689&l=Reference_Labels_15m(hidden),DoS_International_Boundaries(hidden),Coastlines_15m,VIIRS_SNPP_Thermal_Anomalies_375m_All,OCI_PACE_True_Color(hidden),VIIRS_NOAA21_CorrectedReflectance_TrueColor(hidden),VIIRS_NOAA20_CorrectedReflectance_TrueColor(hidden),VIIRS_SNPP_CorrectedReflectance_TrueColor&lg=true&t=2024-05-04-T00%3A00%3A00Z",https://www.openstreetmap.org/?mlat=28.82689&mlon=79.08081#map=14/28.82689/79.08081,VIIRS_SNPP_SP,firms-snpp-2024-v1
RV1-0353,Subhra-Nandi,development_only,394_1544,2024-04,firms-2d5e9bff2fe0ad7fdea99884,2024-04-03T08:00:00+00:00,19.73451,77.23348,2024-04-03T08:00:00+00:00,2024-04-03T08:00:00+00:00,1,1,7.78,7.78,"https://worldview.earthdata.nasa.gov/?v=77.19348,19.71451,77.27348,19.75451&l=Reference_Labels_15m(hidden),DoS_International_Boundaries(hidden),Coastlines_15m,VIIRS_SNPP_Thermal_Anomalies_375m_All,OCI_PACE_True_Color(hidden),VIIRS_NOAA21_CorrectedReflectance_TrueColor(hidden),VIIRS_NOAA20_CorrectedReflectance_TrueColor(hidden),VIIRS_SNPP_CorrectedReflectance_TrueColor&lg=true&t=2024-04-03-T00%3A00%3A00Z",https://www.openstreetmap.org/?mlat=19.73451&mlon=77.23348#map=14/19.73451/77.23348,VIIRS_SNPP_SP,firms-snpp-2024-v1
RV1-0354,mishhverse,development_only,551_1670,2024-05,firms-318778fab0525b94e6b5dee4,2024-05-06T20:08:00+00:00,27.56758,83.51332,2024-05-06T20:08:00+00:00,2024-05-06T20:08:00+00:00,2,1,0.41,0.41,"https://worldview.earthdata.nasa.gov/?v=83.47332,27.54758,83.55332,27.58758&l=Reference_Labels_15m(hidden),DoS_International_Boundaries(hidden),Coastlines_15m,VIIRS_SNPP_Thermal_Anomalies_375m_All,OCI_PACE_True_Color(hidden),VIIRS_NOAA21_CorrectedReflectance_TrueColor(hidden),VIIRS_NOAA20_CorrectedReflectance_TrueColor(hidden),VIIRS_SNPP_CorrectedReflectance_TrueColor&lg=true&t=2024-05-06-T00%3A00%3A00Z",https://www.openstreetmap.org/?mlat=27.56758&mlon=83.51332#map=14/27.56758/83.51332,VIIRS_SNPP_SP,firms-snpp-2024-v1
RV1-0355,NuclearVenom,development_only,216_1545,2025-04,firms-ab395c29d2788c5da09c427c,2025-04-15T08:29:00+00:00,10.80132,77.26266,2025-04-15T08:29:00+00:00,2025-04-15T08:29:00+00:00,1,1,3.99,3.99,"https://worldview.earthdata.nasa.gov/?v=77.22266,10.78132,77.30266,10.82132&l=Reference_Labels_15m(hidden),DoS_International_Boundaries(hidden),Coastlines_15m,VIIRS_SNPP_Thermal_Anomalies_375m_All,OCI_PACE_True_Color(hidden),VIIRS_NOAA21_CorrectedReflectance_TrueColor(hidden),VIIRS_NOAA20_CorrectedReflectance_TrueColor(hidden),VIIRS_SNPP_CorrectedReflectance_TrueColor&lg=true&t=2025-04-15-T00%3A00%3A00Z",https://www.openstreetmap.org/?mlat=10.80132&mlon=77.26266#map=14/10.80132/77.26266,VIIRS_SNPP_SP,firms-snpp-2025-v1
RV1-0356,rajeet-04,development_only,240_1547,2025-01,firms-a50f7c13c74e481bdb0a2f12,2025-01-10T08:10:00+00:00,12.01999,77.35395,2025-01-10T08:10:00+00:00,2025-01-10T08:10:00+00:00,1,1,6.47,6.47,"https://worldview.earthdata.nasa.gov/?v=77.31395,11.99999,77.39395,12.03999&l=Reference_Labels_15m(hidden),DoS_International_Boundaries(hidden),Coastlines_15m,VIIRS_SNPP_Thermal_Anomalies_375m_All,OCI_PACE_True_Color(hidden),VIIRS_NOAA21_CorrectedReflectance_TrueColor(hidden),VIIRS_NOAA20_CorrectedReflectance_TrueColor(hidden),VIIRS_SNPP_CorrectedReflectance_TrueColor&lg=true&t=2025-01-10-T00%3A00%3A00Z",https://www.openstreetmap.org/?mlat=12.01999&mlon=77.35395#map=14/12.01999/77.35395,VIIRS_SNPP_SP,firms-snpp-2025-v1
RV1-0357,DeepaliSingh10,development_only,560_1799,2025-01,firms-eadd5ecb17065ee1285c3eb3,2025-01-19T07:05:00+00:00,28.00948,89.99062,2025-01-19T07:05:00+00:00,2025-01-19T07:05:00+00:00,4,1,10.76,16.94,"https://worldview.earthdata.nasa.gov/?v=89.95062,27.98948,90.03062,28.02948&l=Reference_Labels_15m(hidden),DoS_International_Boundaries(hidden),Coastlines_15m,VIIRS_SNPP_Thermal_Anomalies_375m_All,OCI_PACE_True_Color(hidden),VIIRS_NOAA21_CorrectedReflectance_TrueColor(hidden),VIIRS_NOAA20_CorrectedReflectance_TrueColor(hidden),VIIRS_SNPP_CorrectedReflectance_TrueColor&lg=true&t=2025-01-19-T00%3A00%3A00Z",https://www.openstreetmap.org/?mlat=28.00948&mlon=89.99062#map=14/28.00948/89.99062,VIIRS_SNPP_SP,firms-snpp-2025-v1
RV1-0358,Somsubhra-Nandi,development_only,385_1956,2024-03,firms-eb1c337c2433a5e8504d3444,2024-03-17T19:07:00+00:00,19.25638,97.83421,2024-03-07T18:54:00+00:00,2024-03-30T18:23:00+00:00,25,11,1.74,3.09,"https://worldview.earthdata.nasa.gov/?v=97.79421,19.23638,97.87421,19.27638&l=Reference_Labels_15m(hidden),DoS_International_Boundaries(hidden),Coastlines_15m,VIIRS_SNPP_Thermal_Anomalies_375m_All,OCI_PACE_True_Color(hidden),VIIRS_NOAA21_CorrectedReflectance_TrueColor(hidden),VIIRS_NOAA20_CorrectedReflectance_TrueColor(hidden),VIIRS_SNPP_CorrectedReflectance_TrueColor&lg=true&t=2024-03-17-T00%3A00%3A00Z",https://www.openstreetmap.org/?mlat=19.25638&mlon=97.83421#map=14/19.25638/97.83421,VIIRS_SNPP_SP,firms-snpp-2024-v1
RV1-0359,Subhra-Nandi,development_only,648_1426,2024-02,firms-9adba5453d33a9b1563d782e,2024-02-17T07:26:00+00:00,32.43196,71.32374,2024-02-05T07:51:00+00:00,2024-02-23T08:53:00+00:00,5,3,3.6,3.99,"https://worldview.earthdata.nasa.gov/?v=71.28374,32.41196,71.36374,32.45196&l=Reference_Labels_15m(hidden),DoS_International_Boundaries(hidden),Coastlines_15m,VIIRS_SNPP_Thermal_Anomalies_375m_All,OCI_PACE_True_Color(hidden),VIIRS_NOAA21_CorrectedReflectance_TrueColor(hidden),VIIRS_NOAA20_CorrectedReflectance_TrueColor(hidden),VIIRS_SNPP_CorrectedReflectance_TrueColor&lg=true&t=2024-02-17-T00%3A00%3A00Z",https://www.openstreetmap.org/?mlat=32.43196&mlon=71.32374#map=14/32.43196/71.32374,VIIRS_SNPP_SP,firms-snpp-2024-v1
RV1-0360,mishhverse,development_only,630_1507,2024-05,firms-a9ae08af09e445edc3f5b69e,2024-05-18T07:19:00+00:00,31.52103,75.3666,2024-05-13T08:53:00+00:00,2024-05-29T07:12:00+00:00,33,10,5.95,25.64,"https://worldview.earthdata.nasa.gov/?v=75.32660,31.50103,75.40660,31.54103&l=Reference_Labels_15m(hidden),DoS_International_Boundaries(hidden),Coastlines_15m,VIIRS_SNPP_Thermal_Anomalies_375m_All,OCI_PACE_True_Color(hidden),VIIRS_NOAA21_CorrectedReflectance_TrueColor(hidden),VIIRS_NOAA20_CorrectedReflectance_TrueColor(hidden),VIIRS_SNPP_CorrectedReflectance_TrueColor&lg=true&t=2024-05-18-T00%3A00%3A00Z",https://www.openstreetmap.org/?mlat=31.52103&mlon=75.36660#map=14/31.52103/75.36660,VIIRS_SNPP_SP,firms-snpp-2024-v1
RV1-0361,NuclearVenom,development_only,544_1886,2025-01,firms-23e771ad064d9db4f14fda67,2025-01-06T06:08:00+00:00,27.24442,94.31437,2025-01-06T06:08:00+00:00,2025-01-06T06:08:00+00:00,1,1,2.56,2.56,"https://worldview.earthdata.nasa.gov/?v=94.27437,27.22442,94.35437,27.26442&l=Reference_Labels_15m(hidden),DoS_International_Boundaries(hidden),Coastlines_15m,VIIRS_SNPP_Thermal_Anomalies_375m_All,OCI_PACE_True_Color(hidden),VIIRS_NOAA21_CorrectedReflectance_TrueColor(hidden),VIIRS_NOAA20_CorrectedReflectance_TrueColor(hidden),VIIRS_SNPP_CorrectedReflectance_TrueColor&lg=true&t=2025-01-06-T00%3A00%3A00Z",https://www.openstreetmap.org/?mlat=27.24442&mlon=94.31437#map=14/27.24442/94.31437,VIIRS_SNPP_SP,firms-snpp-2025-v1
RV1-0362,rajeet-04,development_only,273_1519,2025-01,firms-a2fd321bce3e4dfb5f8b3035,2025-01-04T08:23:00+00:00,13.69694,75.96665,2025-01-04T08:23:00+00:00,2025-01-04T08:23:00+00:00,1,1,2.85,2.85,"https://worldview.earthdata.nasa.gov/?v=75.92665,13.67694,76.00665,13.71694&l=Reference_Labels_15m(hidden),DoS_International_Boundaries(hidden),Coastlines_15m,VIIRS_SNPP_Thermal_Anomalies_375m_All,OCI_PACE_True_Color(hidden),VIIRS_NOAA21_CorrectedReflectance_TrueColor(hidden),VIIRS_NOAA20_CorrectedReflectance_TrueColor(hidden),VIIRS_SNPP_CorrectedReflectance_TrueColor&lg=true&t=2025-01-04-T00%3A00%3A00Z",https://www.openstreetmap.org/?mlat=13.69694&mlon=75.96665#map=14/13.69694/75.96665,VIIRS_SNPP_SP,firms-snpp-2025-v1
RV1-0363,DeepaliSingh10,development_only,438_1436,2025-04,firms-55c58a4e268ace6aaafcf49c,2025-04-28T07:48:00+00:00,21.90405,71.81797,2025-04-28T07:48:00+00:00,2025-04-28T07:48:00+00:00,2,1,3.655,4.18,"https://worldview.earthdata.nasa.gov/?v=71.77797,21.88405,71.85797,21.92405&l=Reference_Labels_15m(hidden),DoS_International_Boundaries(hidden),Coastlines_15m,VIIRS_SNPP_Thermal_Anomalies_375m_All,OCI_PACE_True_Color(hidden),VIIRS_NOAA21_CorrectedReflectance_TrueColor(hidden),VIIRS_NOAA20_CorrectedReflectance_TrueColor(hidden),VIIRS_SNPP_CorrectedReflectance_TrueColor&lg=true&t=2025-04-28-T00%3A00%3A00Z",https://www.openstreetmap.org/?mlat=21.90405&mlon=71.81797#map=14/21.90405/71.81797,VIIRS_SNPP_SP,firms-snpp-2025-v1
RV1-0364,Somsubhra-Nandi,development_only,335_1499,2025-02,firms-70a9a1c6d43f6e8d8a73cbc1,2025-02-05T20:56:00+00:00,16.79431,74.96245,2025-02-05T20:56:00+00:00,2025-02-05T20:56:00+00:00,1,1,0.48,0.48,"https://worldview.earthdata.nasa.gov/?v=74.92245,16.77431,75.00245,16.81431&l=Reference_Labels_15m(hidden),DoS_International_Boundaries(hidden),Coastlines_15m,VIIRS_SNPP_Thermal_Anomalies_375m_All,OCI_PACE_True_Color(hidden),VIIRS_NOAA21_CorrectedReflectance_TrueColor(hidden),VIIRS_NOAA20_CorrectedReflectance_TrueColor(hidden),VIIRS_SNPP_CorrectedReflectance_TrueColor&lg=true&t=2025-02-05-T00%3A00%3A00Z",https://www.openstreetmap.org/?mlat=16.79431&mlon=74.96245#map=14/16.79431/74.96245,VIIRS_SNPP_SP,firms-snpp-2025-v1
RV1-0365,Subhra-Nandi,development_only,328_1925,2025-04,firms-cd36a5cb53472895c2f43555,2025-04-06T06:17:00+00:00,16.41828,96.27403,2025-04-06T06:17:00+00:00,2025-04-06T06:17:00+00:00,2,1,4.935,6.47,"https://worldview.earthdata.nasa.gov/?v=96.23403,16.39828,96.31403,16.43828&l=Reference_Labels_15m(hidden),DoS_International_Boundaries(hidden),Coastlines_15m,VIIRS_SNPP_Thermal_Anomalies_375m_All,OCI_PACE_True_Color(hidden),VIIRS_NOAA21_CorrectedReflectance_TrueColor(hidden),VIIRS_NOAA20_CorrectedReflectance_TrueColor(hidden),VIIRS_SNPP_CorrectedReflectance_TrueColor&lg=true&t=2025-04-06-T00%3A00%3A00Z",https://www.openstreetmap.org/?mlat=16.41828&mlon=96.27403#map=14/16.41828/96.27403,VIIRS_SNPP_SP,firms-snpp-2025-v1
RV1-0366,mishhverse,development_only,665_1466,2024-02,firms-dd99a1173d20c9b3071f1eae,2024-02-02T08:47:00+00:00,33.26715,73.33984,2024-02-02T08:47:00+00:00,2024-02-02T08:47:00+00:00,2,1,2.36,2.36,"https://worldview.earthdata.nasa.gov/?v=73.29984,33.24715,73.37984,33.28715&l=Reference_Labels_15m(hidden),DoS_International_Boundaries(hidden),Coastlines_15m,VIIRS_SNPP_Thermal_Anomalies_375m_All,OCI_PACE_True_Color(hidden),VIIRS_NOAA21_CorrectedReflectance_TrueColor(hidden),VIIRS_NOAA20_CorrectedReflectance_TrueColor(hidden),VIIRS_SNPP_CorrectedReflectance_TrueColor&lg=true&t=2024-02-02-T00%3A00%3A00Z",https://www.openstreetmap.org/?mlat=33.26715&mlon=73.33984#map=14/33.26715/73.33984,VIIRS_SNPP_SP,firms-snpp-2024-v1
RV1-0367,NuclearVenom,development_only,604_1430,2024-02,firms-55e26f473f7023657aed2426,2024-02-14T08:21:00+00:00,30.23681,71.5201,2024-02-14T08:21:00+00:00,2024-02-14T08:21:00+00:00,1,1,1.29,1.29,"https://worldview.earthdata.nasa.gov/?v=71.48010,30.21681,71.56010,30.25681&l=Reference_Labels_15m(hidden),DoS_International_Boundaries(hidden),Coastlines_15m,VIIRS_SNPP_Thermal_Anomalies_375m_All,OCI_PACE_True_Color(hidden),VIIRS_NOAA21_CorrectedReflectance_TrueColor(hidden),VIIRS_NOAA20_CorrectedReflectance_TrueColor(hidden),VIIRS_SNPP_CorrectedReflectance_TrueColor&lg=true&t=2024-02-14-T00%3A00%3A00Z",https://www.openstreetmap.org/?mlat=30.23681&mlon=71.52010#map=14/30.23681/71.52010,VIIRS_SNPP_SP,firms-snpp-2024-v1
RV1-0368,rajeet-04,development_only,506_1654,2024-11,firms-51b90ce75befec23cfbe8e93,2024-11-25T07:34:00+00:00,25.34491,82.71701,2024-11-25T07:34:00+00:00,2024-11-25T07:34:00+00:00,1,1,1.39,1.39,"https://worldview.earthdata.nasa.gov/?v=82.67701,25.32491,82.75701,25.36491&l=Reference_Labels_15m(hidden),DoS_International_Boundaries(hidden),Coastlines_15m,VIIRS_SNPP_Thermal_Anomalies_375m_All,OCI_PACE_True_Color(hidden),VIIRS_NOAA21_CorrectedReflectance_TrueColor(hidden),VIIRS_NOAA20_CorrectedReflectance_TrueColor(hidden),VIIRS_SNPP_CorrectedReflectance_TrueColor&lg=true&t=2024-11-25-T00%3A00%3A00Z",https://www.openstreetmap.org/?mlat=25.34491&mlon=82.71701#map=14/25.34491/82.71701,VIIRS_SNPP_SP,firms-snpp-2024-v1
RV1-0369,DeepaliSingh10,development_only,643_1543,2025-01,firms-65603c20da3bf45fc92a17ea,2025-01-22T07:51:00+00:00,32.18383,77.18091,2025-01-22T07:51:00+00:00,2025-01-22T07:51:00+00:00,1,1,1.69,1.69,"https://worldview.earthdata.nasa.gov/?v=77.14091,32.16383,77.22091,32.20383&l=Reference_Labels_15m(hidden),DoS_International_Boundaries(hidden),Coastlines_15m,VIIRS_SNPP_Thermal_Anomalies_375m_All,OCI_PACE_True_Color(hidden),VIIRS_NOAA21_CorrectedReflectance_TrueColor(hidden),VIIRS_NOAA20_CorrectedReflectance_TrueColor(hidden),VIIRS_SNPP_CorrectedReflectance_TrueColor&lg=true&t=2025-01-22-T00%3A00%3A00Z",https://www.openstreetmap.org/?mlat=32.18383&mlon=77.18091#map=14/32.18383/77.18091,VIIRS_SNPP_SP,firms-snpp-2025-v1
RV1-0370,Somsubhra-Nandi,development_only,536_1676,2025-04,firms-185f56fa75338a1327aa686d,2025-04-25T07:05:00+00:00,26.82622,83.83604,2025-04-23T20:09:00+00:00,2025-04-25T07:05:00+00:00,2,2,3.025,5.17,"https://worldview.earthdata.nasa.gov/?v=83.79604,26.80622,83.87604,26.84622&l=Reference_Labels_15m(hidden),DoS_International_Boundaries(hidden),Coastlines_15m,VIIRS_SNPP_Thermal_Anomalies_375m_All,OCI_PACE_True_Color(hidden),VIIRS_NOAA21_CorrectedReflectance_TrueColor(hidden),VIIRS_NOAA20_CorrectedReflectance_TrueColor(hidden),VIIRS_SNPP_CorrectedReflectance_TrueColor&lg=true&t=2025-04-25-T00%3A00%3A00Z",https://www.openstreetmap.org/?mlat=26.82622&mlon=83.83604#map=14/26.82622/83.83604,VIIRS_SNPP_SP,firms-snpp-2025-v1
RV1-0371,Subhra-Nandi,development_only,566_1632,2025-05,firms-191d26060092a31bb1910f8e,2025-05-10T07:25:00+00:00,28.30299,81.64989,2025-05-10T07:25:00+00:00,2025-05-10T07:25:00+00:00,1,1,4.74,4.74,"https://worldview.earthdata.nasa.gov/?v=81.60989,28.28299,81.68989,28.32299&l=Reference_Labels_15m(hidden),DoS_International_Boundaries(hidden),Coastlines_15m,VIIRS_SNPP_Thermal_Anomalies_375m_All,OCI_PACE_True_Color(hidden),VIIRS_NOAA21_CorrectedReflectance_TrueColor(hidden),VIIRS_NOAA20_CorrectedReflectance_TrueColor(hidden),VIIRS_SNPP_CorrectedReflectance_TrueColor&lg=true&t=2025-05-10-T00%3A00%3A00Z",https://www.openstreetmap.org/?mlat=28.30299&mlon=81.64989#map=14/28.30299/81.64989,VIIRS_SNPP_SP,firms-snpp-2025-v1
RV1-0372,mishhverse,development_only,418_1928,2025-03,firms-48faf516ade5ae5d54d1922b,2025-03-09T19:13:00+00:00,20.93151,96.41207,2025-03-02T19:44:00+00:00,2025-03-28T05:47:00+00:00,20,11,2.5549999999999997,8.91,"https://worldview.earthdata.nasa.gov/?v=96.37207,20.91151,96.45207,20.95151&l=Reference_Labels_15m(hidden),DoS_International_Boundaries(hidden),Coastlines_15m,VIIRS_SNPP_Thermal_Anomalies_375m_All,OCI_PACE_True_Color(hidden),VIIRS_NOAA21_CorrectedReflectance_TrueColor(hidden),VIIRS_NOAA20_CorrectedReflectance_TrueColor(hidden),VIIRS_SNPP_CorrectedReflectance_TrueColor&lg=true&t=2025-03-09-T00%3A00%3A00Z",https://www.openstreetmap.org/?mlat=20.93151&mlon=96.41207#map=14/20.93151/96.41207,VIIRS_SNPP_SP,firms-snpp-2025-v1
RV1-0373,NuclearVenom,development_only,647_1500,2024-05,firms-d7511b63367a2467e65fc633,2024-05-15T08:15:00+00:00,32.36705,75.02488,2024-05-15T08:15:00+00:00,2024-05-17T07:38:00+00:00,3,2,5.85,6.43,"https://worldview.earthdata.nasa.gov/?v=74.98488,32.34705,75.06488,32.38705&l=Reference_Labels_15m(hidden),DoS_International_Boundaries(hidden),Coastlines_15m,VIIRS_SNPP_Thermal_Anomalies_375m_All,OCI_PACE_True_Color(hidden),VIIRS_NOAA21_CorrectedReflectance_TrueColor(hidden),VIIRS_NOAA20_CorrectedReflectance_TrueColor(hidden),VIIRS_SNPP_CorrectedReflectance_TrueColor&lg=true&t=2024-05-15-T00%3A00%3A00Z",https://www.openstreetmap.org/?mlat=32.36705&mlon=75.02488#map=14/32.36705/75.02488,VIIRS_SNPP_SP,firms-snpp-2024-v1
RV1-0374,rajeet-04,development_only,433_1690,2025-03,firms-50e65f9918d8b7a8af27c13b,2025-03-15T08:12:00+00:00,21.65334,84.51046,2025-03-06T20:10:00+00:00,2025-03-18T19:44:00+00:00,13,6,2.42,11.93,"https://worldview.earthdata.nasa.gov/?v=84.47046,21.63334,84.55046,21.67334&l=Reference_Labels_15m(hidden),DoS_International_Boundaries(hidden),Coastlines_15m,VIIRS_SNPP_Thermal_Anomalies_375m_All,OCI_PACE_True_Color(hidden),VIIRS_NOAA21_CorrectedReflectance_TrueColor(hidden),VIIRS_NOAA20_CorrectedReflectance_TrueColor(hidden),VIIRS_SNPP_CorrectedReflectance_TrueColor&lg=true&t=2025-03-15-T00%3A00%3A00Z",https://www.openstreetmap.org/?mlat=21.65334&mlon=84.51046#map=14/21.65334/84.51046,VIIRS_SNPP_SP,firms-snpp-2025-v1
RV1-0375,DeepaliSingh10,development_only,487_1503,2025-05,firms-9c9069729dbce89314ef1873,2025-05-04T07:36:00+00:00,24.3771,75.19357,2025-05-04T07:36:00+00:00,2025-05-04T07:36:00+00:00,3,1,6.8,13.48,"https://worldview.earthdata.nasa.gov/?v=75.15357,24.35710,75.23357,24.39710&l=Reference_Labels_15m(hidden),DoS_International_Boundaries(hidden),Coastlines_15m,VIIRS_SNPP_Thermal_Anomalies_375m_All,OCI_PACE_True_Color(hidden),VIIRS_NOAA21_CorrectedReflectance_TrueColor(hidden),VIIRS_NOAA20_CorrectedReflectance_TrueColor(hidden),VIIRS_SNPP_CorrectedReflectance_TrueColor&lg=true&t=2025-05-04-T00%3A00%3A00Z",https://www.openstreetmap.org/?mlat=24.37710&mlon=75.19357#map=14/24.37710/75.19357,VIIRS_SNPP_SP,firms-snpp-2025-v1
RV1-0376,Somsubhra-Nandi,development_only,296_1535,2024-03,firms-926ea38a318e42d5cf9a91f1,2024-03-24T07:46:00+00:00,14.80356,76.75275,2024-03-24T07:46:00+00:00,2024-03-24T07:46:00+00:00,1,1,2.95,2.95,"https://worldview.earthdata.nasa.gov/?v=76.71275,14.78356,76.79275,14.82356&l=Reference_Labels_15m(hidden),DoS_International_Boundaries(hidden),Coastlines_15m,VIIRS_SNPP_Thermal_Anomalies_375m_All,OCI_PACE_True_Color(hidden),VIIRS_NOAA21_CorrectedReflectance_TrueColor(hidden),VIIRS_NOAA20_CorrectedReflectance_TrueColor(hidden),VIIRS_SNPP_CorrectedReflectance_TrueColor&lg=true&t=2024-03-24-T00%3A00%3A00Z",https://www.openstreetmap.org/?mlat=14.80356&mlon=76.75275#map=14/14.80356/76.75275,VIIRS_SNPP_SP,firms-snpp-2024-v1
RV1-0377,Subhra-Nandi,development_only,645_1454,2024-05,firms-6634d4e68a2ac065c0e65107,2024-05-28T09:12:00+00:00,32.2577,72.71019,2024-05-28T09:12:00+00:00,2024-05-28T09:12:00+00:00,1,1,6.68,6.68,"https://worldview.earthdata.nasa.gov/?v=72.67019,32.23770,72.75019,32.27770&l=Reference_Labels_15m(hidden),DoS_International_Boundaries(hidden),Coastlines_15m,VIIRS_SNPP_Thermal_Anomalies_375m_All,OCI_PACE_True_Color(hidden),VIIRS_NOAA21_CorrectedReflectance_TrueColor(hidden),VIIRS_NOAA20_CorrectedReflectance_TrueColor(hidden),VIIRS_SNPP_CorrectedReflectance_TrueColor&lg=true&t=2024-05-28-T00%3A00%3A00Z",https://www.openstreetmap.org/?mlat=32.25770&mlon=72.71019#map=14/32.25770/72.71019,VIIRS_SNPP_SP,firms-snpp-2024-v1
RV1-0378,mishhverse,development_only,630_1404,2025-01,firms-6db0658813bd767cdee59633,2025-01-10T08:16:00+00:00,31.53547,70.24296,2025-01-10T08:16:00+00:00,2025-01-10T08:16:00+00:00,1,1,1.91,1.91,"https://worldview.earthdata.nasa.gov/?v=70.20296,31.51547,70.28296,31.55547&l=Reference_Labels_15m(hidden),DoS_International_Boundaries(hidden),Coastlines_15m,VIIRS_SNPP_Thermal_Anomalies_375m_All,OCI_PACE_True_Color(hidden),VIIRS_NOAA21_CorrectedReflectance_TrueColor(hidden),VIIRS_NOAA20_CorrectedReflectance_TrueColor(hidden),VIIRS_SNPP_CorrectedReflectance_TrueColor&lg=true&t=2025-01-10-T00%3A00%3A00Z",https://www.openstreetmap.org/?mlat=31.53547&mlon=70.24296#map=14/31.53547/70.24296,VIIRS_SNPP_SP,firms-snpp-2025-v1
RV1-0379,NuclearVenom,development_only,482_1933,2024-05,firms-e02c5deb92a41f3f989b9f93,2024-05-17T05:54:00+00:00,24.13424,96.65186,2024-05-17T05:54:00+00:00,2024-05-17T05:54:00+00:00,1,1,2.47,2.47,"https://worldview.earthdata.nasa.gov/?v=96.61186,24.11424,96.69186,24.15424&l=Reference_Labels_15m(hidden),DoS_International_Boundaries(hidden),Coastlines_15m,VIIRS_SNPP_Thermal_Anomalies_375m_All,OCI_PACE_True_Color(hidden),VIIRS_NOAA21_CorrectedReflectance_TrueColor(hidden),VIIRS_NOAA20_CorrectedReflectance_TrueColor(hidden),VIIRS_SNPP_CorrectedReflectance_TrueColor&lg=true&t=2024-05-17-T00%3A00%3A00Z",https://www.openstreetmap.org/?mlat=24.13424&mlon=96.65186#map=14/24.13424/96.65186,VIIRS_SNPP_SP,firms-snpp-2024-v1
RV1-0380,rajeet-04,development_only,441_1459,2024-05,firms-7816c9c0730e22bb2041e118,2024-05-09T20:54:00+00:00,22.09846,72.96712,2024-05-06T07:42:00+00:00,2024-05-22T07:41:00+00:00,3,3,1.6,2.78,"https://worldview.earthdata.nasa.gov/?v=72.92712,22.07846,73.00712,22.11846&l=Reference_Labels_15m(hidden),DoS_International_Boundaries(hidden),Coastlines_15m,VIIRS_SNPP_Thermal_Anomalies_375m_All,OCI_PACE_True_Color(hidden),VIIRS_NOAA21_CorrectedReflectance_TrueColor(hidden),VIIRS_NOAA20_CorrectedReflectance_TrueColor(hidden),VIIRS_SNPP_CorrectedReflectance_TrueColor&lg=true&t=2024-05-09-T00%3A00%3A00Z",https://www.openstreetmap.org/?mlat=22.09846&mlon=72.96712#map=14/22.09846/72.96712,VIIRS_SNPP_SP,firms-snpp-2024-v1
RV1-0381,DeepaliSingh10,development_only,492_1675,2025-04,firms-678b5805e6ddff64d0dce47e,2025-04-01T07:54:00+00:00,24.63728,83.79533,2025-04-01T07:54:00+00:00,2025-04-06T08:00:00+00:00,3,2,6.09,6.93,"https://worldview.earthdata.nasa.gov/?v=83.75533,24.61728,83.83533,24.65728&l=Reference_Labels_15m(hidden),DoS_International_Boundaries(hidden),Coastlines_15m,VIIRS_SNPP_Thermal_Anomalies_375m_All,OCI_PACE_True_Color(hidden),VIIRS_NOAA21_CorrectedReflectance_TrueColor(hidden),VIIRS_NOAA20_CorrectedReflectance_TrueColor(hidden),VIIRS_SNPP_CorrectedReflectance_TrueColor&lg=true&t=2025-04-01-T00%3A00%3A00Z",https://www.openstreetmap.org/?mlat=24.63728&mlon=83.79533#map=14/24.63728/83.79533,VIIRS_SNPP_SP,firms-snpp-2025-v1
RV1-0382,Somsubhra-Nandi,development_only,626_1539,2024-05,firms-8f0c72a633148ea95d3802df,2024-05-18T07:19:00+00:00,31.30042,76.97785,2024-05-06T07:44:00+00:00,2024-05-19T08:40:00+00:00,13,6,3.08,13.41,"https://worldview.earthdata.nasa.gov/?v=76.93785,31.28042,77.01785,31.32042&l=Reference_Labels_15m(hidden),DoS_International_Boundaries(hidden),Coastlines_15m,VIIRS_SNPP_Thermal_Anomalies_375m_All,OCI_PACE_True_Color(hidden),VIIRS_NOAA21_CorrectedReflectance_TrueColor(hidden),VIIRS_NOAA20_CorrectedReflectance_TrueColor(hidden),VIIRS_SNPP_CorrectedReflectance_TrueColor&lg=true&t=2024-05-18-T00%3A00%3A00Z",https://www.openstreetmap.org/?mlat=31.30042&mlon=76.97785#map=14/31.30042/76.97785,VIIRS_SNPP_SP,firms-snpp-2024-v1
RV1-0383,Subhra-Nandi,development_only,578_1362,2024-03,firms-63a23a77b464b753832c696c,2024-03-29T07:56:00+00:00,28.94318,68.11711,2024-03-29T07:56:00+00:00,2024-03-29T07:56:00+00:00,1,1,6.37,6.37,"https://worldview.earthdata.nasa.gov/?v=68.07711,28.92318,68.15711,28.96318&l=Reference_Labels_15m(hidden),DoS_International_Boundaries(hidden),Coastlines_15m,VIIRS_SNPP_Thermal_Anomalies_375m_All,OCI_PACE_True_Color(hidden),VIIRS_NOAA21_CorrectedReflectance_TrueColor(hidden),VIIRS_NOAA20_CorrectedReflectance_TrueColor(hidden),VIIRS_SNPP_CorrectedReflectance_TrueColor&lg=true&t=2024-03-29-T00%3A00%3A00Z",https://www.openstreetmap.org/?mlat=28.94318&mlon=68.11711#map=14/28.94318/68.11711,VIIRS_SNPP_SP,firms-snpp-2024-v1
RV1-0384,mishhverse,development_only,409_1643,2025-03,firms-c1d54c8fe4924b26c3dfe3a0,2025-03-16T07:53:00+00:00,20.4913,82.1565,2025-03-02T19:45:00+00:00,2025-03-31T08:12:00+00:00,20,9,2.16,9.96,"https://worldview.earthdata.nasa.gov/?v=82.11650,20.47130,82.19650,20.51130&l=Reference_Labels_15m(hidden),DoS_International_Boundaries(hidden),Coastlines_15m,VIIRS_SNPP_Thermal_Anomalies_375m_All,OCI_PACE_True_Color(hidden),VIIRS_NOAA21_CorrectedReflectance_TrueColor(hidden),VIIRS_NOAA20_CorrectedReflectance_TrueColor(hidden),VIIRS_SNPP_CorrectedReflectance_TrueColor&lg=true&t=2025-03-16-T00%3A00%3A00Z",https://www.openstreetmap.org/?mlat=20.49130&mlon=82.15650#map=14/20.49130/82.15650,VIIRS_SNPP_SP,firms-snpp-2025-v1
RV1-0385,NuclearVenom,development_only,491_1946,2025-03,firms-8d2fa0754524eca04992cc5a,2025-03-26T06:25:00+00:00,24.55561,97.34976,2025-03-04T06:38:00+00:00,2025-03-30T06:51:00+00:00,5,3,3.1,15.05,"https://worldview.earthdata.nasa.gov/?v=97.30976,24.53561,97.38976,24.57561&l=Reference_Labels_15m(hidden),DoS_International_Boundaries(hidden),Coastlines_15m,VIIRS_SNPP_Thermal_Anomalies_375m_All,OCI_PACE_True_Color(hidden),VIIRS_NOAA21_CorrectedReflectance_TrueColor(hidden),VIIRS_NOAA20_CorrectedReflectance_TrueColor(hidden),VIIRS_SNPP_CorrectedReflectance_TrueColor&lg=true&t=2025-03-26-T00%3A00%3A00Z",https://www.openstreetmap.org/?mlat=24.55561&mlon=97.34976#map=14/24.55561/97.34976,VIIRS_SNPP_SP,firms-snpp-2025-v1
RV1-0386,rajeet-04,development_only,509_1755,2024-05,firms-9526bb54273ee55cdc299c3c,2024-05-07T07:23:00+00:00,25.46894,87.75498,2024-05-07T07:23:00+00:00,2024-05-07T07:23:00+00:00,3,1,9.77,22.49,"https://worldview.earthdata.nasa.gov/?v=87.71498,25.44894,87.79498,25.48894&l=Reference_Labels_15m(hidden),DoS_International_Boundaries(hidden),Coastlines_15m,VIIRS_SNPP_Thermal_Anomalies_375m_All,OCI_PACE_True_Color(hidden),VIIRS_NOAA21_CorrectedReflectance_TrueColor(hidden),VIIRS_NOAA20_CorrectedReflectance_TrueColor(hidden),VIIRS_SNPP_CorrectedReflectance_TrueColor&lg=true&t=2024-05-07-T00%3A00%3A00Z",https://www.openstreetmap.org/?mlat=25.46894&mlon=87.75498#map=14/25.46894/87.75498,VIIRS_SNPP_SP,firms-snpp-2024-v1
RV1-0387,DeepaliSingh10,development_only,628_1468,2024-02,firms-36f98132849878e0bca19216,2024-02-21T07:50:00+00:00,31.44097,73.43983,2024-02-21T07:50:00+00:00,2024-02-21T07:50:00+00:00,1,1,3.5,3.5,"https://worldview.earthdata.nasa.gov/?v=73.39983,31.42097,73.47983,31.46097&l=Reference_Labels_15m(hidden),DoS_International_Boundaries(hidden),Coastlines_15m,VIIRS_SNPP_Thermal_Anomalies_375m_All,OCI_PACE_True_Color(hidden),VIIRS_NOAA21_CorrectedReflectance_TrueColor(hidden),VIIRS_NOAA20_CorrectedReflectance_TrueColor(hidden),VIIRS_SNPP_CorrectedReflectance_TrueColor&lg=true&t=2024-02-21-T00%3A00%3A00Z",https://www.openstreetmap.org/?mlat=31.44097&mlon=73.43983#map=14/31.44097/73.43983,VIIRS_SNPP_SP,firms-snpp-2024-v1
RV1-0388,Somsubhra-Nandi,development_only,471_1951,2025-03,firms-7c50c178187bfc443550a2b9,2025-03-10T06:25:00+00:00,23.55049,97.597,2025-03-10T06:25:00+00:00,2025-03-10T06:25:00+00:00,1,1,6.2,6.2,"https://worldview.earthdata.nasa.gov/?v=97.55700,23.53049,97.63700,23.57049&l=Reference_Labels_15m(hidden),DoS_International_Boundaries(hidden),Coastlines_15m,VIIRS_SNPP_Thermal_Anomalies_375m_All,OCI_PACE_True_Color(hidden),VIIRS_NOAA21_CorrectedReflectance_TrueColor(hidden),VIIRS_NOAA20_CorrectedReflectance_TrueColor(hidden),VIIRS_SNPP_CorrectedReflectance_TrueColor&lg=true&t=2025-03-10-T00%3A00%3A00Z",https://www.openstreetmap.org/?mlat=23.55049&mlon=97.59700#map=14/23.55049/97.59700,VIIRS_SNPP_SP,firms-snpp-2025-v1
RV1-0389,Subhra-Nandi,development_only,393_1957,2024-02,firms-57fcc103e0fd2abe28b9e230,2024-02-27T20:03:00+00:00,19.65635,97.8547,2024-02-08T06:49:00+00:00,2024-02-29T06:56:00+00:00,11,5,2.35,11.94,"https://worldview.earthdata.nasa.gov/?v=97.81470,19.63635,97.89470,19.67635&l=Reference_Labels_15m(hidden),DoS_International_Boundaries(hidden),Coastlines_15m,VIIRS_SNPP_Thermal_Anomalies_375m_All,OCI_PACE_True_Color(hidden),VIIRS_NOAA21_CorrectedReflectance_TrueColor(hidden),VIIRS_NOAA20_CorrectedReflectance_TrueColor(hidden),VIIRS_SNPP_CorrectedReflectance_TrueColor&lg=true&t=2024-02-27-T00%3A00%3A00Z",https://www.openstreetmap.org/?mlat=19.65635&mlon=97.85470#map=14/19.65635/97.85470,VIIRS_SNPP_SP,firms-snpp-2024-v1
RV1-0390,mishhverse,development_only,374_1678,2024-01,firms-5f2fe39e2d89c18e9723c013,2024-01-04T07:46:00+00:00,18.72729,83.9478,2024-01-04T07:46:00+00:00,2024-01-04T07:46:00+00:00,1,1,3.92,3.92,"https://worldview.earthdata.nasa.gov/?v=83.90780,18.70729,83.98780,18.74729&l=Reference_Labels_15m(hidden),DoS_International_Boundaries(hidden),Coastlines_15m,VIIRS_SNPP_Thermal_Anomalies_375m_All,OCI_PACE_True_Color(hidden),VIIRS_NOAA21_CorrectedReflectance_TrueColor(hidden),VIIRS_NOAA20_CorrectedReflectance_TrueColor(hidden),VIIRS_SNPP_CorrectedReflectance_TrueColor&lg=true&t=2024-01-04-T00%3A00%3A00Z",https://www.openstreetmap.org/?mlat=18.72729&mlon=83.94780#map=14/18.72729/83.94780,VIIRS_SNPP_SP,firms-snpp-2024-v1
RV1-0391,NuclearVenom,development_only,608_1411,2025-03,firms-99845e647d371773ffd3d75b,2025-03-07T21:29:00+00:00,30.44623,70.56759,2025-03-07T21:29:00+00:00,2025-03-07T21:29:00+00:00,2,1,0.9099999999999999,0.96,"https://worldview.earthdata.nasa.gov/?v=70.52759,30.42623,70.60759,30.46623&l=Reference_Labels_15m(hidden),DoS_International_Boundaries(hidden),Coastlines_15m,VIIRS_SNPP_Thermal_Anomalies_375m_All,OCI_PACE_True_Color(hidden),VIIRS_NOAA21_CorrectedReflectance_TrueColor(hidden),VIIRS_NOAA20_CorrectedReflectance_TrueColor(hidden),VIIRS_SNPP_CorrectedReflectance_TrueColor&lg=true&t=2025-03-07-T00%3A00%3A00Z",https://www.openstreetmap.org/?mlat=30.44623&mlon=70.56759#map=14/30.44623/70.56759,VIIRS_SNPP_SP,firms-snpp-2025-v1
RV1-0392,rajeet-04,development_only,533_1677,2024-04,firms-ec2d5013738d3e6b99656dc8,2024-04-28T19:18:00+00:00,26.67835,83.89071,2024-04-28T19:18:00+00:00,2024-04-28T20:59:00+00:00,5,1,1.79,2.07,"https://worldview.earthdata.nasa.gov/?v=83.85071,26.65835,83.93071,26.69835&l=Reference_Labels_15m(hidden),DoS_International_Boundaries(hidden),Coastlines_15m,VIIRS_SNPP_Thermal_Anomalies_375m_All,OCI_PACE_True_Color(hidden),VIIRS_NOAA21_CorrectedReflectance_TrueColor(hidden),VIIRS_NOAA20_CorrectedReflectance_TrueColor(hidden),VIIRS_SNPP_CorrectedReflectance_TrueColor&lg=true&t=2024-04-28-T00%3A00%3A00Z",https://www.openstreetmap.org/?mlat=26.67835&mlon=83.89071#map=14/26.67835/83.89071,VIIRS_SNPP_SP,firms-snpp-2024-v1
RV1-0393,DeepaliSingh10,development_only,470_1500,2025-05,firms-9141a626a1866943ae7984c0,2025-05-02T20:42:00+00:00,23.54005,75.03603,2025-05-02T20:42:00+00:00,2025-05-02T20:42:00+00:00,1,1,1.64,1.64,"https://worldview.earthdata.nasa.gov/?v=74.99603,23.52005,75.07603,23.56005&l=Reference_Labels_15m(hidden),DoS_International_Boundaries(hidden),Coastlines_15m,VIIRS_SNPP_Thermal_Anomalies_375m_All,OCI_PACE_True_Color(hidden),VIIRS_NOAA21_CorrectedReflectance_TrueColor(hidden),VIIRS_NOAA20_CorrectedReflectance_TrueColor(hidden),VIIRS_SNPP_CorrectedReflectance_TrueColor&lg=true&t=2025-05-02-T00%3A00%3A00Z",https://www.openstreetmap.org/?mlat=23.54005&mlon=75.03603#map=14/23.54005/75.03603,VIIRS_SNPP_SP,firms-snpp-2025-v1
RV1-0394,Somsubhra-Nandi,development_only,384_1485,2024-03,firms-75dda5db870954ff7d3beda6,2024-03-07T20:36:00+00:00,19.24496,74.29454,2024-03-07T20:36:00+00:00,2024-03-07T20:36:00+00:00,1,1,0.27,0.27,"https://worldview.earthdata.nasa.gov/?v=74.25454,19.22496,74.33454,19.26496&l=Reference_Labels_15m(hidden),DoS_International_Boundaries(hidden),Coastlines_15m,VIIRS_SNPP_Thermal_Anomalies_375m_All,OCI_PACE_True_Color(hidden),VIIRS_NOAA21_CorrectedReflectance_TrueColor(hidden),VIIRS_NOAA20_CorrectedReflectance_TrueColor(hidden),VIIRS_SNPP_CorrectedReflectance_TrueColor&lg=true&t=2024-03-07-T00%3A00%3A00Z",https://www.openstreetmap.org/?mlat=19.24496&mlon=74.29454#map=14/19.24496/74.29454,VIIRS_SNPP_SP,firms-snpp-2024-v1
RV1-0395,Subhra-Nandi,development_only,596_1563,2024-11,firms-67706e7913ce7b2e065a7483,2024-11-14T07:42:00+00:00,29.82411,78.15628,2024-11-14T07:42:00+00:00,2024-11-14T07:42:00+00:00,1,1,2.95,2.95,"https://worldview.earthdata.nasa.gov/?v=78.11628,29.80411,78.19628,29.84411&l=Reference_Labels_15m(hidden),DoS_International_Boundaries(hidden),Coastlines_15m,VIIRS_SNPP_Thermal_Anomalies_375m_All,OCI_PACE_True_Color(hidden),VIIRS_NOAA21_CorrectedReflectance_TrueColor(hidden),VIIRS_NOAA20_CorrectedReflectance_TrueColor(hidden),VIIRS_SNPP_CorrectedReflectance_TrueColor&lg=true&t=2024-11-14-T00%3A00%3A00Z",https://www.openstreetmap.org/?mlat=29.82411&mlon=78.15628#map=14/29.82411/78.15628,VIIRS_SNPP_SP,firms-snpp-2024-v1
RV1-0396,mishhverse,development_only,345_1608,2024-03,firms-a729c7958d3f44b9c4fb3f98,2024-03-23T08:05:00+00:00,17.26913,80.42722,2024-03-14T07:33:00+00:00,2024-03-23T08:05:00+00:00,2,2,5.255,6.71,"https://worldview.earthdata.nasa.gov/?v=80.38722,17.24913,80.46722,17.28913&l=Reference_Labels_15m(hidden),DoS_International_Boundaries(hidden),Coastlines_15m,VIIRS_SNPP_Thermal_Anomalies_375m_All,OCI_PACE_True_Color(hidden),VIIRS_NOAA21_CorrectedReflectance_TrueColor(hidden),VIIRS_NOAA20_CorrectedReflectance_TrueColor(hidden),VIIRS_SNPP_CorrectedReflectance_TrueColor&lg=true&t=2024-03-23-T00%3A00%3A00Z",https://www.openstreetmap.org/?mlat=17.26913&mlon=80.42722#map=14/17.26913/80.42722,VIIRS_SNPP_SP,firms-snpp-2024-v1
RV1-0397,NuclearVenom,development_only,699_1415,2025-04,firms-df91c0b4a6237224accf1cd2,2025-04-24T07:27:00+00:00,34.98286,70.79015,2025-04-24T07:27:00+00:00,2025-04-24T07:27:00+00:00,3,1,10.62,12.47,"https://worldview.earthdata.nasa.gov/?v=70.75015,34.96286,70.83015,35.00286&l=Reference_Labels_15m(hidden),DoS_International_Boundaries(hidden),Coastlines_15m,VIIRS_SNPP_Thermal_Anomalies_375m_All,OCI_PACE_True_Color(hidden),VIIRS_NOAA21_CorrectedReflectance_TrueColor(hidden),VIIRS_NOAA20_CorrectedReflectance_TrueColor(hidden),VIIRS_SNPP_CorrectedReflectance_TrueColor&lg=true&t=2025-04-24-T00%3A00%3A00Z",https://www.openstreetmap.org/?mlat=34.98286&mlon=70.79015#map=14/34.98286/70.79015,VIIRS_SNPP_SP,firms-snpp-2025-v1
RV1-0398,rajeet-04,development_only,446_1746,2024-04,firms-b1c87a4bd17e8288429e88e2,2024-04-29T08:13:00+00:00,22.32917,87.30184,2024-04-29T06:32:00+00:00,2024-04-29T08:13:00+00:00,5,1,12.51,23.14,"https://worldview.earthdata.nasa.gov/?v=87.26184,22.30917,87.34184,22.34917&l=Reference_Labels_15m(hidden),DoS_International_Boundaries(hidden),Coastlines_15m,VIIRS_SNPP_Thermal_Anomalies_375m_All,OCI_PACE_True_Color(hidden),VIIRS_NOAA21_CorrectedReflectance_TrueColor(hidden),VIIRS_NOAA20_CorrectedReflectance_TrueColor(hidden),VIIRS_SNPP_CorrectedReflectance_TrueColor&lg=true&t=2024-04-29-T00%3A00%3A00Z",https://www.openstreetmap.org/?mlat=22.32917&mlon=87.30184#map=14/22.32917/87.30184,VIIRS_SNPP_SP,firms-snpp-2024-v1
RV1-0399,DeepaliSingh10,development_only,257_1596,2024-05,firms-fc09b1af0e747cfdb0e6f5ec,2024-05-05T07:58:00+00:00,12.85057,79.81549,2024-05-01T07:32:00+00:00,2024-05-05T07:58:00+00:00,2,2,12.46,19.26,"https://worldview.earthdata.nasa.gov/?v=79.77549,12.83057,79.85549,12.87057&l=Reference_Labels_15m(hidden),DoS_International_Boundaries(hidden),Coastlines_15m,VIIRS_SNPP_Thermal_Anomalies_375m_All,OCI_PACE_True_Color(hidden),VIIRS_NOAA21_CorrectedReflectance_TrueColor(hidden),VIIRS_NOAA20_CorrectedReflectance_TrueColor(hidden),VIIRS_SNPP_CorrectedReflectance_TrueColor&lg=true&t=2024-05-05-T00%3A00%3A00Z",https://www.openstreetmap.org/?mlat=12.85057&mlon=79.81549#map=14/12.85057/79.81549,VIIRS_SNPP_SP,firms-snpp-2024-v1
RV1-0400,Somsubhra-Nandi,development_only,384_1871,2024-03,firms-bb3d7c02c48492daebf54db2,2024-03-10T07:08:00+00:00,19.24296,93.57655,2024-03-10T07:08:00+00:00,2024-03-30T07:34:00+00:00,8,3,3.115,5.93,"https://worldview.earthdata.nasa.gov/?v=93.53655,19.22296,93.61655,19.26296&l=Reference_Labels_15m(hidden),DoS_International_Boundaries(hidden),Coastlines_15m,VIIRS_SNPP_Thermal_Anomalies_375m_All,OCI_PACE_True_Color(hidden),VIIRS_NOAA21_CorrectedReflectance_TrueColor(hidden),VIIRS_NOAA20_CorrectedReflectance_TrueColor(hidden),VIIRS_SNPP_CorrectedReflectance_TrueColor&lg=true&t=2024-03-10-T00%3A00%3A00Z",https://www.openstreetmap.org/?mlat=19.24296&mlon=93.57655#map=14/19.24296/93.57655,VIIRS_SNPP_SP,firms-snpp-2024-v1
RV1-0401,Subhra-Nandi,development_only,479_1753,2025-01,firms-eb4c12276efba08ea1f4688a,2025-01-01T07:41:00+00:00,23.99121,87.65941,2025-01-01T07:41:00+00:00,2025-01-01T07:41:00+00:00,1,1,3.29,3.29,"https://worldview.earthdata.nasa.gov/?v=87.61941,23.97121,87.69941,24.01121&l=Reference_Labels_15m(hidden),DoS_International_Boundaries(hidden),Coastlines_15m,VIIRS_SNPP_Thermal_Anomalies_375m_All,OCI_PACE_True_Color(hidden),VIIRS_NOAA21_CorrectedReflectance_TrueColor(hidden),VIIRS_NOAA20_CorrectedReflectance_TrueColor(hidden),VIIRS_SNPP_CorrectedReflectance_TrueColor&lg=true&t=2025-01-01-T00%3A00%3A00Z",https://www.openstreetmap.org/?mlat=23.99121&mlon=87.65941#map=14/23.99121/87.65941,VIIRS_SNPP_SP,firms-snpp-2025-v1
RV1-0402,mishhverse,development_only,568_1641,2024-05,firms-d41512f8d4901e4fec148e91,2024-05-05T20:27:00+00:00,28.41504,82.08242,2024-05-05T20:27:00+00:00,2024-05-06T07:43:00+00:00,6,2,1.015,2.71,"https://worldview.earthdata.nasa.gov/?v=82.04242,28.39504,82.12242,28.43504&l=Reference_Labels_15m(hidden),DoS_International_Boundaries(hidden),Coastlines_15m,VIIRS_SNPP_Thermal_Anomalies_375m_All,OCI_PACE_True_Color(hidden),VIIRS_NOAA21_CorrectedReflectance_TrueColor(hidden),VIIRS_NOAA20_CorrectedReflectance_TrueColor(hidden),VIIRS_SNPP_CorrectedReflectance_TrueColor&lg=true&t=2024-05-05-T00%3A00%3A00Z",https://www.openstreetmap.org/?mlat=28.41504&mlon=82.08242#map=14/28.41504/82.08242,VIIRS_SNPP_SP,firms-snpp-2024-v1
RV1-0403,NuclearVenom,development_only,426_1414,2024-03,firms-9869bd66c4a58cb1ef6652a1,2024-03-05T08:44:00+00:00,21.33996,70.72139,2024-03-05T08:44:00+00:00,2024-03-05T08:44:00+00:00,1,1,12.48,12.48,"https://worldview.earthdata.nasa.gov/?v=70.68139,21.31996,70.76139,21.35996&l=Reference_Labels_15m(hidden),DoS_International_Boundaries(hidden),Coastlines_15m,VIIRS_SNPP_Thermal_Anomalies_375m_All,OCI_PACE_True_Color(hidden),VIIRS_NOAA21_CorrectedReflectance_TrueColor(hidden),VIIRS_NOAA20_CorrectedReflectance_TrueColor(hidden),VIIRS_SNPP_CorrectedReflectance_TrueColor&lg=true&t=2024-03-05-T00%3A00%3A00Z",https://www.openstreetmap.org/?mlat=21.33996&mlon=70.72139#map=14/21.33996/70.72139,VIIRS_SNPP_SP,firms-snpp-2024-v1
RV1-0404,rajeet-04,development_only,218_1522,2025-02,firms-b480a1b8ad5b31076e81a1b2,2025-02-05T08:22:00+00:00,10.91426,76.14589,2025-02-05T08:22:00+00:00,2025-02-05T08:22:00+00:00,1,1,5.85,5.85,"https://worldview.earthdata.nasa.gov/?v=76.10589,10.89426,76.18589,10.93426&l=Reference_Labels_15m(hidden),DoS_International_Boundaries(hidden),Coastlines_15m,VIIRS_SNPP_Thermal_Anomalies_375m_All,OCI_PACE_True_Color(hidden),VIIRS_NOAA21_CorrectedReflectance_TrueColor(hidden),VIIRS_NOAA20_CorrectedReflectance_TrueColor(hidden),VIIRS_SNPP_CorrectedReflectance_TrueColor&lg=true&t=2025-02-05-T00%3A00%3A00Z",https://www.openstreetmap.org/?mlat=10.91426&mlon=76.14589#map=14/10.91426/76.14589,VIIRS_SNPP_SP,firms-snpp-2025-v1
RV1-0405,DeepaliSingh10,development_only,441_1722,2024-10,firms-09d996dff9e6d67783cadcb4,2024-10-03T07:27:00+00:00,22.09293,86.11607,2024-10-03T07:27:00+00:00,2024-10-03T07:27:00+00:00,1,1,2.18,2.18,"https://worldview.earthdata.nasa.gov/?v=86.07607,22.07293,86.15607,22.11293&l=Reference_Labels_15m(hidden),DoS_International_Boundaries(hidden),Coastlines_15m,VIIRS_SNPP_Thermal_Anomalies_375m_All,OCI_PACE_True_Color(hidden),VIIRS_NOAA21_CorrectedReflectance_TrueColor(hidden),VIIRS_NOAA20_CorrectedReflectance_TrueColor(hidden),VIIRS_SNPP_CorrectedReflectance_TrueColor&lg=true&t=2024-10-03-T00%3A00%3A00Z",https://www.openstreetmap.org/?mlat=22.09293&mlon=86.11607#map=14/22.09293/86.11607,VIIRS_SNPP_SP,firms-snpp-2024-v1
RV1-0406,Somsubhra-Nandi,development_only,505_1858,2024-03,firms-b3de1ff542bc9b773c292776,2024-03-24T06:07:00+00:00,25.26265,92.92941,2024-03-10T07:10:00+00:00,2024-03-25T07:29:00+00:00,11,4,12.83,30.24,"https://worldview.earthdata.nasa.gov/?v=92.88941,25.24265,92.96941,25.28265&l=Reference_Labels_15m(hidden),DoS_International_Boundaries(hidden),Coastlines_15m,VIIRS_SNPP_Thermal_Anomalies_375m_All,OCI_PACE_True_Color(hidden),VIIRS_NOAA21_CorrectedReflectance_TrueColor(hidden),VIIRS_NOAA20_CorrectedReflectance_TrueColor(hidden),VIIRS_SNPP_CorrectedReflectance_TrueColor&lg=true&t=2024-03-24-T00%3A00%3A00Z",https://www.openstreetmap.org/?mlat=25.26265&mlon=92.92941#map=14/25.26265/92.92941,VIIRS_SNPP_SP,firms-snpp-2024-v1
RV1-0407,Subhra-Nandi,development_only,368_1587,2024-11,firms-9e12b93e49d70adef52ea5ca,2024-11-17T08:23:00+00:00,18.42731,79.3662,2024-11-17T08:23:00+00:00,2024-11-24T07:52:00+00:00,3,2,4.51,17.7,"https://worldview.earthdata.nasa.gov/?v=79.32620,18.40731,79.40620,18.44731&l=Reference_Labels_15m(hidden),DoS_International_Boundaries(hidden),Coastlines_15m,VIIRS_SNPP_Thermal_Anomalies_375m_All,OCI_PACE_True_Color(hidden),VIIRS_NOAA21_CorrectedReflectance_TrueColor(hidden),VIIRS_NOAA20_CorrectedReflectance_TrueColor(hidden),VIIRS_SNPP_CorrectedReflectance_TrueColor&lg=true&t=2024-11-17-T00%3A00%3A00Z",https://www.openstreetmap.org/?mlat=18.42731&mlon=79.36620#map=14/18.42731/79.36620,VIIRS_SNPP_SP,firms-snpp-2024-v1
RV1-0408,mishhverse,development_only,403_1508,2024-01,firms-c052e61e36f1ed2736de1376,2024-01-11T08:56:00+00:00,20.19932,75.42245,2024-01-11T08:56:00+00:00,2024-01-11T08:56:00+00:00,2,1,4.56,4.56,"https://worldview.earthdata.nasa.gov/?v=75.38245,20.17932,75.46245,20.21932&l=Reference_Labels_15m(hidden),DoS_International_Boundaries(hidden),Coastlines_15m,VIIRS_SNPP_Thermal_Anomalies_375m_All,OCI_PACE_True_Color(hidden),VIIRS_NOAA21_CorrectedReflectance_TrueColor(hidden),VIIRS_NOAA20_CorrectedReflectance_TrueColor(hidden),VIIRS_SNPP_CorrectedReflectance_TrueColor&lg=true&t=2024-01-11-T00%3A00%3A00Z",https://www.openstreetmap.org/?mlat=20.19932&mlon=75.42245#map=14/20.19932/75.42245,VIIRS_SNPP_SP,firms-snpp-2024-v1
RV1-0409,NuclearVenom,development_only,572_1550,2024-10,firms-567aed65c965525151a1d6ef,2024-10-19T19:54:00+00:00,28.64738,77.54694,2024-10-19T19:54:00+00:00,2024-10-19T19:54:00+00:00,1,1,0.43,0.43,"https://worldview.earthdata.nasa.gov/?v=77.50694,28.62738,77.58694,28.66738&l=Reference_Labels_15m(hidden),DoS_International_Boundaries(hidden),Coastlines_15m,VIIRS_SNPP_Thermal_Anomalies_375m_All,OCI_PACE_True_Color(hidden),VIIRS_NOAA21_CorrectedReflectance_TrueColor(hidden),VIIRS_NOAA20_CorrectedReflectance_TrueColor(hidden),VIIRS_SNPP_CorrectedReflectance_TrueColor&lg=true&t=2024-10-19-T00%3A00%3A00Z",https://www.openstreetmap.org/?mlat=28.64738&mlon=77.54694#map=14/28.64738/77.54694,VIIRS_SNPP_SP,firms-snpp-2024-v1
RV1-0410,rajeet-04,development_only,386_1545,2024-01,firms-f75edb8a8369f19671fdf756,2024-01-12T08:37:00+00:00,19.31206,77.26669,2024-01-12T08:37:00+00:00,2024-01-12T08:37:00+00:00,2,1,4.390000000000001,4.74,"https://worldview.earthdata.nasa.gov/?v=77.22669,19.29206,77.30669,19.33206&l=Reference_Labels_15m(hidden),DoS_International_Boundaries(hidden),Coastlines_15m,VIIRS_SNPP_Thermal_Anomalies_375m_All,OCI_PACE_True_Color(hidden),VIIRS_NOAA21_CorrectedReflectance_TrueColor(hidden),VIIRS_NOAA20_CorrectedReflectance_TrueColor(hidden),VIIRS_SNPP_CorrectedReflectance_TrueColor&lg=true&t=2024-01-12-T00%3A00%3A00Z",https://www.openstreetmap.org/?mlat=19.31206&mlon=77.26669#map=14/19.31206/77.26669,VIIRS_SNPP_SP,firms-snpp-2024-v1
RV1-0411,DeepaliSingh10,development_only,481_1489,2024-05,firms-e02901e4139da2f011ddc8f9,2024-05-29T08:51:00+00:00,24.05772,74.48586,2024-05-29T08:51:00+00:00,2024-05-29T08:51:00+00:00,1,1,3.17,3.17,"https://worldview.earthdata.nasa.gov/?v=74.44586,24.03772,74.52586,24.07772&l=Reference_Labels_15m(hidden),DoS_International_Boundaries(hidden),Coastlines_15m,VIIRS_SNPP_Thermal_Anomalies_375m_All,OCI_PACE_True_Color(hidden),VIIRS_NOAA21_CorrectedReflectance_TrueColor(hidden),VIIRS_NOAA20_CorrectedReflectance_TrueColor(hidden),VIIRS_SNPP_CorrectedReflectance_TrueColor&lg=true&t=2024-05-29-T00%3A00%3A00Z",https://www.openstreetmap.org/?mlat=24.05772&mlon=74.48586#map=14/24.05772/74.48586,VIIRS_SNPP_SP,firms-snpp-2024-v1
RV1-0412,Somsubhra-Nandi,development_only,647_1449,2025-05,firms-3216955d09f8a3d7fb349c4d,2025-05-17T08:35:00+00:00,32.35736,72.48566,2025-05-17T08:35:00+00:00,2025-05-17T08:35:00+00:00,1,1,12.7,12.7,"https://worldview.earthdata.nasa.gov/?v=72.44566,32.33736,72.52566,32.37736&l=Reference_Labels_15m(hidden),DoS_International_Boundaries(hidden),Coastlines_15m,VIIRS_SNPP_Thermal_Anomalies_375m_All,OCI_PACE_True_Color(hidden),VIIRS_NOAA21_CorrectedReflectance_TrueColor(hidden),VIIRS_NOAA20_CorrectedReflectance_TrueColor(hidden),VIIRS_SNPP_CorrectedReflectance_TrueColor&lg=true&t=2025-05-17-T00%3A00%3A00Z",https://www.openstreetmap.org/?mlat=32.35736&mlon=72.48566#map=14/32.35736/72.48566,VIIRS_SNPP_SP,firms-snpp-2025-v1
RV1-0413,Subhra-Nandi,development_only,399_1917,2024-03,firms-da8a73ceba0e7afe134d51d6,2024-03-06T19:13:00+00:00,19.99974,95.86387,2024-03-01T06:37:00+00:00,2024-03-16T06:56:00+00:00,18,6,2.365,6.57,"https://worldview.earthdata.nasa.gov/?v=95.82387,19.97974,95.90387,20.01974&l=Reference_Labels_15m(hidden),DoS_International_Boundaries(hidden),Coastlines_15m,VIIRS_SNPP_Thermal_Anomalies_375m_All,OCI_PACE_True_Color(hidden),VIIRS_NOAA21_CorrectedReflectance_TrueColor(hidden),VIIRS_NOAA20_CorrectedReflectance_TrueColor(hidden),VIIRS_SNPP_CorrectedReflectance_TrueColor&lg=true&t=2024-03-06-T00%3A00%3A00Z",https://www.openstreetmap.org/?mlat=19.99974&mlon=95.86387#map=14/19.99974/95.86387,VIIRS_SNPP_SP,firms-snpp-2024-v1
RV1-0414,mishhverse,development_only,481_1551,2025-04,firms-1d9bd71de967ea67277aaf2c,2025-04-15T08:32:00+00:00,24.09496,77.58341,2025-04-11T20:34:00+00:00,2025-04-18T20:03:00+00:00,4,3,2.435,8.33,"https://worldview.earthdata.nasa.gov/?v=77.54341,24.07496,77.62341,24.11496&l=Reference_Labels_15m(hidden),DoS_International_Boundaries(hidden),Coastlines_15m,VIIRS_SNPP_Thermal_Anomalies_375m_All,OCI_PACE_True_Color(hidden),VIIRS_NOAA21_CorrectedReflectance_TrueColor(hidden),VIIRS_NOAA20_CorrectedReflectance_TrueColor(hidden),VIIRS_SNPP_CorrectedReflectance_TrueColor&lg=true&t=2025-04-15-T00%3A00%3A00Z",https://www.openstreetmap.org/?mlat=24.09496&mlon=77.58341#map=14/24.09496/77.58341,VIIRS_SNPP_SP,firms-snpp-2025-v1
RV1-0415,NuclearVenom,development_only,652_1490,2024-11,firms-4a4b85c654ea6258abe6c85f,2024-11-08T07:56:00+00:00,32.61917,74.53905,2024-11-08T07:56:00+00:00,2024-11-08T07:56:00+00:00,1,1,2.22,2.22,"https://worldview.earthdata.nasa.gov/?v=74.49905,32.59917,74.57905,32.63917&l=Reference_Labels_15m(hidden),DoS_International_Boundaries(hidden),Coastlines_15m,VIIRS_SNPP_Thermal_Anomalies_375m_All,OCI_PACE_True_Color(hidden),VIIRS_NOAA21_CorrectedReflectance_TrueColor(hidden),VIIRS_NOAA20_CorrectedReflectance_TrueColor(hidden),VIIRS_SNPP_CorrectedReflectance_TrueColor&lg=true&t=2024-11-08-T00%3A00%3A00Z",https://www.openstreetmap.org/?mlat=32.61917&mlon=74.53905#map=14/32.61917/74.53905,VIIRS_SNPP_SP,firms-snpp-2024-v1
RV1-0416,rajeet-04,development_only,333_1633,2025-05,firms-e539f9e41da67fdcbfb3fb69,2025-05-13T08:06:00+00:00,16.68755,81.67312,2025-05-13T08:06:00+00:00,2025-05-13T08:06:00+00:00,1,1,5.62,5.62,"https://worldview.earthdata.nasa.gov/?v=81.63312,16.66755,81.71312,16.70755&l=Reference_Labels_15m(hidden),DoS_International_Boundaries(hidden),Coastlines_15m,VIIRS_SNPP_Thermal_Anomalies_375m_All,OCI_PACE_True_Color(hidden),VIIRS_NOAA21_CorrectedReflectance_TrueColor(hidden),VIIRS_NOAA20_CorrectedReflectance_TrueColor(hidden),VIIRS_SNPP_CorrectedReflectance_TrueColor&lg=true&t=2025-05-13-T00%3A00%3A00Z",https://www.openstreetmap.org/?mlat=16.68755&mlon=81.67312#map=14/16.68755/81.67312,VIIRS_SNPP_SP,firms-snpp-2025-v1
RV1-0417,DeepaliSingh10,development_only,587_1433,2025-05,firms-a06228a3ab1b1adae86cec57,2025-05-07T08:22:00+00:00,29.35487,71.68024,2025-05-07T08:22:00+00:00,2025-05-07T08:22:00+00:00,1,1,4.23,4.23,"https://worldview.earthdata.nasa.gov/?v=71.64024,29.33487,71.72024,29.37487&l=Reference_Labels_15m(hidden),DoS_International_Boundaries(hidden),Coastlines_15m,VIIRS_SNPP_Thermal_Anomalies_375m_All,OCI_PACE_True_Color(hidden),VIIRS_NOAA21_CorrectedReflectance_TrueColor(hidden),VIIRS_NOAA20_CorrectedReflectance_TrueColor(hidden),VIIRS_SNPP_CorrectedReflectance_TrueColor&lg=true&t=2025-05-07-T00%3A00%3A00Z",https://www.openstreetmap.org/?mlat=29.35487&mlon=71.68024#map=14/29.35487/71.68024,VIIRS_SNPP_SP,firms-snpp-2025-v1
RV1-0418,Somsubhra-Nandi,development_only,326_1556,2024-01,firms-d0d612740db651d18aa3cc8c,2024-01-14T07:58:00+00:00,16.32923,77.83187,2024-01-14T07:58:00+00:00,2024-01-14T07:58:00+00:00,1,1,2.09,2.09,"https://worldview.earthdata.nasa.gov/?v=77.79187,16.30923,77.87187,16.34923&l=Reference_Labels_15m(hidden),DoS_International_Boundaries(hidden),Coastlines_15m,VIIRS_SNPP_Thermal_Anomalies_375m_All,OCI_PACE_True_Color(hidden),VIIRS_NOAA21_CorrectedReflectance_TrueColor(hidden),VIIRS_NOAA20_CorrectedReflectance_TrueColor(hidden),VIIRS_SNPP_CorrectedReflectance_TrueColor&lg=true&t=2024-01-14-T00%3A00%3A00Z",https://www.openstreetmap.org/?mlat=16.32923&mlon=77.83187#map=14/16.32923/77.83187,VIIRS_SNPP_SP,firms-snpp-2024-v1
RV1-0419,Subhra-Nandi,development_only,316_1910,2025-02,firms-0dd237b0b144af6bf66e7cf1,2025-02-20T07:01:00+00:00,15.84629,95.53471,2025-02-19T07:20:00+00:00,2025-02-20T07:01:00+00:00,2,2,5.355,7.74,"https://worldview.earthdata.nasa.gov/?v=95.49471,15.82629,95.57471,15.86629&l=Reference_Labels_15m(hidden),DoS_International_Boundaries(hidden),Coastlines_15m,VIIRS_SNPP_Thermal_Anomalies_375m_All,OCI_PACE_True_Color(hidden),VIIRS_NOAA21_CorrectedReflectance_TrueColor(hidden),VIIRS_NOAA20_CorrectedReflectance_TrueColor(hidden),VIIRS_SNPP_CorrectedReflectance_TrueColor&lg=true&t=2025-02-20-T00%3A00%3A00Z",https://www.openstreetmap.org/?mlat=15.84629&mlon=95.53471#map=14/15.84629/95.53471,VIIRS_SNPP_SP,firms-snpp-2025-v1
RV1-0420,mishhverse,development_only,469_1661,2024-03,firms-bddc8aa94ad9c30b73d2a142,2024-03-22T08:25:00+00:00,23.47332,83.0687,2024-03-22T08:25:00+00:00,2024-03-22T08:25:00+00:00,1,1,3.33,3.33,"https://worldview.earthdata.nasa.gov/?v=83.02870,23.45332,83.10870,23.49332&l=Reference_Labels_15m(hidden),DoS_International_Boundaries(hidden),Coastlines_15m,VIIRS_SNPP_Thermal_Anomalies_375m_All,OCI_PACE_True_Color(hidden),VIIRS_NOAA21_CorrectedReflectance_TrueColor(hidden),VIIRS_NOAA20_CorrectedReflectance_TrueColor(hidden),VIIRS_SNPP_CorrectedReflectance_TrueColor&lg=true&t=2024-03-22-T00%3A00%3A00Z",https://www.openstreetmap.org/?mlat=23.47332&mlon=83.06870#map=14/23.47332/83.06870,VIIRS_SNPP_SP,firms-snpp-2024-v1
RV1-0421,NuclearVenom,development_only,544_1717,2024-04,firms-0c1579ea5841b81997be34de,2024-04-09T20:15:00+00:00,27.24645,85.88296,2024-04-01T06:58:00+00:00,2024-04-21T19:49:00+00:00,17,6,1.48,3.43,"https://worldview.earthdata.nasa.gov/?v=85.84296,27.22645,85.92296,27.26645&l=Reference_Labels_15m(hidden),DoS_International_Boundaries(hidden),Coastlines_15m,VIIRS_SNPP_Thermal_Anomalies_375m_All,OCI_PACE_True_Color(hidden),VIIRS_NOAA21_CorrectedReflectance_TrueColor(hidden),VIIRS_NOAA20_CorrectedReflectance_TrueColor(hidden),VIIRS_SNPP_CorrectedReflectance_TrueColor&lg=true&t=2024-04-09-T00%3A00%3A00Z",https://www.openstreetmap.org/?mlat=27.24645&mlon=85.88296#map=14/27.24645/85.88296,VIIRS_SNPP_SP,firms-snpp-2024-v1
RV1-0422,rajeet-04,development_only,463_1730,2024-04,firms-89ab6d9d08ceb68930ac7cc3,2024-04-15T07:35:00+00:00,23.17509,86.52985,2024-04-15T07:35:00+00:00,2024-04-15T07:35:00+00:00,1,1,1.65,1.65,"https://worldview.earthdata.nasa.gov/?v=86.48985,23.15509,86.56985,23.19509&l=Reference_Labels_15m(hidden),DoS_International_Boundaries(hidden),Coastlines_15m,VIIRS_SNPP_Thermal_Anomalies_375m_All,OCI_PACE_True_Color(hidden),VIIRS_NOAA21_CorrectedReflectance_TrueColor(hidden),VIIRS_NOAA20_CorrectedReflectance_TrueColor(hidden),VIIRS_SNPP_CorrectedReflectance_TrueColor&lg=true&t=2024-04-15-T00%3A00%3A00Z",https://www.openstreetmap.org/?mlat=23.17509&mlon=86.52985#map=14/23.17509/86.52985,VIIRS_SNPP_SP,firms-snpp-2024-v1
RV1-0423,DeepaliSingh10,development_only,530_1628,2024-05,firms-2d78ab56a4d4a859ec625abe,2024-05-03T06:59:00+00:00,26.5437,81.44937,2024-05-03T06:59:00+00:00,2024-05-03T06:59:00+00:00,1,1,14.37,14.37,"https://worldview.earthdata.nasa.gov/?v=81.40937,26.52370,81.48937,26.56370&l=Reference_Labels_15m(hidden),DoS_International_Boundaries(hidden),Coastlines_15m,VIIRS_SNPP_Thermal_Anomalies_375m_All,OCI_PACE_True_Color(hidden),VIIRS_NOAA21_CorrectedReflectance_TrueColor(hidden),VIIRS_NOAA20_CorrectedReflectance_TrueColor(hidden),VIIRS_SNPP_CorrectedReflectance_TrueColor&lg=true&t=2024-05-03-T00%3A00%3A00Z",https://www.openstreetmap.org/?mlat=26.54370&mlon=81.44937#map=14/26.54370/81.44937,VIIRS_SNPP_SP,firms-snpp-2024-v1
RV1-0424,Somsubhra-Nandi,development_only,350_1487,2025-02,firms-ce811578b90926ec98415c0f,2025-02-24T19:59:00+00:00,17.54896,74.39133,2025-02-24T19:59:00+00:00,2025-02-24T19:59:00+00:00,1,1,1.88,1.88,"https://worldview.earthdata.nasa.gov/?v=74.35133,17.52896,74.43133,17.56896&l=Reference_Labels_15m(hidden),DoS_International_Boundaries(hidden),Coastlines_15m,VIIRS_SNPP_Thermal_Anomalies_375m_All,OCI_PACE_True_Color(hidden),VIIRS_NOAA21_CorrectedReflectance_TrueColor(hidden),VIIRS_NOAA20_CorrectedReflectance_TrueColor(hidden),VIIRS_SNPP_CorrectedReflectance_TrueColor&lg=true&t=2025-02-24-T00%3A00%3A00Z",https://www.openstreetmap.org/?mlat=17.54896&mlon=74.39133#map=14/17.54896/74.39133,VIIRS_SNPP_SP,firms-snpp-2025-v1
RV1-0425,Subhra-Nandi,development_only,539_1765,2024-05,firms-448667e3f8d43d3b21b901a7,2024-05-02T07:17:00+00:00,26.97509,88.29337,2024-05-02T07:17:00+00:00,2024-05-02T07:17:00+00:00,1,1,2.7,2.7,"https://worldview.earthdata.nasa.gov/?v=88.25337,26.95509,88.33337,26.99509&l=Reference_Labels_15m(hidden),DoS_International_Boundaries(hidden),Coastlines_15m,VIIRS_SNPP_Thermal_Anomalies_375m_All,OCI_PACE_True_Color(hidden),VIIRS_NOAA21_CorrectedReflectance_TrueColor(hidden),VIIRS_NOAA20_CorrectedReflectance_TrueColor(hidden),VIIRS_SNPP_CorrectedReflectance_TrueColor&lg=true&t=2024-05-02-T00%3A00%3A00Z",https://www.openstreetmap.org/?mlat=26.97509&mlon=88.29337#map=14/26.97509/88.29337,VIIRS_SNPP_SP,firms-snpp-2024-v1
RV1-0426,mishhverse,development_only,476_1948,2025-04,firms-ce245a9c4cb5c3a4f1c960c9,2025-04-04T06:57:00+00:00,23.83191,97.44263,2025-04-04T06:57:00+00:00,2025-04-04T06:57:00+00:00,1,1,4.52,4.52,"https://worldview.earthdata.nasa.gov/?v=97.40263,23.81191,97.48263,23.85191&l=Reference_Labels_15m(hidden),DoS_International_Boundaries(hidden),Coastlines_15m,VIIRS_SNPP_Thermal_Anomalies_375m_All,OCI_PACE_True_Color(hidden),VIIRS_NOAA21_CorrectedReflectance_TrueColor(hidden),VIIRS_NOAA20_CorrectedReflectance_TrueColor(hidden),VIIRS_SNPP_CorrectedReflectance_TrueColor&lg=true&t=2025-04-04-T00%3A00%3A00Z",https://www.openstreetmap.org/?mlat=23.83191&mlon=97.44263#map=14/23.83191/97.44263,VIIRS_SNPP_SP,firms-snpp-2025-v1
RV1-0427,NuclearVenom,development_only,404_1858,2025-02,firms-57c6b63537e4676b85c2d437,2025-02-18T07:40:00+00:00,20.22662,92.91721,2025-02-12T06:13:00+00:00,2025-02-18T07:40:00+00:00,4,2,4.41,7.62,"https://worldview.earthdata.nasa.gov/?v=92.87721,20.20662,92.95721,20.24662&l=Reference_Labels_15m(hidden),DoS_International_Boundaries(hidden),Coastlines_15m,VIIRS_SNPP_Thermal_Anomalies_375m_All,OCI_PACE_True_Color(hidden),VIIRS_NOAA21_CorrectedReflectance_TrueColor(hidden),VIIRS_NOAA20_CorrectedReflectance_TrueColor(hidden),VIIRS_SNPP_CorrectedReflectance_TrueColor&lg=true&t=2025-02-18-T00%3A00%3A00Z",https://www.openstreetmap.org/?mlat=20.22662&mlon=92.91721#map=14/20.22662/92.91721,VIIRS_SNPP_SP,firms-snpp-2025-v1
RV1-0428,rajeet-04,development_only,460_1699,2024-04,firms-951e47f41a566e2f40b64646,2024-04-30T07:54:00+00:00,23.03277,84.99757,2024-04-20T07:41:00+00:00,2024-04-30T07:54:00+00:00,2,2,5.815,9.05,"https://worldview.earthdata.nasa.gov/?v=84.95757,23.01277,85.03757,23.05277&l=Reference_Labels_15m(hidden),DoS_International_Boundaries(hidden),Coastlines_15m,VIIRS_SNPP_Thermal_Anomalies_375m_All,OCI_PACE_True_Color(hidden),VIIRS_NOAA21_CorrectedReflectance_TrueColor(hidden),VIIRS_NOAA20_CorrectedReflectance_TrueColor(hidden),VIIRS_SNPP_CorrectedReflectance_TrueColor&lg=true&t=2024-04-30-T00%3A00%3A00Z",https://www.openstreetmap.org/?mlat=23.03277&mlon=84.99757#map=14/23.03277/84.99757,VIIRS_SNPP_SP,firms-snpp-2024-v1
RV1-0429,DeepaliSingh10,development_only,468_1510,2025-04,firms-4af98b84a658737bcec3b766,2025-04-05T20:47:00+00:00,23.45,75.50025,2025-04-05T20:47:00+00:00,2025-04-05T20:47:00+00:00,1,1,0.42,0.42,"https://worldview.earthdata.nasa.gov/?v=75.46025,23.43000,75.54025,23.47000&l=Reference_Labels_15m(hidden),DoS_International_Boundaries(hidden),Coastlines_15m,VIIRS_SNPP_Thermal_Anomalies_375m_All,OCI_PACE_True_Color(hidden),VIIRS_NOAA21_CorrectedReflectance_TrueColor(hidden),VIIRS_NOAA20_CorrectedReflectance_TrueColor(hidden),VIIRS_SNPP_CorrectedReflectance_TrueColor&lg=true&t=2025-04-05-T00%3A00%3A00Z",https://www.openstreetmap.org/?mlat=23.45000&mlon=75.50025#map=14/23.45000/75.50025,VIIRS_SNPP_SP,firms-snpp-2025-v1
RV1-0430,Somsubhra-Nandi,development_only,592_1408,2024-10,firms-0bd14e3914deb1a45e19f925,2024-10-27T08:20:00+00:00,29.64852,70.4329,2024-10-15T08:45:00+00:00,2024-10-27T08:20:00+00:00,2,2,2.355,2.46,"https://worldview.earthdata.nasa.gov/?v=70.39290,29.62852,70.47290,29.66852&l=Reference_Labels_15m(hidden),DoS_International_Boundaries(hidden),Coastlines_15m,VIIRS_SNPP_Thermal_Anomalies_375m_All,OCI_PACE_True_Color(hidden),VIIRS_NOAA21_CorrectedReflectance_TrueColor(hidden),VIIRS_NOAA20_CorrectedReflectance_TrueColor(hidden),VIIRS_SNPP_CorrectedReflectance_TrueColor&lg=true&t=2024-10-27-T00%3A00%3A00Z",https://www.openstreetmap.org/?mlat=29.64852&mlon=70.43290#map=14/29.64852/70.43290,VIIRS_SNPP_SP,firms-snpp-2024-v1
RV1-0431,Subhra-Nandi,development_only,574_1535,2024-04,firms-713b4bd7e11059e8cd0eb055,2024-04-29T08:15:00+00:00,28.70487,76.7513,2024-04-29T08:15:00+00:00,2024-04-29T08:15:00+00:00,2,1,5.86,5.86,"https://worldview.earthdata.nasa.gov/?v=76.71130,28.68487,76.79130,28.72487&l=Reference_Labels_15m(hidden),DoS_International_Boundaries(hidden),Coastlines_15m,VIIRS_SNPP_Thermal_Anomalies_375m_All,OCI_PACE_True_Color(hidden),VIIRS_NOAA21_CorrectedReflectance_TrueColor(hidden),VIIRS_NOAA20_CorrectedReflectance_TrueColor(hidden),VIIRS_SNPP_CorrectedReflectance_TrueColor&lg=true&t=2024-04-29-T00%3A00%3A00Z",https://www.openstreetmap.org/?mlat=28.70487&mlon=76.75130#map=14/28.70487/76.75130,VIIRS_SNPP_SP,firms-snpp-2024-v1
RV1-0432,mishhverse,development_only,360_1494,2025-01,firms-5cbccbdace7be706c607b8d9,2025-01-28T07:34:00+00:00,18.01801,74.72945,2025-01-05T08:05:00+00:00,2025-01-28T07:34:00+00:00,2,2,3.8550000000000004,4.48,"https://worldview.earthdata.nasa.gov/?v=74.68945,17.99801,74.76945,18.03801&l=Reference_Labels_15m(hidden),DoS_International_Boundaries(hidden),Coastlines_15m,VIIRS_SNPP_Thermal_Anomalies_375m_All,OCI_PACE_True_Color(hidden),VIIRS_NOAA21_CorrectedReflectance_TrueColor(hidden),VIIRS_NOAA20_CorrectedReflectance_TrueColor(hidden),VIIRS_SNPP_CorrectedReflectance_TrueColor&lg=true&t=2025-01-28-T00%3A00%3A00Z",https://www.openstreetmap.org/?mlat=18.01801&mlon=74.72945#map=14/18.01801/74.72945,VIIRS_SNPP_SP,firms-snpp-2025-v1
RV1-0433,NuclearVenom,development_only,443_1514,2025-01,firms-28182d8f70bd8a7adc0042d0,2025-01-03T08:44:00+00:00,22.17681,75.73824,2025-01-02T07:23:00+00:00,2025-01-06T07:48:00+00:00,3,3,3.1,3.43,"https://worldview.earthdata.nasa.gov/?v=75.69824,22.15681,75.77824,22.19681&l=Reference_Labels_15m(hidden),DoS_International_Boundaries(hidden),Coastlines_15m,VIIRS_SNPP_Thermal_Anomalies_375m_All,OCI_PACE_True_Color(hidden),VIIRS_NOAA21_CorrectedReflectance_TrueColor(hidden),VIIRS_NOAA20_CorrectedReflectance_TrueColor(hidden),VIIRS_SNPP_CorrectedReflectance_TrueColor&lg=true&t=2025-01-03-T00%3A00%3A00Z",https://www.openstreetmap.org/?mlat=22.17681&mlon=75.73824#map=14/22.17681/75.73824,VIIRS_SNPP_SP,firms-snpp-2025-v1
RV1-0434,rajeet-04,development_only,623_1513,2025-05,firms-7313390cdfeba45cfeb60612,2025-05-15T19:56:00+00:00,31.1927,75.66632,2025-05-14T07:51:00+00:00,2025-05-17T08:35:00+00:00,12,4,16.16,26.94,"https://worldview.earthdata.nasa.gov/?v=75.62632,31.17270,75.70632,31.21270&l=Reference_Labels_15m(hidden),DoS_International_Boundaries(hidden),Coastlines_15m,VIIRS_SNPP_Thermal_Anomalies_375m_All,OCI_PACE_True_Color(hidden),VIIRS_NOAA21_CorrectedReflectance_TrueColor(hidden),VIIRS_NOAA20_CorrectedReflectance_TrueColor(hidden),VIIRS_SNPP_CorrectedReflectance_TrueColor&lg=true&t=2025-05-15-T00%3A00%3A00Z",https://www.openstreetmap.org/?mlat=31.19270&mlon=75.66632#map=14/31.19270/75.66632,VIIRS_SNPP_SP,firms-snpp-2025-v1
RV1-0435,DeepaliSingh10,development_only,255_1550,2024-03,firms-43bf4a1915c257066aa368f8,2024-03-27T08:29:00+00:00,12.7578,77.51369,2024-03-17T08:16:00+00:00,2024-03-27T08:29:00+00:00,2,2,10.375,15.16,"https://worldview.earthdata.nasa.gov/?v=77.47369,12.73780,77.55369,12.77780&l=Reference_Labels_15m(hidden),DoS_International_Boundaries(hidden),Coastlines_15m,VIIRS_SNPP_Thermal_Anomalies_375m_All,OCI_PACE_True_Color(hidden),VIIRS_NOAA21_CorrectedReflectance_TrueColor(hidden),VIIRS_NOAA20_CorrectedReflectance_TrueColor(hidden),VIIRS_SNPP_CorrectedReflectance_TrueColor&lg=true&t=2024-03-27-T00%3A00%3A00Z",https://www.openstreetmap.org/?mlat=12.75780&mlon=77.51369#map=14/12.75780/77.51369,VIIRS_SNPP_SP,firms-snpp-2024-v1
RV1-0436,Somsubhra-Nandi,development_only,512_1920,2024-02,firms-a6fd9046b58c0d97640fc8cf,2024-02-18T07:04:00+00:00,25.61295,96.04714,2024-02-18T07:04:00+00:00,2024-02-18T07:04:00+00:00,1,1,3.02,3.02,"https://worldview.earthdata.nasa.gov/?v=96.00714,25.59295,96.08714,25.63295&l=Reference_Labels_15m(hidden),DoS_International_Boundaries(hidden),Coastlines_15m,VIIRS_SNPP_Thermal_Anomalies_375m_All,OCI_PACE_True_Color(hidden),VIIRS_NOAA21_CorrectedReflectance_TrueColor(hidden),VIIRS_NOAA20_CorrectedReflectance_TrueColor(hidden),VIIRS_SNPP_CorrectedReflectance_TrueColor&lg=true&t=2024-02-18-T00%3A00%3A00Z",https://www.openstreetmap.org/?mlat=25.61295&mlon=96.04714#map=14/25.61295/96.04714,VIIRS_SNPP_SP,firms-snpp-2024-v1
RV1-0437,Subhra-Nandi,development_only,471_1419,2024-12,firms-a99fe4533ebfd50b2d133fc7,2024-12-05T07:48:00+00:00,23.58524,70.96313,2024-12-05T07:48:00+00:00,2024-12-05T07:48:00+00:00,1,1,2.75,2.75,"https://worldview.earthdata.nasa.gov/?v=70.92313,23.56524,71.00313,23.60524&l=Reference_Labels_15m(hidden),DoS_International_Boundaries(hidden),Coastlines_15m,VIIRS_SNPP_Thermal_Anomalies_375m_All,OCI_PACE_True_Color(hidden),VIIRS_NOAA21_CorrectedReflectance_TrueColor(hidden),VIIRS_NOAA20_CorrectedReflectance_TrueColor(hidden),VIIRS_SNPP_CorrectedReflectance_TrueColor&lg=true&t=2024-12-05-T00%3A00%3A00Z",https://www.openstreetmap.org/?mlat=23.58524&mlon=70.96313#map=14/23.58524/70.96313,VIIRS_SNPP_SP,firms-snpp-2024-v1
RV1-0438,mishhverse,development_only,690_1441,2025-01,firms-ac9f90acf0fdffa64d1bce6b,2025-01-16T20:26:00+00:00,34.50689,72.09754,2025-01-07T07:33:00+00:00,2025-01-16T20:26:00+00:00,3,2,2.13,2.31,"https://worldview.earthdata.nasa.gov/?v=72.05754,34.48689,72.13754,34.52689&l=Reference_Labels_15m(hidden),DoS_International_Boundaries(hidden),Coastlines_15m,VIIRS_SNPP_Thermal_Anomalies_375m_All,OCI_PACE_True_Color(hidden),VIIRS_NOAA21_CorrectedReflectance_TrueColor(hidden),VIIRS_NOAA20_CorrectedReflectance_TrueColor(hidden),VIIRS_SNPP_CorrectedReflectance_TrueColor&lg=true&t=2025-01-16-T00%3A00%3A00Z",https://www.openstreetmap.org/?mlat=34.50689&mlon=72.09754#map=14/34.50689/72.09754,VIIRS_SNPP_SP,firms-snpp-2025-v1
RV1-0439,NuclearVenom,development_only,439_1609,2025-03,firms-53eb4e164009143ed5e17904,2025-03-31T20:41:00+00:00,21.99908,80.49508,2025-03-29T07:09:00+00:00,2025-03-31T20:41:00+00:00,3,2,1.42,2.31,"https://worldview.earthdata.nasa.gov/?v=80.45508,21.97908,80.53508,22.01908&l=Reference_Labels_15m(hidden),DoS_International_Boundaries(hidden),Coastlines_15m,VIIRS_SNPP_Thermal_Anomalies_375m_All,OCI_PACE_True_Color(hidden),VIIRS_NOAA21_CorrectedReflectance_TrueColor(hidden),VIIRS_NOAA20_CorrectedReflectance_TrueColor(hidden),VIIRS_SNPP_CorrectedReflectance_TrueColor&lg=true&t=2025-03-31-T00%3A00%3A00Z",https://www.openstreetmap.org/?mlat=21.99908&mlon=80.49508#map=14/21.99908/80.49508,VIIRS_SNPP_SP,firms-snpp-2025-v1
RV1-0440,rajeet-04,development_only,298_1543,2025-05,firms-3963e0de988a3ae133413b17,2025-05-10T07:21:00+00:00,14.92876,77.19255,2025-05-10T07:21:00+00:00,2025-05-10T07:21:00+00:00,1,1,4.65,4.65,"https://worldview.earthdata.nasa.gov/?v=77.15255,14.90876,77.23255,14.94876&l=Reference_Labels_15m(hidden),DoS_International_Boundaries(hidden),Coastlines_15m,VIIRS_SNPP_Thermal_Anomalies_375m_All,OCI_PACE_True_Color(hidden),VIIRS_NOAA21_CorrectedReflectance_TrueColor(hidden),VIIRS_NOAA20_CorrectedReflectance_TrueColor(hidden),VIIRS_SNPP_CorrectedReflectance_TrueColor&lg=true&t=2025-05-10-T00%3A00%3A00Z",https://www.openstreetmap.org/?mlat=14.92876&mlon=77.19255#map=14/14.92876/77.19255,VIIRS_SNPP_SP,firms-snpp-2025-v1
RV1-0441,DeepaliSingh10,development_only,429_1640,2024-02,firms-302a539c4c716fbef92d2295,2024-02-21T07:47:00+00:00,21.46815,82.03861,2024-02-04T08:06:00+00:00,2024-02-21T07:47:00+00:00,5,3,3.51,4.31,"https://worldview.earthdata.nasa.gov/?v=81.99861,21.44815,82.07861,21.48815&l=Reference_Labels_15m(hidden),DoS_International_Boundaries(hidden),Coastlines_15m,VIIRS_SNPP_Thermal_Anomalies_375m_All,OCI_PACE_True_Color(hidden),VIIRS_NOAA21_CorrectedReflectance_TrueColor(hidden),VIIRS_NOAA20_CorrectedReflectance_TrueColor(hidden),VIIRS_SNPP_CorrectedReflectance_TrueColor&lg=true&t=2024-02-21-T00%3A00%3A00Z",https://www.openstreetmap.org/?mlat=21.46815&mlon=82.03861#map=14/21.46815/82.03861,VIIRS_SNPP_SP,firms-snpp-2024-v1
RV1-0442,Somsubhra-Nandi,development_only,502_1468,2024-03,firms-5b0316cbe6578918198abb63,2024-03-19T07:42:00+00:00,25.10271,73.4474,2024-03-18T20:28:00+00:00,2024-03-31T08:58:00+00:00,15,4,6.46,13.66,"https://worldview.earthdata.nasa.gov/?v=73.40740,25.08271,73.48740,25.12271&l=Reference_Labels_15m(hidden),DoS_International_Boundaries(hidden),Coastlines_15m,VIIRS_SNPP_Thermal_Anomalies_375m_All,OCI_PACE_True_Color(hidden),VIIRS_NOAA21_CorrectedReflectance_TrueColor(hidden),VIIRS_NOAA20_CorrectedReflectance_TrueColor(hidden),VIIRS_SNPP_CorrectedReflectance_TrueColor&lg=true&t=2024-03-19-T00%3A00%3A00Z",https://www.openstreetmap.org/?mlat=25.10271&mlon=73.44740#map=14/25.10271/73.44740,VIIRS_SNPP_SP,firms-snpp-2024-v1
RV1-0443,Subhra-Nandi,development_only,346_1912,2024-03,firms-25a4ee227ddf22ea1411b3f2,2024-03-15T07:14:00+00:00,17.30197,95.64298,2024-03-14T07:33:00+00:00,2024-03-24T07:46:00+00:00,5,3,3.9,6.99,"https://worldview.earthdata.nasa.gov/?v=95.60298,17.28197,95.68298,17.32197&l=Reference_Labels_15m(hidden),DoS_International_Boundaries(hidden),Coastlines_15m,VIIRS_SNPP_Thermal_Anomalies_375m_All,OCI_PACE_True_Color(hidden),VIIRS_NOAA21_CorrectedReflectance_TrueColor(hidden),VIIRS_NOAA20_CorrectedReflectance_TrueColor(hidden),VIIRS_SNPP_CorrectedReflectance_TrueColor&lg=true&t=2024-03-15-T00%3A00%3A00Z",https://www.openstreetmap.org/?mlat=17.30197&mlon=95.64298#map=14/17.30197/95.64298,VIIRS_SNPP_SP,firms-snpp-2024-v1
RV1-0444,mishhverse,development_only,544_1714,2024-04,firms-651ded703f77958d4d55da23,2024-04-23T19:12:00+00:00,27.20203,85.74077,2024-04-23T19:12:00+00:00,2024-04-23T19:12:00+00:00,1,1,3.19,3.19,"https://worldview.earthdata.nasa.gov/?v=85.70077,27.18203,85.78077,27.22203&l=Reference_Labels_15m(hidden),DoS_International_Boundaries(hidden),Coastlines_15m,VIIRS_SNPP_Thermal_Anomalies_375m_All,OCI_PACE_True_Color(hidden),VIIRS_NOAA21_CorrectedReflectance_TrueColor(hidden),VIIRS_NOAA20_CorrectedReflectance_TrueColor(hidden),VIIRS_SNPP_CorrectedReflectance_TrueColor&lg=true&t=2024-04-23-T00%3A00%3A00Z",https://www.openstreetmap.org/?mlat=27.20203&mlon=85.74077#map=14/27.20203/85.74077,VIIRS_SNPP_SP,firms-snpp-2024-v1
RV1-0445,NuclearVenom,development_only,394_1952,2025-02,firms-e0f4f9d8e75413cefafd8556,2025-02-20T07:02:00+00:00,19.7062,97.60719,2025-02-20T07:02:00+00:00,2025-02-20T07:02:00+00:00,1,1,5.29,5.29,"https://worldview.earthdata.nasa.gov/?v=97.56719,19.68620,97.64719,19.72620&l=Reference_Labels_15m(hidden),DoS_International_Boundaries(hidden),Coastlines_15m,VIIRS_SNPP_Thermal_Anomalies_375m_All,OCI_PACE_True_Color(hidden),VIIRS_NOAA21_CorrectedReflectance_TrueColor(hidden),VIIRS_NOAA20_CorrectedReflectance_TrueColor(hidden),VIIRS_SNPP_CorrectedReflectance_TrueColor&lg=true&t=2025-02-20-T00%3A00%3A00Z",https://www.openstreetmap.org/?mlat=19.70620&mlon=97.60719#map=14/19.70620/97.60719,VIIRS_SNPP_SP,firms-snpp-2025-v1
RV1-0446,rajeet-04,development_only,467_1490,2025-03,firms-dae3e7cea97ad9af791859c2,2025-03-29T08:50:00+00:00,23.35079,74.53754,2025-03-29T08:50:00+00:00,2025-03-29T08:50:00+00:00,1,1,5.16,5.16,"https://worldview.earthdata.nasa.gov/?v=74.49754,23.33079,74.57754,23.37079&l=Reference_Labels_15m(hidden),DoS_International_Boundaries(hidden),Coastlines_15m,VIIRS_SNPP_Thermal_Anomalies_375m_All,OCI_PACE_True_Color(hidden),VIIRS_NOAA21_CorrectedReflectance_TrueColor(hidden),VIIRS_NOAA20_CorrectedReflectance_TrueColor(hidden),VIIRS_SNPP_CorrectedReflectance_TrueColor&lg=true&t=2025-03-29-T00%3A00%3A00Z",https://www.openstreetmap.org/?mlat=23.35079&mlon=74.53754#map=14/23.35079/74.53754,VIIRS_SNPP_SP,firms-snpp-2025-v1
RV1-0447,DeepaliSingh10,development_only,393_1640,2025-02,firms-589abbb4a93f2a1b46f4d28f,2025-02-17T08:00:00+00:00,19.68267,82.03133,2025-02-09T07:09:00+00:00,2025-02-28T20:23:00+00:00,6,5,2.645,8.5,"https://worldview.earthdata.nasa.gov/?v=81.99133,19.66267,82.07133,19.70267&l=Reference_Labels_15m(hidden),DoS_International_Boundaries(hidden),Coastlines_15m,VIIRS_SNPP_Thermal_Anomalies_375m_All,OCI_PACE_True_Color(hidden),VIIRS_NOAA21_CorrectedReflectance_TrueColor(hidden),VIIRS_NOAA20_CorrectedReflectance_TrueColor(hidden),VIIRS_SNPP_CorrectedReflectance_TrueColor&lg=true&t=2025-02-17-T00%3A00%3A00Z",https://www.openstreetmap.org/?mlat=19.68267&mlon=82.03133#map=14/19.68267/82.03133,VIIRS_SNPP_SP,firms-snpp-2025-v1
RV1-0448,Somsubhra-Nandi,development_only,352_1944,2025-04,firms-d017a6259a3847fa83fceba7,2025-04-08T19:51:00+00:00,17.60765,97.2357,2025-04-01T06:11:00+00:00,2025-04-24T07:21:00+00:00,8,4,10.595,66.85,"https://worldview.earthdata.nasa.gov/?v=97.19570,17.58765,97.27570,17.62765&l=Reference_Labels_15m(hidden),DoS_International_Boundaries(hidden),Coastlines_15m,VIIRS_SNPP_Thermal_Anomalies_375m_All,OCI_PACE_True_Color(hidden),VIIRS_NOAA21_CorrectedReflectance_TrueColor(hidden),VIIRS_NOAA20_CorrectedReflectance_TrueColor(hidden),VIIRS_SNPP_CorrectedReflectance_TrueColor&lg=true&t=2025-04-08-T00%3A00%3A00Z",https://www.openstreetmap.org/?mlat=17.60765&mlon=97.23570#map=14/17.60765/97.23570,VIIRS_SNPP_SP,firms-snpp-2025-v1
RV1-0449,Subhra-Nandi,development_only,415_1913,2024-04,firms-d002e7e3cf737b99ed86d6de,2024-04-12T06:50:00+00:00,20.78889,95.67056,2024-04-06T19:32:00+00:00,2024-04-13T06:31:00+00:00,3,3,2.7,9.44,"https://worldview.earthdata.nasa.gov/?v=95.63056,20.76889,95.71056,20.80889&l=Reference_Labels_15m(hidden),DoS_International_Boundaries(hidden),Coastlines_15m,VIIRS_SNPP_Thermal_Anomalies_375m_All,OCI_PACE_True_Color(hidden),VIIRS_NOAA21_CorrectedReflectance_TrueColor(hidden),VIIRS_NOAA20_CorrectedReflectance_TrueColor(hidden),VIIRS_SNPP_CorrectedReflectance_TrueColor&lg=true&t=2024-04-12-T00%3A00%3A00Z",https://www.openstreetmap.org/?mlat=20.78889&mlon=95.67056#map=14/20.78889/95.67056,VIIRS_SNPP_SP,firms-snpp-2024-v1
RV1-0450,mishhverse,development_only,500_1886,2025-02,firms-aeea3986a8ee822f4434081f,2025-02-04T07:04:00+00:00,25.04183,94.33638,2025-02-04T07:04:00+00:00,2025-02-04T07:04:00+00:00,1,1,2.81,2.81,"https://worldview.earthdata.nasa.gov/?v=94.29638,25.02183,94.37638,25.06183&l=Reference_Labels_15m(hidden),DoS_International_Boundaries(hidden),Coastlines_15m,VIIRS_SNPP_Thermal_Anomalies_375m_All,OCI_PACE_True_Color(hidden),VIIRS_NOAA21_CorrectedReflectance_TrueColor(hidden),VIIRS_NOAA20_CorrectedReflectance_TrueColor(hidden),VIIRS_SNPP_CorrectedReflectance_TrueColor&lg=true&t=2025-02-04-T00%3A00%3A00Z",https://www.openstreetmap.org/?mlat=25.04183&mlon=94.33638#map=14/25.04183/94.33638,VIIRS_SNPP_SP,firms-snpp-2025-v1
RV1-0451,NuclearVenom,development_only,268_1530,2025-02,firms-8836c3ed29c2af5f489b958b,2025-02-08T07:27:00+00:00,13.44508,76.5088,2025-02-08T07:27:00+00:00,2025-02-08T07:27:00+00:00,2,1,8.73,8.73,"https://worldview.earthdata.nasa.gov/?v=76.46880,13.42508,76.54880,13.46508&l=Reference_Labels_15m(hidden),DoS_International_Boundaries(hidden),Coastlines_15m,VIIRS_SNPP_Thermal_Anomalies_375m_All,OCI_PACE_True_Color(hidden),VIIRS_NOAA21_CorrectedReflectance_TrueColor(hidden),VIIRS_NOAA20_CorrectedReflectance_TrueColor(hidden),VIIRS_SNPP_CorrectedReflectance_TrueColor&lg=true&t=2025-02-08-T00%3A00%3A00Z",https://www.openstreetmap.org/?mlat=13.44508&mlon=76.50880#map=14/13.44508/76.50880,VIIRS_SNPP_SP,firms-snpp-2025-v1
RV1-0452,rajeet-04,development_only,396_1957,2024-03,firms-e401c7c002e3e0640b043328,2024-03-12T19:00:00+00:00,19.84295,97.85837,2024-03-01T06:37:00+00:00,2024-03-30T18:23:00+00:00,29,10,1.33,5.03,"https://worldview.earthdata.nasa.gov/?v=97.81837,19.82295,97.89837,19.86295&l=Reference_Labels_15m(hidden),DoS_International_Boundaries(hidden),Coastlines_15m,VIIRS_SNPP_Thermal_Anomalies_375m_All,OCI_PACE_True_Color(hidden),VIIRS_NOAA21_CorrectedReflectance_TrueColor(hidden),VIIRS_NOAA20_CorrectedReflectance_TrueColor(hidden),VIIRS_SNPP_CorrectedReflectance_TrueColor&lg=true&t=2024-03-12-T00%3A00%3A00Z",https://www.openstreetmap.org/?mlat=19.84295&mlon=97.85837#map=14/19.84295/97.85837,VIIRS_SNPP_SP,firms-snpp-2024-v1
RV1-0453,DeepaliSingh10,development_only,222_1541,2025-02,firms-920ae92ba6b3d69403776474,2025-02-25T08:48:00+00:00,11.13343,77.05677,2025-02-25T08:48:00+00:00,2025-02-25T08:48:00+00:00,1,1,2.11,2.11,"https://worldview.earthdata.nasa.gov/?v=77.01677,11.11343,77.09677,11.15343&l=Reference_Labels_15m(hidden),DoS_International_Boundaries(hidden),Coastlines_15m,VIIRS_SNPP_Thermal_Anomalies_375m_All,OCI_PACE_True_Color(hidden),VIIRS_NOAA21_CorrectedReflectance_TrueColor(hidden),VIIRS_NOAA20_CorrectedReflectance_TrueColor(hidden),VIIRS_SNPP_CorrectedReflectance_TrueColor&lg=true&t=2025-02-25-T00%3A00%3A00Z",https://www.openstreetmap.org/?mlat=11.13343&mlon=77.05677#map=14/11.13343/77.05677,VIIRS_SNPP_SP,firms-snpp-2025-v1
RV1-0454,Somsubhra-Nandi,development_only,615_1452,2024-03,firms-7bea4a8870cc44d5c5e5884f,2024-03-06T08:27:00+00:00,30.75879,72.60034,2024-03-06T08:27:00+00:00,2024-03-06T08:27:00+00:00,1,1,4.25,4.25,"https://worldview.earthdata.nasa.gov/?v=72.56034,30.73879,72.64034,30.77879&l=Reference_Labels_15m(hidden),DoS_International_Boundaries(hidden),Coastlines_15m,VIIRS_SNPP_Thermal_Anomalies_375m_All,OCI_PACE_True_Color(hidden),VIIRS_NOAA21_CorrectedReflectance_TrueColor(hidden),VIIRS_NOAA20_CorrectedReflectance_TrueColor(hidden),VIIRS_SNPP_CorrectedReflectance_TrueColor&lg=true&t=2024-03-06-T00%3A00%3A00Z",https://www.openstreetmap.org/?mlat=30.75879&mlon=72.60034#map=14/30.75879/72.60034,VIIRS_SNPP_SP,firms-snpp-2024-v1
RV1-0455,Subhra-Nandi,development_only,307_1524,2025-02,firms-80d55175c9cd699f47beafd6,2025-02-23T07:46:00+00:00,15.35364,76.21368,2025-02-23T07:46:00+00:00,2025-02-23T07:46:00+00:00,1,1,4.23,4.23,"https://worldview.earthdata.nasa.gov/?v=76.17368,15.33364,76.25368,15.37364&l=Reference_Labels_15m(hidden),DoS_International_Boundaries(hidden),Coastlines_15m,VIIRS_SNPP_Thermal_Anomalies_375m_All,OCI_PACE_True_Color(hidden),VIIRS_NOAA21_CorrectedReflectance_TrueColor(hidden),VIIRS_NOAA20_CorrectedReflectance_TrueColor(hidden),VIIRS_SNPP_CorrectedReflectance_TrueColor&lg=true&t=2025-02-23-T00%3A00%3A00Z",https://www.openstreetmap.org/?mlat=15.35364&mlon=76.21368#map=14/15.35364/76.21368,VIIRS_SNPP_SP,firms-snpp-2025-v1
RV1-0456,mishhverse,development_only,572_1612,2024-04,firms-9064178dd07bae43b95c4408,2024-04-10T07:30:00+00:00,28.61698,80.60907,2024-04-10T07:30:00+00:00,2024-04-10T07:30:00+00:00,1,1,1.9,1.9,"https://worldview.earthdata.nasa.gov/?v=80.56907,28.59698,80.64907,28.63698&l=Reference_Labels_15m(hidden),DoS_International_Boundaries(hidden),Coastlines_15m,VIIRS_SNPP_Thermal_Anomalies_375m_All,OCI_PACE_True_Color(hidden),VIIRS_NOAA21_CorrectedReflectance_TrueColor(hidden),VIIRS_NOAA20_CorrectedReflectance_TrueColor(hidden),VIIRS_SNPP_CorrectedReflectance_TrueColor&lg=true&t=2024-04-10-T00%3A00%3A00Z",https://www.openstreetmap.org/?mlat=28.61698&mlon=80.60907#map=14/28.61698/80.60907,VIIRS_SNPP_SP,firms-snpp-2024-v1
RV1-0457,NuclearVenom,development_only,446_1521,2025-02,firms-d80689ae289e6847ba0bf515,2025-02-10T08:32:00+00:00,22.32608,76.0723,2025-02-10T08:32:00+00:00,2025-02-10T08:32:00+00:00,2,1,6.32,6.32,"https://worldview.earthdata.nasa.gov/?v=76.03230,22.30608,76.11230,22.34608&l=Reference_Labels_15m(hidden),DoS_International_Boundaries(hidden),Coastlines_15m,VIIRS_SNPP_Thermal_Anomalies_375m_All,OCI_PACE_True_Color(hidden),VIIRS_NOAA21_CorrectedReflectance_TrueColor(hidden),VIIRS_NOAA20_CorrectedReflectance_TrueColor(hidden),VIIRS_SNPP_CorrectedReflectance_TrueColor&lg=true&t=2025-02-10-T00%3A00%3A00Z",https://www.openstreetmap.org/?mlat=22.32608&mlon=76.07230#map=14/22.32608/76.07230,VIIRS_SNPP_SP,firms-snpp-2025-v1
RV1-0458,rajeet-04,development_only,164_1600,2025-02,firms-ab930a4159f64067421b945e,2025-02-22T08:03:00+00:00,8.21857,80.03903,2025-02-22T08:03:00+00:00,2025-02-22T08:03:00+00:00,1,1,3.55,3.55,"https://worldview.earthdata.nasa.gov/?v=79.99903,8.19857,80.07903,8.23857&l=Reference_Labels_15m(hidden),DoS_International_Boundaries(hidden),Coastlines_15m,VIIRS_SNPP_Thermal_Anomalies_375m_All,OCI_PACE_True_Color(hidden),VIIRS_NOAA21_CorrectedReflectance_TrueColor(hidden),VIIRS_NOAA20_CorrectedReflectance_TrueColor(hidden),VIIRS_SNPP_CorrectedReflectance_TrueColor&lg=true&t=2025-02-22-T00%3A00%3A00Z",https://www.openstreetmap.org/?mlat=8.21857&mlon=80.03903#map=14/8.21857/80.03903,VIIRS_SNPP_SP,firms-snpp-2025-v1
RV1-0459,DeepaliSingh10,development_only,483_1532,2024-03,firms-414a3ee9175b4b9c769c7e6b,2024-03-17T08:19:00+00:00,24.18253,76.63897,2024-03-17T08:19:00+00:00,2024-03-17T08:19:00+00:00,1,1,5.92,5.92,"https://worldview.earthdata.nasa.gov/?v=76.59897,24.16253,76.67897,24.20253&l=Reference_Labels_15m(hidden),DoS_International_Boundaries(hidden),Coastlines_15m,VIIRS_SNPP_Thermal_Anomalies_375m_All,OCI_PACE_True_Color(hidden),VIIRS_NOAA21_CorrectedReflectance_TrueColor(hidden),VIIRS_NOAA20_CorrectedReflectance_TrueColor(hidden),VIIRS_SNPP_CorrectedReflectance_TrueColor&lg=true&t=2024-03-17-T00%3A00%3A00Z",https://www.openstreetmap.org/?mlat=24.18253&mlon=76.63897#map=14/24.18253/76.63897,VIIRS_SNPP_SP,firms-snpp-2024-v1
RV1-0460,Somsubhra-Nandi,development_only,403_1623,2025-03,firms-ae9992503e89d0f7d744c566,2025-03-17T07:34:00+00:00,20.18741,81.17519,2025-03-05T07:59:00+00:00,2025-03-29T19:38:00+00:00,11,7,2.04,5.06,"https://worldview.earthdata.nasa.gov/?v=81.13519,20.16741,81.21519,20.20741&l=Reference_Labels_15m(hidden),DoS_International_Boundaries(hidden),Coastlines_15m,VIIRS_SNPP_Thermal_Anomalies_375m_All,OCI_PACE_True_Color(hidden),VIIRS_NOAA21_CorrectedReflectance_TrueColor(hidden),VIIRS_NOAA20_CorrectedReflectance_TrueColor(hidden),VIIRS_SNPP_CorrectedReflectance_TrueColor&lg=true&t=2025-03-17-T00%3A00%3A00Z",https://www.openstreetmap.org/?mlat=20.18741&mlon=81.17519#map=14/20.18741/81.17519,VIIRS_SNPP_SP,firms-snpp-2025-v1
RV1-0461,Subhra-Nandi,development_only,328_1481,2024-03,firms-026e710f281963eb2cef627e,2024-03-18T20:30:00+00:00,16.42965,74.06894,2024-03-18T20:30:00+00:00,2024-03-18T20:30:00+00:00,1,1,1.47,1.47,"https://worldview.earthdata.nasa.gov/?v=74.02894,16.40965,74.10894,16.44965&l=Reference_Labels_15m(hidden),DoS_International_Boundaries(hidden),Coastlines_15m,VIIRS_SNPP_Thermal_Anomalies_375m_All,OCI_PACE_True_Color(hidden),VIIRS_NOAA21_CorrectedReflectance_TrueColor(hidden),VIIRS_NOAA20_CorrectedReflectance_TrueColor(hidden),VIIRS_SNPP_CorrectedReflectance_TrueColor&lg=true&t=2024-03-18-T00%3A00%3A00Z",https://www.openstreetmap.org/?mlat=16.42965&mlon=74.06894#map=14/16.42965/74.06894,VIIRS_SNPP_SP,firms-snpp-2024-v1
RV1-0462,mishhverse,development_only,605_1490,2024-11,firms-2c248c074c97d663c43512c5,2024-11-10T08:58:00+00:00,30.26569,74.54664,2024-11-07T08:14:00+00:00,2024-11-19T07:49:00+00:00,8,5,3.52,17.88,"https://worldview.earthdata.nasa.gov/?v=74.50664,30.24569,74.58664,30.28569&l=Reference_Labels_15m(hidden),DoS_International_Boundaries(hidden),Coastlines_15m,VIIRS_SNPP_Thermal_Anomalies_375m_All,OCI_PACE_True_Color(hidden),VIIRS_NOAA21_CorrectedReflectance_TrueColor(hidden),VIIRS_NOAA20_CorrectedReflectance_TrueColor(hidden),VIIRS_SNPP_CorrectedReflectance_TrueColor&lg=true&t=2024-11-10-T00%3A00%3A00Z",https://www.openstreetmap.org/?mlat=30.26569&mlon=74.54664#map=14/30.26569/74.54664,VIIRS_SNPP_SP,firms-snpp-2024-v1
RV1-0463,NuclearVenom,development_only,573_1647,2024-05,firms-96aec9cf1c97911cac63662c,2024-05-05T08:02:00+00:00,28.68924,82.39089,2024-05-05T08:02:00+00:00,2024-05-05T08:02:00+00:00,1,1,3.14,3.14,"https://worldview.earthdata.nasa.gov/?v=82.35089,28.66924,82.43089,28.70924&l=Reference_Labels_15m(hidden),DoS_International_Boundaries(hidden),Coastlines_15m,VIIRS_SNPP_Thermal_Anomalies_375m_All,OCI_PACE_True_Color(hidden),VIIRS_NOAA21_CorrectedReflectance_TrueColor(hidden),VIIRS_NOAA20_CorrectedReflectance_TrueColor(hidden),VIIRS_SNPP_CorrectedReflectance_TrueColor&lg=true&t=2024-05-05-T00%3A00%3A00Z",https://www.openstreetmap.org/?mlat=28.68924&mlon=82.39089#map=14/28.68924/82.39089,VIIRS_SNPP_SP,firms-snpp-2024-v1
RV1-0464,rajeet-04,development_only,408_1534,2024-04,firms-076c672b6e9154b8f39e19d5,2024-04-05T07:22:00+00:00,20.43274,76.71439,2024-04-05T07:22:00+00:00,2024-04-05T07:22:00+00:00,1,1,1.69,1.69,"https://worldview.earthdata.nasa.gov/?v=76.67439,20.41274,76.75439,20.45274&l=Reference_Labels_15m(hidden),DoS_International_Boundaries(hidden),Coastlines_15m,VIIRS_SNPP_Thermal_Anomalies_375m_All,OCI_PACE_True_Color(hidden),VIIRS_NOAA21_CorrectedReflectance_TrueColor(hidden),VIIRS_NOAA20_CorrectedReflectance_TrueColor(hidden),VIIRS_SNPP_CorrectedReflectance_TrueColor&lg=true&t=2024-04-05-T00%3A00%3A00Z",https://www.openstreetmap.org/?mlat=20.43274&mlon=76.71439#map=14/20.43274/76.71439,VIIRS_SNPP_SP,firms-snpp-2024-v1
RV1-0465,DeepaliSingh10,development_only,478_1557,2024-05,firms-115ab2e7c71f8858fb13dbf4,2024-05-02T19:44:00+00:00,23.91514,77.89819,2024-05-02T19:44:00+00:00,2024-05-02T19:44:00+00:00,1,1,0.47,0.47,"https://worldview.earthdata.nasa.gov/?v=77.85819,23.89514,77.93819,23.93514&l=Reference_Labels_15m(hidden),DoS_International_Boundaries(hidden),Coastlines_15m,VIIRS_SNPP_Thermal_Anomalies_375m_All,OCI_PACE_True_Color(hidden),VIIRS_NOAA21_CorrectedReflectance_TrueColor(hidden),VIIRS_NOAA20_CorrectedReflectance_TrueColor(hidden),VIIRS_SNPP_CorrectedReflectance_TrueColor&lg=true&t=2024-05-02-T00%3A00%3A00Z",https://www.openstreetmap.org/?mlat=23.91514&mlon=77.89819#map=14/23.91514/77.89819,VIIRS_SNPP_SP,firms-snpp-2024-v1
RV1-0466,Somsubhra-Nandi,development_only,682_1474,2025-01,firms-2c6a2cd418da0db815849251,2025-01-30T21:04:00+00:00,34.13492,73.74297,2025-01-30T21:04:00+00:00,2025-01-30T21:04:00+00:00,1,1,1.44,1.44,"https://worldview.earthdata.nasa.gov/?v=73.70297,34.11492,73.78297,34.15492&l=Reference_Labels_15m(hidden),DoS_International_Boundaries(hidden),Coastlines_15m,VIIRS_SNPP_Thermal_Anomalies_375m_All,OCI_PACE_True_Color(hidden),VIIRS_NOAA21_CorrectedReflectance_TrueColor(hidden),VIIRS_NOAA20_CorrectedReflectance_TrueColor(hidden),VIIRS_SNPP_CorrectedReflectance_TrueColor&lg=true&t=2025-01-30-T00%3A00%3A00Z",https://www.openstreetmap.org/?mlat=34.13492&mlon=73.74297#map=14/34.13492/73.74297,VIIRS_SNPP_SP,firms-snpp-2025-v1
RV1-0467,Subhra-Nandi,development_only,425_1724,2024-04,firms-b674839907d1ce0293d61825,2024-04-22T07:03:00+00:00,21.27344,86.22996,2024-04-19T08:00:00+00:00,2024-04-22T07:03:00+00:00,2,2,4.855,6.78,"https://worldview.earthdata.nasa.gov/?v=86.18996,21.25344,86.26996,21.29344&l=Reference_Labels_15m(hidden),DoS_International_Boundaries(hidden),Coastlines_15m,VIIRS_SNPP_Thermal_Anomalies_375m_All,OCI_PACE_True_Color(hidden),VIIRS_NOAA21_CorrectedReflectance_TrueColor(hidden),VIIRS_NOAA20_CorrectedReflectance_TrueColor(hidden),VIIRS_SNPP_CorrectedReflectance_TrueColor&lg=true&t=2024-04-22-T00%3A00%3A00Z",https://www.openstreetmap.org/?mlat=21.27344&mlon=86.22996#map=14/21.27344/86.22996,VIIRS_SNPP_SP,firms-snpp-2024-v1
RV1-0468,mishhverse,development_only,521_1542,2025-03,firms-b3453e03f10f5edc094304fb,2025-03-29T08:51:00+00:00,26.0507,77.12444,2025-03-05T08:01:00+00:00,2025-03-29T08:51:00+00:00,2,2,6.165,9.4,"https://worldview.earthdata.nasa.gov/?v=77.08444,26.03070,77.16444,26.07070&l=Reference_Labels_15m(hidden),DoS_International_Boundaries(hidden),Coastlines_15m,VIIRS_SNPP_Thermal_Anomalies_375m_All,OCI_PACE_True_Color(hidden),VIIRS_NOAA21_CorrectedReflectance_TrueColor(hidden),VIIRS_NOAA20_CorrectedReflectance_TrueColor(hidden),VIIRS_SNPP_CorrectedReflectance_TrueColor&lg=true&t=2025-03-29-T00%3A00%3A00Z",https://www.openstreetmap.org/?mlat=26.05070&mlon=77.12444#map=14/26.05070/77.12444,VIIRS_SNPP_SP,firms-snpp-2025-v1
RV1-0469,NuclearVenom,development_only,578_1632,2024-06,firms-a8fc07688818870d1c31790f,2024-06-14T07:11:00+00:00,28.92528,81.6043,2024-06-12T20:13:00+00:00,2024-06-15T08:32:00+00:00,5,3,2.68,6.79,"https://worldview.earthdata.nasa.gov/?v=81.56430,28.90528,81.64430,28.94528&l=Reference_Labels_15m(hidden),DoS_International_Boundaries(hidden),Coastlines_15m,VIIRS_SNPP_Thermal_Anomalies_375m_All,OCI_PACE_True_Color(hidden),VIIRS_NOAA21_CorrectedReflectance_TrueColor(hidden),VIIRS_NOAA20_CorrectedReflectance_TrueColor(hidden),VIIRS_SNPP_CorrectedReflectance_TrueColor&lg=true&t=2024-06-14-T00%3A00%3A00Z",https://www.openstreetmap.org/?mlat=28.92528&mlon=81.60430#map=14/28.92528/81.60430,VIIRS_SNPP_SP,firms-snpp-2024-v1
RV1-0470,rajeet-04,development_only,549_1733,2025-03,firms-39d4acd1b33b19c0b22553f2,2025-03-17T20:01:00+00:00,27.48931,86.68171,2025-03-17T20:01:00+00:00,2025-03-17T20:01:00+00:00,1,1,1.12,1.12,"https://worldview.earthdata.nasa.gov/?v=86.64171,27.46931,86.72171,27.50931&l=Reference_Labels_15m(hidden),DoS_International_Boundaries(hidden),Coastlines_15m,VIIRS_SNPP_Thermal_Anomalies_375m_All,OCI_PACE_True_Color(hidden),VIIRS_NOAA21_CorrectedReflectance_TrueColor(hidden),VIIRS_NOAA20_CorrectedReflectance_TrueColor(hidden),VIIRS_SNPP_CorrectedReflectance_TrueColor&lg=true&t=2025-03-17-T00%3A00%3A00Z",https://www.openstreetmap.org/?mlat=27.48931&mlon=86.68171#map=14/27.48931/86.68171,VIIRS_SNPP_SP,firms-snpp-2025-v1
RV1-0471,DeepaliSingh10,development_only,610_1400,2025-03,firms-330e196260540db33b5f292d,2025-03-08T21:11:00+00:00,30.5422,70.0443,2025-03-08T21:11:00+00:00,2025-03-08T21:11:00+00:00,5,1,0.72,3.0,"https://worldview.earthdata.nasa.gov/?v=70.00430,30.52220,70.08430,30.56220&l=Reference_Labels_15m(hidden),DoS_International_Boundaries(hidden),Coastlines_15m,VIIRS_SNPP_Thermal_Anomalies_375m_All,OCI_PACE_True_Color(hidden),VIIRS_NOAA21_CorrectedReflectance_TrueColor(hidden),VIIRS_NOAA20_CorrectedReflectance_TrueColor(hidden),VIIRS_SNPP_CorrectedReflectance_TrueColor&lg=true&t=2025-03-08-T00%3A00%3A00Z",https://www.openstreetmap.org/?mlat=30.54220&mlon=70.04430#map=14/30.54220/70.04430,VIIRS_SNPP_SP,firms-snpp-2025-v1
RV1-0472,Somsubhra-Nandi,development_only,403_1693,2024-04,firms-cd06da63ebf0cb81bb6e88e5,2024-04-19T07:59:00+00:00,20.17479,84.67929,2024-04-05T19:51:00+00:00,2024-04-22T07:03:00+00:00,12,5,5.395,6.8,"https://worldview.earthdata.nasa.gov/?v=84.63929,20.15479,84.71929,20.19479&l=Reference_Labels_15m(hidden),DoS_International_Boundaries(hidden),Coastlines_15m,VIIRS_SNPP_Thermal_Anomalies_375m_All,OCI_PACE_True_Color(hidden),VIIRS_NOAA21_CorrectedReflectance_TrueColor(hidden),VIIRS_NOAA20_CorrectedReflectance_TrueColor(hidden),VIIRS_SNPP_CorrectedReflectance_TrueColor&lg=true&t=2024-04-19-T00%3A00%3A00Z",https://www.openstreetmap.org/?mlat=20.17479&mlon=84.67929#map=14/20.17479/84.67929,VIIRS_SNPP_SP,firms-snpp-2024-v1
RV1-0473,Subhra-Nandi,development_only,523_1899,2025-03,firms-8694e1bc040279f156102305,2025-03-04T06:39:00+00:00,26.16135,94.95233,2025-03-04T06:39:00+00:00,2025-03-04T06:39:00+00:00,4,1,12.14,73.7,"https://worldview.earthdata.nasa.gov/?v=94.91233,26.14135,94.99233,26.18135&l=Reference_Labels_15m(hidden),DoS_International_Boundaries(hidden),Coastlines_15m,VIIRS_SNPP_Thermal_Anomalies_375m_All,OCI_PACE_True_Color(hidden),VIIRS_NOAA21_CorrectedReflectance_TrueColor(hidden),VIIRS_NOAA20_CorrectedReflectance_TrueColor(hidden),VIIRS_SNPP_CorrectedReflectance_TrueColor&lg=true&t=2025-03-04-T00%3A00%3A00Z",https://www.openstreetmap.org/?mlat=26.16135&mlon=94.95233#map=14/26.16135/94.95233,VIIRS_SNPP_SP,firms-snpp-2025-v1
RV1-0474,mishhverse,development_only,578_1531,2025-04,firms-9ac177dfde209486185bccc4,2025-04-27T08:09:00+00:00,28.94982,76.55711,2025-04-27T08:09:00+00:00,2025-04-29T07:31:00+00:00,3,2,3.31,8.76,"https://worldview.earthdata.nasa.gov/?v=76.51711,28.92982,76.59711,28.96982&l=Reference_Labels_15m(hidden),DoS_International_Boundaries(hidden),Coastlines_15m,VIIRS_SNPP_Thermal_Anomalies_375m_All,OCI_PACE_True_Color(hidden),VIIRS_NOAA21_CorrectedReflectance_TrueColor(hidden),VIIRS_NOAA20_CorrectedReflectance_TrueColor(hidden),VIIRS_SNPP_CorrectedReflectance_TrueColor&lg=true&t=2025-04-27-T00%3A00%3A00Z",https://www.openstreetmap.org/?mlat=28.94982&mlon=76.55711#map=14/28.94982/76.55711,VIIRS_SNPP_SP,firms-snpp-2025-v1
RV1-0475,NuclearVenom,development_only,630_1538,2024-01,firms-b5ce572b5f9a1ec600202562,2024-01-24T20:39:00+00:00,31.50498,76.94077,2024-01-24T20:39:00+00:00,2024-01-24T20:39:00+00:00,1,1,0.94,0.94,"https://worldview.earthdata.nasa.gov/?v=76.90077,31.48498,76.98077,31.52498&l=Reference_Labels_15m(hidden),DoS_International_Boundaries(hidden),Coastlines_15m,VIIRS_SNPP_Thermal_Anomalies_375m_All,OCI_PACE_True_Color(hidden),VIIRS_NOAA21_CorrectedReflectance_TrueColor(hidden),VIIRS_NOAA20_CorrectedReflectance_TrueColor(hidden),VIIRS_SNPP_CorrectedReflectance_TrueColor&lg=true&t=2024-01-24-T00%3A00%3A00Z",https://www.openstreetmap.org/?mlat=31.50498&mlon=76.94077#map=14/31.50498/76.94077,VIIRS_SNPP_SP,firms-snpp-2024-v1
RV1-0476,rajeet-04,development_only,595_1510,2024-11,firms-e77fc200254dde034794c636,2024-11-08T07:55:00+00:00,29.75398,75.51069,2024-11-02T08:07:00+00:00,2024-11-08T07:55:00+00:00,2,2,3.4749999999999996,4.42,"https://worldview.earthdata.nasa.gov/?v=75.47069,29.73398,75.55069,29.77398&l=Reference_Labels_15m(hidden),DoS_International_Boundaries(hidden),Coastlines_15m,VIIRS_SNPP_Thermal_Anomalies_375m_All,OCI_PACE_True_Color(hidden),VIIRS_NOAA21_CorrectedReflectance_TrueColor(hidden),VIIRS_NOAA20_CorrectedReflectance_TrueColor(hidden),VIIRS_SNPP_CorrectedReflectance_TrueColor&lg=true&t=2024-11-08-T00%3A00%3A00Z",https://www.openstreetmap.org/?mlat=29.75398&mlon=75.51069#map=14/29.75398/75.51069,VIIRS_SNPP_SP,firms-snpp-2024-v1
RV1-0477,DeepaliSingh10,development_only,351_1922,2025-04,firms-955703a5d2fc75e3b019db8b,2025-04-04T06:55:00+00:00,17.59495,96.13953,2025-04-04T06:55:00+00:00,2025-04-04T06:55:00+00:00,2,1,2.685,3.44,"https://worldview.earthdata.nasa.gov/?v=96.09953,17.57495,96.17953,17.61495&l=Reference_Labels_15m(hidden),DoS_International_Boundaries(hidden),Coastlines_15m,VIIRS_SNPP_Thermal_Anomalies_375m_All,OCI_PACE_True_Color(hidden),VIIRS_NOAA21_CorrectedReflectance_TrueColor(hidden),VIIRS_NOAA20_CorrectedReflectance_TrueColor(hidden),VIIRS_SNPP_CorrectedReflectance_TrueColor&lg=true&t=2025-04-04-T00%3A00%3A00Z",https://www.openstreetmap.org/?mlat=17.59495&mlon=96.13953#map=14/17.59495/96.13953,VIIRS_SNPP_SP,firms-snpp-2025-v1
RV1-0478,Somsubhra-Nandi,development_only,475_1588,2024-11,firms-29225440e1a45110a0592343,2024-11-02T08:06:00+00:00,23.75781,79.41067,2024-11-02T08:06:00+00:00,2024-11-02T08:06:00+00:00,1,1,3.29,3.29,"https://worldview.earthdata.nasa.gov/?v=79.37067,23.73781,79.45067,23.77781&l=Reference_Labels_15m(hidden),DoS_International_Boundaries(hidden),Coastlines_15m,VIIRS_SNPP_Thermal_Anomalies_375m_All,OCI_PACE_True_Color(hidden),VIIRS_NOAA21_CorrectedReflectance_TrueColor(hidden),VIIRS_NOAA20_CorrectedReflectance_TrueColor(hidden),VIIRS_SNPP_CorrectedReflectance_TrueColor&lg=true&t=2024-11-02-T00%3A00%3A00Z",https://www.openstreetmap.org/?mlat=23.75781&mlon=79.41067#map=14/23.75781/79.41067,VIIRS_SNPP_SP,firms-snpp-2024-v1
RV1-0479,Subhra-Nandi,development_only,463_1952,2024-05,firms-3bdab56c40ab9b083fe02711,2024-05-06T06:00:00+00:00,23.1987,97.64339,2024-05-06T06:00:00+00:00,2024-05-06T06:00:00+00:00,1,1,4.8,4.8,"https://worldview.earthdata.nasa.gov/?v=97.60339,23.17870,97.68339,23.21870&l=Reference_Labels_15m(hidden),DoS_International_Boundaries(hidden),Coastlines_15m,VIIRS_SNPP_Thermal_Anomalies_375m_All,OCI_PACE_True_Color(hidden),VIIRS_NOAA21_CorrectedReflectance_TrueColor(hidden),VIIRS_NOAA20_CorrectedReflectance_TrueColor(hidden),VIIRS_SNPP_CorrectedReflectance_TrueColor&lg=true&t=2024-05-06-T00%3A00%3A00Z",https://www.openstreetmap.org/?mlat=23.19870&mlon=97.64339#map=14/23.19870/97.64339,VIIRS_SNPP_SP,firms-snpp-2024-v1
RV1-0480,mishhverse,development_only,321_1906,2025-03,firms-4e229263e124db8a72fff988,2025-03-26T06:23:00+00:00,16.0995,95.34328,2025-03-20T06:36:00+00:00,2025-03-26T06:23:00+00:00,6,2,7.375,8.37,"https://worldview.earthdata.nasa.gov/?v=95.30328,16.07950,95.38328,16.11950&l=Reference_Labels_15m(hidden),DoS_International_Boundaries(hidden),Coastlines_15m,VIIRS_SNPP_Thermal_Anomalies_375m_All,OCI_PACE_True_Color(hidden),VIIRS_NOAA21_CorrectedReflectance_TrueColor(hidden),VIIRS_NOAA20_CorrectedReflectance_TrueColor(hidden),VIIRS_SNPP_CorrectedReflectance_TrueColor&lg=true&t=2025-03-26-T00%3A00%3A00Z",https://www.openstreetmap.org/?mlat=16.09950&mlon=95.34328#map=14/16.09950/95.34328,VIIRS_SNPP_SP,firms-snpp-2025-v1
RV1-0481,NuclearVenom,development_only,335_1491,2025-02,firms-3deb6f85c256036e026b28e5,2025-02-16T08:18:00+00:00,16.79123,74.55324,2025-02-07T20:18:00+00:00,2025-02-27T08:11:00+00:00,5,5,2.59,5.19,"https://worldview.earthdata.nasa.gov/?v=74.51324,16.77123,74.59324,16.81123&l=Reference_Labels_15m(hidden),DoS_International_Boundaries(hidden),Coastlines_15m,VIIRS_SNPP_Thermal_Anomalies_375m_All,OCI_PACE_True_Color(hidden),VIIRS_NOAA21_CorrectedReflectance_TrueColor(hidden),VIIRS_NOAA20_CorrectedReflectance_TrueColor(hidden),VIIRS_SNPP_CorrectedReflectance_TrueColor&lg=true&t=2025-02-16-T00%3A00%3A00Z",https://www.openstreetmap.org/?mlat=16.79123&mlon=74.55324#map=14/16.79123/74.55324,VIIRS_SNPP_SP,firms-snpp-2025-v1
RV1-0482,rajeet-04,development_only,468_1587,2024-04,firms-02e2ebb0cf5d6a9db96514e0,2024-04-05T07:23:00+00:00,23.42767,79.3708,2024-04-05T07:23:00+00:00,2024-04-05T07:23:00+00:00,1,1,5.86,5.86,"https://worldview.earthdata.nasa.gov/?v=79.33080,23.40767,79.41080,23.44767&l=Reference_Labels_15m(hidden),DoS_International_Boundaries(hidden),Coastlines_15m,VIIRS_SNPP_Thermal_Anomalies_375m_All,OCI_PACE_True_Color(hidden),VIIRS_NOAA21_CorrectedReflectance_TrueColor(hidden),VIIRS_NOAA20_CorrectedReflectance_TrueColor(hidden),VIIRS_SNPP_CorrectedReflectance_TrueColor&lg=true&t=2024-04-05-T00%3A00%3A00Z",https://www.openstreetmap.org/?mlat=23.42767&mlon=79.37080#map=14/23.42767/79.37080,VIIRS_SNPP_SP,firms-snpp-2024-v1
RV1-0483,DeepaliSingh10,development_only,461_1430,2025-04,firms-ec09a8fb1f310a4fbca081a8,2025-04-06T08:01:00+00:00,23.09605,71.50949,2025-04-06T08:01:00+00:00,2025-04-06T08:01:00+00:00,1,1,3.54,3.54,"https://worldview.earthdata.nasa.gov/?v=71.46949,23.07605,71.54949,23.11605&l=Reference_Labels_15m(hidden),DoS_International_Boundaries(hidden),Coastlines_15m,VIIRS_SNPP_Thermal_Anomalies_375m_All,OCI_PACE_True_Color(hidden),VIIRS_NOAA21_CorrectedReflectance_TrueColor(hidden),VIIRS_NOAA20_CorrectedReflectance_TrueColor(hidden),VIIRS_SNPP_CorrectedReflectance_TrueColor&lg=true&t=2025-04-06-T00%3A00%3A00Z",https://www.openstreetmap.org/?mlat=23.09605&mlon=71.50949#map=14/23.09605/71.50949,VIIRS_SNPP_SP,firms-snpp-2025-v1
RV1-0484,Somsubhra-Nandi,development_only,416_1882,2025-02,firms-9da47658addb7e330cde44d5,2025-02-27T19:01:00+00:00,20.83489,94.14875,2025-02-27T19:01:00+00:00,2025-02-27T19:01:00+00:00,2,1,1.52,1.85,"https://worldview.earthdata.nasa.gov/?v=94.10875,20.81489,94.18875,20.85489&l=Reference_Labels_15m(hidden),DoS_International_Boundaries(hidden),Coastlines_15m,VIIRS_SNPP_Thermal_Anomalies_375m_All,OCI_PACE_True_Color(hidden),VIIRS_NOAA21_CorrectedReflectance_TrueColor(hidden),VIIRS_NOAA20_CorrectedReflectance_TrueColor(hidden),VIIRS_SNPP_CorrectedReflectance_TrueColor&lg=true&t=2025-02-27-T00%3A00%3A00Z",https://www.openstreetmap.org/?mlat=20.83489&mlon=94.14875#map=14/20.83489/94.14875,VIIRS_SNPP_SP,firms-snpp-2025-v1
RV1-0485,Subhra-Nandi,development_only,384_1558,2024-03,firms-d015e0717a5f7a2786bc5a25,2024-03-21T07:03:00+00:00,19.21237,77.93244,2024-03-21T07:03:00+00:00,2024-03-21T07:03:00+00:00,1,1,6.71,6.71,"https://worldview.earthdata.nasa.gov/?v=77.89244,19.19237,77.97244,19.23237&l=Reference_Labels_15m(hidden),DoS_International_Boundaries(hidden),Coastlines_15m,VIIRS_SNPP_Thermal_Anomalies_375m_All,OCI_PACE_True_Color(hidden),VIIRS_NOAA21_CorrectedReflectance_TrueColor(hidden),VIIRS_NOAA20_CorrectedReflectance_TrueColor(hidden),VIIRS_SNPP_CorrectedReflectance_TrueColor&lg=true&t=2024-03-21-T00%3A00%3A00Z",https://www.openstreetmap.org/?mlat=19.21237&mlon=77.93244#map=14/19.21237/77.93244,VIIRS_SNPP_SP,firms-snpp-2024-v1
RV1-0486,mishhverse,development_only,187_1552,2025-02,firms-92067cc9f9f16d2c85464bb1,2025-02-27T08:09:00+00:00,9.37315,77.60566,2025-02-27T08:09:00+00:00,2025-02-27T08:09:00+00:00,1,1,7.54,7.54,"https://worldview.earthdata.nasa.gov/?v=77.56566,9.35315,77.64566,9.39315&l=Reference_Labels_15m(hidden),DoS_International_Boundaries(hidden),Coastlines_15m,VIIRS_SNPP_Thermal_Anomalies_375m_All,OCI_PACE_True_Color(hidden),VIIRS_NOAA21_CorrectedReflectance_TrueColor(hidden),VIIRS_NOAA20_CorrectedReflectance_TrueColor(hidden),VIIRS_SNPP_CorrectedReflectance_TrueColor&lg=true&t=2025-02-27-T00%3A00%3A00Z",https://www.openstreetmap.org/?mlat=9.37315&mlon=77.60566#map=14/9.37315/77.60566,VIIRS_SNPP_SP,firms-snpp-2025-v1
RV1-0487,NuclearVenom,development_only,503_1720,2024-12,firms-fbe1d97f8b185bfddec38e2a,2024-12-15T08:00:00+00:00,25.18194,86.02641,2024-12-07T07:10:00+00:00,2024-12-22T07:29:00+00:00,8,6,2.3099999999999996,2.75,"https://worldview.earthdata.nasa.gov/?v=85.98641,25.16194,86.06641,25.20194&l=Reference_Labels_15m(hidden),DoS_International_Boundaries(hidden),Coastlines_15m,VIIRS_SNPP_Thermal_Anomalies_375m_All,OCI_PACE_True_Color(hidden),VIIRS_NOAA21_CorrectedReflectance_TrueColor(hidden),VIIRS_NOAA20_CorrectedReflectance_TrueColor(hidden),VIIRS_SNPP_CorrectedReflectance_TrueColor&lg=true&t=2024-12-15-T00%3A00%3A00Z",https://www.openstreetmap.org/?mlat=25.18194&mlon=86.02641#map=14/25.18194/86.02641,VIIRS_SNPP_SP,firms-snpp-2024-v1
RV1-0488,rajeet-04,development_only,334_1508,2024-11,firms-8f21da774ab2478de40c382a,2024-11-29T07:58:00+00:00,16.72809,75.42921,2024-11-29T07:58:00+00:00,2024-11-29T07:58:00+00:00,1,1,3.51,3.51,"https://worldview.earthdata.nasa.gov/?v=75.38921,16.70809,75.46921,16.74809&l=Reference_Labels_15m(hidden),DoS_International_Boundaries(hidden),Coastlines_15m,VIIRS_SNPP_Thermal_Anomalies_375m_All,OCI_PACE_True_Color(hidden),VIIRS_NOAA21_CorrectedReflectance_TrueColor(hidden),VIIRS_NOAA20_CorrectedReflectance_TrueColor(hidden),VIIRS_SNPP_CorrectedReflectance_TrueColor&lg=true&t=2024-11-29-T00%3A00%3A00Z",https://www.openstreetmap.org/?mlat=16.72809&mlon=75.42921#map=14/16.72809/75.42921,VIIRS_SNPP_SP,firms-snpp-2024-v1
RV1-0489,DeepaliSingh10,development_only,318_1496,2024-01,firms-656896d4d64549b5598f03bf,2024-01-07T08:30:00+00:00,15.94253,74.84844,2024-01-07T08:30:00+00:00,2024-01-07T08:30:00+00:00,1,1,4.66,4.66,"https://worldview.earthdata.nasa.gov/?v=74.80844,15.92253,74.88844,15.96253&l=Reference_Labels_15m(hidden),DoS_International_Boundaries(hidden),Coastlines_15m,VIIRS_SNPP_Thermal_Anomalies_375m_All,OCI_PACE_True_Color(hidden),VIIRS_NOAA21_CorrectedReflectance_TrueColor(hidden),VIIRS_NOAA20_CorrectedReflectance_TrueColor(hidden),VIIRS_SNPP_CorrectedReflectance_TrueColor&lg=true&t=2024-01-07-T00%3A00%3A00Z",https://www.openstreetmap.org/?mlat=15.94253&mlon=74.84844#map=14/15.94253/74.84844,VIIRS_SNPP_SP,firms-snpp-2024-v1
RV1-0490,Somsubhra-Nandi,development_only,593_1603,2024-05,firms-a5d12ce2b370af222cac4452,2024-05-06T07:43:00+00:00,29.68142,80.17648,2024-05-06T07:43:00+00:00,2024-05-06T07:43:00+00:00,1,1,2.87,2.87,"https://worldview.earthdata.nasa.gov/?v=80.13648,29.66142,80.21648,29.70142&l=Reference_Labels_15m(hidden),DoS_International_Boundaries(hidden),Coastlines_15m,VIIRS_SNPP_Thermal_Anomalies_375m_All,OCI_PACE_True_Color(hidden),VIIRS_NOAA21_CorrectedReflectance_TrueColor(hidden),VIIRS_NOAA20_CorrectedReflectance_TrueColor(hidden),VIIRS_SNPP_CorrectedReflectance_TrueColor&lg=true&t=2024-05-06-T00%3A00%3A00Z",https://www.openstreetmap.org/?mlat=29.68142&mlon=80.17648#map=14/29.68142/80.17648,VIIRS_SNPP_SP,firms-snpp-2024-v1
RV1-0491,Subhra-Nandi,development_only,392_1552,2025-01,firms-b433cada6b74076ecbd71351,2025-01-07T07:28:00+00:00,19.60684,77.63171,2025-01-07T07:28:00+00:00,2025-01-07T07:28:00+00:00,2,1,5.125,6.04,"https://worldview.earthdata.nasa.gov/?v=77.59171,19.58684,77.67171,19.62684&l=Reference_Labels_15m(hidden),DoS_International_Boundaries(hidden),Coastlines_15m,VIIRS_SNPP_Thermal_Anomalies_375m_All,OCI_PACE_True_Color(hidden),VIIRS_NOAA21_CorrectedReflectance_TrueColor(hidden),VIIRS_NOAA20_CorrectedReflectance_TrueColor(hidden),VIIRS_SNPP_CorrectedReflectance_TrueColor&lg=true&t=2025-01-07-T00%3A00%3A00Z",https://www.openstreetmap.org/?mlat=19.60684&mlon=77.63171#map=14/19.60684/77.63171,VIIRS_SNPP_SP,firms-snpp-2025-v1
RV1-0492,mishhverse,development_only,312_1576,2024-04,firms-7a5e7c474dc6e0dc5a5da869,2024-04-03T07:58:00+00:00,15.6194,78.80193,2024-04-01T08:36:00+00:00,2024-04-26T07:27:00+00:00,35,7,7.66,56.38,"https://worldview.earthdata.nasa.gov/?v=78.76193,15.59940,78.84193,15.63940&l=Reference_Labels_15m(hidden),DoS_International_Boundaries(hidden),Coastlines_15m,VIIRS_SNPP_Thermal_Anomalies_375m_All,OCI_PACE_True_Color(hidden),VIIRS_NOAA21_CorrectedReflectance_TrueColor(hidden),VIIRS_NOAA20_CorrectedReflectance_TrueColor(hidden),VIIRS_SNPP_CorrectedReflectance_TrueColor&lg=true&t=2024-04-03-T00%3A00%3A00Z",https://www.openstreetmap.org/?mlat=15.61940&mlon=78.80193#map=14/15.61940/78.80193,VIIRS_SNPP_SP,firms-snpp-2024-v1
RV1-0493,NuclearVenom,development_only,464_1886,2025-04,firms-9dcc96a319e41bd6a63fcfe5,2025-04-09T19:31:00+00:00,23.21337,94.32812,2025-04-03T19:44:00+00:00,2025-04-09T19:31:00+00:00,5,2,1.3,2.21,"https://worldview.earthdata.nasa.gov/?v=94.28812,23.19337,94.36812,23.23337&l=Reference_Labels_15m(hidden),DoS_International_Boundaries(hidden),Coastlines_15m,VIIRS_SNPP_Thermal_Anomalies_375m_All,OCI_PACE_True_Color(hidden),VIIRS_NOAA21_CorrectedReflectance_TrueColor(hidden),VIIRS_NOAA20_CorrectedReflectance_TrueColor(hidden),VIIRS_SNPP_CorrectedReflectance_TrueColor&lg=true&t=2025-04-09-T00%3A00%3A00Z",https://www.openstreetmap.org/?mlat=23.21337&mlon=94.32812#map=14/23.21337/94.32812,VIIRS_SNPP_SP,firms-snpp-2025-v1
RV1-0494,rajeet-04,development_only,505_1496,2024-06,firms-2f03d1b9a3f137489e2d36bd,2024-06-05T08:19:00+00:00,25.27402,74.80719,2024-06-05T08:19:00+00:00,2024-06-05T08:19:00+00:00,1,1,6.14,6.14,"https://worldview.earthdata.nasa.gov/?v=74.76719,25.25402,74.84719,25.29402&l=Reference_Labels_15m(hidden),DoS_International_Boundaries(hidden),Coastlines_15m,VIIRS_SNPP_Thermal_Anomalies_375m_All,OCI_PACE_True_Color(hidden),VIIRS_NOAA21_CorrectedReflectance_TrueColor(hidden),VIIRS_NOAA20_CorrectedReflectance_TrueColor(hidden),VIIRS_SNPP_CorrectedReflectance_TrueColor&lg=true&t=2024-06-05-T00%3A00%3A00Z",https://www.openstreetmap.org/?mlat=25.27402&mlon=74.80719#map=14/25.27402/74.80719,VIIRS_SNPP_SP,firms-snpp-2024-v1
RV1-0495,DeepaliSingh10,development_only,361_1555,2025-03,firms-90c59a3ee079e34a93f3d147,2025-03-06T07:40:00+00:00,18.06799,77.78631,2025-03-05T07:59:00+00:00,2025-03-06T07:40:00+00:00,2,2,5.955,9.04,"https://worldview.earthdata.nasa.gov/?v=77.74631,18.04799,77.82631,18.08799&l=Reference_Labels_15m(hidden),DoS_International_Boundaries(hidden),Coastlines_15m,VIIRS_SNPP_Thermal_Anomalies_375m_All,OCI_PACE_True_Color(hidden),VIIRS_NOAA21_CorrectedReflectance_TrueColor(hidden),VIIRS_NOAA20_CorrectedReflectance_TrueColor(hidden),VIIRS_SNPP_CorrectedReflectance_TrueColor&lg=true&t=2025-03-06-T00%3A00%3A00Z",https://www.openstreetmap.org/?mlat=18.06799&mlon=77.78631#map=14/18.06799/77.78631,VIIRS_SNPP_SP,firms-snpp-2025-v1
RV1-0496,Somsubhra-Nandi,development_only,418_1955,2024-02,firms-67172d898fb7180adcc08b59,2024-02-15T06:18:00+00:00,20.90975,97.75418,2024-02-15T06:18:00+00:00,2024-02-15T06:18:00+00:00,2,1,4.76,4.83,"https://worldview.earthdata.nasa.gov/?v=97.71418,20.88975,97.79418,20.92975&l=Reference_Labels_15m(hidden),DoS_International_Boundaries(hidden),Coastlines_15m,VIIRS_SNPP_Thermal_Anomalies_375m_All,OCI_PACE_True_Color(hidden),VIIRS_NOAA21_CorrectedReflectance_TrueColor(hidden),VIIRS_NOAA20_CorrectedReflectance_TrueColor(hidden),VIIRS_SNPP_CorrectedReflectance_TrueColor&lg=true&t=2024-02-15-T00%3A00%3A00Z",https://www.openstreetmap.org/?mlat=20.90975&mlon=97.75418#map=14/20.90975/97.75418,VIIRS_SNPP_SP,firms-snpp-2024-v1
RV1-0497,Subhra-Nandi,development_only,295_1531,2025-03,firms-ad3edcbc28a20d8fa414f8d8,2025-03-13T08:48:00+00:00,14.78825,76.55692,2025-03-13T08:48:00+00:00,2025-03-13T08:48:00+00:00,1,1,3.6,3.6,"https://worldview.earthdata.nasa.gov/?v=76.51692,14.76825,76.59692,14.80825&l=Reference_Labels_15m(hidden),DoS_International_Boundaries(hidden),Coastlines_15m,VIIRS_SNPP_Thermal_Anomalies_375m_All,OCI_PACE_True_Color(hidden),VIIRS_NOAA21_CorrectedReflectance_TrueColor(hidden),VIIRS_NOAA20_CorrectedReflectance_TrueColor(hidden),VIIRS_SNPP_CorrectedReflectance_TrueColor&lg=true&t=2025-03-13-T00%3A00%3A00Z",https://www.openstreetmap.org/?mlat=14.78825&mlon=76.55692#map=14/14.78825/76.55692,VIIRS_SNPP_SP,firms-snpp-2025-v1
RV1-0498,mishhverse,development_only,355_1932,2025-02,firms-6cd5cfb8444a99bb2d6c025c,2025-02-10T19:20:00+00:00,17.79499,96.6489,2025-02-10T19:20:00+00:00,2025-02-10T19:20:00+00:00,1,1,1.82,1.82,"https://worldview.earthdata.nasa.gov/?v=96.60890,17.77499,96.68890,17.81499&l=Reference_Labels_15m(hidden),DoS_International_Boundaries(hidden),Coastlines_15m,VIIRS_SNPP_Thermal_Anomalies_375m_All,OCI_PACE_True_Color(hidden),VIIRS_NOAA21_CorrectedReflectance_TrueColor(hidden),VIIRS_NOAA20_CorrectedReflectance_TrueColor(hidden),VIIRS_SNPP_CorrectedReflectance_TrueColor&lg=true&t=2025-02-10-T00%3A00%3A00Z",https://www.openstreetmap.org/?mlat=17.79499&mlon=96.64890#map=14/17.79499/96.64890,VIIRS_SNPP_SP,firms-snpp-2025-v1
RV1-0499,NuclearVenom,development_only,495_1561,2025-01,firms-b39b0a044c36c278d58e2c51,2025-01-31T08:20:00+00:00,24.77006,78.09126,2025-01-31T08:20:00+00:00,2025-01-31T08:20:00+00:00,1,1,2.59,2.59,"https://worldview.earthdata.nasa.gov/?v=78.05126,24.75006,78.13126,24.79006&l=Reference_Labels_15m(hidden),DoS_International_Boundaries(hidden),Coastlines_15m,VIIRS_SNPP_Thermal_Anomalies_375m_All,OCI_PACE_True_Color(hidden),VIIRS_NOAA21_CorrectedReflectance_TrueColor(hidden),VIIRS_NOAA20_CorrectedReflectance_TrueColor(hidden),VIIRS_SNPP_CorrectedReflectance_TrueColor&lg=true&t=2025-01-31-T00%3A00%3A00Z",https://www.openstreetmap.org/?mlat=24.77006&mlon=78.09126#map=14/24.77006/78.09126,VIIRS_SNPP_SP,firms-snpp-2025-v1
RV1-0500,rajeet-04,development_only,474_1600,2024-11,firms-52b8e3f4dae5539ff5b42157,2024-11-14T07:40:00+00:00,23.70182,80.03058,2024-11-01T08:24:00+00:00,2024-11-24T07:53:00+00:00,9,5,3.65,4.93,"https://worldview.earthdata.nasa.gov/?v=79.99058,23.68182,80.07058,23.72182&l=Reference_Labels_15m(hidden),DoS_International_Boundaries(hidden),Coastlines_15m,VIIRS_SNPP_Thermal_Anomalies_375m_All,OCI_PACE_True_Color(hidden),VIIRS_NOAA21_CorrectedReflectance_TrueColor(hidden),VIIRS_NOAA20_CorrectedReflectance_TrueColor(hidden),VIIRS_SNPP_CorrectedReflectance_TrueColor&lg=true&t=2024-11-14-T00%3A00%3A00Z",https://www.openstreetmap.org/?mlat=23.70182&mlon=80.03058#map=14/23.70182/80.03058,VIIRS_SNPP_SP,firms-snpp-2024-v1
RV1-0501,DeepaliSingh10,development_only,356_1912,2024-03,firms-1bd3b62e8cc351866ce83873,2024-03-11T06:49:00+00:00,17.83664,95.64949,2024-03-03T07:39:00+00:00,2024-03-28T06:30:00+00:00,11,6,3.82,14.94,"https://worldview.earthdata.nasa.gov/?v=95.60949,17.81664,95.68949,17.85664&l=Reference_Labels_15m(hidden),DoS_International_Boundaries(hidden),Coastlines_15m,VIIRS_SNPP_Thermal_Anomalies_375m_All,OCI_PACE_True_Color(hidden),VIIRS_NOAA21_CorrectedReflectance_TrueColor(hidden),VIIRS_NOAA20_CorrectedReflectance_TrueColor(hidden),VIIRS_SNPP_CorrectedReflectance_TrueColor&lg=true&t=2024-03-11-T00%3A00%3A00Z",https://www.openstreetmap.org/?mlat=17.83664&mlon=95.64949#map=14/17.83664/95.64949,VIIRS_SNPP_SP,firms-snpp-2024-v1
RV1-0502,Somsubhra-Nandi,development_only,401_1547,2025-05,firms-656760ecc076ddc397ce3677,2025-05-03T07:54:00+00:00,20.07698,77.3988,2025-05-03T07:54:00+00:00,2025-05-03T07:54:00+00:00,1,1,12.96,12.96,"https://worldview.earthdata.nasa.gov/?v=77.35880,20.05698,77.43880,20.09698&l=Reference_Labels_15m(hidden),DoS_International_Boundaries(hidden),Coastlines_15m,VIIRS_SNPP_Thermal_Anomalies_375m_All,OCI_PACE_True_Color(hidden),VIIRS_NOAA21_CorrectedReflectance_TrueColor(hidden),VIIRS_NOAA20_CorrectedReflectance_TrueColor(hidden),VIIRS_SNPP_CorrectedReflectance_TrueColor&lg=true&t=2025-05-03-T00%3A00%3A00Z",https://www.openstreetmap.org/?mlat=20.07698&mlon=77.39880#map=14/20.07698/77.39880,VIIRS_SNPP_SP,firms-snpp-2025-v1
RV1-0503,Subhra-Nandi,development_only,269_1579,2024-03,firms-9669a56119942672ad03c895,2024-03-25T20:00:00+00:00,13.46349,78.9755,2024-03-05T08:41:00+00:00,2024-03-30T20:06:00+00:00,9,6,2.57,4.71,"https://worldview.earthdata.nasa.gov/?v=78.93550,13.44349,79.01550,13.48349&l=Reference_Labels_15m(hidden),DoS_International_Boundaries(hidden),Coastlines_15m,VIIRS_SNPP_Thermal_Anomalies_375m_All,OCI_PACE_True_Color(hidden),VIIRS_NOAA21_CorrectedReflectance_TrueColor(hidden),VIIRS_NOAA20_CorrectedReflectance_TrueColor(hidden),VIIRS_SNPP_CorrectedReflectance_TrueColor&lg=true&t=2024-03-25-T00%3A00%3A00Z",https://www.openstreetmap.org/?mlat=13.46349&mlon=78.97550#map=14/13.46349/78.97550,VIIRS_SNPP_SP,firms-snpp-2024-v1
RV1-0504,mishhverse,development_only,279_1572,2025-03,firms-9432888bfe6126a838052126,2025-03-27T20:18:00+00:00,13.96272,78.62927,2025-03-25T08:22:00+00:00,2025-03-31T08:10:00+00:00,12,5,2.24,6.58,"https://worldview.earthdata.nasa.gov/?v=78.58927,13.94272,78.66927,13.98272&l=Reference_Labels_15m(hidden),DoS_International_Boundaries(hidden),Coastlines_15m,VIIRS_SNPP_Thermal_Anomalies_375m_All,OCI_PACE_True_Color(hidden),VIIRS_NOAA21_CorrectedReflectance_TrueColor(hidden),VIIRS_NOAA20_CorrectedReflectance_TrueColor(hidden),VIIRS_SNPP_CorrectedReflectance_TrueColor&lg=true&t=2025-03-27-T00%3A00%3A00Z",https://www.openstreetmap.org/?mlat=13.96272&mlon=78.62927#map=14/13.96272/78.62927,VIIRS_SNPP_SP,firms-snpp-2025-v1
RV1-0505,NuclearVenom,development_only,672_1474,2024-05,firms-65b2aaedf611b9effa0b183f,2024-05-29T08:53:00+00:00,33.63933,73.73075,2024-05-28T21:34:00+00:00,2024-05-29T21:15:00+00:00,7,2,2.44,3.97,"https://worldview.earthdata.nasa.gov/?v=73.69075,33.61933,73.77075,33.65933&l=Reference_Labels_15m(hidden),DoS_International_Boundaries(hidden),Coastlines_15m,VIIRS_SNPP_Thermal_Anomalies_375m_All,OCI_PACE_True_Color(hidden),VIIRS_NOAA21_CorrectedReflectance_TrueColor(hidden),VIIRS_NOAA20_CorrectedReflectance_TrueColor(hidden),VIIRS_SNPP_CorrectedReflectance_TrueColor&lg=true&t=2024-05-29-T00%3A00%3A00Z",https://www.openstreetmap.org/?mlat=33.63933&mlon=73.73075#map=14/33.63933/73.73075,VIIRS_SNPP_SP,firms-snpp-2024-v1
RV1-0506,rajeet-04,development_only,418_1663,2025-02,firms-fc78c127ae492d5abdd4d560,2025-02-15T06:57:00+00:00,20.90706,83.16506,2025-02-15T06:57:00+00:00,2025-02-15T06:57:00+00:00,2,1,2.34,2.87,"https://worldview.earthdata.nasa.gov/?v=83.12506,20.88706,83.20506,20.92706&l=Reference_Labels_15m(hidden),DoS_International_Boundaries(hidden),Coastlines_15m,VIIRS_SNPP_Thermal_Anomalies_375m_All,OCI_PACE_True_Color(hidden),VIIRS_NOAA21_CorrectedReflectance_TrueColor(hidden),VIIRS_NOAA20_CorrectedReflectance_TrueColor(hidden),VIIRS_SNPP_CorrectedReflectance_TrueColor&lg=true&t=2025-02-15-T00%3A00%3A00Z",https://www.openstreetmap.org/?mlat=20.90706&mlon=83.16506#map=14/20.90706/83.16506,VIIRS_SNPP_SP,firms-snpp-2025-v1
RV1-0507,DeepaliSingh10,development_only,577_1532,2025-05,firms-62ec63438bd140e0d6a0908b,2025-05-08T08:03:00+00:00,28.85036,76.61756,2025-05-01T08:34:00+00:00,2025-05-08T08:03:00+00:00,5,3,3.91,4.66,"https://worldview.earthdata.nasa.gov/?v=76.57756,28.83036,76.65756,28.87036&l=Reference_Labels_15m(hidden),DoS_International_Boundaries(hidden),Coastlines_15m,VIIRS_SNPP_Thermal_Anomalies_375m_All,OCI_PACE_True_Color(hidden),VIIRS_NOAA21_CorrectedReflectance_TrueColor(hidden),VIIRS_NOAA20_CorrectedReflectance_TrueColor(hidden),VIIRS_SNPP_CorrectedReflectance_TrueColor&lg=true&t=2025-05-08-T00%3A00%3A00Z",https://www.openstreetmap.org/?mlat=28.85036&mlon=76.61756#map=14/28.85036/76.61756,VIIRS_SNPP_SP,firms-snpp-2025-v1
RV1-0508,Somsubhra-Nandi,development_only,451_1531,2024-05,firms-ea7c5dbb5c88b67c57daf5e2,2024-05-05T08:00:00+00:00,22.58288,76.59984,2024-05-05T08:00:00+00:00,2024-05-05T08:00:00+00:00,1,1,6.11,6.11,"https://worldview.earthdata.nasa.gov/?v=76.55984,22.56288,76.63984,22.60288&l=Reference_Labels_15m(hidden),DoS_International_Boundaries(hidden),Coastlines_15m,VIIRS_SNPP_Thermal_Anomalies_375m_All,OCI_PACE_True_Color(hidden),VIIRS_NOAA21_CorrectedReflectance_TrueColor(hidden),VIIRS_NOAA20_CorrectedReflectance_TrueColor(hidden),VIIRS_SNPP_CorrectedReflectance_TrueColor&lg=true&t=2024-05-05-T00%3A00%3A00Z",https://www.openstreetmap.org/?mlat=22.58288&mlon=76.59984#map=14/22.58288/76.59984,VIIRS_SNPP_SP,firms-snpp-2024-v1
RV1-0509,Subhra-Nandi,development_only,216_1556,2024-03,firms-ee4f855473f3ec2b88fb5ef1,2024-03-07T20:38:00+00:00,10.84015,77.84995,2024-03-07T20:38:00+00:00,2024-03-07T20:38:00+00:00,1,1,1.27,1.27,"https://worldview.earthdata.nasa.gov/?v=77.80995,10.82015,77.88995,10.86015&l=Reference_Labels_15m(hidden),DoS_International_Boundaries(hidden),Coastlines_15m,VIIRS_SNPP_Thermal_Anomalies_375m_All,OCI_PACE_True_Color(hidden),VIIRS_NOAA21_CorrectedReflectance_TrueColor(hidden),VIIRS_NOAA20_CorrectedReflectance_TrueColor(hidden),VIIRS_SNPP_CorrectedReflectance_TrueColor&lg=true&t=2024-03-07-T00%3A00%3A00Z",https://www.openstreetmap.org/?mlat=10.84015&mlon=77.84995#map=14/10.84015/77.84995,VIIRS_SNPP_SP,firms-snpp-2024-v1
RV1-0510,mishhverse,development_only,568_1629,2025-05,firms-921a5f7a8b2c34ce8172ebf1,2025-05-14T20:15:00+00:00,28.40559,81.45937,2025-05-13T20:34:00+00:00,2025-05-15T07:31:00+00:00,4,3,2.59,2.8,"https://worldview.earthdata.nasa.gov/?v=81.41937,28.38559,81.49937,28.42559&l=Reference_Labels_15m(hidden),DoS_International_Boundaries(hidden),Coastlines_15m,VIIRS_SNPP_Thermal_Anomalies_375m_All,OCI_PACE_True_Color(hidden),VIIRS_NOAA21_CorrectedReflectance_TrueColor(hidden),VIIRS_NOAA20_CorrectedReflectance_TrueColor(hidden),VIIRS_SNPP_CorrectedReflectance_TrueColor&lg=true&t=2025-05-14-T00%3A00%3A00Z",https://www.openstreetmap.org/?mlat=28.40559&mlon=81.45937#map=14/28.40559/81.45937,VIIRS_SNPP_SP,firms-snpp-2025-v1
RV1-0511,NuclearVenom,development_only,342_1511,2024-01,firms-9fea0dc72ce6b0b7a7a59ab2,2024-01-14T07:59:00+00:00,17.12651,75.57614,2024-01-14T07:59:00+00:00,2024-01-14T07:59:00+00:00,2,1,15.225000000000001,29.51,"https://worldview.earthdata.nasa.gov/?v=75.53614,17.10651,75.61614,17.14651&l=Reference_Labels_15m(hidden),DoS_International_Boundaries(hidden),Coastlines_15m,VIIRS_SNPP_Thermal_Anomalies_375m_All,OCI_PACE_True_Color(hidden),VIIRS_NOAA21_CorrectedReflectance_TrueColor(hidden),VIIRS_NOAA20_CorrectedReflectance_TrueColor(hidden),VIIRS_SNPP_CorrectedReflectance_TrueColor&lg=true&t=2024-01-14-T00%3A00%3A00Z",https://www.openstreetmap.org/?mlat=17.12651&mlon=75.57614#map=14/17.12651/75.57614,VIIRS_SNPP_SP,firms-snpp-2024-v1
RV1-0512,rajeet-04,development_only,367_1939,2025-04,firms-b93912428c06a91b69b1168b,2025-04-19T07:15:00+00:00,18.39582,96.95081,2025-04-05T19:07:00+00:00,2025-04-19T07:15:00+00:00,2,2,15.425,30.42,"https://worldview.earthdata.nasa.gov/?v=96.91081,18.37582,96.99081,18.41582&l=Reference_Labels_15m(hidden),DoS_International_Boundaries(hidden),Coastlines_15m,VIIRS_SNPP_Thermal_Anomalies_375m_All,OCI_PACE_True_Color(hidden),VIIRS_NOAA21_CorrectedReflectance_TrueColor(hidden),VIIRS_NOAA20_CorrectedReflectance_TrueColor(hidden),VIIRS_SNPP_CorrectedReflectance_TrueColor&lg=true&t=2025-04-19-T00%3A00%3A00Z",https://www.openstreetmap.org/?mlat=18.39582&mlon=96.95081#map=14/18.39582/96.95081,VIIRS_SNPP_SP,firms-snpp-2025-v1
RV1-0513,DeepaliSingh10,development_only,380_1551,2024-12,firms-9efb158eb39b0b3b72220eee,2024-12-19T08:24:00+00:00,19.02975,77.55765,2024-12-19T08:24:00+00:00,2024-12-19T08:24:00+00:00,1,1,2.25,2.25,"https://worldview.earthdata.nasa.gov/?v=77.51765,19.00975,77.59765,19.04975&l=Reference_Labels_15m(hidden),DoS_International_Boundaries(hidden),Coastlines_15m,VIIRS_SNPP_Thermal_Anomalies_375m_All,OCI_PACE_True_Color(hidden),VIIRS_NOAA21_CorrectedReflectance_TrueColor(hidden),VIIRS_NOAA20_CorrectedReflectance_TrueColor(hidden),VIIRS_SNPP_CorrectedReflectance_TrueColor&lg=true&t=2024-12-19-T00%3A00%3A00Z",https://www.openstreetmap.org/?mlat=19.02975&mlon=77.55765#map=14/19.02975/77.55765,VIIRS_SNPP_SP,firms-snpp-2024-v1
RV1-0514,Somsubhra-Nandi,development_only,353_1542,2025-04,firms-76f10c7fb8b30654e5aeed25,2025-04-07T07:40:00+00:00,17.68554,77.11156,2025-04-07T07:40:00+00:00,2025-04-07T07:40:00+00:00,1,1,11.74,11.74,"https://worldview.earthdata.nasa.gov/?v=77.07156,17.66554,77.15156,17.70554&l=Reference_Labels_15m(hidden),DoS_International_Boundaries(hidden),Coastlines_15m,VIIRS_SNPP_Thermal_Anomalies_375m_All,OCI_PACE_True_Color(hidden),VIIRS_NOAA21_CorrectedReflectance_TrueColor(hidden),VIIRS_NOAA20_CorrectedReflectance_TrueColor(hidden),VIIRS_SNPP_CorrectedReflectance_TrueColor&lg=true&t=2025-04-07-T00%3A00%3A00Z",https://www.openstreetmap.org/?mlat=17.68554&mlon=77.11156#map=14/17.68554/77.11156,VIIRS_SNPP_SP,firms-snpp-2025-v1
RV1-0515,Subhra-Nandi,development_only,487_1523,2025-04,firms-69dc0559d58b3d8f4738ce31,2025-04-14T19:38:00+00:00,24.36246,76.17467,2025-04-14T19:38:00+00:00,2025-04-14T19:38:00+00:00,3,1,3.55,5.98,"https://worldview.earthdata.nasa.gov/?v=76.13467,24.34246,76.21467,24.38246&l=Reference_Labels_15m(hidden),DoS_International_Boundaries(hidden),Coastlines_15m,VIIRS_SNPP_Thermal_Anomalies_375m_All,OCI_PACE_True_Color(hidden),VIIRS_NOAA21_CorrectedReflectance_TrueColor(hidden),VIIRS_NOAA20_CorrectedReflectance_TrueColor(hidden),VIIRS_SNPP_CorrectedReflectance_TrueColor&lg=true&t=2025-04-14-T00%3A00%3A00Z",https://www.openstreetmap.org/?mlat=24.36246&mlon=76.17467#map=14/24.36246/76.17467,VIIRS_SNPP_SP,firms-snpp-2025-v1
RV1-0516,mishhverse,development_only,538_1724,2025-04,firms-25ad3fa0a5a6cbae3a313fb1,2025-04-03T07:17:00+00:00,26.93843,86.24689,2025-04-01T20:20:00+00:00,2025-04-13T19:56:00+00:00,20,6,0.97,8.5,"https://worldview.earthdata.nasa.gov/?v=86.20689,26.91843,86.28689,26.95843&l=Reference_Labels_15m(hidden),DoS_International_Boundaries(hidden),Coastlines_15m,VIIRS_SNPP_Thermal_Anomalies_375m_All,OCI_PACE_True_Color(hidden),VIIRS_NOAA21_CorrectedReflectance_TrueColor(hidden),VIIRS_NOAA20_CorrectedReflectance_TrueColor(hidden),VIIRS_SNPP_CorrectedReflectance_TrueColor&lg=true&t=2025-04-03-T00%3A00%3A00Z",https://www.openstreetmap.org/?mlat=26.93843&mlon=86.24689#map=14/26.93843/86.24689,VIIRS_SNPP_SP,firms-snpp-2025-v1
RV1-0517,NuclearVenom,development_only,528_1682,2025-05,firms-3e6668de5dfc51e3ea39418f,2025-05-11T07:05:00+00:00,26.44742,84.14137,2025-05-11T07:05:00+00:00,2025-05-11T07:05:00+00:00,1,1,1.72,1.72,"https://worldview.earthdata.nasa.gov/?v=84.10137,26.42742,84.18137,26.46742&l=Reference_Labels_15m(hidden),DoS_International_Boundaries(hidden),Coastlines_15m,VIIRS_SNPP_Thermal_Anomalies_375m_All,OCI_PACE_True_Color(hidden),VIIRS_NOAA21_CorrectedReflectance_TrueColor(hidden),VIIRS_NOAA20_CorrectedReflectance_TrueColor(hidden),VIIRS_SNPP_CorrectedReflectance_TrueColor&lg=true&t=2025-05-11-T00%3A00%3A00Z",https://www.openstreetmap.org/?mlat=26.44742&mlon=84.14137#map=14/26.44742/84.14137,VIIRS_SNPP_SP,firms-snpp-2025-v1
RV1-0518,rajeet-04,development_only,365_1665,2024-04,firms-7aae2f356bb7d5d85d690c3a,2024-04-27T07:09:00+00:00,18.2602,83.27927,2024-04-27T07:09:00+00:00,2024-04-27T07:09:00+00:00,3,1,6.44,7.21,"https://worldview.earthdata.nasa.gov/?v=83.23927,18.24020,83.31927,18.28020&l=Reference_Labels_15m(hidden),DoS_International_Boundaries(hidden),Coastlines_15m,VIIRS_SNPP_Thermal_Anomalies_375m_All,OCI_PACE_True_Color(hidden),VIIRS_NOAA21_CorrectedReflectance_TrueColor(hidden),VIIRS_NOAA20_CorrectedReflectance_TrueColor(hidden),VIIRS_SNPP_CorrectedReflectance_TrueColor&lg=true&t=2024-04-27-T00%3A00%3A00Z",https://www.openstreetmap.org/?mlat=18.26020&mlon=83.27927#map=14/18.26020/83.27927,VIIRS_SNPP_SP,firms-snpp-2024-v1
RV1-0519,DeepaliSingh10,development_only,399_1951,2024-03,firms-594a6819593598d7db44e953,2024-03-09T19:57:00+00:00,19.97941,97.56033,2024-03-02T06:18:00+00:00,2024-03-15T07:15:00+00:00,30,7,2.7,60.07,"https://worldview.earthdata.nasa.gov/?v=97.52033,19.95941,97.60033,19.99941&l=Reference_Labels_15m(hidden),DoS_International_Boundaries(hidden),Coastlines_15m,VIIRS_SNPP_Thermal_Anomalies_375m_All,OCI_PACE_True_Color(hidden),VIIRS_NOAA21_CorrectedReflectance_TrueColor(hidden),VIIRS_NOAA20_CorrectedReflectance_TrueColor(hidden),VIIRS_SNPP_CorrectedReflectance_TrueColor&lg=true&t=2024-03-09-T00%3A00%3A00Z",https://www.openstreetmap.org/?mlat=19.97941&mlon=97.56033#map=14/19.97941/97.56033,VIIRS_SNPP_SP,firms-snpp-2024-v1
RV1-0520,Somsubhra-Nandi,development_only,529_1621,2025-05,firms-edafde0464f5d8e587c93abe,2025-05-05T07:18:00+00:00,26.46014,81.07081,2025-05-05T07:18:00+00:00,2025-05-05T07:18:00+00:00,2,1,4.17,6.61,"https://worldview.earthdata.nasa.gov/?v=81.03081,26.44014,81.11081,26.48014&l=Reference_Labels_15m(hidden),DoS_International_Boundaries(hidden),Coastlines_15m,VIIRS_SNPP_Thermal_Anomalies_375m_All,OCI_PACE_True_Color(hidden),VIIRS_NOAA21_CorrectedReflectance_TrueColor(hidden),VIIRS_NOAA20_CorrectedReflectance_TrueColor(hidden),VIIRS_SNPP_CorrectedReflectance_TrueColor&lg=true&t=2025-05-05-T00%3A00%3A00Z",https://www.openstreetmap.org/?mlat=26.46014&mlon=81.07081#map=14/26.46014/81.07081,VIIRS_SNPP_SP,firms-snpp-2025-v1
RV1-0521,Subhra-Nandi,development_only,417_1690,2025-03,firms-61c6ab037bb0b5ddb8e25cbd,2025-03-06T07:41:00+00:00,20.86465,84.51097,2025-03-06T07:41:00+00:00,2025-03-27T07:46:00+00:00,3,2,4.06,8.22,"https://worldview.earthdata.nasa.gov/?v=84.47097,20.84465,84.55097,20.88465&l=Reference_Labels_15m(hidden),DoS_International_Boundaries(hidden),Coastlines_15m,VIIRS_SNPP_Thermal_Anomalies_375m_All,OCI_PACE_True_Color(hidden),VIIRS_NOAA21_CorrectedReflectance_TrueColor(hidden),VIIRS_NOAA20_CorrectedReflectance_TrueColor(hidden),VIIRS_SNPP_CorrectedReflectance_TrueColor&lg=true&t=2025-03-06-T00%3A00%3A00Z",https://www.openstreetmap.org/?mlat=20.86465&mlon=84.51097#map=14/20.86465/84.51097,VIIRS_SNPP_SP,firms-snpp-2025-v1
RV1-0522,mishhverse,development_only,515_1875,2025-03,firms-2a357afeb301093b86b1a882,2025-03-19T19:24:00+00:00,25.77513,93.78663,2025-03-10T06:26:00+00:00,2025-03-20T06:39:00+00:00,9,4,2.87,8.37,"https://worldview.earthdata.nasa.gov/?v=93.74663,25.75513,93.82663,25.79513&l=Reference_Labels_15m(hidden),DoS_International_Boundaries(hidden),Coastlines_15m,VIIRS_SNPP_Thermal_Anomalies_375m_All,OCI_PACE_True_Color(hidden),VIIRS_NOAA21_CorrectedReflectance_TrueColor(hidden),VIIRS_NOAA20_CorrectedReflectance_TrueColor(hidden),VIIRS_SNPP_CorrectedReflectance_TrueColor&lg=true&t=2025-03-19-T00%3A00%3A00Z",https://www.openstreetmap.org/?mlat=25.77513&mlon=93.78663#map=14/25.77513/93.78663,VIIRS_SNPP_SP,firms-snpp-2025-v1
RV1-0523,NuclearVenom,development_only,520_1641,2024-12,firms-d869b1d50af182ce9a006fac,2024-12-01T07:22:00+00:00,26.02698,82.08506,2024-12-01T07:22:00+00:00,2024-12-01T07:22:00+00:00,1,1,2.63,2.63,"https://worldview.earthdata.nasa.gov/?v=82.04506,26.00698,82.12506,26.04698&l=Reference_Labels_15m(hidden),DoS_International_Boundaries(hidden),Coastlines_15m,VIIRS_SNPP_Thermal_Anomalies_375m_All,OCI_PACE_True_Color(hidden),VIIRS_NOAA21_CorrectedReflectance_TrueColor(hidden),VIIRS_NOAA20_CorrectedReflectance_TrueColor(hidden),VIIRS_SNPP_CorrectedReflectance_TrueColor&lg=true&t=2024-12-01-T00%3A00%3A00Z",https://www.openstreetmap.org/?mlat=26.02698&mlon=82.08506#map=14/26.02698/82.08506,VIIRS_SNPP_SP,firms-snpp-2024-v1
RV1-0524,rajeet-04,development_only,377_1505,2024-04,firms-459dc78714a54c6887331807,2024-04-15T07:34:00+00:00,18.8817,75.29172,2024-04-15T07:34:00+00:00,2024-04-15T07:34:00+00:00,1,1,4.64,4.64,"https://worldview.earthdata.nasa.gov/?v=75.25172,18.86170,75.33172,18.90170&l=Reference_Labels_15m(hidden),DoS_International_Boundaries(hidden),Coastlines_15m,VIIRS_SNPP_Thermal_Anomalies_375m_All,OCI_PACE_True_Color(hidden),VIIRS_NOAA21_CorrectedReflectance_TrueColor(hidden),VIIRS_NOAA20_CorrectedReflectance_TrueColor(hidden),VIIRS_SNPP_CorrectedReflectance_TrueColor&lg=true&t=2024-04-15-T00%3A00%3A00Z",https://www.openstreetmap.org/?mlat=18.88170&mlon=75.29172#map=14/18.88170/75.29172,VIIRS_SNPP_SP,firms-snpp-2024-v1
RV1-0525,DeepaliSingh10,development_only,530_1367,2025-04,firms-3b25a9bc62fe31cde3ea7aa4,2025-04-02T07:37:00+00:00,26.52213,68.36189,2025-04-02T07:37:00+00:00,2025-04-02T07:37:00+00:00,1,1,4.81,4.81,"https://worldview.earthdata.nasa.gov/?v=68.32189,26.50213,68.40189,26.54213&l=Reference_Labels_15m(hidden),DoS_International_Boundaries(hidden),Coastlines_15m,VIIRS_SNPP_Thermal_Anomalies_375m_All,OCI_PACE_True_Color(hidden),VIIRS_NOAA21_CorrectedReflectance_TrueColor(hidden),VIIRS_NOAA20_CorrectedReflectance_TrueColor(hidden),VIIRS_SNPP_CorrectedReflectance_TrueColor&lg=true&t=2025-04-02-T00%3A00%3A00Z",https://www.openstreetmap.org/?mlat=26.52213&mlon=68.36189#map=14/26.52213/68.36189,VIIRS_SNPP_SP,firms-snpp-2025-v1
RV1-0526,Somsubhra-Nandi,development_only,472_1829,2024-02,firms-130b4d7c8c427e363233a300,2024-02-29T06:57:00+00:00,23.60979,91.49289,2024-02-29T06:57:00+00:00,2024-02-29T06:57:00+00:00,3,1,2.93,5.64,"https://worldview.earthdata.nasa.gov/?v=91.45289,23.58979,91.53289,23.62979&l=Reference_Labels_15m(hidden),DoS_International_Boundaries(hidden),Coastlines_15m,VIIRS_SNPP_Thermal_Anomalies_375m_All,OCI_PACE_True_Color(hidden),VIIRS_NOAA21_CorrectedReflectance_TrueColor(hidden),VIIRS_NOAA20_CorrectedReflectance_TrueColor(hidden),VIIRS_SNPP_CorrectedReflectance_TrueColor&lg=true&t=2024-02-29-T00%3A00%3A00Z",https://www.openstreetmap.org/?mlat=23.60979&mlon=91.49289#map=14/23.60979/91.49289,VIIRS_SNPP_SP,firms-snpp-2024-v1
RV1-0527,Subhra-Nandi,development_only,514_1373,2024-10,firms-9f8bbe3061e1279d9a9d53d2,2024-10-08T21:42:00+00:00,25.71244,68.69025,2024-10-08T21:42:00+00:00,2024-10-08T21:42:00+00:00,1,1,0.53,0.53,"https://worldview.earthdata.nasa.gov/?v=68.65025,25.69244,68.73025,25.73244&l=Reference_Labels_15m(hidden),DoS_International_Boundaries(hidden),Coastlines_15m,VIIRS_SNPP_Thermal_Anomalies_375m_All,OCI_PACE_True_Color(hidden),VIIRS_NOAA21_CorrectedReflectance_TrueColor(hidden),VIIRS_NOAA20_CorrectedReflectance_TrueColor(hidden),VIIRS_SNPP_CorrectedReflectance_TrueColor&lg=true&t=2024-10-08-T00%3A00%3A00Z",https://www.openstreetmap.org/?mlat=25.71244&mlon=68.69025#map=14/25.71244/68.69025,VIIRS_SNPP_SP,firms-snpp-2024-v1
RV1-0528,mishhverse,development_only,441_1420,2024-01,firms-31e90a264948ecb59e7b0831,2024-01-23T08:32:00+00:00,22.0815,71.00854,2024-01-23T08:32:00+00:00,2024-01-23T08:32:00+00:00,1,1,1.94,1.94,"https://worldview.earthdata.nasa.gov/?v=70.96854,22.06150,71.04854,22.10150&l=Reference_Labels_15m(hidden),DoS_International_Boundaries(hidden),Coastlines_15m,VIIRS_SNPP_Thermal_Anomalies_375m_All,OCI_PACE_True_Color(hidden),VIIRS_NOAA21_CorrectedReflectance_TrueColor(hidden),VIIRS_NOAA20_CorrectedReflectance_TrueColor(hidden),VIIRS_SNPP_CorrectedReflectance_TrueColor&lg=true&t=2024-01-23-T00%3A00%3A00Z",https://www.openstreetmap.org/?mlat=22.08150&mlon=71.00854#map=14/22.08150/71.00854,VIIRS_SNPP_SP,firms-snpp-2024-v1
RV1-0529,NuclearVenom,development_only,334_1501,2024-02,firms-92104d70f945be3533e4ddc2,2024-02-13T08:36:00+00:00,16.74181,75.09711,2024-02-13T08:36:00+00:00,2024-02-13T08:36:00+00:00,1,1,2.95,2.95,"https://worldview.earthdata.nasa.gov/?v=75.05711,16.72181,75.13711,16.76181&l=Reference_Labels_15m(hidden),DoS_International_Boundaries(hidden),Coastlines_15m,VIIRS_SNPP_Thermal_Anomalies_375m_All,OCI_PACE_True_Color(hidden),VIIRS_NOAA21_CorrectedReflectance_TrueColor(hidden),VIIRS_NOAA20_CorrectedReflectance_TrueColor(hidden),VIIRS_SNPP_CorrectedReflectance_TrueColor&lg=true&t=2024-02-13-T00%3A00%3A00Z",https://www.openstreetmap.org/?mlat=16.74181&mlon=75.09711#map=14/16.74181/75.09711,VIIRS_SNPP_SP,firms-snpp-2024-v1
RV1-0530,rajeet-04,development_only,263_1504,2024-03,firms-e2824fef76766ebd55275054,2024-03-12T20:44:00+00:00,13.17409,75.235,2024-03-12T08:10:00+00:00,2024-03-23T20:37:00+00:00,21,4,1.43,14.89,"https://worldview.earthdata.nasa.gov/?v=75.19500,13.15409,75.27500,13.19409&l=Reference_Labels_15m(hidden),DoS_International_Boundaries(hidden),Coastlines_15m,VIIRS_SNPP_Thermal_Anomalies_375m_All,OCI_PACE_True_Color(hidden),VIIRS_NOAA21_CorrectedReflectance_TrueColor(hidden),VIIRS_NOAA20_CorrectedReflectance_TrueColor(hidden),VIIRS_SNPP_CorrectedReflectance_TrueColor&lg=true&t=2024-03-12-T00%3A00%3A00Z",https://www.openstreetmap.org/?mlat=13.17409&mlon=75.23500#map=14/13.17409/75.23500,VIIRS_SNPP_SP,firms-snpp-2024-v1
RV1-0531,DeepaliSingh10,development_only,359_1485,2025-01,firms-e82e7cb82b44ce4e2c6322a1,2025-01-10T08:12:00+00:00,17.95453,74.26488,2025-01-10T08:12:00+00:00,2025-01-10T08:12:00+00:00,2,1,3.23,3.23,"https://worldview.earthdata.nasa.gov/?v=74.22488,17.93453,74.30488,17.97453&l=Reference_Labels_15m(hidden),DoS_International_Boundaries(hidden),Coastlines_15m,VIIRS_SNPP_Thermal_Anomalies_375m_All,OCI_PACE_True_Color(hidden),VIIRS_NOAA21_CorrectedReflectance_TrueColor(hidden),VIIRS_NOAA20_CorrectedReflectance_TrueColor(hidden),VIIRS_SNPP_CorrectedReflectance_TrueColor&lg=true&t=2025-01-10-T00%3A00%3A00Z",https://www.openstreetmap.org/?mlat=17.95453&mlon=74.26488#map=14/17.95453/74.26488,VIIRS_SNPP_SP,firms-snpp-2025-v1
RV1-0532,Somsubhra-Nandi,development_only,470_1378,2025-02,firms-93f68e2214fe9cf9ae1c9fe9,2025-02-23T07:49:00+00:00,23.52656,68.93419,2025-02-23T07:49:00+00:00,2025-02-23T07:49:00+00:00,2,1,1.96,2.2,"https://worldview.earthdata.nasa.gov/?v=68.89419,23.50656,68.97419,23.54656&l=Reference_Labels_15m(hidden),DoS_International_Boundaries(hidden),Coastlines_15m,VIIRS_SNPP_Thermal_Anomalies_375m_All,OCI_PACE_True_Color(hidden),VIIRS_NOAA21_CorrectedReflectance_TrueColor(hidden),VIIRS_NOAA20_CorrectedReflectance_TrueColor(hidden),VIIRS_SNPP_CorrectedReflectance_TrueColor&lg=true&t=2025-02-23-T00%3A00%3A00Z",https://www.openstreetmap.org/?mlat=23.52656&mlon=68.93419#map=14/23.52656/68.93419,VIIRS_SNPP_SP,firms-snpp-2025-v1
RV1-0533,Subhra-Nandi,development_only,531_1360,2025-02,firms-e30f3e970dbcf13c2e306cdb,2025-02-17T08:02:00+00:00,26.55448,68.02182,2025-02-09T08:52:00+00:00,2025-02-22T08:08:00+00:00,6,3,6.04,9.21,"https://worldview.earthdata.nasa.gov/?v=67.98182,26.53448,68.06182,26.57448&l=Reference_Labels_15m(hidden),DoS_International_Boundaries(hidden),Coastlines_15m,VIIRS_SNPP_Thermal_Anomalies_375m_All,OCI_PACE_True_Color(hidden),VIIRS_NOAA21_CorrectedReflectance_TrueColor(hidden),VIIRS_NOAA20_CorrectedReflectance_TrueColor(hidden),VIIRS_SNPP_CorrectedReflectance_TrueColor&lg=true&t=2025-02-17-T00%3A00%3A00Z",https://www.openstreetmap.org/?mlat=26.55448&mlon=68.02182#map=14/26.55448/68.02182,VIIRS_SNPP_SP,firms-snpp-2025-v1
RV1-0534,mishhverse,development_only,439_1533,2025-03,firms-60dfeb1de55d66bc5da3c999,2025-03-26T08:06:00+00:00,21.99401,76.66158,2025-03-23T21:31:00+00:00,2025-03-26T08:06:00+00:00,2,2,4.17,7.52,"https://worldview.earthdata.nasa.gov/?v=76.62158,21.97401,76.70158,22.01401&l=Reference_Labels_15m(hidden),DoS_International_Boundaries(hidden),Coastlines_15m,VIIRS_SNPP_Thermal_Anomalies_375m_All,OCI_PACE_True_Color(hidden),VIIRS_NOAA21_CorrectedReflectance_TrueColor(hidden),VIIRS_NOAA20_CorrectedReflectance_TrueColor(hidden),VIIRS_SNPP_CorrectedReflectance_TrueColor&lg=true&t=2025-03-26-T00%3A00%3A00Z",https://www.openstreetmap.org/?mlat=21.99401&mlon=76.66158#map=14/21.99401/76.66158,VIIRS_SNPP_SP,firms-snpp-2025-v1
RV1-0535,NuclearVenom,development_only,506_1728,2024-06,firms-5f6a5581c23afd760eb4836d,2024-06-04T06:57:00+00:00,25.33858,86.41838,2024-06-04T06:57:00+00:00,2024-06-29T07:28:00+00:00,4,2,6.865,8.44,"https://worldview.earthdata.nasa.gov/?v=86.37838,25.31858,86.45838,25.35858&l=Reference_Labels_15m(hidden),DoS_International_Boundaries(hidden),Coastlines_15m,VIIRS_SNPP_Thermal_Anomalies_375m_All,OCI_PACE_True_Color(hidden),VIIRS_NOAA21_CorrectedReflectance_TrueColor(hidden),VIIRS_NOAA20_CorrectedReflectance_TrueColor(hidden),VIIRS_SNPP_CorrectedReflectance_TrueColor&lg=true&t=2024-06-04-T00%3A00%3A00Z",https://www.openstreetmap.org/?mlat=25.33858&mlon=86.41838#map=14/25.33858/86.41838,VIIRS_SNPP_SP,firms-snpp-2024-v1
RV1-0536,rajeet-04,development_only,308_1531,2024-12,firms-453d57c14f0ca600c4f459ca,2024-12-19T08:23:00+00:00,15.42668,76.57172,2024-12-14T08:17:00+00:00,2024-12-24T08:30:00+00:00,10,5,6.76,17.53,"https://worldview.earthdata.nasa.gov/?v=76.53172,15.40668,76.61172,15.44668&l=Reference_Labels_15m(hidden),DoS_International_Boundaries(hidden),Coastlines_15m,VIIRS_SNPP_Thermal_Anomalies_375m_All,OCI_PACE_True_Color(hidden),VIIRS_NOAA21_CorrectedReflectance_TrueColor(hidden),VIIRS_NOAA20_CorrectedReflectance_TrueColor(hidden),VIIRS_SNPP_CorrectedReflectance_TrueColor&lg=true&t=2024-12-19-T00%3A00%3A00Z",https://www.openstreetmap.org/?mlat=15.42668&mlon=76.57172#map=14/15.42668/76.57172,VIIRS_SNPP_SP,firms-snpp-2024-v1
RV1-0537,DeepaliSingh10,development_only,423_1547,2024-01,firms-4a9e79f6b3a168f49daf5b08,2024-01-20T07:47:00+00:00,21.18245,77.37202,2024-01-20T07:47:00+00:00,2024-01-20T07:47:00+00:00,1,1,3.27,3.27,"https://worldview.earthdata.nasa.gov/?v=77.33202,21.16245,77.41202,21.20245&l=Reference_Labels_15m(hidden),DoS_International_Boundaries(hidden),Coastlines_15m,VIIRS_SNPP_Thermal_Anomalies_375m_All,OCI_PACE_True_Color(hidden),VIIRS_NOAA21_CorrectedReflectance_TrueColor(hidden),VIIRS_NOAA20_CorrectedReflectance_TrueColor(hidden),VIIRS_SNPP_CorrectedReflectance_TrueColor&lg=true&t=2024-01-20-T00%3A00%3A00Z",https://www.openstreetmap.org/?mlat=21.18245&mlon=77.37202#map=14/21.18245/77.37202,VIIRS_SNPP_SP,firms-snpp-2024-v1
RV1-0538,Somsubhra-Nandi,development_only,284_1525,2025-02,firms-60bbd6d294119e160c2bcf07,2025-02-03T09:01:00+00:00,14.22311,76.29095,2025-02-03T09:01:00+00:00,2025-02-03T09:01:00+00:00,1,1,3.29,3.29,"https://worldview.earthdata.nasa.gov/?v=76.25095,14.20311,76.33095,14.24311&l=Reference_Labels_15m(hidden),DoS_International_Boundaries(hidden),Coastlines_15m,VIIRS_SNPP_Thermal_Anomalies_375m_All,OCI_PACE_True_Color(hidden),VIIRS_NOAA21_CorrectedReflectance_TrueColor(hidden),VIIRS_NOAA20_CorrectedReflectance_TrueColor(hidden),VIIRS_SNPP_CorrectedReflectance_TrueColor&lg=true&t=2025-02-03-T00%3A00%3A00Z",https://www.openstreetmap.org/?mlat=14.22311&mlon=76.29095#map=14/14.22311/76.29095,VIIRS_SNPP_SP,firms-snpp-2025-v1
RV1-0539,Subhra-Nandi,development_only,664_1466,2025-02,firms-aa4e184d94b405ca2f2dacc4,2025-02-16T08:22:00+00:00,33.21103,73.31034,2025-02-09T08:54:00+00:00,2025-02-16T08:22:00+00:00,2,2,4.35,4.89,"https://worldview.earthdata.nasa.gov/?v=73.27034,33.19103,73.35034,33.23103&l=Reference_Labels_15m(hidden),DoS_International_Boundaries(hidden),Coastlines_15m,VIIRS_SNPP_Thermal_Anomalies_375m_All,OCI_PACE_True_Color(hidden),VIIRS_NOAA21_CorrectedReflectance_TrueColor(hidden),VIIRS_NOAA20_CorrectedReflectance_TrueColor(hidden),VIIRS_SNPP_CorrectedReflectance_TrueColor&lg=true&t=2025-02-16-T00%3A00%3A00Z",https://www.openstreetmap.org/?mlat=33.21103&mlon=73.31034#map=14/33.21103/73.31034,VIIRS_SNPP_SP,firms-snpp-2025-v1
RV1-0540,mishhverse,development_only,600_1385,2025-01,firms-7cdbae88bd2340014787a048,2025-01-08T08:53:00+00:00,30.00603,69.25975,2025-01-08T08:53:00+00:00,2025-01-08T08:53:00+00:00,3,1,14.07,37.02,"https://worldview.earthdata.nasa.gov/?v=69.21975,29.98603,69.29975,30.02603&l=Reference_Labels_15m(hidden),DoS_International_Boundaries(hidden),Coastlines_15m,VIIRS_SNPP_Thermal_Anomalies_375m_All,OCI_PACE_True_Color(hidden),VIIRS_NOAA21_CorrectedReflectance_TrueColor(hidden),VIIRS_NOAA20_CorrectedReflectance_TrueColor(hidden),VIIRS_SNPP_CorrectedReflectance_TrueColor&lg=true&t=2025-01-08-T00%3A00%3A00Z",https://www.openstreetmap.org/?mlat=30.00603&mlon=69.25975#map=14/30.00603/69.25975,VIIRS_SNPP_SP,firms-snpp-2025-v1
RV1-0541,NuclearVenom,development_only,431_1885,2024-04,firms-b3ed9876baf16e22bf9e6fd7,2024-04-08T06:25:00+00:00,21.5601,94.29147,2024-04-01T06:57:00+00:00,2024-04-23T06:44:00+00:00,8,6,3.16,8.03,"https://worldview.earthdata.nasa.gov/?v=94.25147,21.54010,94.33147,21.58010&l=Reference_Labels_15m(hidden),DoS_International_Boundaries(hidden),Coastlines_15m,VIIRS_SNPP_Thermal_Anomalies_375m_All,OCI_PACE_True_Color(hidden),VIIRS_NOAA21_CorrectedReflectance_TrueColor(hidden),VIIRS_NOAA20_CorrectedReflectance_TrueColor(hidden),VIIRS_SNPP_CorrectedReflectance_TrueColor&lg=true&t=2024-04-08-T00%3A00%3A00Z",https://www.openstreetmap.org/?mlat=21.56010&mlon=94.29147#map=14/21.56010/94.29147,VIIRS_SNPP_SP,firms-snpp-2024-v1
RV1-0542,rajeet-04,development_only,440_1959,2024-02,firms-29a8020bbc21761497937079,2024-02-17T07:22:00+00:00,22.01485,97.99194,2024-02-17T07:22:00+00:00,2024-02-29T06:56:00+00:00,5,3,6.43,12.05,"https://worldview.earthdata.nasa.gov/?v=97.95194,21.99485,98.03194,22.03485&l=Reference_Labels_15m(hidden),DoS_International_Boundaries(hidden),Coastlines_15m,VIIRS_SNPP_Thermal_Anomalies_375m_All,OCI_PACE_True_Color(hidden),VIIRS_NOAA21_CorrectedReflectance_TrueColor(hidden),VIIRS_NOAA20_CorrectedReflectance_TrueColor(hidden),VIIRS_SNPP_CorrectedReflectance_TrueColor&lg=true&t=2024-02-17-T00%3A00%3A00Z",https://www.openstreetmap.org/?mlat=22.01485&mlon=97.99194#map=14/22.01485/97.99194,VIIRS_SNPP_SP,firms-snpp-2024-v1
RV1-0543,DeepaliSingh10,development_only,480_1940,2025-03,firms-2af2ff285e0a5baca9b5a345,2025-03-25T19:12:00+00:00,24.03498,97.01205,2025-03-25T06:44:00+00:00,2025-03-29T07:09:00+00:00,4,2,3.7750000000000004,4.63,"https://worldview.earthdata.nasa.gov/?v=96.97205,24.01498,97.05205,24.05498&l=Reference_Labels_15m(hidden),DoS_International_Boundaries(hidden),Coastlines_15m,VIIRS_SNPP_Thermal_Anomalies_375m_All,OCI_PACE_True_Color(hidden),VIIRS_NOAA21_CorrectedReflectance_TrueColor(hidden),VIIRS_NOAA20_CorrectedReflectance_TrueColor(hidden),VIIRS_SNPP_CorrectedReflectance_TrueColor&lg=true&t=2025-03-25-T00%3A00%3A00Z",https://www.openstreetmap.org/?mlat=24.03498&mlon=97.01205#map=14/24.03498/97.01205,VIIRS_SNPP_SP,firms-snpp-2025-v1
RV1-0544,Somsubhra-Nandi,development_only,242_1544,2024-02,firms-8734c8f65606dcc562cfbe6b,2024-02-04T08:04:00+00:00,12.10301,77.24582,2024-02-04T08:04:00+00:00,2024-02-04T08:04:00+00:00,1,1,8.71,8.71,"https://worldview.earthdata.nasa.gov/?v=77.20582,12.08301,77.28582,12.12301&l=Reference_Labels_15m(hidden),DoS_International_Boundaries(hidden),Coastlines_15m,VIIRS_SNPP_Thermal_Anomalies_375m_All,OCI_PACE_True_Color(hidden),VIIRS_NOAA21_CorrectedReflectance_TrueColor(hidden),VIIRS_NOAA20_CorrectedReflectance_TrueColor(hidden),VIIRS_SNPP_CorrectedReflectance_TrueColor&lg=true&t=2024-02-04-T00%3A00%3A00Z",https://www.openstreetmap.org/?mlat=12.10301&mlon=77.24582#map=14/12.10301/77.24582,VIIRS_SNPP_SP,firms-snpp-2024-v1
RV1-0545,Subhra-Nandi,development_only,211_1555,2024-03,firms-c5cbeb31c95fe9772802d5fe,2024-03-11T08:28:00+00:00,10.56129,77.75446,2024-03-11T08:28:00+00:00,2024-03-11T08:28:00+00:00,1,1,5.08,5.08,"https://worldview.earthdata.nasa.gov/?v=77.71446,10.54129,77.79446,10.58129&l=Reference_Labels_15m(hidden),DoS_International_Boundaries(hidden),Coastlines_15m,VIIRS_SNPP_Thermal_Anomalies_375m_All,OCI_PACE_True_Color(hidden),VIIRS_NOAA21_CorrectedReflectance_TrueColor(hidden),VIIRS_NOAA20_CorrectedReflectance_TrueColor(hidden),VIIRS_SNPP_CorrectedReflectance_TrueColor&lg=true&t=2024-03-11-T00%3A00%3A00Z",https://www.openstreetmap.org/?mlat=10.56129&mlon=77.75446#map=14/10.56129/77.75446,VIIRS_SNPP_SP,firms-snpp-2024-v1
RV1-0546,mishhverse,development_only,512_1757,2024-04,firms-bac23f4bec25b4f6b4fe36de,2024-04-13T06:33:00+00:00,25.64178,87.8568,2024-04-13T06:33:00+00:00,2024-04-13T06:33:00+00:00,1,1,2.69,2.69,"https://worldview.earthdata.nasa.gov/?v=87.81680,25.62178,87.89680,25.66178&l=Reference_Labels_15m(hidden),DoS_International_Boundaries(hidden),Coastlines_15m,VIIRS_SNPP_Thermal_Anomalies_375m_All,OCI_PACE_True_Color(hidden),VIIRS_NOAA21_CorrectedReflectance_TrueColor(hidden),VIIRS_NOAA20_CorrectedReflectance_TrueColor(hidden),VIIRS_SNPP_CorrectedReflectance_TrueColor&lg=true&t=2024-04-13-T00%3A00%3A00Z",https://www.openstreetmap.org/?mlat=25.64178&mlon=87.85680#map=14/25.64178/87.85680,VIIRS_SNPP_SP,firms-snpp-2024-v1
RV1-0547,NuclearVenom,development_only,549_1713,2024-05,firms-326b3240ec86f647ff0473a9,2024-05-02T19:43:00+00:00,27.45616,85.68599,2024-05-02T19:43:00+00:00,2024-05-02T19:43:00+00:00,1,1,1.03,1.03,"https://worldview.earthdata.nasa.gov/?v=85.64599,27.43616,85.72599,27.47616&l=Reference_Labels_15m(hidden),DoS_International_Boundaries(hidden),Coastlines_15m,VIIRS_SNPP_Thermal_Anomalies_375m_All,OCI_PACE_True_Color(hidden),VIIRS_NOAA21_CorrectedReflectance_TrueColor(hidden),VIIRS_NOAA20_CorrectedReflectance_TrueColor(hidden),VIIRS_SNPP_CorrectedReflectance_TrueColor&lg=true&t=2024-05-02-T00%3A00%3A00Z",https://www.openstreetmap.org/?mlat=27.45616&mlon=85.68599#map=14/27.45616/85.68599,VIIRS_SNPP_SP,firms-snpp-2024-v1
RV1-0548,rajeet-04,development_only,492_1883,2025-04,firms-c3b617e3ddc3a651d9e2b1a4,2025-04-02T07:35:00+00:00,24.61608,94.16889,2025-04-02T07:35:00+00:00,2025-04-19T07:16:00+00:00,7,3,6.14,10.17,"https://worldview.earthdata.nasa.gov/?v=94.12889,24.59608,94.20889,24.63608&l=Reference_Labels_15m(hidden),DoS_International_Boundaries(hidden),Coastlines_15m,VIIRS_SNPP_Thermal_Anomalies_375m_All,OCI_PACE_True_Color(hidden),VIIRS_NOAA21_CorrectedReflectance_TrueColor(hidden),VIIRS_NOAA20_CorrectedReflectance_TrueColor(hidden),VIIRS_SNPP_CorrectedReflectance_TrueColor&lg=true&t=2025-04-02-T00%3A00%3A00Z",https://www.openstreetmap.org/?mlat=24.61608&mlon=94.16889#map=14/24.61608/94.16889,VIIRS_SNPP_SP,firms-snpp-2025-v1
RV1-0549,DeepaliSingh10,development_only,447_1472,2025-03,firms-39f24ad0ab66a82d47f75343,2025-03-30T08:31:00+00:00,22.38972,73.64145,2025-03-24T08:44:00+00:00,2025-03-31T20:41:00+00:00,15,4,4.59,17.79,"https://worldview.earthdata.nasa.gov/?v=73.60145,22.36972,73.68145,22.40972&l=Reference_Labels_15m(hidden),DoS_International_Boundaries(hidden),Coastlines_15m,VIIRS_SNPP_Thermal_Anomalies_375m_All,OCI_PACE_True_Color(hidden),VIIRS_NOAA21_CorrectedReflectance_TrueColor(hidden),VIIRS_NOAA20_CorrectedReflectance_TrueColor(hidden),VIIRS_SNPP_CorrectedReflectance_TrueColor&lg=true&t=2025-03-30-T00%3A00%3A00Z",https://www.openstreetmap.org/?mlat=22.38972&mlon=73.64145#map=14/22.38972/73.64145,VIIRS_SNPP_SP,firms-snpp-2025-v1
RV1-0550,Somsubhra-Nandi,development_only,164_1622,2024-03,firms-34a2da56d44dd75c9a5b62a2,2024-03-17T08:15:00+00:00,8.23232,81.12961,2024-03-07T08:02:00+00:00,2024-03-17T08:15:00+00:00,4,2,6.24,7.84,"https://worldview.earthdata.nasa.gov/?v=81.08961,8.21232,81.16961,8.25232&l=Reference_Labels_15m(hidden),DoS_International_Boundaries(hidden),Coastlines_15m,VIIRS_SNPP_Thermal_Anomalies_375m_All,OCI_PACE_True_Color(hidden),VIIRS_NOAA21_CorrectedReflectance_TrueColor(hidden),VIIRS_NOAA20_CorrectedReflectance_TrueColor(hidden),VIIRS_SNPP_CorrectedReflectance_TrueColor&lg=true&t=2024-03-17-T00%3A00%3A00Z",https://www.openstreetmap.org/?mlat=8.23232&mlon=81.12961#map=14/8.23232/81.12961,VIIRS_SNPP_SP,firms-snpp-2024-v1
RV1-0551,Subhra-Nandi,development_only,574_1635,2025-03,firms-a2560e4669b21a6b4151cb5a,2025-03-30T19:17:00+00:00,28.71114,81.78229,2025-03-28T07:30:00+00:00,2025-03-31T08:14:00+00:00,4,3,2.69,3.63,"https://worldview.earthdata.nasa.gov/?v=81.74229,28.69114,81.82229,28.73114&l=Reference_Labels_15m(hidden),DoS_International_Boundaries(hidden),Coastlines_15m,VIIRS_SNPP_Thermal_Anomalies_375m_All,OCI_PACE_True_Color(hidden),VIIRS_NOAA21_CorrectedReflectance_TrueColor(hidden),VIIRS_NOAA20_CorrectedReflectance_TrueColor(hidden),VIIRS_SNPP_CorrectedReflectance_TrueColor&lg=true&t=2025-03-30-T00%3A00%3A00Z",https://www.openstreetmap.org/?mlat=28.71114&mlon=81.78229#map=14/28.71114/81.78229,VIIRS_SNPP_SP,firms-snpp-2025-v1
RV1-0552,mishhverse,development_only,330_1531,2025-05,firms-70d2c8bfebda926af30fd7d8,2025-05-14T07:47:00+00:00,16.54689,76.56892,2025-05-04T07:34:00+00:00,2025-05-17T08:31:00+00:00,12,6,3.45,9.01,"https://worldview.earthdata.nasa.gov/?v=76.52892,16.52689,76.60892,16.56689&l=Reference_Labels_15m(hidden),DoS_International_Boundaries(hidden),Coastlines_15m,VIIRS_SNPP_Thermal_Anomalies_375m_All,OCI_PACE_True_Color(hidden),VIIRS_NOAA21_CorrectedReflectance_TrueColor(hidden),VIIRS_NOAA20_CorrectedReflectance_TrueColor(hidden),VIIRS_SNPP_CorrectedReflectance_TrueColor&lg=true&t=2025-05-14-T00%3A00%3A00Z",https://www.openstreetmap.org/?mlat=16.54689&mlon=76.56892#map=14/16.54689/76.56892,VIIRS_SNPP_SP,firms-snpp-2025-v1
RV1-0553,NuclearVenom,development_only,483_1619,2025-04,firms-42d3241d671ffd4d67a28a3f,2025-04-08T07:23:00+00:00,24.1525,80.96227,2025-04-08T07:23:00+00:00,2025-04-08T07:23:00+00:00,1,1,4.81,4.81,"https://worldview.earthdata.nasa.gov/?v=80.92227,24.13250,81.00227,24.17250&l=Reference_Labels_15m(hidden),DoS_International_Boundaries(hidden),Coastlines_15m,VIIRS_SNPP_Thermal_Anomalies_375m_All,OCI_PACE_True_Color(hidden),VIIRS_NOAA21_CorrectedReflectance_TrueColor(hidden),VIIRS_NOAA20_CorrectedReflectance_TrueColor(hidden),VIIRS_SNPP_CorrectedReflectance_TrueColor&lg=true&t=2025-04-08-T00%3A00%3A00Z",https://www.openstreetmap.org/?mlat=24.15250&mlon=80.96227#map=14/24.15250/80.96227,VIIRS_SNPP_SP,firms-snpp-2025-v1
RV1-0554,rajeet-04,development_only,546_1846,2024-02,firms-5ab4d46368929c251b857a44,2024-02-11T07:36:00+00:00,27.34019,92.34703,2024-02-10T18:40:00+00:00,2024-02-12T07:17:00+00:00,7,3,11.32,17.21,"https://worldview.earthdata.nasa.gov/?v=92.30703,27.32019,92.38703,27.36019&l=Reference_Labels_15m(hidden),DoS_International_Boundaries(hidden),Coastlines_15m,VIIRS_SNPP_Thermal_Anomalies_375m_All,OCI_PACE_True_Color(hidden),VIIRS_NOAA21_CorrectedReflectance_TrueColor(hidden),VIIRS_NOAA20_CorrectedReflectance_TrueColor(hidden),VIIRS_SNPP_CorrectedReflectance_TrueColor&lg=true&t=2024-02-11-T00%3A00%3A00Z",https://www.openstreetmap.org/?mlat=27.34019&mlon=92.34703#map=14/27.34019/92.34703,VIIRS_SNPP_SP,firms-snpp-2024-v1
RV1-0555,DeepaliSingh10,development_only,430_1702,2024-04,firms-61256644c4075fd319e77a62,2024-04-26T19:57:00+00:00,21.54094,85.14312,2024-04-21T07:22:00+00:00,2024-04-27T07:10:00+00:00,3,3,2.15,6.06,"https://worldview.earthdata.nasa.gov/?v=85.10312,21.52094,85.18312,21.56094&l=Reference_Labels_15m(hidden),DoS_International_Boundaries(hidden),Coastlines_15m,VIIRS_SNPP_Thermal_Anomalies_375m_All,OCI_PACE_True_Color(hidden),VIIRS_NOAA21_CorrectedReflectance_TrueColor(hidden),VIIRS_NOAA20_CorrectedReflectance_TrueColor(hidden),VIIRS_SNPP_CorrectedReflectance_TrueColor&lg=true&t=2024-04-26-T00%3A00%3A00Z",https://www.openstreetmap.org/?mlat=21.54094&mlon=85.14312#map=14/21.54094/85.14312,VIIRS_SNPP_SP,firms-snpp-2024-v1
RV1-0556,Somsubhra-Nandi,development_only,443_1465,2024-02,firms-5b32387162f6b4695d7b783e,2024-02-25T08:13:00+00:00,22.18633,73.29901,2024-02-25T08:13:00+00:00,2024-02-25T08:13:00+00:00,1,1,1.57,1.57,"https://worldview.earthdata.nasa.gov/?v=73.25901,22.16633,73.33901,22.20633&l=Reference_Labels_15m(hidden),DoS_International_Boundaries(hidden),Coastlines_15m,VIIRS_SNPP_Thermal_Anomalies_375m_All,OCI_PACE_True_Color(hidden),VIIRS_NOAA21_CorrectedReflectance_TrueColor(hidden),VIIRS_NOAA20_CorrectedReflectance_TrueColor(hidden),VIIRS_SNPP_CorrectedReflectance_TrueColor&lg=true&t=2024-02-25-T00%3A00%3A00Z",https://www.openstreetmap.org/?mlat=22.18633&mlon=73.29901#map=14/22.18633/73.29901,VIIRS_SNPP_SP,firms-snpp-2024-v1
RV1-0557,Subhra-Nandi,development_only,501_1613,2025-03,firms-e944dea5bcaef508bef17fde,2025-03-31T08:13:00+00:00,25.06627,80.67831,2025-03-31T08:13:00+00:00,2025-03-31T08:13:00+00:00,2,1,12.45,12.45,"https://worldview.earthdata.nasa.gov/?v=80.63831,25.04627,80.71831,25.08627&l=Reference_Labels_15m(hidden),DoS_International_Boundaries(hidden),Coastlines_15m,VIIRS_SNPP_Thermal_Anomalies_375m_All,OCI_PACE_True_Color(hidden),VIIRS_NOAA21_CorrectedReflectance_TrueColor(hidden),VIIRS_NOAA20_CorrectedReflectance_TrueColor(hidden),VIIRS_SNPP_CorrectedReflectance_TrueColor&lg=true&t=2025-03-31-T00%3A00%3A00Z",https://www.openstreetmap.org/?mlat=25.06627&mlon=80.67831#map=14/25.06627/80.67831,VIIRS_SNPP_SP,firms-snpp-2025-v1
RV1-0558,mishhverse,development_only,182_1615,2024-08,firms-edcf4f6f9a42301c4d7cd0b9,2024-08-19T08:09:00+00:00,9.10787,80.78217,2024-08-02T08:28:00+00:00,2024-08-31T07:44:00+00:00,5,5,4.78,9.11,"https://worldview.earthdata.nasa.gov/?v=80.74217,9.08787,80.82217,9.12787&l=Reference_Labels_15m(hidden),DoS_International_Boundaries(hidden),Coastlines_15m,VIIRS_SNPP_Thermal_Anomalies_375m_All,OCI_PACE_True_Color(hidden),VIIRS_NOAA21_CorrectedReflectance_TrueColor(hidden),VIIRS_NOAA20_CorrectedReflectance_TrueColor(hidden),VIIRS_SNPP_CorrectedReflectance_TrueColor&lg=true&t=2024-08-19-T00%3A00%3A00Z",https://www.openstreetmap.org/?mlat=9.10787&mlon=80.78217#map=14/9.10787/80.78217,VIIRS_SNPP_SP,firms-snpp-2024-v1
RV1-0559,NuclearVenom,development_only,302_1520,2024-01,firms-462f702f653ddfe4eca50781,2024-01-13T08:17:00+00:00,15.13078,76.00258,2024-01-13T08:17:00+00:00,2024-01-13T08:17:00+00:00,2,1,2.19,2.34,"https://worldview.earthdata.nasa.gov/?v=75.96258,15.11078,76.04258,15.15078&l=Reference_Labels_15m(hidden),DoS_International_Boundaries(hidden),Coastlines_15m,VIIRS_SNPP_Thermal_Anomalies_375m_All,OCI_PACE_True_Color(hidden),VIIRS_NOAA21_CorrectedReflectance_TrueColor(hidden),VIIRS_NOAA20_CorrectedReflectance_TrueColor(hidden),VIIRS_SNPP_CorrectedReflectance_TrueColor&lg=true&t=2024-01-13-T00%3A00%3A00Z",https://www.openstreetmap.org/?mlat=15.13078&mlon=76.00258#map=14/15.13078/76.00258,VIIRS_SNPP_SP,firms-snpp-2024-v1
RV1-0560,rajeet-04,development_only,364_1628,2024-04,firms-19502456c53c96d4eb63f8bf,2024-04-25T07:46:00+00:00,18.24063,81.44141,2024-04-04T07:40:00+00:00,2024-04-25T07:46:00+00:00,2,2,2.88,3.05,"https://worldview.earthdata.nasa.gov/?v=81.40141,18.22063,81.48141,18.26063&l=Reference_Labels_15m(hidden),DoS_International_Boundaries(hidden),Coastlines_15m,VIIRS_SNPP_Thermal_Anomalies_375m_All,OCI_PACE_True_Color(hidden),VIIRS_NOAA21_CorrectedReflectance_TrueColor(hidden),VIIRS_NOAA20_CorrectedReflectance_TrueColor(hidden),VIIRS_SNPP_CorrectedReflectance_TrueColor&lg=true&t=2024-04-25-T00%3A00%3A00Z",https://www.openstreetmap.org/?mlat=18.24063&mlon=81.44141#map=14/18.24063/81.44141,VIIRS_SNPP_SP,firms-snpp-2024-v1
RV1-0561,DeepaliSingh10,development_only,529_1501,2024-04,firms-3b3bda25bf62cd6d274edcd0,2024-04-16T07:18:00+00:00,26.48691,75.08571,2024-04-06T08:45:00+00:00,2024-04-16T07:18:00+00:00,2,2,2.575,3.31,"https://worldview.earthdata.nasa.gov/?v=75.04571,26.46691,75.12571,26.50691&l=Reference_Labels_15m(hidden),DoS_International_Boundaries(hidden),Coastlines_15m,VIIRS_SNPP_Thermal_Anomalies_375m_All,OCI_PACE_True_Color(hidden),VIIRS_NOAA21_CorrectedReflectance_TrueColor(hidden),VIIRS_NOAA20_CorrectedReflectance_TrueColor(hidden),VIIRS_SNPP_CorrectedReflectance_TrueColor&lg=true&t=2024-04-16-T00%3A00%3A00Z",https://www.openstreetmap.org/?mlat=26.48691&mlon=75.08571#map=14/26.48691/75.08571,VIIRS_SNPP_SP,firms-snpp-2024-v1
RV1-0562,Somsubhra-Nandi,development_only,521_1689,2025-03,firms-966e4894e036182c58ee40ac,2025-03-11T07:48:00+00:00,26.07742,84.48051,2025-03-04T08:20:00+00:00,2025-03-17T07:36:00+00:00,3,3,2.51,10.34,"https://worldview.earthdata.nasa.gov/?v=84.44051,26.05742,84.52051,26.09742&l=Reference_Labels_15m(hidden),DoS_International_Boundaries(hidden),Coastlines_15m,VIIRS_SNPP_Thermal_Anomalies_375m_All,OCI_PACE_True_Color(hidden),VIIRS_NOAA21_CorrectedReflectance_TrueColor(hidden),VIIRS_NOAA20_CorrectedReflectance_TrueColor(hidden),VIIRS_SNPP_CorrectedReflectance_TrueColor&lg=true&t=2025-03-11-T00%3A00%3A00Z",https://www.openstreetmap.org/?mlat=26.07742&mlon=84.48051#map=14/26.07742/84.48051,VIIRS_SNPP_SP,firms-snpp-2025-v1
RV1-0563,Subhra-Nandi,development_only,588_1486,2025-04,firms-8f2682bf1f384d00f06d88aa,2025-04-26T20:52:00+00:00,29.40559,74.33778,2025-04-26T20:52:00+00:00,2025-04-26T20:52:00+00:00,2,1,3.22,3.22,"https://worldview.earthdata.nasa.gov/?v=74.29778,29.38559,74.37778,29.42559&l=Reference_Labels_15m(hidden),DoS_International_Boundaries(hidden),Coastlines_15m,VIIRS_SNPP_Thermal_Anomalies_375m_All,OCI_PACE_True_Color(hidden),VIIRS_NOAA21_CorrectedReflectance_TrueColor(hidden),VIIRS_NOAA20_CorrectedReflectance_TrueColor(hidden),VIIRS_SNPP_CorrectedReflectance_TrueColor&lg=true&t=2025-04-26-T00%3A00%3A00Z",https://www.openstreetmap.org/?mlat=29.40559&mlon=74.33778#map=14/29.40559/74.33778,VIIRS_SNPP_SP,firms-snpp-2025-v1
RV1-0564,mishhverse,development_only,433_1942,2024-01,firms-7258ea270abadf4d5cfd8a31,2024-01-20T18:35:00+00:00,21.67938,97.14149,2024-01-03T18:54:00+00:00,2024-01-20T18:35:00+00:00,4,2,2.0149999999999997,3.25,"https://worldview.earthdata.nasa.gov/?v=97.10149,21.65938,97.18149,21.69938&l=Reference_Labels_15m(hidden),DoS_International_Boundaries(hidden),Coastlines_15m,VIIRS_SNPP_Thermal_Anomalies_375m_All,OCI_PACE_True_Color(hidden),VIIRS_NOAA21_CorrectedReflectance_TrueColor(hidden),VIIRS_NOAA20_CorrectedReflectance_TrueColor(hidden),VIIRS_SNPP_CorrectedReflectance_TrueColor&lg=true&t=2024-01-20-T00%3A00%3A00Z",https://www.openstreetmap.org/?mlat=21.67938&mlon=97.14149#map=14/21.67938/97.14149,VIIRS_SNPP_SP,firms-snpp-2024-v1
RV1-0565,NuclearVenom,development_only,635_1490,2025-05,firms-d41a04ba2530d81fcfcecd2e,2025-05-15T07:32:00+00:00,31.7978,74.50865,2025-05-15T07:32:00+00:00,2025-05-15T07:32:00+00:00,1,1,3.11,3.11,"https://worldview.earthdata.nasa.gov/?v=74.46865,31.77780,74.54865,31.81780&l=Reference_Labels_15m(hidden),DoS_International_Boundaries(hidden),Coastlines_15m,VIIRS_SNPP_Thermal_Anomalies_375m_All,OCI_PACE_True_Color(hidden),VIIRS_NOAA21_CorrectedReflectance_TrueColor(hidden),VIIRS_NOAA20_CorrectedReflectance_TrueColor(hidden),VIIRS_SNPP_CorrectedReflectance_TrueColor&lg=true&t=2025-05-15-T00%3A00%3A00Z",https://www.openstreetmap.org/?mlat=31.79780&mlon=74.50865#map=14/31.79780/74.50865,VIIRS_SNPP_SP,firms-snpp-2025-v1
RV1-0566,rajeet-04,development_only,494_1545,2024-10,firms-0e70c4b9c28be31063fd18d2,2024-10-28T08:00:00+00:00,24.72653,77.28937,2024-10-21T08:31:00+00:00,2024-10-28T08:00:00+00:00,4,3,5.185,5.9,"https://worldview.earthdata.nasa.gov/?v=77.24937,24.70653,77.32937,24.74653&l=Reference_Labels_15m(hidden),DoS_International_Boundaries(hidden),Coastlines_15m,VIIRS_SNPP_Thermal_Anomalies_375m_All,OCI_PACE_True_Color(hidden),VIIRS_NOAA21_CorrectedReflectance_TrueColor(hidden),VIIRS_NOAA20_CorrectedReflectance_TrueColor(hidden),VIIRS_SNPP_CorrectedReflectance_TrueColor&lg=true&t=2024-10-28-T00%3A00%3A00Z",https://www.openstreetmap.org/?mlat=24.72653&mlon=77.28937#map=14/24.72653/77.28937,VIIRS_SNPP_SP,firms-snpp-2024-v1
RV1-0567,DeepaliSingh10,development_only,459_1400,2024-02,firms-a3c11a3188ea2567f23ecc72,2024-02-18T08:44:00+00:00,22.95553,70.03855,2024-02-18T08:44:00+00:00,2024-02-18T08:44:00+00:00,2,1,3.6750000000000003,5.11,"https://worldview.earthdata.nasa.gov/?v=69.99855,22.93553,70.07855,22.97553&l=Reference_Labels_15m(hidden),DoS_International_Boundaries(hidden),Coastlines_15m,VIIRS_SNPP_Thermal_Anomalies_375m_All,OCI_PACE_True_Color(hidden),VIIRS_NOAA21_CorrectedReflectance_TrueColor(hidden),VIIRS_NOAA20_CorrectedReflectance_TrueColor(hidden),VIIRS_SNPP_CorrectedReflectance_TrueColor&lg=true&t=2024-02-18-T00%3A00%3A00Z",https://www.openstreetmap.org/?mlat=22.95553&mlon=70.03855#map=14/22.95553/70.03855,VIIRS_SNPP_SP,firms-snpp-2024-v1
RV1-0568,Somsubhra-Nandi,development_only,394_1531,2025-03,firms-f58404b23214b7af27c6a3e7,2025-03-30T08:31:00+00:00,19.74024,76.57145,2025-03-30T08:31:00+00:00,2025-03-30T08:31:00+00:00,1,1,2.39,2.39,"https://worldview.earthdata.nasa.gov/?v=76.53145,19.72024,76.61145,19.76024&l=Reference_Labels_15m(hidden),DoS_International_Boundaries(hidden),Coastlines_15m,VIIRS_SNPP_Thermal_Anomalies_375m_All,OCI_PACE_True_Color(hidden),VIIRS_NOAA21_CorrectedReflectance_TrueColor(hidden),VIIRS_NOAA20_CorrectedReflectance_TrueColor(hidden),VIIRS_SNPP_CorrectedReflectance_TrueColor&lg=true&t=2025-03-30-T00%3A00%3A00Z",https://www.openstreetmap.org/?mlat=19.74024&mlon=76.57145#map=14/19.74024/76.57145,VIIRS_SNPP_SP,firms-snpp-2025-v1
RV1-0569,Subhra-Nandi,development_only,440_1491,2025-04,firms-81570beff7abdc06a1ee6d15,2025-04-25T08:45:00+00:00,22.03771,74.58545,2025-04-19T07:17:00+00:00,2025-04-25T08:45:00+00:00,2,2,8.955,12.48,"https://worldview.earthdata.nasa.gov/?v=74.54545,22.01771,74.62545,22.05771&l=Reference_Labels_15m(hidden),DoS_International_Boundaries(hidden),Coastlines_15m,VIIRS_SNPP_Thermal_Anomalies_375m_All,OCI_PACE_True_Color(hidden),VIIRS_NOAA21_CorrectedReflectance_TrueColor(hidden),VIIRS_NOAA20_CorrectedReflectance_TrueColor(hidden),VIIRS_SNPP_CorrectedReflectance_TrueColor&lg=true&t=2025-04-25-T00%3A00%3A00Z",https://www.openstreetmap.org/?mlat=22.03771&mlon=74.58545#map=14/22.03771/74.58545,VIIRS_SNPP_SP,firms-snpp-2025-v1
RV1-0570,mishhverse,development_only,518_1374,2025-01,firms-c08a38d5327d4163e40071d7,2025-01-06T07:49:00+00:00,25.91535,68.7437,2025-01-06T07:49:00+00:00,2025-01-06T07:49:00+00:00,1,1,14.77,14.77,"https://worldview.earthdata.nasa.gov/?v=68.70370,25.89535,68.78370,25.93535&l=Reference_Labels_15m(hidden),DoS_International_Boundaries(hidden),Coastlines_15m,VIIRS_SNPP_Thermal_Anomalies_375m_All,OCI_PACE_True_Color(hidden),VIIRS_NOAA21_CorrectedReflectance_TrueColor(hidden),VIIRS_NOAA20_CorrectedReflectance_TrueColor(hidden),VIIRS_SNPP_CorrectedReflectance_TrueColor&lg=true&t=2025-01-06-T00%3A00%3A00Z",https://www.openstreetmap.org/?mlat=25.91535&mlon=68.74370#map=14/25.91535/68.74370,VIIRS_SNPP_SP,firms-snpp-2025-v1
RV1-0571,NuclearVenom,development_only,330_1890,2025-03,firms-6d64d0d7f6cef0e2726f73cb,2025-03-14T06:49:00+00:00,16.5297,94.54518,2025-03-13T07:08:00+00:00,2025-03-14T06:49:00+00:00,2,2,1.755,2.04,"https://worldview.earthdata.nasa.gov/?v=94.50518,16.50970,94.58518,16.54970&l=Reference_Labels_15m(hidden),DoS_International_Boundaries(hidden),Coastlines_15m,VIIRS_SNPP_Thermal_Anomalies_375m_All,OCI_PACE_True_Color(hidden),VIIRS_NOAA21_CorrectedReflectance_TrueColor(hidden),VIIRS_NOAA20_CorrectedReflectance_TrueColor(hidden),VIIRS_SNPP_CorrectedReflectance_TrueColor&lg=true&t=2025-03-14-T00%3A00%3A00Z",https://www.openstreetmap.org/?mlat=16.52970&mlon=94.54518#map=14/16.52970/94.54518,VIIRS_SNPP_SP,firms-snpp-2025-v1
RV1-0572,rajeet-04,development_only,573_1561,2025-01,firms-ffc5ea14d8f9be534265cdb4,2025-01-27T07:56:00+00:00,28.69815,78.07974,2025-01-27T07:56:00+00:00,2025-01-27T07:56:00+00:00,1,1,1.97,1.97,"https://worldview.earthdata.nasa.gov/?v=78.03974,28.67815,78.11974,28.71815&l=Reference_Labels_15m(hidden),DoS_International_Boundaries(hidden),Coastlines_15m,VIIRS_SNPP_Thermal_Anomalies_375m_All,OCI_PACE_True_Color(hidden),VIIRS_NOAA21_CorrectedReflectance_TrueColor(hidden),VIIRS_NOAA20_CorrectedReflectance_TrueColor(hidden),VIIRS_SNPP_CorrectedReflectance_TrueColor&lg=true&t=2025-01-27-T00%3A00%3A00Z",https://www.openstreetmap.org/?mlat=28.69815&mlon=78.07974#map=14/28.69815/78.07974,VIIRS_SNPP_SP,firms-snpp-2025-v1
RV1-0573,DeepaliSingh10,development_only,469_1548,2024-04,firms-61f464e4444f0618afe3ccaa,2024-04-20T07:42:00+00:00,23.49685,77.42816,2024-04-20T07:42:00+00:00,2024-04-20T07:42:00+00:00,3,1,3.82,4.14,"https://worldview.earthdata.nasa.gov/?v=77.38816,23.47685,77.46816,23.51685&l=Reference_Labels_15m(hidden),DoS_International_Boundaries(hidden),Coastlines_15m,VIIRS_SNPP_Thermal_Anomalies_375m_All,OCI_PACE_True_Color(hidden),VIIRS_NOAA21_CorrectedReflectance_TrueColor(hidden),VIIRS_NOAA20_CorrectedReflectance_TrueColor(hidden),VIIRS_SNPP_CorrectedReflectance_TrueColor&lg=true&t=2024-04-20-T00%3A00%3A00Z",https://www.openstreetmap.org/?mlat=23.49685&mlon=77.42816#map=14/23.49685/77.42816,VIIRS_SNPP_SP,firms-snpp-2024-v1
RV1-0574,Somsubhra-Nandi,development_only,468_1530,2024-03,firms-a7f59ededb2a7759b1e968de,2024-03-29T07:54:00+00:00,23.41514,76.50217,2024-03-29T07:54:00+00:00,2024-03-29T07:54:00+00:00,1,1,10.74,10.74,"https://worldview.earthdata.nasa.gov/?v=76.46217,23.39514,76.54217,23.43514&l=Reference_Labels_15m(hidden),DoS_International_Boundaries(hidden),Coastlines_15m,VIIRS_SNPP_Thermal_Anomalies_375m_All,OCI_PACE_True_Color(hidden),VIIRS_NOAA21_CorrectedReflectance_TrueColor(hidden),VIIRS_NOAA20_CorrectedReflectance_TrueColor(hidden),VIIRS_SNPP_CorrectedReflectance_TrueColor&lg=true&t=2024-03-29-T00%3A00%3A00Z",https://www.openstreetmap.org/?mlat=23.41514&mlon=76.50217#map=14/23.41514/76.50217,VIIRS_SNPP_SP,firms-snpp-2024-v1
RV1-0575,Subhra-Nandi,development_only,364_1940,2024-04,firms-56aadfd92da96ffe8ad7bdf4,2024-04-10T07:27:00+00:00,18.21093,97.04612,2024-04-10T07:27:00+00:00,2024-04-17T06:56:00+00:00,4,2,11.105,16.1,"https://worldview.earthdata.nasa.gov/?v=97.00612,18.19093,97.08612,18.23093&l=Reference_Labels_15m(hidden),DoS_International_Boundaries(hidden),Coastlines_15m,VIIRS_SNPP_Thermal_Anomalies_375m_All,OCI_PACE_True_Color(hidden),VIIRS_NOAA21_CorrectedReflectance_TrueColor(hidden),VIIRS_NOAA20_CorrectedReflectance_TrueColor(hidden),VIIRS_SNPP_CorrectedReflectance_TrueColor&lg=true&t=2024-04-10-T00%3A00%3A00Z",https://www.openstreetmap.org/?mlat=18.21093&mlon=97.04612#map=14/18.21093/97.04612,VIIRS_SNPP_SP,firms-snpp-2024-v1
RV1-0576,mishhverse,development_only,237_1553,2025-03,firms-1ced5924fedd291f6cb6a31f,2025-03-29T19:41:00+00:00,11.88093,77.69398,2025-03-29T19:41:00+00:00,2025-03-29T19:41:00+00:00,1,1,1.23,1.23,"https://worldview.earthdata.nasa.gov/?v=77.65398,11.86093,77.73398,11.90093&l=Reference_Labels_15m(hidden),DoS_International_Boundaries(hidden),Coastlines_15m,VIIRS_SNPP_Thermal_Anomalies_375m_All,OCI_PACE_True_Color(hidden),VIIRS_NOAA21_CorrectedReflectance_TrueColor(hidden),VIIRS_NOAA20_CorrectedReflectance_TrueColor(hidden),VIIRS_SNPP_CorrectedReflectance_TrueColor&lg=true&t=2025-03-29-T00%3A00%3A00Z",https://www.openstreetmap.org/?mlat=11.88093&mlon=77.69398#map=14/11.88093/77.69398,VIIRS_SNPP_SP,firms-snpp-2025-v1
RV1-0577,NuclearVenom,development_only,391_1470,2025-01,firms-ddb8a39b8f7a33614cbdd41d,2025-01-26T08:12:00+00:00,19.55041,73.54873,2025-01-26T08:12:00+00:00,2025-01-26T08:12:00+00:00,1,1,2.02,2.02,"https://worldview.earthdata.nasa.gov/?v=73.50873,19.53041,73.58873,19.57041&l=Reference_Labels_15m(hidden),DoS_International_Boundaries(hidden),Coastlines_15m,VIIRS_SNPP_Thermal_Anomalies_375m_All,OCI_PACE_True_Color(hidden),VIIRS_NOAA21_CorrectedReflectance_TrueColor(hidden),VIIRS_NOAA20_CorrectedReflectance_TrueColor(hidden),VIIRS_SNPP_CorrectedReflectance_TrueColor&lg=true&t=2025-01-26-T00%3A00%3A00Z",https://www.openstreetmap.org/?mlat=19.55041&mlon=73.54873#map=14/19.55041/73.54873,VIIRS_SNPP_SP,firms-snpp-2025-v1
RV1-0578,rajeet-04,development_only,547_1623,2024-10,firms-db609c36305952b959ed210a,2024-10-29T20:07:00+00:00,27.35397,81.16171,2024-10-29T20:07:00+00:00,2024-10-29T20:07:00+00:00,1,1,0.61,0.61,"https://worldview.earthdata.nasa.gov/?v=81.12171,27.33397,81.20171,27.37397&l=Reference_Labels_15m(hidden),DoS_International_Boundaries(hidden),Coastlines_15m,VIIRS_SNPP_Thermal_Anomalies_375m_All,OCI_PACE_True_Color(hidden),VIIRS_NOAA21_CorrectedReflectance_TrueColor(hidden),VIIRS_NOAA20_CorrectedReflectance_TrueColor(hidden),VIIRS_SNPP_CorrectedReflectance_TrueColor&lg=true&t=2024-10-29-T00%3A00%3A00Z",https://www.openstreetmap.org/?mlat=27.35397&mlon=81.16171#map=14/27.35397/81.16171,VIIRS_SNPP_SP,firms-snpp-2024-v1
RV1-0579,DeepaliSingh10,development_only,382_1550,2024-01,firms-bd9b2264fc38e35e2b5406ed,2024-01-19T08:06:00+00:00,19.11522,77.53306,2024-01-06T08:49:00+00:00,2024-01-19T08:06:00+00:00,2,2,5.12,7.25,"https://worldview.earthdata.nasa.gov/?v=77.49306,19.09522,77.57306,19.13522&l=Reference_Labels_15m(hidden),DoS_International_Boundaries(hidden),Coastlines_15m,VIIRS_SNPP_Thermal_Anomalies_375m_All,OCI_PACE_True_Color(hidden),VIIRS_NOAA21_CorrectedReflectance_TrueColor(hidden),VIIRS_NOAA20_CorrectedReflectance_TrueColor(hidden),VIIRS_SNPP_CorrectedReflectance_TrueColor&lg=true&t=2024-01-19-T00%3A00%3A00Z",https://www.openstreetmap.org/?mlat=19.11522&mlon=77.53306#map=14/19.11522/77.53306,VIIRS_SNPP_SP,firms-snpp-2024-v1
RV1-0580,Somsubhra-Nandi,development_only,278_1521,2025-01,firms-50a4881f9d78606bdd89aded,2025-01-27T20:25:00+00:00,13.90778,76.09239,2025-01-27T07:52:00+00:00,2025-01-27T20:25:00+00:00,3,1,0.59,1.87,"https://worldview.earthdata.nasa.gov/?v=76.05239,13.88778,76.13239,13.92778&l=Reference_Labels_15m(hidden),DoS_International_Boundaries(hidden),Coastlines_15m,VIIRS_SNPP_Thermal_Anomalies_375m_All,OCI_PACE_True_Color(hidden),VIIRS_NOAA21_CorrectedReflectance_TrueColor(hidden),VIIRS_NOAA20_CorrectedReflectance_TrueColor(hidden),VIIRS_SNPP_CorrectedReflectance_TrueColor&lg=true&t=2025-01-27-T00%3A00%3A00Z",https://www.openstreetmap.org/?mlat=13.90778&mlon=76.09239#map=14/13.90778/76.09239,VIIRS_SNPP_SP,firms-snpp-2025-v1
RV1-0581,Subhra-Nandi,development_only,300_1572,2024-09,firms-b1578fc4522027e7dee648b0,2024-09-20T08:10:00+00:00,15.03127,78.61958,2024-09-20T08:10:00+00:00,2024-09-20T08:10:00+00:00,1,1,2.32,2.32,"https://worldview.earthdata.nasa.gov/?v=78.57958,15.01127,78.65958,15.05127&l=Reference_Labels_15m(hidden),DoS_International_Boundaries(hidden),Coastlines_15m,VIIRS_SNPP_Thermal_Anomalies_375m_All,OCI_PACE_True_Color(hidden),VIIRS_NOAA21_CorrectedReflectance_TrueColor(hidden),VIIRS_NOAA20_CorrectedReflectance_TrueColor(hidden),VIIRS_SNPP_CorrectedReflectance_TrueColor&lg=true&t=2024-09-20-T00%3A00%3A00Z",https://www.openstreetmap.org/?mlat=15.03127&mlon=78.61958#map=14/15.03127/78.61958,VIIRS_SNPP_SP,firms-snpp-2024-v1
RV1-0582,mishhverse,development_only,377_1517,2025-03,firms-5fe61d60951ec75ccfb99dac,2025-03-09T08:24:00+00:00,18.88611,75.88763,2025-03-04T20:49:00+00:00,2025-03-15T08:12:00+00:00,8,4,3.82,5.02,"https://worldview.earthdata.nasa.gov/?v=75.84763,18.86611,75.92763,18.90611&l=Reference_Labels_15m(hidden),DoS_International_Boundaries(hidden),Coastlines_15m,VIIRS_SNPP_Thermal_Anomalies_375m_All,OCI_PACE_True_Color(hidden),VIIRS_NOAA21_CorrectedReflectance_TrueColor(hidden),VIIRS_NOAA20_CorrectedReflectance_TrueColor(hidden),VIIRS_SNPP_CorrectedReflectance_TrueColor&lg=true&t=2025-03-09-T00%3A00%3A00Z",https://www.openstreetmap.org/?mlat=18.88611&mlon=75.88763#map=14/18.88611/75.88763,VIIRS_SNPP_SP,firms-snpp-2025-v1
RV1-0583,NuclearVenom,development_only,618_1517,2024-05,firms-0d894b0c9a03d95af6bc95dd,2024-05-22T07:44:00+00:00,30.94965,75.88235,2024-05-22T07:44:00+00:00,2024-05-22T07:44:00+00:00,1,1,7.03,7.03,"https://worldview.earthdata.nasa.gov/?v=75.84235,30.92965,75.92235,30.96965&l=Reference_Labels_15m(hidden),DoS_International_Boundaries(hidden),Coastlines_15m,VIIRS_SNPP_Thermal_Anomalies_375m_All,OCI_PACE_True_Color(hidden),VIIRS_NOAA21_CorrectedReflectance_TrueColor(hidden),VIIRS_NOAA20_CorrectedReflectance_TrueColor(hidden),VIIRS_SNPP_CorrectedReflectance_TrueColor&lg=true&t=2024-05-22-T00%3A00%3A00Z",https://www.openstreetmap.org/?mlat=30.94965&mlon=75.88235#map=14/30.94965/75.88235,VIIRS_SNPP_SP,firms-snpp-2024-v1
RV1-0584,rajeet-04,development_only,394_1666,2024-03,firms-21307f3f2016926e103a4060,2024-03-25T07:28:00+00:00,19.73624,83.31789,2024-03-25T07:28:00+00:00,2024-03-25T07:28:00+00:00,1,1,3.86,3.86,"https://worldview.earthdata.nasa.gov/?v=83.27789,19.71624,83.35789,19.75624&l=Reference_Labels_15m(hidden),DoS_International_Boundaries(hidden),Coastlines_15m,VIIRS_SNPP_Thermal_Anomalies_375m_All,OCI_PACE_True_Color(hidden),VIIRS_NOAA21_CorrectedReflectance_TrueColor(hidden),VIIRS_NOAA20_CorrectedReflectance_TrueColor(hidden),VIIRS_SNPP_CorrectedReflectance_TrueColor&lg=true&t=2024-03-25-T00%3A00%3A00Z",https://www.openstreetmap.org/?mlat=19.73624&mlon=83.31789#map=14/19.73624/83.31789,VIIRS_SNPP_SP,firms-snpp-2024-v1
RV1-0585,DeepaliSingh10,development_only,372_1668,2025-03,firms-a80d91361855cd04e2466693,2025-03-31T08:11:00+00:00,18.63297,83.40644,2025-03-31T08:11:00+00:00,2025-03-31T08:11:00+00:00,2,1,3.7399999999999998,4.35,"https://worldview.earthdata.nasa.gov/?v=83.36644,18.61297,83.44644,18.65297&l=Reference_Labels_15m(hidden),DoS_International_Boundaries(hidden),Coastlines_15m,VIIRS_SNPP_Thermal_Anomalies_375m_All,OCI_PACE_True_Color(hidden),VIIRS_NOAA21_CorrectedReflectance_TrueColor(hidden),VIIRS_NOAA20_CorrectedReflectance_TrueColor(hidden),VIIRS_SNPP_CorrectedReflectance_TrueColor&lg=true&t=2025-03-31-T00%3A00%3A00Z",https://www.openstreetmap.org/?mlat=18.63297&mlon=83.40644#map=14/18.63297/83.40644,VIIRS_SNPP_SP,firms-snpp-2025-v1
RV1-0586,Somsubhra-Nandi,development_only,518_1628,2024-12,firms-049942e41d44ef56fd7209df,2024-12-06T07:29:00+00:00,25.94684,81.40379,2024-12-06T07:29:00+00:00,2024-12-06T07:29:00+00:00,1,1,3.18,3.18,"https://worldview.earthdata.nasa.gov/?v=81.36379,25.92684,81.44379,25.96684&l=Reference_Labels_15m(hidden),DoS_International_Boundaries(hidden),Coastlines_15m,VIIRS_SNPP_Thermal_Anomalies_375m_All,OCI_PACE_True_Color(hidden),VIIRS_NOAA21_CorrectedReflectance_TrueColor(hidden),VIIRS_NOAA20_CorrectedReflectance_TrueColor(hidden),VIIRS_SNPP_CorrectedReflectance_TrueColor&lg=true&t=2024-12-06-T00%3A00%3A00Z",https://www.openstreetmap.org/?mlat=25.94684&mlon=81.40379#map=14/25.94684/81.40379,VIIRS_SNPP_SP,firms-snpp-2024-v1
RV1-0587,Subhra-Nandi,development_only,409_1667,2025-03,firms-f458bea6bcb4e9601d736ad9,2025-03-08T07:03:00+00:00,20.47912,83.38794,2025-03-06T07:41:00+00:00,2025-03-27T07:46:00+00:00,5,4,6.14,6.42,"https://worldview.earthdata.nasa.gov/?v=83.34794,20.45912,83.42794,20.49912&l=Reference_Labels_15m(hidden),DoS_International_Boundaries(hidden),Coastlines_15m,VIIRS_SNPP_Thermal_Anomalies_375m_All,OCI_PACE_True_Color(hidden),VIIRS_NOAA21_CorrectedReflectance_TrueColor(hidden),VIIRS_NOAA20_CorrectedReflectance_TrueColor(hidden),VIIRS_SNPP_CorrectedReflectance_TrueColor&lg=true&t=2025-03-08-T00%3A00%3A00Z",https://www.openstreetmap.org/?mlat=20.47912&mlon=83.38794#map=14/20.47912/83.38794,VIIRS_SNPP_SP,firms-snpp-2025-v1
RV1-0588,mishhverse,development_only,260_1529,2024-02,firms-599fa3c8a54aa997e7ff7433,2024-02-24T08:29:00+00:00,13.03173,76.45481,2024-02-23T08:48:00+00:00,2024-02-24T08:29:00+00:00,2,2,6.865,8.19,"https://worldview.earthdata.nasa.gov/?v=76.41481,13.01173,76.49481,13.05173&l=Reference_Labels_15m(hidden),DoS_International_Boundaries(hidden),Coastlines_15m,VIIRS_SNPP_Thermal_Anomalies_375m_All,OCI_PACE_True_Color(hidden),VIIRS_NOAA21_CorrectedReflectance_TrueColor(hidden),VIIRS_NOAA20_CorrectedReflectance_TrueColor(hidden),VIIRS_SNPP_CorrectedReflectance_TrueColor&lg=true&t=2024-02-24-T00%3A00%3A00Z",https://www.openstreetmap.org/?mlat=13.03173&mlon=76.45481#map=14/13.03173/76.45481,VIIRS_SNPP_SP,firms-snpp-2024-v1
RV1-0589,NuclearVenom,development_only,364_1605,2024-03,firms-980b997bcbba906e005f4f2d,2024-03-25T07:28:00+00:00,18.21742,80.26271,2024-03-23T08:05:00+00:00,2024-03-30T07:34:00+00:00,25,7,4.56,18.59,"https://worldview.earthdata.nasa.gov/?v=80.22271,18.19742,80.30271,18.23742&l=Reference_Labels_15m(hidden),DoS_International_Boundaries(hidden),Coastlines_15m,VIIRS_SNPP_Thermal_Anomalies_375m_All,OCI_PACE_True_Color(hidden),VIIRS_NOAA21_CorrectedReflectance_TrueColor(hidden),VIIRS_NOAA20_CorrectedReflectance_TrueColor(hidden),VIIRS_SNPP_CorrectedReflectance_TrueColor&lg=true&t=2024-03-25-T00%3A00%3A00Z",https://www.openstreetmap.org/?mlat=18.21742&mlon=80.26271#map=14/18.21742/80.26271,VIIRS_SNPP_SP,firms-snpp-2024-v1
RV1-0590,rajeet-04,development_only,458_1737,2025-02,firms-47d5cf7fec74a24bf2b5ef22,2025-02-03T07:23:00+00:00,22.93836,86.85684,2025-02-03T07:23:00+00:00,2025-02-03T07:23:00+00:00,1,1,2.25,2.25,"https://worldview.earthdata.nasa.gov/?v=86.81684,22.91836,86.89684,22.95836&l=Reference_Labels_15m(hidden),DoS_International_Boundaries(hidden),Coastlines_15m,VIIRS_SNPP_Thermal_Anomalies_375m_All,OCI_PACE_True_Color(hidden),VIIRS_NOAA21_CorrectedReflectance_TrueColor(hidden),VIIRS_NOAA20_CorrectedReflectance_TrueColor(hidden),VIIRS_SNPP_CorrectedReflectance_TrueColor&lg=true&t=2025-02-03-T00%3A00%3A00Z",https://www.openstreetmap.org/?mlat=22.93836&mlon=86.85684#map=14/22.93836/86.85684,VIIRS_SNPP_SP,firms-snpp-2025-v1
RV1-0591,DeepaliSingh10,development_only,449_1464,2024-06,firms-88701658fe82d8a457d96639,2024-06-13T07:28:00+00:00,22.4953,73.24672,2024-06-13T07:28:00+00:00,2024-06-13T07:28:00+00:00,3,1,2.25,5.54,"https://worldview.earthdata.nasa.gov/?v=73.20672,22.47530,73.28672,22.51530&l=Reference_Labels_15m(hidden),DoS_International_Boundaries(hidden),Coastlines_15m,VIIRS_SNPP_Thermal_Anomalies_375m_All,OCI_PACE_True_Color(hidden),VIIRS_NOAA21_CorrectedReflectance_TrueColor(hidden),VIIRS_NOAA20_CorrectedReflectance_TrueColor(hidden),VIIRS_SNPP_CorrectedReflectance_TrueColor&lg=true&t=2024-06-13-T00%3A00%3A00Z",https://www.openstreetmap.org/?mlat=22.49530&mlon=73.24672#map=14/22.49530/73.24672,VIIRS_SNPP_SP,firms-snpp-2024-v1
RV1-0592,Somsubhra-Nandi,development_only,393_1686,2024-04,firms-bd52c7ba691041548d511eeb,2024-04-06T07:03:00+00:00,19.68765,84.30434,2024-04-06T07:03:00+00:00,2024-04-06T07:03:00+00:00,2,1,3.1950000000000003,3.5,"https://worldview.earthdata.nasa.gov/?v=84.26434,19.66765,84.34434,19.70765&l=Reference_Labels_15m(hidden),DoS_International_Boundaries(hidden),Coastlines_15m,VIIRS_SNPP_Thermal_Anomalies_375m_All,OCI_PACE_True_Color(hidden),VIIRS_NOAA21_CorrectedReflectance_TrueColor(hidden),VIIRS_NOAA20_CorrectedReflectance_TrueColor(hidden),VIIRS_SNPP_CorrectedReflectance_TrueColor&lg=true&t=2024-04-06-T00%3A00%3A00Z",https://www.openstreetmap.org/?mlat=19.68765&mlon=84.30434#map=14/19.68765/84.30434,VIIRS_SNPP_SP,firms-snpp-2024-v1
RV1-0593,Subhra-Nandi,development_only,521_1876,2024-02,firms-bf8f5e6e15d2799ffa6c3efe,2024-02-20T06:26:00+00:00,26.05835,93.82401,2024-02-20T06:26:00+00:00,2024-02-20T06:26:00+00:00,2,1,2.4,2.89,"https://worldview.earthdata.nasa.gov/?v=93.78401,26.03835,93.86401,26.07835&l=Reference_Labels_15m(hidden),DoS_International_Boundaries(hidden),Coastlines_15m,VIIRS_SNPP_Thermal_Anomalies_375m_All,OCI_PACE_True_Color(hidden),VIIRS_NOAA21_CorrectedReflectance_TrueColor(hidden),VIIRS_NOAA20_CorrectedReflectance_TrueColor(hidden),VIIRS_SNPP_CorrectedReflectance_TrueColor&lg=true&t=2024-02-20-T00%3A00%3A00Z",https://www.openstreetmap.org/?mlat=26.05835&mlon=93.82401#map=14/26.05835/93.82401,VIIRS_SNPP_SP,firms-snpp-2024-v1
RV1-0594,mishhverse,development_only,240_1562,2025-04,firms-c7a8735398bf465c91a27ae6,2025-04-17T07:51:00+00:00,12.02758,78.10755,2025-04-17T07:51:00+00:00,2025-04-17T07:51:00+00:00,1,1,5.55,5.55,"https://worldview.earthdata.nasa.gov/?v=78.06755,12.00758,78.14755,12.04758&l=Reference_Labels_15m(hidden),DoS_International_Boundaries(hidden),Coastlines_15m,VIIRS_SNPP_Thermal_Anomalies_375m_All,OCI_PACE_True_Color(hidden),VIIRS_NOAA21_CorrectedReflectance_TrueColor(hidden),VIIRS_NOAA20_CorrectedReflectance_TrueColor(hidden),VIIRS_SNPP_CorrectedReflectance_TrueColor&lg=true&t=2025-04-17-T00%3A00%3A00Z",https://www.openstreetmap.org/?mlat=12.02758&mlon=78.10755#map=14/12.02758/78.10755,VIIRS_SNPP_SP,firms-snpp-2025-v1
RV1-0595,NuclearVenom,development_only,375_1657,2025-03,firms-6760d7cd9e4a83bce4b5028f,2025-03-27T07:46:00+00:00,18.79905,82.86259,2025-03-27T07:46:00+00:00,2025-03-27T07:46:00+00:00,1,1,16.11,16.11,"https://worldview.earthdata.nasa.gov/?v=82.82259,18.77905,82.90259,18.81905&l=Reference_Labels_15m(hidden),DoS_International_Boundaries(hidden),Coastlines_15m,VIIRS_SNPP_Thermal_Anomalies_375m_All,OCI_PACE_True_Color(hidden),VIIRS_NOAA21_CorrectedReflectance_TrueColor(hidden),VIIRS_NOAA20_CorrectedReflectance_TrueColor(hidden),VIIRS_SNPP_CorrectedReflectance_TrueColor&lg=true&t=2025-03-27-T00%3A00%3A00Z",https://www.openstreetmap.org/?mlat=18.79905&mlon=82.86259#map=14/18.79905/82.86259,VIIRS_SNPP_SP,firms-snpp-2025-v1
RV1-0596,rajeet-04,development_only,478_1495,2025-04,firms-9defe9da6b0cac5e300b2b7a,2025-04-17T07:55:00+00:00,23.9176,74.75007,2025-04-17T07:55:00+00:00,2025-04-17T07:55:00+00:00,1,1,8.31,8.31,"https://worldview.earthdata.nasa.gov/?v=74.71007,23.89760,74.79007,23.93760&l=Reference_Labels_15m(hidden),DoS_International_Boundaries(hidden),Coastlines_15m,VIIRS_SNPP_Thermal_Anomalies_375m_All,OCI_PACE_True_Color(hidden),VIIRS_NOAA21_CorrectedReflectance_TrueColor(hidden),VIIRS_NOAA20_CorrectedReflectance_TrueColor(hidden),VIIRS_SNPP_CorrectedReflectance_TrueColor&lg=true&t=2025-04-17-T00%3A00%3A00Z",https://www.openstreetmap.org/?mlat=23.91760&mlon=74.75007#map=14/23.91760/74.75007,VIIRS_SNPP_SP,firms-snpp-2025-v1
RV1-0597,DeepaliSingh10,development_only,504_1917,2024-04,firms-f01f5c7ec97030a77d736236,2024-04-25T06:07:00+00:00,25.24665,95.89664,2024-04-04T06:01:00+00:00,2024-04-25T06:07:00+00:00,2,2,4.435,5.31,"https://worldview.earthdata.nasa.gov/?v=95.85664,25.22665,95.93664,25.26665&l=Reference_Labels_15m(hidden),DoS_International_Boundaries(hidden),Coastlines_15m,VIIRS_SNPP_Thermal_Anomalies_375m_All,OCI_PACE_True_Color(hidden),VIIRS_NOAA21_CorrectedReflectance_TrueColor(hidden),VIIRS_NOAA20_CorrectedReflectance_TrueColor(hidden),VIIRS_SNPP_CorrectedReflectance_TrueColor&lg=true&t=2024-04-25-T00%3A00%3A00Z",https://www.openstreetmap.org/?mlat=25.24665&mlon=95.89664#map=14/25.24665/95.89664,VIIRS_SNPP_SP,firms-snpp-2024-v1
RV1-0598,Somsubhra-Nandi,development_only,476_1570,2025-05,firms-ba5049dea2e757669ca8539e,2025-05-01T21:00:00+00:00,23.845,78.51427,2025-05-01T21:00:00+00:00,2025-05-01T21:00:00+00:00,2,1,3.27,3.27,"https://worldview.earthdata.nasa.gov/?v=78.47427,23.82500,78.55427,23.86500&l=Reference_Labels_15m(hidden),DoS_International_Boundaries(hidden),Coastlines_15m,VIIRS_SNPP_Thermal_Anomalies_375m_All,OCI_PACE_True_Color(hidden),VIIRS_NOAA21_CorrectedReflectance_TrueColor(hidden),VIIRS_NOAA20_CorrectedReflectance_TrueColor(hidden),VIIRS_SNPP_CorrectedReflectance_TrueColor&lg=true&t=2025-05-01-T00%3A00%3A00Z",https://www.openstreetmap.org/?mlat=23.84500&mlon=78.51427#map=14/23.84500/78.51427,VIIRS_SNPP_SP,firms-snpp-2025-v1
RV1-0599,Subhra-Nandi,development_only,237_1576,2024-04,firms-dda01b5ee43ba24b896ec586,2024-04-03T07:57:00+00:00,11.8809,78.84646,2024-04-03T07:57:00+00:00,2024-04-03T07:57:00+00:00,1,1,2.04,2.04,"https://worldview.earthdata.nasa.gov/?v=78.80646,11.86090,78.88646,11.90090&l=Reference_Labels_15m(hidden),DoS_International_Boundaries(hidden),Coastlines_15m,VIIRS_SNPP_Thermal_Anomalies_375m_All,OCI_PACE_True_Color(hidden),VIIRS_NOAA21_CorrectedReflectance_TrueColor(hidden),VIIRS_NOAA20_CorrectedReflectance_TrueColor(hidden),VIIRS_SNPP_CorrectedReflectance_TrueColor&lg=true&t=2024-04-03-T00%3A00%3A00Z",https://www.openstreetmap.org/?mlat=11.88090&mlon=78.84646#map=14/11.88090/78.84646,VIIRS_SNPP_SP,firms-snpp-2024-v1
RV1-0600,mishhverse,development_only,430_1937,2024-03,firms-f542d1dbaa5ef3526076f49b,2024-03-15T19:44:00+00:00,21.52577,96.88853,2024-03-06T06:43:00+00:00,2024-03-31T07:15:00+00:00,17,10,3.69,16.15,"https://worldview.earthdata.nasa.gov/?v=96.84853,21.50577,96.92853,21.54577&l=Reference_Labels_15m(hidden),DoS_International_Boundaries(hidden),Coastlines_15m,VIIRS_SNPP_Thermal_Anomalies_375m_All,OCI_PACE_True_Color(hidden),VIIRS_NOAA21_CorrectedReflectance_TrueColor(hidden),VIIRS_NOAA20_CorrectedReflectance_TrueColor(hidden),VIIRS_SNPP_CorrectedReflectance_TrueColor&lg=true&t=2024-03-15-T00%3A00%3A00Z",https://www.openstreetmap.org/?mlat=21.52577&mlon=96.88853#map=14/21.52577/96.88853,VIIRS_SNPP_SP,firms-snpp-2024-v1
